model,scheme,bin,n,median_gt_px,median_dice,mean_dice,mean_recall,mean_precision,zero_dice_n,zero_dice_rate,empty_pred_n
deeplabv3plus_r50,quintile,Q1,37,4884.0,0.827645788336933,0.7519774867391373,0.7303187911630965,0.8732655746110087,3,0.08108108108108109,2
deeplabv3plus_r50,quintile,Q2,37,7671.0,0.8278287077734522,0.7097082523166277,0.6485142716884161,0.8966549676107323,2,0.05405405405405406,2
deeplabv3plus_r50,quintile,Q3,37,11324.0,0.8183441196161572,0.7796352568852581,0.7117255546407546,0.9204243483126496,0,0.0,0
deeplabv3plus_r50,quintile,Q4,37,14382.0,0.8308016364888403,0.7906169070778076,0.7458373305366278,0.8806875031441216,0,0.0,0
deeplabv3plus_r50,quintile,Q5,37,21744.0,0.804676036130042,0.7599463764076422,0.7103739025449757,0.8606400134134055,0,0.0,0
deeplabv3plus_r50,absolute,10-20k,81,13751.0,0.8237714285714286,0.7912990032535268,0.7398630398009907,0.8977880564770316,0,0.0,0
deeplabv3plus_r50,absolute,2-5k,17,4132.0,0.827645788336933,0.7737879420793854,0.7849353944141689,0.8579097217847877,1,0.058823529411764705,1
deeplabv3plus_r50,absolute,5-10k,58,6750.0,0.8289582318641603,0.7430677069164379,0.6823529043029593,0.9040757987080267,2,0.034482758620689655,2
deeplabv3plus_r50,absolute,<2k,2,986.0,0.0,0.0,0.0,0.5,2,1.0,1
deeplabv3plus_r50,absolute,>20k,27,23968.0,0.7644344088577257,0.7389695206941063,0.6807854849163137,0.8603772182353505,0,0.0,0
deeplabv3plus_r50,decile,D1,19,4071.0,0.7982905982905983,0.6923365797552394,0.7023106160547826,0.8202350142284943,3,0.15789473684210525,2
deeplabv3plus_r50,decile,D10,19,31415.0,0.6675275003677612,0.7245767015559763,0.6505833683818077,0.8602620389879783,0,0.0,0
deeplabv3plus_r50,decile,D2,18,5445.5,0.8446750706629977,0.8149317774443623,0.75988297599965,0.9292422772369962,0,0.0,0
deeplabv3plus_r50,decile,D3,19,6686.0,0.8059419055729019,0.6757651164862872,0.6193570606150544,0.8864681743250785,1,0.05263157894736842,1
deeplabv3plus_r50,decile,D4,18,8665.5,0.8356302267393132,0.7455371179153203,0.6792913278214092,0.9074076938567003,1,0.05555555555555555,1
deeplabv3plus_r50,decile,D5,19,10622.0,0.7812343703110933,0.7367201653422105,0.6688460441767891,0.9065096433119141,0,0.0,0
deeplabv3plus_r50,decile,D6,18,11957.5,0.8298145330668611,0.8249345201806972,0.7569872601304962,0.9351120924800926,0,0.0,0
deeplabv3plus_r50,decile,D7,18,13841.0,0.7737005345622233,0.7712928601807655,0.7135360505723854,0.8738856335869157,0,0.0,0
deeplabv3plus_r50,decile,D8,19,15506.0,0.8798278400724884,0.8089238988750052,0.7764385431343311,0.8871313795667377,0,0.0,0
deeplabv3plus_r50,decile,D9,18,19152.0,0.8280443841296582,0.7972810331955116,0.7734861330505417,0.861038986418023,0,0.0,0
distill_expA_b5_to_b0_response,quintile,Q1,37,4884.0,0.7953098827470687,0.7511683051974272,0.7348772243694465,0.8101400719524101,1,0.02702702702702703,0
distill_expA_b5_to_b0_response,quintile,Q2,37,7671.0,0.8106197741574003,0.76299560982912,0.7226528956624855,0.8256360959447397,0,0.0,0
distill_expA_b5_to_b0_response,quintile,Q3,37,11324.0,0.8083076617310941,0.773105549669485,0.7131130080971257,0.8960774918617873,0,0.0,0
distill_expA_b5_to_b0_response,quintile,Q4,37,14382.0,0.8131940991214984,0.7824667045105206,0.710548860267527,0.9063429201982047,0,0.0,0
distill_expA_b5_to_b0_response,quintile,Q5,37,21744.0,0.7944611277944611,0.7717938783873027,0.6826660515794106,0.9185032289630705,0,0.0,0
distill_expA_b5_to_b0_response,absolute,10-20k,81,13751.0,0.8131255930698827,0.7795501479309623,0.7124500859236508,0.901191982858991,0,0.0,0
distill_expA_b5_to_b0_response,absolute,2-5k,17,4132.0,0.8023668639053254,0.7631248443918213,0.754785497921253,0.8018856380084802,0,0.0,0
distill_expA_b5_to_b0_response,absolute,5-10k,58,6750.0,0.809453330132649,0.7782096289853101,0.7453734436615594,0.8398384235128172,0,0.0,0
distill_expA_b5_to_b0_response,absolute,<2k,2,986.0,0.24686716791979946,0.24686716791979946,0.17130434782608694,0.44170403587443946,1,0.5,0
distill_expA_b5_to_b0_response,absolute,>20k,27,23968.0,0.7489948305571511,0.7551864669228213,0.6573580972819331,0.9250092532160425,0,0.0,0
distill_expA_b5_to_b0_response,decile,D1,19,4071.0,0.7879475542107918,0.7087819310789769,0.6933664294901829,0.7639717851522653,1,0.05263157894736842,0
distill_expA_b5_to_b0_response,decile,D10,19,31415.0,0.6984597584785596,0.7217110413660066,0.616951752322304,0.9132401126957368,0,0.0,0
distill_expA_b5_to_b0_response,decile,D2,18,5445.5,0.7991866700387422,0.7959094778780135,0.77869417451978,0.8588732635747852,0,0.0,0
distill_expA_b5_to_b0_response,decile,D3,19,6686.0,0.7714538484222944,0.7291975401111827,0.6893763135662079,0.7876781094014418,0,0.0,0
distill_expA_b5_to_b0_response,decile,D4,18,8665.5,0.828003139891118,0.7986713500869427,0.7577781767641116,0.865702859518221,0,0.0,0
distill_expA_b5_to_b0_response,decile,D5,19,10622.0,0.8082868861078978,0.7595611480899093,0.7030757259882857,0.8940180882906744,0,0.0,0
distill_expA_b5_to_b0_response,decile,D6,18,11957.5,0.8211315784778999,0.7874024180034815,0.7237079169897904,0.898251306742406,0,0.0,0
distill_expA_b5_to_b0_response,decile,D7,18,13841.0,0.8048411700498235,0.7635643103740712,0.6783720749132791,0.9063925719361259,0,0.0,0
distill_expA_b5_to_b0_response,decile,D8,19,15506.0,0.860921181155609,0.8003742357976832,0.7410321306031303,0.906295881709648,0,0.0,0
distill_expA_b5_to_b0_response,decile,D9,18,19152.0,0.8441358502591987,0.8246590952431153,0.75203114523969,0.9240587405785889,0,0.0,0
distill_p2_bpkd_b5_to_b0,quintile,Q1,37,4884.0,0.7735290330887087,0.7401301356938014,0.7441517271599057,0.7858611733132,0,0.0,0
distill_p2_bpkd_b5_to_b0,quintile,Q2,37,7671.0,0.8147765138458003,0.756771607854736,0.7125812003476565,0.8632843795619249,1,0.02702702702702703,1
distill_p2_bpkd_b5_to_b0,quintile,Q3,37,11324.0,0.8330954504906334,0.7655866291380854,0.7362880603998123,0.8836912861823131,0,0.0,0
distill_p2_bpkd_b5_to_b0,quintile,Q4,37,14382.0,0.8332215327855107,0.7743553635867011,0.7406805056363305,0.8443093309444651,0,0.0,0
distill_p2_bpkd_b5_to_b0,quintile,Q5,37,21744.0,0.7994252873563218,0.7888151973888927,0.7338019058127347,0.8832931644274991,0,0.0,0
distill_p2_bpkd_b5_to_b0,absolute,10-20k,81,13751.0,0.8330954504906334,0.7704819430767429,0.7391112224200466,0.8604126595910392,0,0.0,0
distill_p2_bpkd_b5_to_b0,absolute,2-5k,17,4132.0,0.7735290330887087,0.7638637753358033,0.7591775779117316,0.81944018116859,0,0.0,0
distill_p2_bpkd_b5_to_b0,absolute,5-10k,58,6750.0,0.814866807313475,0.7635081251231702,0.7349406867420758,0.8466400841137396,1,0.017241379310344827,1
distill_p2_bpkd_b5_to_b0,absolute,<2k,2,986.0,0.34434305186818637,0.34434305186818637,0.5095662752565323,0.26226208998242206,0,0.0,0
distill_p2_bpkd_b5_to_b0,absolute,>20k,27,23968.0,0.7964977574196012,0.7845370968406277,0.7139965020041342,0.9030628817994796,0,0.0,0
distill_p2_bpkd_b5_to_b0,decile,D1,19,4071.0,0.7716496744871637,0.7197036991813173,0.7329027039480264,0.7607898557805723,0,0.0,0
distill_p2_bpkd_b5_to_b0,decile,D10,19,31415.0,0.7753305108958208,0.7558211800870688,0.6716932074047627,0.9010367848419109,0,0.0,0
distill_p2_bpkd_b5_to_b0,decile,D2,18,5445.5,0.7847427117584325,0.7616913742347565,0.7560256961057783,0.8123253418198627,0,0.0,0
distill_p2_bpkd_b5_to_b0,decile,D3,19,6686.0,0.8149571007811499,0.7161714370959299,0.6882877425159258,0.8278529055237408,1,0.05263157894736842,1
distill_p2_bpkd_b5_to_b0,decile,D4,18,8665.5,0.8072908977893964,0.799627343655698,0.7382242947255946,0.9006842688244527,0,0.0,0
distill_p2_bpkd_b5_to_b0,decile,D5,19,10622.0,0.8121897116298722,0.7447075831212068,0.7360524130342315,0.853468125668796,0,0.0,0
distill_p2_bpkd_b5_to_b0,decile,D6,18,11957.5,0.8519596977675392,0.7876256221559017,0.7365367992857036,0.9155935111688035,0,0.0,0
distill_p2_bpkd_b5_to_b0,decile,D7,18,13841.0,0.7826701108144785,0.7329200141098985,0.7052465504021173,0.7962698439438578,0,0.0,0
distill_p2_bpkd_b5_to_b0,decile,D8,19,15506.0,0.8571907850592708,0.8136099051963036,0.7742495158582167,0.8898204238924087,0,0.0,0
distill_p2_bpkd_b5_to_b0,decile,D9,18,19152.0,0.8447305002764602,0.8236422156519289,0.7993610874655945,0.864563787323398,0,0.0,0
distill_p2_cwd_b5_to_b0,quintile,Q1,37,4884.0,0.8370023419203747,0.7535767017753737,0.7718615708266766,0.7826335606065075,3,0.08108108108108109,1
distill_p2_cwd_b5_to_b0,quintile,Q2,37,7671.0,0.8247971083680011,0.7750957319026579,0.7343727665619401,0.834077909247733,0,0.0,0
distill_p2_cwd_b5_to_b0,quintile,Q3,37,11324.0,0.8338481794702993,0.8004682823447358,0.7449799167247045,0.8879313963855395,1,0.02702702702702703,0
distill_p2_cwd_b5_to_b0,quintile,Q4,37,14382.0,0.8166175438596491,0.7837024940710597,0.7337198945570134,0.8780732264302392,0,0.0,0
distill_p2_cwd_b5_to_b0,quintile,Q5,37,21744.0,0.7846583904005078,0.7552633130936864,0.6881644401360715,0.8762195281145316,0,0.0,0
distill_p2_cwd_b5_to_b0,absolute,10-20k,81,13751.0,0.8338481794702993,0.7864824724768078,0.7376397855308864,0.873013834762834,1,0.012345679012345678,0
distill_p2_cwd_b5_to_b0,absolute,2-5k,17,4132.0,0.8354842460179049,0.7301427793816692,0.7668885857524345,0.7668516963185336,2,0.11764705882352941,1
distill_p2_cwd_b5_to_b0,absolute,5-10k,58,6750.0,0.8275093888865486,0.7938741244265816,0.7660284479851353,0.8427465685310457,0,0.0,0
distill_p2_cwd_b5_to_b0,absolute,<2k,2,986.0,0.3091585309158531,0.3091585309158531,0.2891304347826087,0.3321678321678322,1,0.5,0
distill_p2_cwd_b5_to_b0,absolute,>20k,27,23968.0,0.7797864368677407,0.7533117614538796,0.6707706795311402,0.8994956250624982,0,0.0,0
distill_p2_cwd_b5_to_b0,decile,D1,19,4071.0,0.8289490568458874,0.6858286479642148,0.7165982540714001,0.721095500092144,3,0.15789473684210525,1
distill_p2_cwd_b5_to_b0,decile,D10,19,31415.0,0.7478132314894665,0.7233128920122399,0.6215325247874065,0.9040622461076374,0,0.0,0
distill_p2_cwd_b5_to_b0,decile,D2,18,5445.5,0.8669851319271848,0.8250885363538193,0.8301950718461352,0.8475904022605578,0,0.0,0
distill_p2_cwd_b5_to_b0,decile,D3,19,6686.0,0.8264689288304989,0.750478596811601,0.7152049799816969,0.8046565763172234,0,0.0,0
distill_p2_cwd_b5_to_b0,decile,D4,18,8665.5,0.8123985541840006,0.8010804856098849,0.754605430174419,0.8651337606743819,0,0.0,0
distill_p2_cwd_b5_to_b0,decile,D5,19,10622.0,0.8175273510571963,0.7954670458295766,0.7404686978932317,0.8880511685581965,0,0.0,0
distill_p2_cwd_b5_to_b0,decile,D6,18,11957.5,0.8427216200359736,0.8057473653329593,0.7497417588245927,0.8878049702032907,1,0.05555555555555555,0
distill_p2_cwd_b5_to_b0,decile,D7,18,13841.0,0.8175543723351258,0.7754335358999631,0.7306639175727082,0.8620520054368631,0,0.0,0
distill_p2_cwd_b5_to_b0,decile,D8,19,15506.0,0.8166175438596491,0.7915362439173614,0.7366150306474077,0.8932512252660693,0,0.0,0
distill_p2_cwd_b5_to_b0,decile,D9,18,19152.0,0.8416623243821988,0.7889887575685463,0.7584981285596624,0.8468299924551422,0,0.0,0
distill_p2_ensemble_uniform,quintile,Q1,37,4884.0,0.8319088319088319,0.7490342405980488,0.769452783302778,0.7847653917842616,1,0.02702702702702703,0
distill_p2_ensemble_uniform,quintile,Q2,37,7671.0,0.8163055453543886,0.7882390543861605,0.7434827938874731,0.8522149741642155,0,0.0,0
distill_p2_ensemble_uniform,quintile,Q3,37,11324.0,0.8155594405594405,0.785180738054323,0.7205836736353836,0.8935416333404224,1,0.02702702702702703,0
distill_p2_ensemble_uniform,quintile,Q4,37,14382.0,0.8072940373236231,0.7501905905022745,0.68603220181775,0.8818297581666954,0,0.0,0
distill_p2_ensemble_uniform,quintile,Q5,37,21744.0,0.7873830179657081,0.7347204862615944,0.6536746619916277,0.9000088183598686,0,0.0,0
distill_p2_ensemble_uniform,absolute,10-20k,81,13751.0,0.8155594405594405,0.7696735904665919,0.7046598459000629,0.8899652217451054,1,0.012345679012345678,0
distill_p2_ensemble_uniform,absolute,2-5k,17,4132.0,0.8579374791411726,0.7485376415414152,0.8055536744811169,0.7624188610247442,0,0.0,0
distill_p2_ensemble_uniform,absolute,5-10k,58,6750.0,0.8206741525007886,0.7922802878827677,0.7606590267111119,0.851833292401965,0,0.0,0
distill_p2_ensemble_uniform,absolute,<2k,2,986.0,0.3637196518552451,0.3637196518552451,0.3452173913043478,0.38431752178121975,1,0.5,0
distill_p2_ensemble_uniform,absolute,>20k,27,23968.0,0.7414922115289215,0.7083004565844376,0.6158832565021549,0.9012619149452431,0,0.0,0
distill_p2_ensemble_uniform,decile,D1,19,4071.0,0.8046429274050757,0.7080304847323445,0.7570972236204045,0.7226187200517417,1,0.05263157894736842,0
distill_p2_ensemble_uniform,decile,D10,19,31415.0,0.7414922115289215,0.6830534110823303,0.5840932768829769,0.892539255915323,0,0.0,0
distill_p2_ensemble_uniform,decile,D2,18,5445.5,0.8385018980941615,0.7923159829007365,0.7824947629675054,0.8503646563908106,0,0.0,0
distill_p2_ensemble_uniform,decile,D3,19,6686.0,0.7956952216960826,0.738472799486512,0.695233746416177,0.8039078389198986,0,0.0,0
distill_p2_ensemble_uniform,decile,D4,18,8665.5,0.8382507131184147,0.8407701012246784,0.7944123439960633,0.9032058391443277,0,0.0,0
distill_p2_ensemble_uniform,decile,D5,19,10622.0,0.7872639614302933,0.7832607258666983,0.7236226594278609,0.8953346736034575,0,0.0,0
distill_p2_ensemble_uniform,decile,D6,18,11957.5,0.824263581213744,0.7872074175857047,0.7173758552988798,0.8916489797294405,1,0.05555555555555555,0
distill_p2_ensemble_uniform,decile,D7,18,13841.0,0.7876742979222069,0.7296378701582529,0.6553703237829717,0.8703905900310543,0,0.0,0
distill_p2_ensemble_uniform,decile,D8,19,15506.0,0.8340760700590735,0.7696615887229267,0.7150802967980665,0.892666864821513,0,0.0,0
distill_p2_ensemble_uniform,decile,D9,18,19152.0,0.8494818326291329,0.7892579545063731,0.727121679606315,0.9078933564957781,0,0.0,0
distill_p3_adaptive,quintile,Q1,37,4884.0,0.8332266734928965,0.7704215334899968,0.8276335472988355,0.7419221013274736,1,0.02702702702702703,0
distill_p3_adaptive,quintile,Q2,37,7671.0,0.81752709160665,0.7911497763905837,0.7657631909651117,0.8319477658051239,0,0.0,0
distill_p3_adaptive,quintile,Q3,37,11324.0,0.8340364495443807,0.795712023233526,0.7384761011402039,0.8870331058879617,1,0.02702702702702703,0
distill_p3_adaptive,quintile,Q4,37,14382.0,0.819517518219728,0.7801897800108614,0.7233363946831606,0.8832464322998563,0,0.0,0
distill_p3_adaptive,quintile,Q5,37,21744.0,0.7581095635348022,0.7367467339014556,0.6564458664645135,0.8952387249219338,0,0.0,0
distill_p3_adaptive,absolute,10-20k,81,13751.0,0.8224563457223686,0.7854958100584263,0.7307387948463676,0.8808260341499062,1,0.012345679012345678,0
distill_p3_adaptive,absolute,2-5k,17,4132.0,0.8332266734928965,0.7851801895305038,0.8661525722613328,0.730522861679082,0,0.0,0
distill_p3_adaptive,absolute,5-10k,58,6750.0,0.8321944153588106,0.7991034264043146,0.7961896105380802,0.8203813096279751,0,0.0,0
distill_p3_adaptive,absolute,<2k,2,986.0,0.29009433962264153,0.29009433962264153,0.21391304347826084,0.4505494505494506,1,0.5,0
distill_p3_adaptive,absolute,>20k,27,23968.0,0.739147684520145,0.7201749293530015,0.6225918189353316,0.9114203164725434,0,0.0,0
distill_p3_adaptive,decile,D1,19,4071.0,0.803982683982684,0.7330658895402026,0.7974957797578516,0.7010519762970155,1,0.05263157894736842,0
distill_p3_adaptive,decile,D10,19,31415.0,0.7177399192828315,0.6794280322139915,0.5589187859751692,0.9195938905736422,0,0.0,0
distill_p3_adaptive,decile,D2,18,5445.5,0.8432221600975432,0.8098524909925573,0.8594456352587634,0.7850627888596236,0,0.0,0
distill_p3_adaptive,decile,D3,19,6686.0,0.830723729993041,0.7604980621312574,0.7633623473688568,0.7673454897508145,0,0.0,0
distill_p3_adaptive,decile,D4,18,8665.5,0.8087369694961029,0.8235043636643171,0.7682974147611585,0.9001390571957839,0,0.0,0
distill_p3_adaptive,decile,D5,19,10622.0,0.8202018089611544,0.791356085460463,0.7394395961998419,0.8792172027255686,0,0.0,0
distill_p3_adaptive,decile,D6,18,11957.5,0.8399246407121719,0.8003099575495372,0.7374590785772528,0.8952832258927097,1,0.05555555555555555,0
distill_p3_adaptive,decile,D7,18,13841.0,0.8121745060083575,0.7624438816423554,0.7058742680019908,0.8608487836563261,0,0.0,0
distill_p3_adaptive,decile,D8,19,15506.0,0.8529727533876912,0.7970016837283934,0.7398794620653216,0.904465257330569,0,0.0,0
distill_p3_adaptive,decile,D9,18,19152.0,0.822045058123347,0.7972498079048899,0.7593911180921551,0.8695304945117974,0,0.0,0
distill_p3_adaptive_boundary,quintile,Q1,37,4884.0,0.8221336874723328,0.7380167475359958,0.7596346967084097,0.7654562916566415,1,0.02702702702702703,0
distill_p3_adaptive_boundary,quintile,Q2,37,7671.0,0.8176762181114738,0.7712982545796248,0.7238030174933796,0.8445437036227332,0,0.0,0
distill_p3_adaptive_boundary,quintile,Q3,37,11324.0,0.8454455305284034,0.778499454129734,0.7242956190481226,0.8920427423593228,0,0.0,0
distill_p3_adaptive_boundary,quintile,Q4,37,14382.0,0.8385865958858659,0.7713253230506563,0.7180360623883834,0.8878597953531034,0,0.0,0
distill_p3_adaptive_boundary,quintile,Q5,37,21744.0,0.7987677471202786,0.7750740445600306,0.7125075053927279,0.8976802559274352,0,0.0,0
distill_p3_adaptive_boundary,absolute,10-20k,81,13751.0,0.8395253566887979,0.7756434113972357,0.7257156168717076,0.8857542484106385,0,0.0,0
distill_p3_adaptive_boundary,absolute,2-5k,17,4132.0,0.8412987960598322,0.7356900881073248,0.7688250198875051,0.7199342164657914,0,0.0,0
distill_p3_adaptive_boundary,absolute,5-10k,58,6750.0,0.8172117866601838,0.788435308409875,0.7593920671191347,0.8442724138500375,0,0.0,0
distill_p3_adaptive_boundary,absolute,<2k,2,986.0,0.00346620450606585,0.00346620450606585,0.0017391304347826,0.5,1,0.5,0
distill_p3_adaptive_boundary,absolute,>20k,27,23968.0,0.7987677471202786,0.7702179024032607,0.693149514061947,0.9143624957603477,0,0.0,0
distill_p3_adaptive_boundary,decile,D1,19,4071.0,0.8221336874723328,0.6586138898335081,0.6880791367872184,0.6967832463114975,1,0.05263157894736842,0
distill_p3_adaptive_boundary,decile,D10,19,31415.0,0.7613355173735754,0.7365087777202952,0.6443822745013845,0.9165539074479625,0,0.0,0
distill_p3_adaptive_boundary,decile,D2,18,5445.5,0.8301382647233646,0.821830875110844,0.8351655655141116,0.8379445061876271,0,0.0,0
distill_p3_adaptive_boundary,decile,D3,19,6686.0,0.7416450480695864,0.7323576863652701,0.6893828834630401,0.8059178610684707,0,0.0,0
distill_p3_adaptive_boundary,decile,D4,18,8665.5,0.8229327256952149,0.8124021876947771,0.7601353811920714,0.8853154263188991,0,0.0,0
distill_p3_adaptive_boundary,decile,D5,19,10622.0,0.7846718951652933,0.7600138527565597,0.7054722279728164,0.874021686315008,0,0.0,0
distill_p3_adaptive_boundary,decile,D6,18,11957.5,0.8740448931114279,0.7980120333569735,0.7441647540720566,0.9110649681838774,0,0.0,0
distill_p3_adaptive_boundary,decile,D7,18,13841.0,0.8114461674073468,0.7444921014570449,0.6930006218881233,0.8749033608366215,0,0.0,0
distill_p3_adaptive_boundary,decile,D8,19,15506.0,0.859434360489658,0.7967462698235516,0.7417538481254718,0.9001343122634543,0,0.0,0
distill_p3_adaptive_boundary,decile,D9,18,19152.0,0.8352589551005216,0.8157818262241953,0.7844174713335904,0.8777580682113231,0,0.0,0
distill_p3_adaptive_full,quintile,Q1,37,4884.0,0.7868208596988872,0.7068971827622971,0.6876159144592472,0.8133784805315216,3,0.08108108108108109,2
distill_p3_adaptive_full,quintile,Q2,37,7671.0,0.7869160947531547,0.7570164576324897,0.6893673235080808,0.8620590324347432,0,0.0,0
distill_p3_adaptive_full,quintile,Q3,37,11324.0,0.8008489993935719,0.7617551431687297,0.700631896859065,0.8880816693588932,0,0.0,0
distill_p3_adaptive_full,quintile,Q4,37,14382.0,0.7913689936536719,0.7622055624610508,0.715892296005675,0.8659528166709923,0,0.0,0
distill_p3_adaptive_full,quintile,Q5,37,21744.0,0.8105154904229336,0.7697511137621998,0.7043283039708357,0.9001714754835214,0,0.0,0
distill_p3_adaptive_full,absolute,10-20k,81,13751.0,0.7990787367763594,0.7643127713148419,0.7157083618778318,0.8714575457303492,0,0.0,0
distill_p3_adaptive_full,absolute,2-5k,17,4132.0,0.8295426754707752,0.7275804836416901,0.717169277408195,0.8108357390437374,1,0.058823529411764705,1
distill_p3_adaptive_full,absolute,5-10k,58,6750.0,0.7867163000863128,0.7615107820889423,0.7043155931276693,0.8618244355963302,0,0.0,0
distill_p3_adaptive_full,absolute,<2k,2,986.0,0.0,0.0,0.0,0.5,2,1.0,1
distill_p3_adaptive_full,absolute,>20k,27,23968.0,0.8058062615495862,0.7624560723163258,0.6816801021577382,0.9199526860466257,0,0.0,0
distill_p3_adaptive_full,decile,D1,19,4071.0,0.8261655222262378,0.650993064310986,0.6416777745231217,0.7781161875654493,3,0.15789473684210525,2
distill_p3_adaptive_full,decile,D10,19,31415.0,0.7952385783368842,0.7319381949280336,0.634080976143435,0.9238084432306849,0,0.0,0
distill_p3_adaptive_full,decile,D2,18,5445.5,0.7847233980431325,0.7659070855720143,0.7361061732807131,0.8505997897734863,0,0.0,0
distill_p3_adaptive_full,decile,D3,19,6686.0,0.7446338662662308,0.7093209115605951,0.6312620608382801,0.8396346372504745,0,0.0,0
distill_p3_adaptive_full,decile,D4,18,8665.5,0.8065671675374196,0.807361756263934,0.7507006563262039,0.8857292273514712,0,0.0,0
distill_p3_adaptive_full,decile,D5,19,10622.0,0.7799778235387296,0.7376182108761269,0.6731354370751366,0.8717616619373763,0,0.0,0
distill_p3_adaptive_full,decile,D6,18,11957.5,0.8546736203478416,0.787233016144255,0.7296559377421005,0.9053083438593839,0,0.0,0
distill_p3_adaptive_full,decile,D7,18,13841.0,0.7742995822570014,0.7625181337533475,0.7107208606415312,0.8704991167978131,0,0.0,0
distill_p3_adaptive_full,decile,D8,19,15506.0,0.7913689936536719,0.7619094422894012,0.7207915505611799,0.8616457954982149,0,0.0,0
distill_p3_adaptive_full,decile,D9,18,19152.0,0.8617373314493443,0.8096647503093757,0.778478261121981,0.8752213428615155,0,0.0,0
distill_p3_adaptive_group,quintile,Q1,37,4884.0,0.8278001148765077,0.7449307018133878,0.7677602280628769,0.7785568030250879,2,0.05405405405405406,1
distill_p3_adaptive_group,quintile,Q2,37,7671.0,0.7786648313833449,0.7697892249185043,0.7182550776703335,0.847082570393367,0,0.0,0
distill_p3_adaptive_group,quintile,Q3,37,11324.0,0.8124351199256953,0.7679992281905761,0.7037920876012463,0.8814199271815047,0,0.0,0
distill_p3_adaptive_group,quintile,Q4,37,14382.0,0.8066649614499214,0.7646636449349413,0.7039173462562928,0.887665498315809,0,0.0,0
distill_p3_adaptive_group,quintile,Q5,37,21744.0,0.7455050512030293,0.7455378819064616,0.6558721874917695,0.901969427095546,0,0.0,0
distill_p3_adaptive_group,absolute,10-20k,81,13751.0,0.8029189833200953,0.7629039891661317,0.7010119733838636,0.8815762265139859,0,0.0,0
distill_p3_adaptive_group,absolute,2-5k,17,4132.0,0.8260823089257082,0.7819658061110387,0.82568753112976,0.7672369030133288,0,0.0,0
distill_p3_adaptive_group,absolute,5-10k,58,6750.0,0.8136045933616689,0.7805402170893919,0.7464105538395005,0.8423421056301087,0,0.0,0
distill_p3_adaptive_group,absolute,<2k,2,986.0,0.0,0.0,0.0,0.5,2,1.0,1
distill_p3_adaptive_group,absolute,>20k,27,23968.0,0.7455050512030293,0.7399292891753397,0.6379487520764188,0.9137460198893668,0,0.0,0
distill_p3_adaptive_group,decile,D1,19,4071.0,0.8139562112164852,0.6996536159940874,0.7387730541687327,0.7391067026961364,2,0.10526315789473684,1
distill_p3_adaptive_group,decile,D10,19,31415.0,0.6382028493591175,0.700243076745219,0.5909651003635613,0.898045898556215,0,0.0,0
distill_p3_adaptive_group,decile,D2,18,5445.5,0.8333906897712702,0.7927231812893161,0.798357800506696,0.8201985755945368,0,0.0,0
distill_p3_adaptive_group,decile,D3,19,6686.0,0.7780803829330692,0.7388874145169225,0.6967898949633017,0.8068315220803544,0,0.0,0
distill_p3_adaptive_group,decile,D4,18,8665.5,0.779797171307261,0.8024078025646185,0.740912770527756,0.8895697880571025,0,0.0,0
distill_p3_adaptive_group,decile,D5,19,10622.0,0.789349953529058,0.7588340684886504,0.7052627314290981,0.8695671024824062,0,0.0,0
distill_p3_adaptive_group,decile,D6,18,11957.5,0.8269341640309746,0.7776735634314978,0.702239741338514,0.8939312421416646,0,0.0,0
distill_p3_adaptive_group,decile,D7,18,13841.0,0.7990475357177645,0.7353051278035645,0.6805693049516981,0.8695839019357714,0,0.0,0
distill_p3_adaptive_group,decile,D8,19,15506.0,0.8617797794688616,0.7924769769541404,0.7260365432816981,0.9047954317284764,0,0.0,0
distill_p3_adaptive_group,decile,D9,18,19152.0,0.8072287741620716,0.7933490651322175,0.724385223904878,0.9061109294426176,0,0.0,0
distill_p3_adaptive_hard,quintile,Q1,37,4884.0,0.8256331124625579,0.7084239939716037,0.7482806216146061,0.7174646567920596,1,0.02702702702702703,0
distill_p3_adaptive_hard,quintile,Q2,37,7671.0,0.7836113549897571,0.7407786501239482,0.7043419136736023,0.8024226535956527,0,0.0,0
distill_p3_adaptive_hard,quintile,Q3,37,11324.0,0.8456695917588707,0.7835407840591659,0.7319719362013312,0.8760692216360471,0,0.0,0
distill_p3_adaptive_hard,quintile,Q4,37,14382.0,0.816637810206942,0.7515826262152568,0.6974344617814333,0.8626282624757876,0,0.0,0
distill_p3_adaptive_hard,quintile,Q5,37,21744.0,0.7388474528567408,0.722900257095541,0.6467845834337337,0.8660105302198402,0,0.0,0
distill_p3_adaptive_hard,absolute,10-20k,81,13751.0,0.8183539369640271,0.761331846277157,0.711321535562852,0.8590590641823356,0,0.0,0
distill_p3_adaptive_hard,absolute,2-5k,17,4132.0,0.852670675627874,0.7260206137136517,0.7820344501999115,0.7048771142868577,0,0.0,0
distill_p3_adaptive_hard,absolute,5-10k,58,6750.0,0.8155100538677102,0.7503720201273257,0.7357738463970258,0.7923999823476559,0,0.0,0
distill_p3_adaptive_hard,absolute,<2k,2,986.0,0.1297134238310709,0.1297134238310709,0.07478260869565215,0.4886363636363636,1,0.5,0
distill_p3_adaptive_hard,absolute,>20k,27,23968.0,0.7361150168728909,0.7176347973183425,0.6233341398394752,0.8928466729457328,0,0.0,0
distill_p3_adaptive_hard,decile,D1,19,4071.0,0.7887998085437358,0.6632514358312748,0.7075868879363053,0.6821149300078583,1,0.05263157894736842,0
distill_p3_adaptive_hard,decile,D10,19,31415.0,0.698255033557047,0.6826838824017226,0.5690234515574433,0.899017923933816,0,0.0,0
distill_p3_adaptive_hard,decile,D2,18,5445.5,0.831562608031658,0.7561061386752841,0.7912351182750348,0.7547782572864943,0,0.0,0
distill_p3_adaptive_hard,decile,D3,19,6686.0,0.7455066921606118,0.6841626139726569,0.6572325489714078,0.7323859382830922,0,0.0,0
distill_p3_adaptive_hard,decile,D4,18,8665.5,0.7940404922448683,0.8005400216169776,0.7540684653036968,0.8763502975366889,0,0.0,0
distill_p3_adaptive_hard,decile,D5,19,10622.0,0.8243259154597904,0.7732221157198242,0.7238451717236689,0.8735918163483718,0,0.0,0
distill_p3_adaptive_hard,decile,D6,18,11957.5,0.8682163447608402,0.7944327117506932,0.7405501875944188,0.8786842605508152,0,0.0,0
distill_p3_adaptive_hard,decile,D7,18,13841.0,0.7983482926775445,0.7262134452351505,0.6670665364943836,0.8495416632672538,0,0.0,0
distill_p3_adaptive_hard,decile,D8,19,15506.0,0.8598480978168318,0.7756165871437787,0.7262040752112697,0.875026093304925,0,0.0,0
distill_p3_adaptive_hard,decile,D9,18,19152.0,0.8064978699174306,0.7653508748279051,0.7288657781920405,0.8311693924106431,0,0.0,0
distill_segformer_b0_distilled,quintile,Q1,37,4884.0,0.8374922408441962,0.756447027804561,0.7836198080852006,0.7736136084049274,0,0.0,0
distill_segformer_b0_distilled,quintile,Q2,37,7671.0,0.8060925600468658,0.7674081383938354,0.7025286359056326,0.8653967505400288,0,0.0,0
distill_segformer_b0_distilled,quintile,Q3,37,11324.0,0.8239942528735632,0.7882841826172778,0.7314479075259899,0.9002241684432692,0,0.0,0
distill_segformer_b0_distilled,quintile,Q4,37,14382.0,0.81439550450376,0.770872332147589,0.7077793528938636,0.8835044174017936,0,0.0,0
distill_segformer_b0_distilled,quintile,Q5,37,21744.0,0.8074832107451231,0.7570430987977612,0.6902265371812182,0.8895610197530845,0,0.0,0
distill_segformer_b0_distilled,absolute,10-20k,81,13751.0,0.8221387427998998,0.7800524838940224,0.7234902936776052,0.8871050019701998,0,0.0,0
distill_segformer_b0_distilled,absolute,2-5k,17,4132.0,0.8374922408441962,0.7546261096526209,0.8116593398987376,0.7529197427661934,0,0.0,0
distill_segformer_b0_distilled,absolute,5-10k,58,6750.0,0.814582093815891,0.7799560882228903,0.731542743625321,0.8589324034335908,0,0.0,0
distill_segformer_b0_distilled,absolute,<2k,2,986.0,0.4128297171851556,0.4128297171851556,0.5410293028668147,0.37879322328947085,0,0.0,0
distill_segformer_b0_distilled,absolute,>20k,27,23968.0,0.7640404176038135,0.7409636755685036,0.6616600976568026,0.9008997057687467,0,0.0,0
distill_segformer_b0_distilled,decile,D1,19,4071.0,0.829388329036794,0.7186475420244666,0.7831719675795877,0.7135380038739069,0,0.0,0
distill_segformer_b0_distilled,decile,D10,19,31415.0,0.7627411299456007,0.7130013503203343,0.6080409266643985,0.9160948825771996,0,0.0,0
distill_segformer_b0_distilled,decile,D2,18,5445.5,0.8519656303883777,0.7963464850168828,0.7840925286189031,0.8370267465210046,0,0.0,0
distill_segformer_b0_distilled,decile,D3,19,6686.0,0.8049217350673623,0.7297338231598209,0.6715889878385878,0.8249074804711568,0,0.0,0
distill_segformer_b0_distilled,decile,D4,18,8665.5,0.814582093815891,0.8071754711408504,0.7351871533097357,0.9081354245016158,0,0.0,0
distill_segformer_b0_distilled,decile,D5,19,10622.0,0.8221387427998998,0.7721270495413615,0.7198788532673704,0.8793645914226166,0,0.0,0
distill_segformer_b0_distilled,decile,D6,18,11957.5,0.8414094639653865,0.805338934197412,0.7436596870211993,0.9222426108539583,0,0.0,0
distill_segformer_b0_distilled,decile,D7,18,13841.0,0.8027068770513945,0.7690950270510383,0.7096957476922365,0.8786750893831349,0,0.0,0
distill_segformer_b0_distilled,decile,D8,19,15506.0,0.8434190393327533,0.7725560948706374,0.7059638209796156,0.8880795702615759,0,0.0,0
distill_segformer_b0_distilled,decile,D9,18,19152.0,0.8169154131848416,0.8035316110794899,0.7769780149489723,0.8615530534387406,0,0.0,0
distill_segformer_b2_teacher,quintile,Q1,37,4884.0,0.8226030569708198,0.7546628863683092,0.776993103973189,0.7928976859688703,0,0.0,0
distill_segformer_b2_teacher,quintile,Q2,37,7671.0,0.8156068545531794,0.7459146612095078,0.6921153076969622,0.8280250916970784,0,0.0,0
distill_segformer_b2_teacher,quintile,Q3,37,11324.0,0.8236917524678908,0.8039989070927895,0.745000512327388,0.897181345058701,0,0.0,0
distill_segformer_b2_teacher,quintile,Q4,37,14382.0,0.8611964002117523,0.7959974096461223,0.7591601251506989,0.8729550469104741,0,0.0,0
distill_segformer_b2_teacher,quintile,Q5,37,21744.0,0.7737528462016146,0.7456258123879512,0.6674058098246471,0.9049760224464142,0,0.0,0
distill_segformer_b2_teacher,absolute,10-20k,81,13751.0,0.8460359262607602,0.7978018884962306,0.7462592388755002,0.8853586769675535,0,0.0,0
distill_segformer_b2_teacher,absolute,2-5k,17,4132.0,0.8287171007303293,0.773489116785607,0.8118396787617549,0.7793105950831258,0,0.0,0
distill_segformer_b2_teacher,absolute,5-10k,58,6750.0,0.8135311572782122,0.764652255120408,0.711986099809297,0.8447393335997815,0,0.0,0
distill_segformer_b2_teacher,absolute,<2k,2,986.0,0.291698735741415,0.291698735741415,0.9111922141119222,0.1741610275812706,0,0.0,0
distill_segformer_b2_teacher,absolute,>20k,27,23968.0,0.7556246299585554,0.7261071042983944,0.6421895806284573,0.9128802130474832,0,0.0,0
distill_segformer_b2_teacher,decile,D1,19,4071.0,0.8226030569708198,0.7227743398335867,0.8222978403775619,0.7156106406092464,0,0.0,0
distill_segformer_b2_teacher,decile,D10,19,31415.0,0.7239557763682423,0.683395065385027,0.5907214446132286,0.9045411101312979,0,0.0,0
distill_segformer_b2_teacher,decile,D2,18,5445.5,0.8242194888636682,0.7883230188216276,0.7291714377685732,0.8744784560706955,0,0.0,0
distill_segformer_b2_teacher,decile,D3,19,6686.0,0.8016517736257786,0.7405921131021328,0.694800175700894,0.8192031131252859,0,0.0,0
distill_segformer_b2_teacher,decile,D4,18,8665.5,0.8198754056471812,0.751532906433959,0.6892812803594787,0.8373371801895257,0,0.0,0
distill_segformer_b2_teacher,decile,D5,19,10622.0,0.8075670114876836,0.7882130764357193,0.7415154828307727,0.8709874475349467,0,0.0,0
distill_segformer_b2_teacher,decile,D6,18,11957.5,0.8573124466977806,0.8206617283419191,0.7486791545738151,0.9248304591115528,0,0.0,0
distill_segformer_b2_teacher,decile,D7,18,13841.0,0.8137433751806985,0.7533464682199721,0.719185765520438,0.8415170400709813,0,0.0,0
distill_segformer_b2_teacher,decile,D8,19,15506.0,0.8718383600029497,0.8364035646814225,0.7970305711162093,0.9027384218110466,0,0.0,0
distill_segformer_b2_teacher,decile,D9,18,19152.0,0.8424518231057578,0.8113138231132603,0.7483504175478113,0.905435096556815,0,0.0,0
distill_segformer_b5__seed2026,quintile,Q1,37,4884.0,0.850592885375494,0.7714570463829672,0.7855955651216837,0.7900597387925574,0,0.0,0
distill_segformer_b5__seed2026,quintile,Q2,37,7671.0,0.8368469949260344,0.7557347043877181,0.7054675811704012,0.8281398576450175,0,0.0,0
distill_segformer_b5__seed2026,quintile,Q3,37,11324.0,0.8562753036437247,0.7825778450844021,0.7333438316583452,0.8547910373135817,1,0.02702702702702703,0
distill_segformer_b5__seed2026,quintile,Q4,37,14382.0,0.8223824348680977,0.7845745459461281,0.733694350476189,0.8834496082117811,0,0.0,0
distill_segformer_b5__seed2026,quintile,Q5,37,21744.0,0.7638892325966987,0.7437337684252187,0.649273306545592,0.9347750348878655,0,0.0,0
distill_segformer_b5__seed2026,absolute,10-20k,81,13751.0,0.8309302878896027,0.7806534840282325,0.7231624034579128,0.8825236833422916,1,0.012345679012345678,0
distill_segformer_b5__seed2026,absolute,2-5k,17,4132.0,0.8297678652708238,0.7874236771470117,0.8271764007874216,0.795966447974606,0,0.0,0
distill_segformer_b5__seed2026,absolute,5-10k,58,6750.0,0.8431203726691486,0.7747918310700025,0.733936110583352,0.8331548615354406,0,0.0,0
distill_segformer_b5__seed2026,absolute,<2k,2,986.0,0.17108240057156465,0.17108240057156465,0.3373849571564582,0.1146128262053718,0,0.0,0
distill_segformer_b5__seed2026,absolute,>20k,27,23968.0,0.7726611730489579,0.744802109532917,0.6515423582350882,0.9335892465081292,0,0.0,0
distill_segformer_b5__seed2026,decile,D1,19,4071.0,0.7549496916585524,0.7225456480338067,0.7756194067210044,0.7242450141041603,0,0.0,0
distill_segformer_b5__seed2026,decile,D10,19,31415.0,0.7819089756526689,0.7392582790104054,0.650063765550359,0.9324157096840056,0,0.0,0
distill_segformer_b5__seed2026,decile,D2,18,5445.5,0.8843033654735717,0.8230857446404143,0.7961259545446233,0.8595308370747543,0,0.0,0
distill_segformer_b5__seed2026,decile,D3,19,6686.0,0.824086726792384,0.7036049482727808,0.6608705425541498,0.7676147760589023,0,0.0,0
distill_segformer_b5__seed2026,decile,D4,18,8665.5,0.8398459586630661,0.8107605580645963,0.7525422330431107,0.8920274437636946,0,0.0,0
distill_segformer_b5__seed2026,decile,D5,19,10622.0,0.8427258193445244,0.7695340413693877,0.7215252297263945,0.8454156280286959,1,0.05263157894736842,0
distill_segformer_b5__seed2026,decile,D6,18,11957.5,0.8637637541146312,0.7963463045613618,0.7458190225865153,0.86468730266985,0,0.0,0
distill_segformer_b5__seed2026,decile,D7,18,13841.0,0.7710804648223559,0.7517537035859859,0.7123792610057919,0.8552447024699338,0,0.0,0
distill_segformer_b5__seed2026,decile,D8,19,15506.0,0.882871039831734,0.8156679755504739,0.7538875931323548,0.9101700452303737,0,0.0,0
distill_segformer_b5__seed2026,decile,D9,18,19152.0,0.7479850177343959,0.7484578961408548,0.6484389331516716,0.937265433714162,0,0.0,0
distill_segformer_b5__seed42,quintile,Q1,37,4884.0,0.8450188476036619,0.7502304458821357,0.7641187693784389,0.7789274779164029,1,0.02702702702702703,0
distill_segformer_b5__seed42,quintile,Q2,37,7671.0,0.8034118048447629,0.7467237753029323,0.6858914355419926,0.8391617294556212,0,0.0,0
distill_segformer_b5__seed42,quintile,Q3,37,11324.0,0.8309612010138429,0.7456972456739489,0.6816544704233429,0.858391362068995,2,0.05405405405405406,0
distill_segformer_b5__seed42,quintile,Q4,37,14382.0,0.8104738154613467,0.781100658288253,0.7163391814521703,0.8932571116539288,0,0.0,0
distill_segformer_b5__seed42,quintile,Q5,37,21744.0,0.7811095415435984,0.739981783987116,0.6389533247571494,0.9352715019426793,0,0.0,0
distill_segformer_b5__seed42,absolute,10-20k,81,13751.0,0.8290654823773977,0.7714071177401288,0.7036407272534686,0.888032541424945,2,0.024691358024691357,0
distill_segformer_b5__seed42,absolute,2-5k,17,4132.0,0.8382590005373455,0.8156268679179632,0.8225631851904905,0.8367199610524031,0,0.0,0
distill_segformer_b5__seed42,absolute,5-10k,58,6750.0,0.812608328576112,0.740375117436172,0.6893515515971869,0.8209997657995366,1,0.017241379310344827,0
distill_segformer_b5__seed42,absolute,<2k,2,986.0,0.2730952034829215,0.2730952034829215,0.7158288374061145,0.1789598591509057,0,0.0,0
distill_segformer_b5__seed42,absolute,>20k,27,23968.0,0.7617962644058816,0.7192805232649137,0.6157368516387451,0.9316503127557733,0,0.0,0
distill_segformer_b5__seed42,decile,D1,19,4071.0,0.8059701492537313,0.758518271661643,0.811327990686872,0.7674820555890874,0,0.0,0
distill_segformer_b5__seed42,decile,D10,19,31415.0,0.7465453511515496,0.6859822460063698,0.5776092163462758,0.9250529896228885,0,0.0,0
distill_segformer_b5__seed42,decile,D2,18,5445.5,0.8562499619645227,0.7414821853371001,0.7142868135528708,0.7910087570396803,1,0.05555555555555555,0
distill_segformer_b5__seed42,decile,D3,19,6686.0,0.7836146105696854,0.7350138293923979,0.680348356771903,0.8255657179357309,0,0.0,0
distill_segformer_b5__seed42,decile,D4,18,8665.5,0.8097737853497191,0.7590842737640521,0.6917424631326425,0.8535130749488389,0,0.0,0
distill_segformer_b5__seed42,decile,D5,19,10622.0,0.7883327179703571,0.722954132592949,0.6566833344351289,0.8528787101134112,1,0.05263157894736842,0
distill_segformer_b5__seed42,decile,D6,18,11957.5,0.8586849188435146,0.7697038650372269,0.7080128917442354,0.8642102724665555,1,0.05555555555555555,0
distill_segformer_b5__seed42,decile,D7,18,13841.0,0.7724748708706954,0.7478415060818224,0.6830559096173348,0.8673615291697945,0,0.0,0
distill_segformer_b5__seed42,decile,D8,19,15506.0,0.8663946802017412,0.8126093287996086,0.747870702137804,0.9177897687441611,0,0.0,0
distill_segformer_b5__seed42,decile,D9,18,19152.0,0.8020475640135789,0.7969812963001259,0.7037054391908496,0.9460577093913474,0,0.0,0
distill_segformer_b5_teacher,quintile,Q1,37,4884.0,0.8443048938934604,0.8064490214543408,0.8187847459271109,0.8204194866531865,0,0.0,0
distill_segformer_b5_teacher,quintile,Q2,37,7671.0,0.8476618857676314,0.7981130695903236,0.7523569298054599,0.8722658495149908,0,0.0,0
distill_segformer_b5_teacher,quintile,Q3,37,11324.0,0.8611268914940866,0.8018040066396748,0.749321272516386,0.8924281992955921,0,0.0,0
distill_segformer_b5_teacher,quintile,Q4,37,14382.0,0.8032394017023387,0.7813093350192101,0.7061981519333336,0.8964535535685745,0,0.0,0
distill_segformer_b5_teacher,quintile,Q5,37,21744.0,0.6691249468160545,0.6757373795400919,0.5549885898410679,0.9354247117030867,0,0.0,0
distill_segformer_b5_teacher,absolute,10-20k,81,13751.0,0.8246274766661208,0.7902996265167904,0.7196546452579174,0.908901639573431,0,0.0,0
distill_segformer_b5_teacher,absolute,2-5k,17,4132.0,0.8279816513761468,0.8055868743615794,0.8339886447566114,0.8037706215339503,0,0.0,0
distill_segformer_b5_teacher,absolute,5-10k,58,6750.0,0.8521781494279932,0.8019233493357945,0.7607403153002017,0.8675779856206844,0,0.0,0
distill_segformer_b5_teacher,absolute,<2k,2,986.0,0.5448077891260372,0.5448077891260372,0.7784978313762827,0.422584394526322,0,0.0,0
distill_segformer_b5_teacher,absolute,>20k,27,23968.0,0.6513800113551034,0.6531799111585076,0.5322693094054175,0.9251433815049455,0,0.0,0
distill_segformer_b5_teacher,decile,D1,19,4071.0,0.7664185639229422,0.7781364443367854,0.8281475065060505,0.7636457555331474,0,0.0,0
distill_segformer_b5_teacher,decile,D10,19,31415.0,0.6347256347256347,0.6164131820274641,0.49903994711917987,0.9016619331892495,0,0.0,0
distill_segformer_b5_teacher,decile,D2,18,5445.5,0.8766900762678648,0.8363345195228721,0.8089018319826748,0.8803473139465615,0,0.0,0
distill_segformer_b5_teacher,decile,D3,19,6686.0,0.8404532430320396,0.7737312714483422,0.7286495945309117,0.8491354083151442,0,0.0,0
distill_segformer_b5_teacher,decile,D4,18,8665.5,0.8562620319949434,0.8238494120735262,0.7773813392619272,0.89668131522594,0,0.0,0
distill_segformer_b5_teacher,decile,D5,19,10622.0,0.8611268914940866,0.7944756985250915,0.7432400993060501,0.8911532698588637,0,0.0,0
distill_segformer_b5_teacher,decile,D6,18,11957.5,0.8607422911694804,0.8095394429828462,0.7557402886828516,0.8937739581454723,0,0.0,0
distill_segformer_b5_teacher,decile,D7,18,13841.0,0.7641957568026609,0.7344154829515431,0.6555047829065794,0.8625617685398546,0,0.0,0
distill_segformer_b5_teacher,decile,D8,19,15506.0,0.8717574470908247,0.8257350896096315,0.7542234489060479,0.928561560437888,0,0.0,0
distill_segformer_b5_teacher,decile,D9,18,19152.0,0.7215337907531627,0.7383573658034215,0.6140454904919498,0.9710632001343598,0,0.0,0
distill_x_angular_b5_to_b0,quintile,Q1,37,4884.0,0.8114909252867164,0.7282108278614146,0.7098769669847272,0.8232756836944789,1,0.02702702702702703,1
distill_x_angular_b5_to_b0,quintile,Q2,37,7671.0,0.7980224719101123,0.7424704328663164,0.6802652022003908,0.8428320885129527,0,0.0,0
distill_x_angular_b5_to_b0,quintile,Q3,37,11324.0,0.7987628656898038,0.75081912899722,0.6714813713935318,0.9168866678987339,1,0.02702702702702703,0
distill_x_angular_b5_to_b0,quintile,Q4,37,14382.0,0.8014473433631689,0.7612693887288196,0.702500309724224,0.8748577689114246,0,0.0,0
distill_x_angular_b5_to_b0,quintile,Q5,37,21744.0,0.8043323922267902,0.7263240878311558,0.6300570224361596,0.9262767078056311,0,0.0,0
distill_x_angular_b5_to_b0,absolute,10-20k,81,13751.0,0.8056269853274844,0.7571558056667688,0.685161284614607,0.899499040774488,1,0.012345679012345678,0
distill_x_angular_b5_to_b0,absolute,2-5k,17,4132.0,0.8158174904942965,0.7619740911710352,0.734854532173871,0.8274934864096036,0,0.0,0
distill_x_angular_b5_to_b0,absolute,5-10k,58,6750.0,0.8079377651255357,0.7422315452701366,0.692915798390484,0.851197394753052,1,0.017241379310344827,1
distill_x_angular_b5_to_b0,absolute,<2k,2,986.0,0.3331043091698829,0.3331043091698829,0.43621813181000735,0.3607029732556402,0,0.0,0
distill_x_angular_b5_to_b0,absolute,>20k,27,23968.0,0.7693377182428277,0.7125057407266193,0.6123166155680434,0.9331519817990407,0,0.0,0
distill_x_angular_b5_to_b0,decile,D1,19,4071.0,0.8041903776513192,0.7168299035919666,0.7034191216092538,0.7783576429197127,0,0.0,0
distill_x_angular_b5_to_b0,decile,D10,19,31415.0,0.6862831468593076,0.6764485059823139,0.5538493139643406,0.9480827324975107,0,0.0,0
distill_x_angular_b5_to_b0,decile,D2,18,5445.5,0.8137506976744412,0.7402240257013871,0.7166935815477272,0.8706891711789544,1,0.05555555555555555,1
distill_x_angular_b5_to_b0,decile,D3,19,6686.0,0.7635456082441028,0.7135127788412473,0.6555845124965679,0.8162299695983332,0,0.0,0
distill_x_angular_b5_to_b0,decile,D4,18,8665.5,0.8132337117518293,0.7730368454483338,0.706317041332204,0.8709121029228291,0,0.0,0
distill_x_angular_b5_to_b0,decile,D5,19,10622.0,0.7828599465736248,0.7348704725323879,0.669298581673295,0.9158122426093832,0,0.0,0
distill_x_angular_b5_to_b0,decile,D6,18,11957.5,0.8024517994486116,0.7676538219323209,0.6737854272093373,0.9180207834819369,1,0.05555555555555555,0
distill_x_angular_b5_to_b0,decile,D7,18,13841.0,0.7172504045763066,0.7316214392776492,0.6693085478646563,0.8578214585425735,0,0.0,0
distill_x_angular_b5_to_b0,decile,D8,19,15506.0,0.8400274160383825,0.7893569197878233,0.7339451367490774,0.8909974313661254,0,0.0,0
distill_x_angular_b5_to_b0,decile,D9,18,19152.0,0.8285743022281673,0.7789705353382665,0.7104984924897462,0.9032592372975358,0,0.0,0
fastscnn,quintile,Q1,37,4884.0,0.5562491330281593,0.4842911023555203,0.4806619669752424,0.7691406173182008,7,0.1891891891891892,7
fastscnn,quintile,Q2,37,7671.0,0.5664553968404125,0.5230952478706705,0.5160684794152756,0.6469479324250744,5,0.13513513513513514,1
fastscnn,quintile,Q3,37,11324.0,0.7581306589792521,0.6897711663921668,0.6436816164088601,0.8011497172050508,0,0.0,0
fastscnn,quintile,Q4,37,14382.0,0.7063552679181573,0.6826071377872924,0.6521840948045978,0.7845649107121712,1,0.02702702702702703,0
fastscnn,quintile,Q5,37,21744.0,0.6644785083278048,0.646957823696018,0.5843181387731777,0.7988283666625557,0,0.0,0
fastscnn,absolute,10-20k,81,13751.0,0.75760743960821,0.6882728013153666,0.6472443776486972,0.7976413370608653,1,0.012345679012345678,0
fastscnn,absolute,2-5k,17,4132.0,0.5176184690157959,0.39175186850957794,0.3805748241972688,0.7765153961571332,5,0.29411764705882354,5
fastscnn,absolute,5-10k,58,6750.0,0.6438705520759367,0.5595443586026231,0.5532297140962527,0.6779785535472669,5,0.08620689655172414,1
fastscnn,absolute,<2k,2,986.0,0.0,0.0,0.0,1.0,2,1.0,2
fastscnn,absolute,>20k,27,23968.0,0.623323773350903,0.6342696377630395,0.5726644054619995,0.7959592962077822,0,0.0,0
fastscnn,decile,D1,19,4071.0,0.3438081681813205,0.3505148297190961,0.34051431638702995,0.8000400912984875,7,0.3684210526315789,7
fastscnn,decile,D10,19,31415.0,0.615900829527449,0.6095288970201489,0.5338664752288086,0.8143343355613564,0,0.0,0
fastscnn,decile,D2,18,5445.5,0.6634597595595906,0.6254993901384126,0.628595598151689,0.7365245058945648,0,0.0,0
fastscnn,decile,D3,19,6686.0,0.5054115636570777,0.4713766238044152,0.4747472076457764,0.5470407509927254,3,0.15789473684210525,0
fastscnn,decile,D4,18,8665.5,0.7229474883218496,0.5776871288294955,0.5596853773941916,0.7524055128258873,2,0.1111111111111111,1
fastscnn,decile,D5,19,10622.0,0.7581306589792521,0.6985984818873153,0.6405877112162182,0.8156171379991474,0,0.0,0
fastscnn,decile,D6,18,11957.5,0.765196202109472,0.6804534444806212,0.6469474052233156,0.7858785508112818,0,0.0,0
fastscnn,decile,D7,18,13841.0,0.654487030743683,0.6188060162184361,0.5802347015116103,0.7803054369949135,0,0.0,0
fastscnn,decile,D8,19,15506.0,0.8721577570594943,0.7430503055893668,0.7203466779242703,0.7886002016022043,1,0.05263157894736842,0
fastscnn,decile,D9,18,19152.0,0.7259421838145196,0.6864661351872132,0.6375726725144559,0.7824609550471547,0,0.0,0
fastscnn_b2kd,quintile,Q1,37,4884.0,0.7010412494993993,0.6228754619501988,0.6714725483741834,0.631066911865549,1,0.02702702702702703,0
fastscnn_b2kd,quintile,Q2,37,7671.0,0.7033993599169622,0.5837730990346609,0.5958404696279813,0.6774838567688376,4,0.10810810810810811,2
fastscnn_b2kd,quintile,Q3,37,11324.0,0.743131807558319,0.7031455157723864,0.69328012802724,0.7860845964487152,0,0.0,0
fastscnn_b2kd,quintile,Q4,37,14382.0,0.8022333051033531,0.7075624211422386,0.6860493258797882,0.7720938392945801,0,0.0,0
fastscnn_b2kd,quintile,Q5,37,21744.0,0.657283221314687,0.6347204074014857,0.5615600686607025,0.8223733496243643,1,0.02702702702702703,0
fastscnn_b2kd,absolute,10-20k,81,13751.0,0.743131807558319,0.6979660148998489,0.6798062580749006,0.7749814723784867,1,0.012345679012345678,0
fastscnn_b2kd,absolute,2-5k,17,4132.0,0.6781743709771796,0.5987906276386968,0.6386352930366077,0.6166386152029703,0,0.0,0
fastscnn_b2kd,absolute,5-10k,58,6750.0,0.7077788129904053,0.6249933888489271,0.6479495117075539,0.6910712567578553,4,0.06896551724137931,2
fastscnn_b2kd,absolute,<2k,2,986.0,0.0350039777247414,0.0350039777247414,0.05739130434782605,0.02518122853872565,1,0.5,0
fastscnn_b2kd,absolute,>20k,27,23968.0,0.657283221314687,0.640464189285298,0.5587604750986329,0.855849756590175,0,0.0,0
fastscnn_b2kd,decile,D1,19,4071.0,0.6635119580509017,0.5394446644898594,0.5774517152798938,0.5543799429225235,1,0.05263157894736842,0
fastscnn_b2kd,decile,D10,19,31415.0,0.6464694032388876,0.6225548985683375,0.5374798721558784,0.860188057462007,0,0.0,0
fastscnn_b2kd,decile,D2,18,5445.5,0.7331176460998858,0.7109413037138905,0.7707167610848222,0.7120142679720761,0,0.0,0
fastscnn_b2kd,decile,D3,19,6686.0,0.6566921827882162,0.5345108989392148,0.554770764636106,0.5834480447097924,2,0.10526315789473684,0
fastscnn_b2kd,decile,D4,18,8665.5,0.7656126310280156,0.6357720880242986,0.6391918248971833,0.776743880608941,2,0.1111111111111111,2
fastscnn_b2kd,decile,D5,19,10622.0,0.6590345697931221,0.6530175593415893,0.6484509868017795,0.7572425786805755,0,0.0,0
fastscnn_b2kd,decile,D6,18,11957.5,0.7493091780690984,0.7560583586715611,0.7405997770985597,0.8165289485373071,0,0.0,0
fastscnn_b2kd,decile,D7,18,13841.0,0.7089976315286524,0.675531643669337,0.6349046279407466,0.7922522452981613,0,0.0,0
fastscnn_b2kd,decile,D8,19,15506.0,0.8446763503032012,0.7379073682218295,0.7345021976115118,0.7529964020280293,0,0.0,0
fastscnn_b2kd,decile,D9,18,19152.0,0.6906619282722859,0.6475617778364756,0.586978053860239,0.7824578246846303,1,0.05555555555555555,0
fastscnn_distilled,quintile,Q1,37,4884.0,0.6743096646942801,0.5585521924482819,0.5538941694104389,0.7763539437751882,6,0.16216216216216217,5
fastscnn_distilled,quintile,Q2,37,7671.0,0.7152696119603561,0.5827469077848889,0.5501435334717953,0.7586838192606549,2,0.05405405405405406,1
fastscnn_distilled,quintile,Q3,37,11324.0,0.7312688019819501,0.677531030097603,0.6314252140685799,0.8078297151571981,0,0.0,0
fastscnn_distilled,quintile,Q4,37,14382.0,0.7653122675263028,0.6750793860308599,0.6441455277100221,0.7754194257193161,0,0.0,0
fastscnn_distilled,quintile,Q5,37,21744.0,0.6443362435639132,0.5867964116666169,0.5029947902697992,0.8074434307801391,0,0.0,0
fastscnn_distilled,absolute,10-20k,81,13751.0,0.7519305019305019,0.6768151319893121,0.6361806372176673,0.7916402936986816,0,0.0,0
fastscnn_distilled,absolute,2-5k,17,4132.0,0.6335165537517576,0.4849275257115789,0.4763102774089281,0.8225425720601173,4,0.23529411764705882,4
fastscnn_distilled,absolute,5-10k,58,6750.0,0.7121986419131647,0.6137041072155531,0.5916773734230181,0.7496078558037509,2,0.034482758620689655,1
fastscnn_distilled,absolute,<2k,2,986.0,0.0,0.0,0.0,0.5,2,1.0,1
fastscnn_distilled,absolute,>20k,27,23968.0,0.6443362435639132,0.567610647789336,0.4707824334561342,0.8395807123107262,0,0.0,0
fastscnn_distilled,decile,D1,19,4071.0,0.6246412856322938,0.4338825230050969,0.42617235347114624,0.7885907223695787,6,0.3157894736842105,5
fastscnn_distilled,decile,D10,19,31415.0,0.5540959799326688,0.5437316514527692,0.4270142295652048,0.8812577706362835,0,0.0,0
fastscnn_distilled,decile,D2,18,5445.5,0.7140445254376779,0.6901479546383106,0.6887116417908035,0.7634373441477758,0,0.0,0
fastscnn_distilled,decile,D3,19,6686.0,0.6868799258229021,0.5472176107024633,0.5285275699848316,0.7039257071362498,1,0.05263157894736842,0
fastscnn_distilled,decile,D4,18,8665.5,0.7581770041366785,0.6202500547052266,0.5729603838191459,0.8164840487253047,1,0.05555555555555555,1
fastscnn_distilled,decile,D5,19,10622.0,0.7143024894316581,0.6308830484328144,0.5949354363911984,0.7600189730009564,0,0.0,0
fastscnn_distilled,decile,D6,18,11957.5,0.7698524361070449,0.7267705662993241,0.6699422016169267,0.8582966096554534,0,0.0,0
fastscnn_distilled,decile,D7,18,13841.0,0.6367874813916079,0.598231093269962,0.5609490052853425,0.76202492496052,0,0.0,0
fastscnn_distilled,decile,D8,19,15506.0,0.8537860828336354,0.7478830318043419,0.7229632857965601,0.7881089527539653,0,0.0,0
fastscnn_distilled,decile,D9,18,19152.0,0.6516329054094365,0.632253658559012,0.5831964932357597,0.72952829426532,0,0.0,0
fastscnn_rgkd,quintile,Q1,37,4884.0,0.694188051526524,0.6018138925490621,0.6612227775942499,0.5999036468429203,4,0.10810810810810811,1
fastscnn_rgkd,quintile,Q2,37,7671.0,0.7159161185135211,0.5975869936850291,0.5736690116028658,0.6790082013600663,2,0.05405405405405406,0
fastscnn_rgkd,quintile,Q3,37,11324.0,0.7612170653731672,0.7100794451380937,0.6719281515899808,0.797442388612613,0,0.0,0
fastscnn_rgkd,quintile,Q4,37,14382.0,0.7652756187970824,0.7005425051540454,0.6519494201051985,0.7896335182424673,0,0.0,0
fastscnn_rgkd,quintile,Q5,37,21744.0,0.651355583530351,0.5985794191053575,0.5086995140908054,0.8009838241940267,0,0.0,0
fastscnn_rgkd,absolute,10-20k,81,13751.0,0.7650350593311759,0.7053786800800191,0.6571942573669964,0.7988731088048693,0,0.0,0
fastscnn_rgkd,absolute,2-5k,17,4132.0,0.6192405823202761,0.5349559057290689,0.5930926459397226,0.5637428989564782,2,0.11764705882352941,1
fastscnn_rgkd,absolute,5-10k,58,6750.0,0.7302763436941875,0.636290675503056,0.6408460724528781,0.6811028551959182,2,0.034482758620689655,0
fastscnn_rgkd,absolute,<2k,2,986.0,0.0,0.0,0.0,0.0,2,1.0,0
fastscnn_rgkd,absolute,>20k,27,23968.0,0.5581548797312699,0.5771666961228072,0.4819246794224363,0.8104308050188765,0,0.0,0
fastscnn_rgkd,decile,D1,19,4071.0,0.5993649113522096,0.47864475775758797,0.5306618411039623,0.5044015411715858,4,0.21052631578947367,1
fastscnn_rgkd,decile,D10,19,31415.0,0.5481543358345455,0.5487167570642891,0.4420601119975551,0.8354022331430198,0,0.0,0
fastscnn_rgkd,decile,D2,18,5445.5,0.7485680799690242,0.7318257570511739,0.7990370994451089,0.7007114250515513,0,0.0,0
fastscnn_rgkd,decile,D3,19,6686.0,0.6783988957902002,0.5303236397439846,0.5303002501452466,0.5766116191609033,2,0.10526315789473684,0
fastscnn_rgkd,decile,D4,18,8665.5,0.7244902444798593,0.6685872006227982,0.6194471486970191,0.787093482570294,0,0.0,0
fastscnn_rgkd,decile,D5,19,10622.0,0.7412177093652366,0.6875335249828121,0.6600837911321565,0.7696164399605552,0,0.0,0
fastscnn_rgkd,decile,D6,18,11957.5,0.7706771250137768,0.733877916413113,0.6844305320732395,0.8268142233008964,0,0.0,0
fastscnn_rgkd,decile,D7,18,13841.0,0.6806478103105283,0.6519500051058589,0.5910060315202011,0.7823622623960582,0,0.0,0
fastscnn_rgkd,decile,D8,19,15506.0,0.8545326223337516,0.746577505199696,0.7096852619225644,0.7965220764127495,0,0.0,0
fastscnn_rgkd,decile,D9,18,19152.0,0.7247467919672071,0.6512122290375965,0.5790411051892361,0.7646532814145339,0,0.0,0
lraspp_mobilenetv3,quintile,Q1,37,4884.0,0.7567789646672145,0.693534033986713,0.6914906531866448,0.773539199644012,0,0.0,0
lraspp_mobilenetv3,quintile,Q2,37,7671.0,0.6099749180011577,0.5897148033927924,0.5400965556116483,0.8325481293502364,2,0.05405405405405406,2
lraspp_mobilenetv3,quintile,Q3,37,11324.0,0.781581853708266,0.7350159581903047,0.6829280655777387,0.8561649276014326,0,0.0,0
lraspp_mobilenetv3,quintile,Q4,37,14382.0,0.7840738998417653,0.731915688314632,0.6974387644610878,0.826889794380197,0,0.0,0
lraspp_mobilenetv3,quintile,Q5,37,21744.0,0.777468542981459,0.7405771579114468,0.6622348912599522,0.871869403185022,0,0.0,0
lraspp_mobilenetv3,absolute,10-20k,81,13751.0,0.7771384486804461,0.7331268243884446,0.6871076417573294,0.8415259923680675,0,0.0,0
lraspp_mobilenetv3,absolute,2-5k,17,4132.0,0.818164544936348,0.7623448358296344,0.7746370439812333,0.7943250853776765,0,0.0,0
lraspp_mobilenetv3,absolute,5-10k,58,6750.0,0.7089461287011349,0.621180243386848,0.5687744648572245,0.8309110622750853,2,0.034482758620689655,2
lraspp_mobilenetv3,absolute,<2k,2,986.0,0.2457646326280623,0.2457646326280623,0.5331915793927853,0.1613472515896786,0,0.0,0
lraspp_mobilenetv3,absolute,>20k,27,23968.0,0.7842616103846792,0.7516634955624737,0.6764866504837932,0.8805465131698154,0,0.0,0
lraspp_mobilenetv3,decile,D1,19,4071.0,0.8064379500211775,0.7079679723347321,0.7492217319192914,0.7276958397157821,0,0.0,0
lraspp_mobilenetv3,decile,D10,19,31415.0,0.777468542981459,0.730363988410663,0.6525675466977872,0.8740665943352747,0,0.0,0
lraspp_mobilenetv3,decile,D2,18,5445.5,0.7499367418732962,0.6782982101749151,0.6305522923021847,0.8219294129015879,0,0.0,0
lraspp_mobilenetv3,decile,D3,19,6686.0,0.5547445255474452,0.5191142899953324,0.4679452976824159,0.8049173901127822,1,0.05263157894736842,1
lraspp_mobilenetv3,decile,D4,18,8665.5,0.7231763175237853,0.6642375675345554,0.6162562167591713,0.8617139096564378,1,0.05555555555555555,1
lraspp_mobilenetv3,decile,D5,19,10622.0,0.7377989717606735,0.6978484133599986,0.6391723416097572,0.8301811270035242,0,0.0,0
lraspp_mobilenetv3,decile,D6,18,11957.5,0.7982064122842808,0.7742483666222942,0.7291146630994969,0.8835922726770027,0,0.0,0
lraspp_mobilenetv3,decile,D7,18,13841.0,0.7048589927965845,0.6843336499428931,0.648152500693797,0.8151613602482326,0,0.0,0
lraspp_mobilenetv3,decile,D8,19,15506.0,0.8565638524421241,0.7769934088773323,0.7441310143458896,0.8380009425052158,0,0.0,0
lraspp_mobilenetv3,decile,D9,18,19152.0,0.7779280414126064,0.7513577257178297,0.6724393105200155,0.8695501458597553,0,0.0,0
lraspp_mobilenetv3_b2kd,quintile,Q1,37,4884.0,0.7477854330708661,0.6954073957355166,0.7585835212441544,0.752757008161287,0,0.0,0
lraspp_mobilenetv3_b2kd,quintile,Q2,37,7671.0,0.7048440342248872,0.6311298564179756,0.5821287576914966,0.835688752919357,1,0.02702702702702703,1
lraspp_mobilenetv3_b2kd,quintile,Q3,37,11324.0,0.8142937248305041,0.7546208376415018,0.7195985912088317,0.8661186002685131,0,0.0,0
lraspp_mobilenetv3_b2kd,quintile,Q4,37,14382.0,0.8046068308181096,0.7629104401795127,0.74089129054511,0.844130370453158,0,0.0,0
lraspp_mobilenetv3_b2kd,quintile,Q5,37,21744.0,0.7969272052826814,0.7624325649932828,0.7189387684783575,0.8517295928802975,0,0.0,0
lraspp_mobilenetv3_b2kd,absolute,10-20k,81,13751.0,0.8137310073157006,0.7592390769581678,0.7276017364190589,0.8509954313431927,0,0.0,0
lraspp_mobilenetv3_b2kd,absolute,2-5k,17,4132.0,0.8268806773084046,0.7686414962683575,0.82903242813965,0.7697583354140957,0,0.0,0
lraspp_mobilenetv3_b2kd,absolute,5-10k,58,6750.0,0.7264578858527835,0.6476522348596968,0.608670929994541,0.8322162167760925,1,0.017241379310344827,1
lraspp_mobilenetv3_b2kd,absolute,<2k,2,986.0,0.2525553188230215,0.2525553188230215,0.97323600973236,0.145495262704565,0,0.0,0
lraspp_mobilenetv3_b2kd,absolute,>20k,27,23968.0,0.7915811292926475,0.7706047994120765,0.7395013515462318,0.8514684175554047,0,0.0,0
lraspp_mobilenetv3_b2kd,decile,D1,19,4071.0,0.7477854330708661,0.7143166354846379,0.8442117525178299,0.7040464330236188,0,0.0,0
lraspp_mobilenetv3_b2kd,decile,D10,19,31415.0,0.7642916375985573,0.7476441868040359,0.7209248491928225,0.839661631244797,0,0.0,0
lraspp_mobilenetv3_b2kd,decile,D2,18,5445.5,0.7441329888074866,0.6754476426669994,0.6681981660108305,0.8041737263621591,0,0.0,0
lraspp_mobilenetv3_b2kd,decile,D3,19,6686.0,0.533262211384592,0.5618569323218037,0.5134020551772845,0.8090783700261116,0,0.0,0
lraspp_mobilenetv3_b2kd,decile,D4,18,8665.5,0.7542256534846851,0.7042512762972684,0.6546736103453876,0.8637774904177824,1,0.05555555555555555,1
lraspp_mobilenetv3_b2kd,decile,D5,19,10622.0,0.7969071764385903,0.7325180299186058,0.6657183201652593,0.8820349283598361,0,0.0,0
lraspp_mobilenetv3_b2kd,decile,D6,18,11957.5,0.8203597361180315,0.7779515791267807,0.7764722106437139,0.8493180317276721,0,0.0,0
lraspp_mobilenetv3_b2kd,decile,D7,18,13841.0,0.7527423774557649,0.7232009421024126,0.6813496152638987,0.8400542769188463,0,0.0,0
lraspp_mobilenetv3_b2kd,decile,D8,19,15506.0,0.8620842572062084,0.8005299646736075,0.7972991934430995,0.8479919327488215,0,0.0,0
lraspp_mobilenetv3_b2kd,decile,D9,18,19152.0,0.8131832490898726,0.7780425197485994,0.716842349946422,0.8644679968288812,0,0.0,0
lraspp_mobilenetv3_distilled,quintile,Q1,37,4884.0,0.7997981157469717,0.7009695306579001,0.6786577332825072,0.7789965858614812,1,0.02702702702702703,0
lraspp_mobilenetv3_distilled,quintile,Q2,37,7671.0,0.670214324073622,0.6184748797226385,0.583697883191594,0.8285806682841216,2,0.05405405405405406,2
lraspp_mobilenetv3_distilled,quintile,Q3,37,11324.0,0.8048417424005014,0.754709988976345,0.7094689388737823,0.8753720186005354,0,0.0,0
lraspp_mobilenetv3_distilled,quintile,Q4,37,14382.0,0.7914355062413315,0.7645173208926153,0.7461826072169302,0.840288919156103,0,0.0,0
lraspp_mobilenetv3_distilled,quintile,Q5,37,21744.0,0.7869170231187729,0.7612181812965894,0.6984211985983033,0.8756714408428934,0,0.0,0
lraspp_mobilenetv3_distilled,absolute,10-20k,81,13751.0,0.7949958982772765,0.7611824712939513,0.7265671418609648,0.8557884836414316,0,0.0,0
lraspp_mobilenetv3_distilled,absolute,2-5k,17,4132.0,0.831467793030623,0.7322455591654236,0.7042107635117668,0.8238053611437609,0,0.0,0
lraspp_mobilenetv3_distilled,absolute,5-10k,58,6750.0,0.7008315055105128,0.6486564329276854,0.6130409661029155,0.8225678008093955,2,0.034482758620689655,2
lraspp_mobilenetv3_distilled,absolute,<2k,2,986.0,0.3539211702559935,0.3539211702559935,0.37869565217391304,0.3321891685736079,1,0.5,0
lraspp_mobilenetv3_distilled,absolute,>20k,27,23968.0,0.7869170231187729,0.7689650454172319,0.7137244649733417,0.8763995301139977,0,0.0,0
lraspp_mobilenetv3_distilled,decile,D1,19,4071.0,0.8006185367739441,0.6924219392802203,0.6699460149498876,0.7720562882416395,1,0.05263157894736842,0
lraspp_mobilenetv3_distilled,decile,D10,19,31415.0,0.7799851619816998,0.7547217530532913,0.7025655432412631,0.8684005046800711,0,0.0,0
lraspp_mobilenetv3_distilled,decile,D2,18,5445.5,0.7916986022926202,0.7099919882232288,0.6878534359669392,0.7863224555713143,0,0.0,0
lraspp_mobilenetv3_distilled,decile,D3,19,6686.0,0.5869935754556181,0.5646193160000965,0.5234589395173326,0.7986810324070145,0,0.0,0
lraspp_mobilenetv3_distilled,decile,D4,18,8665.5,0.7071872805747157,0.6753224192075442,0.6472834348477589,0.8601413950432905,2,0.1111111111111111,2
lraspp_mobilenetv3_distilled,decile,D5,19,10622.0,0.7613927916921197,0.7170446594784735,0.6621469924677321,0.865789426257891,0,0.0,0
lraspp_mobilenetv3_distilled,decile,D6,18,11957.5,0.8464736302610576,0.7944678367796536,0.7594198823023911,0.8854869771844371,0,0.0,0
lraspp_mobilenetv3_distilled,decile,D7,18,13841.0,0.7230796579294027,0.7158422912443194,0.68818245122668,0.8278008439946899,0,0.0,0
lraspp_mobilenetv3_distilled,decile,D8,19,15506.0,0.8288888110172759,0.8106305068752111,0.8011301234182197,0.8521197272037576,0,0.0,0
lraspp_mobilenetv3_distilled,decile,D9,18,19152.0,0.8089377240396469,0.7680755222200708,0.6940466125862904,0.8833463179036504,0,0.0,0
lraspp_mobilenetv3_rgkd,quintile,Q1,37,4884.0,0.7562262753448755,0.7085545195796552,0.6867748922764393,0.7826023411342193,1,0.02702702702702703,0
lraspp_mobilenetv3_rgkd,quintile,Q2,37,7671.0,0.6795385748179661,0.6264498575299208,0.5724479118947663,0.8289748365375568,1,0.02702702702702703,1
lraspp_mobilenetv3_rgkd,quintile,Q3,37,11324.0,0.7910941731019958,0.7647537602061298,0.6945293414009847,0.8974016554846961,0,0.0,0
lraspp_mobilenetv3_rgkd,quintile,Q4,37,14382.0,0.8041519618019515,0.7749101502845528,0.7367241008264778,0.847050715793203,0,0.0,0
lraspp_mobilenetv3_rgkd,quintile,Q5,37,21744.0,0.7900186133085156,0.7485304042594829,0.6769411793234984,0.8819583710159637,0,0.0,0
lraspp_mobilenetv3_rgkd,absolute,10-20k,81,13751.0,0.802171836508974,0.7665133429136607,0.7095031628564175,0.8692974302563572,0,0.0,0
lraspp_mobilenetv3_rgkd,absolute,2-5k,17,4132.0,0.8334605112552461,0.7403611511369443,0.7205200056221821,0.818996322148205,0,0.0,0
lraspp_mobilenetv3_rgkd,absolute,5-10k,58,6750.0,0.7305962557889076,0.6596916092140713,0.6093651969508451,0.8275794811115018,1,0.017241379310344827,1
lraspp_mobilenetv3_rgkd,absolute,<2k,2,986.0,0.33563748079877115,0.33563748079877115,0.38,0.3005502063273728,1,0.5,0
lraspp_mobilenetv3_rgkd,absolute,>20k,27,23968.0,0.7900186133085156,0.7574534428689697,0.6952839645046005,0.8840301257156435,0,0.0,0
lraspp_mobilenetv3_rgkd,decile,D1,19,4071.0,0.7562262753448755,0.6977586595223998,0.6846757945040579,0.7644230467986436,1,0.05263157894736842,0
lraspp_mobilenetv3_rgkd,decile,D10,19,31415.0,0.7586518406334276,0.7325439724749421,0.6669879584529603,0.8780784570724068,0,0.0,0
lraspp_mobilenetv3_rgkd,decile,D2,18,5445.5,0.7698851911445059,0.7199501496400921,0.6889906065917308,0.8017915962662158,0,0.0,0
lraspp_mobilenetv3_rgkd,decile,D3,19,6686.0,0.5094638891826161,0.5566872081316627,0.5090023719512139,0.7865532362072086,0,0.0,0
lraspp_mobilenetv3_rgkd,decile,D4,18,8665.5,0.7571301192554979,0.700088209672526,0.6394182040574047,0.8737531924418129,1,0.05555555555555555,1
lraspp_mobilenetv3_rgkd,decile,D5,19,10622.0,0.7777109882183217,0.7396268744118416,0.6524941855705778,0.8970539987545799,0,0.0,0
lraspp_mobilenetv3_rgkd,decile,D6,18,11957.5,0.8110924050656841,0.7912765841001008,0.7388997836664135,0.8977686264775966,0,0.0,0
lraspp_mobilenetv3_rgkd,decile,D7,18,13841.0,0.745032134274833,0.7467585340028751,0.6979095277533615,0.8351413038344906,0,0.0,0
lraspp_mobilenetv3_rgkd,decile,D8,19,15506.0,0.8599315068493151,0.8015801025514054,0.773495801632588,0.8583333165961938,0,0.0,0
lraspp_mobilenetv3_rgkd,decile,D9,18,19152.0,0.7988022812024294,0.7654049711431645,0.6874473569090663,0.8860538357341627,0,0.0,0
ppmobileseg_tiny,quintile,Q1,37,4884.0,0.7227094042939219,0.6545614826172117,0.7118844812282419,0.6896308945346217,1,0.02702702702702703,0
ppmobileseg_tiny,quintile,Q2,37,7671.0,0.6060046690916988,0.5874088070799961,0.6121378499233492,0.7175554467107087,3,0.08108108108108109,3
ppmobileseg_tiny,quintile,Q3,37,11324.0,0.6998880179171333,0.6734224792514057,0.6612431500400957,0.7897625692735042,0,0.0,0
ppmobileseg_tiny,quintile,Q4,37,14382.0,0.7542800155133248,0.6954253475096412,0.7017420946825453,0.7536912333545887,0,0.0,0
ppmobileseg_tiny,quintile,Q5,37,21744.0,0.6973407657863474,0.6732736913682299,0.6046181540707836,0.8518159906946187,0,0.0,0
ppmobileseg_tiny,absolute,10-20k,81,13751.0,0.724230693524047,0.6901378385546653,0.6823293353880265,0.771065464768932,0,0.0,0
ppmobileseg_tiny,absolute,2-5k,17,4132.0,0.7665831244778614,0.66162053669224,0.7019726113526208,0.7429506329474215,0,0.0,0
ppmobileseg_tiny,absolute,5-10k,58,6750.0,0.6896169133365813,0.6176975656278726,0.642885953779614,0.717581724520966,4,0.06896551724137931,3
ppmobileseg_tiny,absolute,<2k,2,986.0,0.23046456682378705,0.23046456682378705,0.633836877181847,0.1465053145081919,0,0.0,0
ppmobileseg_tiny,absolute,>20k,27,23968.0,0.6973407657863474,0.6694553667711038,0.5938104583318363,0.8774689970887212,0,0.0,0
ppmobileseg_tiny,decile,D1,19,4071.0,0.7279475982532752,0.6162356977587188,0.6948004288083289,0.6801669152169763,0,0.0,0
ppmobileseg_tiny,decile,D10,19,31415.0,0.6388423457730389,0.6401150476498766,0.5569401813189174,0.8935736990301487,0,0.0,0
ppmobileseg_tiny,decile,D2,18,5445.5,0.7222020359672678,0.6950164777456213,0.7299176476714836,0.6996206504810251,1,0.05555555555555555,0
ppmobileseg_tiny,decile,D3,19,6686.0,0.6548596851471595,0.5994622941659058,0.6480903392549466,0.6488968424418121,1,0.05263157894736842,1
ppmobileseg_tiny,decile,D4,18,8665.5,0.6056095435499811,0.574685681822647,0.5741880000733297,0.7900284178834328,2,0.1111111111111111,2
ppmobileseg_tiny,decile,D5,19,10622.0,0.6364756904816252,0.6513786623772484,0.6438333775953672,0.7810913724173859,0,0.0,0
ppmobileseg_tiny,decile,D6,18,11957.5,0.7441313615866563,0.6966909526185717,0.679620132065087,0.7989154992882956,0,0.0,0
ppmobileseg_tiny,decile,D7,18,13841.0,0.6635680851614569,0.625467830268556,0.6373746014515348,0.7276588853923492,0,0.0,0
ppmobileseg_tiny,decile,D8,19,15506.0,0.8221656976744186,0.7617008901590906,0.7627218251119239,0.778353457739868,0,0.0,0
ppmobileseg_tiny,decile,D9,18,19152.0,0.7186408678475351,0.7082744819598256,0.6549449030866424,0.8077384096737819,0,0.0,0
ppmobileseg_tiny_b2kd,quintile,Q1,37,4884.0,0.729948619698685,0.6794859429293937,0.6844739766708,0.7626957899418111,1,0.02702702702702703,0
ppmobileseg_tiny_b2kd,quintile,Q2,37,7671.0,0.6630579964850615,0.5777383979422139,0.5336217095102431,0.7984224514464426,3,0.08108108108108109,3
ppmobileseg_tiny_b2kd,quintile,Q3,37,11324.0,0.7352568859400236,0.7240070391919783,0.6732676977149509,0.8329332159296831,0,0.0,0
ppmobileseg_tiny_b2kd,quintile,Q4,37,14382.0,0.7698383130914239,0.7042168545985624,0.6464210338793295,0.8366291332517545,0,0.0,0
ppmobileseg_tiny_b2kd,quintile,Q5,37,21744.0,0.6954055587067498,0.693879815586401,0.6213747318521968,0.8554653432762584,0,0.0,0
ppmobileseg_tiny_b2kd,absolute,10-20k,81,13751.0,0.7538546934747749,0.7103527832519608,0.65184413833195,0.8362385650831523,0,0.0,0
ppmobileseg_tiny_b2kd,absolute,2-5k,17,4132.0,0.7637140287769785,0.7124893631633475,0.7211957253347779,0.8110300439233116,0,0.0,0
ppmobileseg_tiny_b2kd,absolute,5-10k,58,6750.0,0.6841729393886401,0.613824672213852,0.5736644045855736,0.7829593299585039,4,0.06896551724137931,3
ppmobileseg_tiny_b2kd,absolute,<2k,2,986.0,0.43019721427607793,0.43019721427607793,0.7232402411932719,0.43956819176246914,0,0.0,0
ppmobileseg_tiny_b2kd,absolute,>20k,27,23968.0,0.6790051118339967,0.7008154750020381,0.6337100019366396,0.8656958338055682,0,0.0,0
ppmobileseg_tiny_b2kd,decile,D1,19,4071.0,0.7075586711368486,0.6827744001225823,0.7214109375304089,0.7719287963274335,0,0.0,0
ppmobileseg_tiny_b2kd,decile,D10,19,31415.0,0.665732208282447,0.6752099559745277,0.6017505883730679,0.8647804856737685,0,0.0,0
ppmobileseg_tiny_b2kd,decile,D2,18,5445.5,0.7428564618561743,0.676014793669917,0.645484962430102,0.7529498387569871,1,0.05555555555555555,0
ppmobileseg_tiny_b2kd,decile,D3,19,6686.0,0.6759992632160619,0.5825663867613845,0.536181164930946,0.7381808159801386,1,0.05263157894736842,1
ppmobileseg_tiny_b2kd,decile,D4,18,8665.5,0.6043135656604387,0.5726421875219783,0.5309200621217233,0.8620108444386523,2,0.1111111111111111,2
ppmobileseg_tiny_b2kd,decile,D5,19,10622.0,0.7322936635407492,0.7004357667578468,0.6469412445261729,0.813112436733291,0,0.0,0
ppmobileseg_tiny_b2kd,decile,D6,18,11957.5,0.7673923030195146,0.7488878267613392,0.7010567316364387,0.8538551495258749,0,0.0,0
ppmobileseg_tiny_b2kd,decile,D7,18,13841.0,0.6685593863246593,0.6624460028193745,0.5873378741414927,0.8363073501506716,0,0.0,0
ppmobileseg_tiny_b2kd,decile,D8,19,15506.0,0.8134307852942793,0.7437892404946357,0.7023945536309644,0.8369339804001488,0,0.0,0
ppmobileseg_tiny_b2kd,decile,D9,18,19152.0,0.7682597909945492,0.7135868896211559,0.642089105524611,0.8456326929677755,0,0.0,0
ppmobileseg_tiny_distilled,quintile,Q1,37,4884.0,0.7329095861979504,0.6779556084426023,0.7080330991581342,0.7447893673247994,1,0.02702702702702703,0
ppmobileseg_tiny_distilled,quintile,Q2,37,7671.0,0.7032626312451554,0.6127361915435047,0.6031191555167933,0.7658606518286516,3,0.08108108108108109,3
ppmobileseg_tiny_distilled,quintile,Q3,37,11324.0,0.7595527879988678,0.6924257105362367,0.6472405495122726,0.8344834658595733,0,0.0,0
ppmobileseg_tiny_distilled,quintile,Q4,37,14382.0,0.8019191226867718,0.7353030100425293,0.7196362831489048,0.8062139034302841,0,0.0,0
ppmobileseg_tiny_distilled,quintile,Q5,37,21744.0,0.7555009115190571,0.7272476925709302,0.6748849160677718,0.8593982039406735,0,0.0,0
ppmobileseg_tiny_distilled,absolute,10-20k,81,13751.0,0.7901043679938152,0.7197576598798548,0.6894390849882946,0.8170742929733538,0,0.0,0
ppmobileseg_tiny_distilled,absolute,2-5k,17,4132.0,0.7329095861979504,0.6548964792386474,0.6815346643584718,0.7681915711456259,0,0.0,0
ppmobileseg_tiny_distilled,absolute,5-10k,58,6750.0,0.7283118683082948,0.6474095257128991,0.6360045702817299,0.7739523503202327,4,0.06896551724137931,3
ppmobileseg_tiny_distilled,absolute,<2k,2,986.0,0.5450481578784496,0.5450481578784496,0.8586755527345816,0.4022622152604863,0,0.0,0
ppmobileseg_tiny_distilled,absolute,>20k,27,23968.0,0.754452769929984,0.719120906725719,0.6674646950365951,0.8689463603257621,0,0.0,0
ppmobileseg_tiny_distilled,decile,D1,19,4071.0,0.6894578313253013,0.6433334980428371,0.7001810736612203,0.7296726915787691,0,0.0,0
ppmobileseg_tiny_distilled,decile,D10,19,31415.0,0.7218659477923078,0.6978553535433744,0.6371491265845067,0.8772479706100341,0,0.0,0
ppmobileseg_tiny_distilled,decile,D2,18,5445.5,0.7750454148959209,0.7145011694201322,0.7163213482937656,0.7607458583900538,1,0.05555555555555555,0
ppmobileseg_tiny_distilled,decile,D3,19,6686.0,0.6750629722921915,0.5950551993891571,0.5904801870458961,0.7355453566452733,2,0.10526315789473684,2
ppmobileseg_tiny_distilled,decile,D4,18,8665.5,0.7202411810934297,0.6313994610397601,0.6164602889027406,0.7978601300777732,1,0.05555555555555555,1
ppmobileseg_tiny_distilled,decile,D5,19,10622.0,0.7412088599674634,0.6776417442021635,0.6160700576267996,0.846436943889955,0,0.0,0
ppmobileseg_tiny_distilled,decile,D6,18,11957.5,0.7895005029158597,0.708031008333314,0.680142735391383,0.8218659057163927,0,0.0,0
ppmobileseg_tiny_distilled,decile,D7,18,13841.0,0.7362648458763457,0.6960808358587263,0.6537023170701415,0.8242237697749606,0,0.0,0
ppmobileseg_tiny_distilled,decile,D8,19,15506.0,0.852198167929253,0.7724608592692901,0.7821000404866804,0.7891519247879588,0,0.0,0
ppmobileseg_tiny_distilled,decile,D9,18,19152.0,0.8151640801129645,0.7582729393222392,0.7147171383001073,0.8405567835674597,0,0.0,0
ppmobileseg_tiny_rgkd,quintile,Q1,37,4884.0,0.696114415896722,0.6034416201207803,0.594129274497916,0.7751385832178811,4,0.10810810810810811,2
ppmobileseg_tiny_rgkd,quintile,Q2,37,7671.0,0.7325648786142057,0.6326167698283061,0.6391268881349863,0.735303982280559,3,0.08108108108108109,3
ppmobileseg_tiny_rgkd,quintile,Q3,37,11324.0,0.7266906313188047,0.7100392192593291,0.6749198704093387,0.8124225148013222,0,0.0,0
ppmobileseg_tiny_rgkd,quintile,Q4,37,14382.0,0.7687030869413929,0.7215785587149831,0.709651392150336,0.8042165098256304,0,0.0,0
ppmobileseg_tiny_rgkd,quintile,Q5,37,21744.0,0.7402568644818424,0.7232529550809033,0.66519056923883,0.8394379299469912,0,0.0,0
ppmobileseg_tiny_rgkd,absolute,10-20k,81,13751.0,0.7592391839952696,0.7224672081473912,0.6988677253573184,0.8082883714577721,0,0.0,0
ppmobileseg_tiny_rgkd,absolute,2-5k,17,4132.0,0.7517513692523246,0.6365329267535353,0.6382810754723804,0.8209224594219716,1,0.058823529411764705,1
ppmobileseg_tiny_rgkd,absolute,5-10k,58,6750.0,0.7120138215550602,0.6330552975290903,0.6266580965210536,0.7461686562850809,4,0.06896551724137931,3
ppmobileseg_tiny_rgkd,absolute,<2k,2,986.0,0.0,0.0,0.0,0.5,2,1.0,1
ppmobileseg_tiny_rgkd,absolute,>20k,27,23968.0,0.7402568644818424,0.7187506177675247,0.6543123021765809,0.8539407511070538,0,0.0,0
ppmobileseg_tiny_rgkd,decile,D1,19,4071.0,0.6370093457943925,0.569529460779479,0.5710935938437088,0.7871411479038694,3,0.15789473684210525,2
ppmobileseg_tiny_rgkd,decile,D10,19,31415.0,0.7233178997143138,0.7143325886917002,0.6394775835750541,0.8672564797752051,0,0.0,0
ppmobileseg_tiny_rgkd,decile,D2,18,5445.5,0.7025298381219257,0.6392377883143762,0.618444715188468,0.7624692093826713,1,0.05555555555555555,0
ppmobileseg_tiny_rgkd,decile,D3,19,6686.0,0.7329012069736254,0.6088475849715241,0.6366257632772812,0.7160668424086377,2,0.10526315789473684,2
ppmobileseg_tiny_rgkd,decile,D4,18,8665.5,0.7039708573330739,0.6577064649549094,0.6417669643736751,0.7556098521453648,1,0.05555555555555555,1
ppmobileseg_tiny_rgkd,decile,D5,19,10622.0,0.707620754808391,0.6763675709465775,0.6304204130242396,0.8079899051714837,0,0.0,0
ppmobileseg_tiny_rgkd,decile,D6,18,11957.5,0.750061545354161,0.7455815147005671,0.7218915198713878,0.8171013805217073,0,0.0,0
ppmobileseg_tiny_rgkd,decile,D7,18,13841.0,0.7024457642360618,0.6642433328675854,0.638112280432702,0.8089246557153049,0,0.0,0
ppmobileseg_tiny_rgkd,decile,D8,19,15506.0,0.843962297705851,0.7758961410967284,0.7774252874617789,0.7997561610880443,0,0.0,0
ppmobileseg_tiny_rgkd,decile,D9,18,19152.0,0.7928951453106612,0.7326688973806177,0.692332054106149,0.810073905128321,0,0.0,0
segformer_b0_direct,quintile,Q1,37,4884.0,0.8335265476466497,0.7439807120409395,0.7820529905313671,0.7780846020823958,1,0.02702702702702703,1
segformer_b0_direct,quintile,Q2,37,7671.0,0.778658570866363,0.7679458852577481,0.7184949814387561,0.8412458660720031,0,0.0,0
segformer_b0_direct,quintile,Q3,37,11324.0,0.8188446892975776,0.7966212948320102,0.7475808530704875,0.8950306390429601,0,0.0,0
segformer_b0_direct,quintile,Q4,37,14382.0,0.8144354838709678,0.7732792516922754,0.7161481646774144,0.8804295579340656,0,0.0,0
segformer_b0_direct,quintile,Q5,37,21744.0,0.786421431808965,0.7497617551663669,0.6707025312825559,0.9045903811596926,0,0.0,0
segformer_b0_direct,absolute,10-20k,81,13751.0,0.8172509790968716,0.7835926843565207,0.7269082038850881,0.8903683473665742,0,0.0,0
segformer_b0_direct,absolute,2-5k,17,4132.0,0.8335265476466497,0.7292811429884574,0.7967659327126486,0.7614509366103956,1,0.058823529411764705,1
segformer_b0_direct,absolute,5-10k,58,6750.0,0.8105843348621544,0.7805194498697158,0.7463059323933956,0.8407764596654416,0,0.0,0
segformer_b0_direct,absolute,<2k,2,986.0,0.423650136213143,0.423650136213143,0.6197990056066858,0.40562782078820325,0,0.0,0
segformer_b0_direct,absolute,>20k,27,23968.0,0.7852636697505982,0.7326879271871789,0.6497894376364443,0.9050483833900036,0,0.0,0
segformer_b0_direct,decile,D1,19,4071.0,0.8274080014256437,0.6971094580647401,0.7781378351225472,0.7239958717870071,1,0.05263157894736842,1
segformer_b0_direct,decile,D10,19,31415.0,0.6852963375624483,0.6925590380424997,0.5895886517329787,0.9106423778809977,0,0.0,0
segformer_b0_direct,decile,D2,18,5445.5,0.8546367816023197,0.7934559245713723,0.7861856545740104,0.8351782618386395,0,0.0,0
segformer_b0_direct,decile,D3,19,6686.0,0.7567969589290141,0.7393022874879887,0.700173763361321,0.7979936098711905,0,0.0,0
segformer_b0_direct,decile,D4,18,8665.5,0.807428321265062,0.7981807940147168,0.7378340449649375,0.8869010253950833,0,0.0,0
segformer_b0_direct,decile,D5,19,10622.0,0.8172509790968716,0.7925256601132995,0.7453887392497274,0.8787305626191523,0,0.0,0
segformer_b0_direct,decile,D6,18,11957.5,0.8245790960681914,0.8009444648128716,0.7498947509924009,0.9122362752680906,0,0.0,0
segformer_b0_direct,decile,D7,18,13841.0,0.809993243031073,0.7600825661401887,0.6996327850606066,0.8745835079933231,0,0.0,0
segformer_b0_direct,decile,D8,19,15506.0,0.8419343696027634,0.7857813748468839,0.7317943137880744,0.8859679210358214,0,0.0,0
segformer_b0_direct,decile,D9,18,19152.0,0.8219693250982145,0.8101424010193378,0.7563227374737761,0.898202162398315,0,0.0,0
segformer_b0_distilled,quintile,Q1,37,4884.0,0.8374922408441962,0.756447027804561,0.7836198080852006,0.7736136084049274,0,0.0,0
segformer_b0_distilled,quintile,Q2,37,7671.0,0.8060925600468658,0.7674081383938354,0.7025286359056326,0.8653967505400288,0,0.0,0
segformer_b0_distilled,quintile,Q3,37,11324.0,0.8239942528735632,0.7882841826172778,0.7314479075259899,0.9002241684432692,0,0.0,0
segformer_b0_distilled,quintile,Q4,37,14382.0,0.81439550450376,0.770872332147589,0.7077793528938636,0.8835044174017936,0,0.0,0
segformer_b0_distilled,quintile,Q5,37,21744.0,0.8074832107451231,0.7570430987977612,0.6902265371812182,0.8895610197530845,0,0.0,0
segformer_b0_distilled,absolute,10-20k,81,13751.0,0.8221387427998998,0.7800524838940224,0.7234902936776052,0.8871050019701998,0,0.0,0
segformer_b0_distilled,absolute,2-5k,17,4132.0,0.8374922408441962,0.7546261096526209,0.8116593398987376,0.7529197427661934,0,0.0,0
segformer_b0_distilled,absolute,5-10k,58,6750.0,0.814582093815891,0.7799560882228903,0.731542743625321,0.8589324034335908,0,0.0,0
segformer_b0_distilled,absolute,<2k,2,986.0,0.4128297171851556,0.4128297171851556,0.5410293028668147,0.37879322328947085,0,0.0,0
segformer_b0_distilled,absolute,>20k,27,23968.0,0.7640404176038135,0.7409636755685036,0.6616600976568026,0.9008997057687467,0,0.0,0
segformer_b0_distilled,decile,D1,19,4071.0,0.829388329036794,0.7186475420244666,0.7831719675795877,0.7135380038739069,0,0.0,0
segformer_b0_distilled,decile,D10,19,31415.0,0.7627411299456007,0.7130013503203343,0.6080409266643985,0.9160948825771996,0,0.0,0
segformer_b0_distilled,decile,D2,18,5445.5,0.8519656303883777,0.7963464850168828,0.7840925286189031,0.8370267465210046,0,0.0,0
segformer_b0_distilled,decile,D3,19,6686.0,0.8049217350673623,0.7297338231598209,0.6715889878385878,0.8249074804711568,0,0.0,0
segformer_b0_distilled,decile,D4,18,8665.5,0.814582093815891,0.8071754711408504,0.7351871533097357,0.9081354245016158,0,0.0,0
segformer_b0_distilled,decile,D5,19,10622.0,0.8221387427998998,0.7721270495413615,0.7198788532673704,0.8793645914226166,0,0.0,0
segformer_b0_distilled,decile,D6,18,11957.5,0.8414094639653865,0.805338934197412,0.7436596870211993,0.9222426108539583,0,0.0,0
segformer_b0_distilled,decile,D7,18,13841.0,0.8027068770513945,0.7690950270510383,0.7096957476922365,0.8786750893831349,0,0.0,0
segformer_b0_distilled,decile,D8,19,15506.0,0.8434190393327533,0.7725560948706374,0.7059638209796156,0.8880795702615759,0,0.0,0
segformer_b0_distilled,decile,D9,18,19152.0,0.8169154131848416,0.8035316110794899,0.7769780149489723,0.8615530534387406,0,0.0,0
segformer_b0_rgkd,quintile,Q1,37,4884.0,0.8291346052492885,0.7165188297051894,0.715404049127297,0.7767271322444311,2,0.05405405405405406,1
segformer_b0_rgkd,quintile,Q2,37,7671.0,0.8019807681234525,0.7738064066064047,0.7223813577284709,0.8482186055311252,0,0.0,0
segformer_b0_rgkd,quintile,Q3,37,11324.0,0.8203573261183934,0.7778610934514589,0.7256438885136921,0.8898161906157978,0,0.0,0
segformer_b0_rgkd,quintile,Q4,37,14382.0,0.8157619754715943,0.7861894652318279,0.7370577722667229,0.8767141411239081,0,0.0,0
segformer_b0_rgkd,quintile,Q5,37,21744.0,0.8077034223671717,0.7734529052558304,0.7246302740353907,0.8654968416843543,0,0.0,0
segformer_b0_rgkd,absolute,10-20k,81,13751.0,0.8174419420472883,0.7843270461220087,0.736212160452514,0.8803946766179299,0,0.0,0
segformer_b0_rgkd,absolute,2-5k,17,4132.0,0.8416938110749186,0.7404411356531786,0.75226265529035,0.7664428518637261,0,0.0,0
segformer_b0_rgkd,absolute,5-10k,58,6750.0,0.8201532344643316,0.7761972708773222,0.7372834729872726,0.8402291653263485,0,0.0,0
segformer_b0_rgkd,absolute,<2k,2,986.0,0.0,0.0,0.0,0.5,2,1.0,1
segformer_b0_rgkd,absolute,>20k,27,23968.0,0.8051753795527634,0.7589714872742557,0.701675928592475,0.8678966236193312,0,0.0,0
segformer_b0_rgkd,decile,D1,19,4071.0,0.8143867924528302,0.6624999634791596,0.6730771126282079,0.7383962358780707,2,0.10526315789473684,1
segformer_b0_rgkd,decile,D10,19,31415.0,0.7903202642539136,0.7361412426698412,0.6601939348578817,0.8728936243232476,0,0.0,0
segformer_b0_rgkd,decile,D2,18,5445.5,0.8309852130724055,0.7735387440548875,0.7600824820985581,0.817187522853367,0,0.0,0
segformer_b0_rgkd,decile,D3,19,6686.0,0.7572315035799523,0.7248669637145939,0.6735731178706139,0.7997193749801577,0,0.0,0
segformer_b0_rgkd,decile,D4,18,8665.5,0.8298246103178207,0.8254647074366492,0.7739011664673199,0.8994122377793686,0,0.0,0
segformer_b0_rgkd,decile,D5,19,10622.0,0.7828839522921259,0.7531622381570496,0.7082439781708062,0.8651797583943699,0,0.0,0
segformer_b0_rgkd,decile,D6,18,11957.5,0.8421636591289512,0.8039321073733353,0.7440104605422942,0.9158213135161934,0,0.0,0
segformer_b0_rgkd,decile,D7,18,13841.0,0.8074661756779199,0.7642840963990205,0.699595753030841,0.8748050403156296,0,0.0,0
segformer_b0_rgkd,decile,D8,19,15506.0,0.830036250647333,0.8069419199155401,0.7725481062796634,0.8785227629422774,0,0.0,0
segformer_b0_rgkd,decile,D9,18,19152.0,0.8422161459914583,0.8128374379854856,0.7926464098338724,0.8576891266766336,0,0.0,0
segformer_b2_teacher,quintile,Q1,37,4884.0,0.8226030569708198,0.7546628863683092,0.776993103973189,0.7928976859688703,0,0.0,0
segformer_b2_teacher,quintile,Q2,37,7671.0,0.8156068545531794,0.7459146612095078,0.6921153076969622,0.8280250916970784,0,0.0,0
segformer_b2_teacher,quintile,Q3,37,11324.0,0.8236917524678908,0.8039989070927895,0.745000512327388,0.897181345058701,0,0.0,0
segformer_b2_teacher,quintile,Q4,37,14382.0,0.8611964002117523,0.7959974096461223,0.7591601251506989,0.8729550469104741,0,0.0,0
segformer_b2_teacher,quintile,Q5,37,21744.0,0.7737528462016146,0.7456258123879512,0.6674058098246471,0.9049760224464142,0,0.0,0
segformer_b2_teacher,absolute,10-20k,81,13751.0,0.8460359262607602,0.7978018884962306,0.7462592388755002,0.8853586769675535,0,0.0,0
segformer_b2_teacher,absolute,2-5k,17,4132.0,0.8287171007303293,0.773489116785607,0.8118396787617549,0.7793105950831258,0,0.0,0
segformer_b2_teacher,absolute,5-10k,58,6750.0,0.8135311572782122,0.764652255120408,0.711986099809297,0.8447393335997815,0,0.0,0
segformer_b2_teacher,absolute,<2k,2,986.0,0.291698735741415,0.291698735741415,0.9111922141119222,0.1741610275812706,0,0.0,0
segformer_b2_teacher,absolute,>20k,27,23968.0,0.7556246299585554,0.7261071042983944,0.6421895806284573,0.9128802130474832,0,0.0,0
segformer_b2_teacher,decile,D1,19,4071.0,0.8226030569708198,0.7227743398335867,0.8222978403775619,0.7156106406092464,0,0.0,0
segformer_b2_teacher,decile,D10,19,31415.0,0.7239557763682423,0.683395065385027,0.5907214446132286,0.9045411101312979,0,0.0,0
segformer_b2_teacher,decile,D2,18,5445.5,0.8242194888636682,0.7883230188216276,0.7291714377685732,0.8744784560706955,0,0.0,0
segformer_b2_teacher,decile,D3,19,6686.0,0.8016517736257786,0.7405921131021328,0.694800175700894,0.8192031131252859,0,0.0,0
segformer_b2_teacher,decile,D4,18,8665.5,0.8198754056471812,0.751532906433959,0.6892812803594787,0.8373371801895257,0,0.0,0
segformer_b2_teacher,decile,D5,19,10622.0,0.8075670114876836,0.7882130764357193,0.7415154828307727,0.8709874475349467,0,0.0,0
segformer_b2_teacher,decile,D6,18,11957.5,0.8573124466977806,0.8206617283419191,0.7486791545738151,0.9248304591115528,0,0.0,0
segformer_b2_teacher,decile,D7,18,13841.0,0.8137433751806985,0.7533464682199721,0.719185765520438,0.8415170400709813,0,0.0,0
segformer_b2_teacher,decile,D8,19,15506.0,0.8718383600029497,0.8364035646814225,0.7970305711162093,0.9027384218110466,0,0.0,0
segformer_b2_teacher,decile,D9,18,19152.0,0.8424518231057578,0.8113138231132603,0.7483504175478113,0.905435096556815,0,0.0,0
topformer_tiny,quintile,Q1,37,4884.0,0.7275290035780115,0.6463914085329979,0.7694751335155134,0.605796935275906,1,0.02702702702702703,0
topformer_tiny,quintile,Q2,37,7671.0,0.7103749513471436,0.6661867026079765,0.6832889433692965,0.7269031887263919,0,0.0,0
topformer_tiny,quintile,Q3,37,11324.0,0.7701429005776832,0.7135498883687494,0.7125826338287903,0.7520305416256781,0,0.0,0
topformer_tiny,quintile,Q4,37,14382.0,0.7560036663611366,0.7218124969513431,0.71554713062674,0.7748145949581091,0,0.0,0
topformer_tiny,quintile,Q5,37,21744.0,0.7418196822776976,0.7113029939881937,0.6509598263543631,0.8510567584626985,0,0.0,0
topformer_tiny,absolute,10-20k,81,13751.0,0.7559512473814511,0.7135962274351426,0.7044738745926264,0.769943940668586,0,0.0,0
topformer_tiny,absolute,2-5k,17,4132.0,0.7275290035780115,0.6500233620722796,0.8005213843043278,0.6013918343618825,0,0.0,0
topformer_tiny,absolute,5-10k,58,6750.0,0.7208082753378182,0.6823068425293273,0.7260638082499619,0.7104204997345465,0,0.0,0
topformer_tiny,absolute,<2k,2,986.0,0.09637639916524375,0.09637639916524375,0.2208695652173913,0.0616355253579228,1,0.5,0
topformer_tiny,absolute,>20k,27,23968.0,0.7418196822776976,0.7175469594116992,0.6464406785405606,0.8657590478214063,0,0.0,0
topformer_tiny,decile,D1,19,4071.0,0.701264334019406,0.5917447343978548,0.7395054033478082,0.5445753807825182,1,0.05263157894736842,0
topformer_tiny,decile,D10,19,31415.0,0.6919399744348527,0.6881629778600483,0.5967806387155958,0.8735532040398164,0,0.0,0
topformer_tiny,decile,D2,18,5445.5,0.766324173880813,0.7040740090089825,0.8011098486925354,0.6704196872411484,0,0.0,0
topformer_tiny,decile,D3,19,6686.0,0.6955421340235836,0.6448338447347212,0.684999692419808,0.6776435154307779,0,0.0,0
topformer_tiny,decile,D4,18,8665.5,0.7226266958428549,0.6887258303630798,0.6814831527048679,0.7788995105384289,0,0.0,0
topformer_tiny,decile,D5,19,10622.0,0.7559334041799504,0.6982401982417047,0.7053752218284393,0.7330603784197747,0,0.0,0
topformer_tiny,decile,D6,18,11957.5,0.7822197797206356,0.7297101168361856,0.7201904576069386,0.7720546027874647,0,0.0,0
topformer_tiny,decile,D7,18,13841.0,0.6915283062296822,0.697226406714272,0.692739693172226,0.761355668327722,0,0.0,0
topformer_tiny,decile,D8,19,15506.0,0.7777146428774362,0.7451045824390945,0.73715417663628,0.7875651570290023,0,0.0,0
topformer_tiny,decile,D9,18,19152.0,0.7578398659982766,0.735728566567903,0.7081489688619506,0.8273105103535183,0,0.0,0
topformer_tiny_b2kd,quintile,Q1,37,4884.0,0.7479390457157132,0.6628081334698832,0.7774025554329846,0.6076108592096665,1,0.02702702702702703,0
topformer_tiny_b2kd,quintile,Q2,37,7671.0,0.7021490511499309,0.6729350054108452,0.684649101350266,0.7247091912525611,0,0.0,0
topformer_tiny_b2kd,quintile,Q3,37,11324.0,0.7623863470608256,0.7174183933554587,0.6950617910471295,0.7826759995175674,0,0.0,0
topformer_tiny_b2kd,quintile,Q4,37,14382.0,0.755498244859947,0.7232462624462392,0.7030275456190463,0.8050806691508744,0,0.0,0
topformer_tiny_b2kd,quintile,Q5,37,21744.0,0.752487200697534,0.7092849155087219,0.6520549832737172,0.842816804518887,0,0.0,0
topformer_tiny_b2kd,absolute,10-20k,81,13751.0,0.755498244859947,0.7171591222941714,0.6902950366378303,0.7977623308993605,0,0.0,0
topformer_tiny_b2kd,absolute,2-5k,17,4132.0,0.7076054349744133,0.6744916013306749,0.8205817839364703,0.598803802754975,0,0.0,0
topformer_tiny_b2kd,absolute,5-10k,58,6750.0,0.7336161145475184,0.6881308264770387,0.7215550301124638,0.7099427609443862,0,0.0,0
topformer_tiny_b2kd,absolute,<2k,2,986.0,0.1285860655737705,0.1285860655737705,0.3273913043478261,0.08000424989375265,1,0.5,0
topformer_tiny_b2kd,absolute,>20k,27,23968.0,0.762586781829115,0.7128008919187901,0.6512032773686487,0.8552577144736623,0,0.0,0
topformer_tiny_b2kd,decile,D1,19,4071.0,0.6773396580689791,0.617027860724685,0.7686669966113499,0.5441933235064255,1,0.05263157894736842,0
topformer_tiny_b2kd,decile,D10,19,31415.0,0.7097715119105493,0.6832513226175724,0.6083159118513395,0.8533382786357344,0,0.0,0
topformer_tiny_b2kd,decile,D2,18,5445.5,0.7750265322871496,0.7111317547009258,0.7866234230780436,0.6745515913408653,0,0.0,0
topformer_tiny_b2kd,decile,D3,19,6686.0,0.7021490511499309,0.6571531651861504,0.6805926568745058,0.6819507332536024,0,0.0,0
topformer_tiny_b2kd,decile,D4,18,8665.5,0.7061718611649974,0.6895936145369119,0.6889309038524576,0.7698431191403512,0,0.0,0
topformer_tiny_b2kd,decile,D5,19,10622.0,0.7536449299142094,0.708079354872118,0.6954614750626673,0.76763402411364,0,0.0,0
topformer_tiny_b2kd,decile,D6,18,11957.5,0.7784063542347979,0.7272762673100962,0.6946399023640619,0.7985536402217126,0,0.0,0
topformer_tiny_b2kd,decile,D7,18,13841.0,0.7348954245731558,0.6974160566088957,0.6714817986441511,0.8015333003178459,0,0.0,0
topformer_tiny_b2kd,decile,D8,19,15506.0,0.7881105219090148,0.7477169837658276,0.7329129901215788,0.8084413343611119,0,0.0,0
topformer_tiny_b2kd,decile,D9,18,19152.0,0.7620773722601057,0.7367648191160465,0.6982240031084491,0.8317108040622148,0,0.0,0
topformer_tiny_distilled,quintile,Q1,37,4884.0,0.7456218462451766,0.6763969067043133,0.760393960426534,0.6405481058839431,1,0.02702702702702703,0
topformer_tiny_distilled,quintile,Q2,37,7671.0,0.740961716030968,0.6727233303538531,0.6601664771178987,0.7402202403493627,0,0.0,0
topformer_tiny_distilled,quintile,Q3,37,11324.0,0.7596439169139466,0.6866313120254984,0.6411666860095527,0.8154124342173695,0,0.0,0
topformer_tiny_distilled,quintile,Q4,37,14382.0,0.7605686354986754,0.7014070526454917,0.6472240994273154,0.8215093491639013,0,0.0,0
topformer_tiny_distilled,quintile,Q5,37,21744.0,0.7564473068560262,0.6940761845423983,0.6071568644570557,0.8823954426711782,0,0.0,0
topformer_tiny_distilled,absolute,10-20k,81,13751.0,0.7605686354986754,0.6972024494551211,0.644363352080444,0.825516647369183,0,0.0,0
topformer_tiny_distilled,absolute,2-5k,17,4132.0,0.7490398332053111,0.687425099996467,0.7741820793092495,0.6548590406162396,0,0.0,0
topformer_tiny_distilled,absolute,5-10k,58,6750.0,0.7456301695178723,0.6871316856629893,0.6970812489398124,0.7229171794030095,0,0.0,0
topformer_tiny_distilled,absolute,<2k,2,986.0,0.17214738510301106,0.17214738510301106,0.37782608695652176,0.11146741918932784,1,0.5,0
topformer_tiny_distilled,absolute,>20k,27,23968.0,0.7564473068560262,0.6888196091697547,0.5983373242971787,0.8945030667940678,0,0.0,0
topformer_tiny_distilled,decile,D1,19,4071.0,0.6719223771983021,0.6331853405339981,0.7324603959036994,0.5976599225713014,1,0.05263157894736842,0
topformer_tiny_distilled,decile,D10,19,31415.0,0.6390377969468557,0.6412966518903015,0.533008191680639,0.9011658627506971,0,0.0,0
topformer_tiny_distilled,decile,D2,18,5445.5,0.7456301695178723,0.7220091154396462,0.7898793896450819,0.6858189660472871,0,0.0,0
topformer_tiny_distilled,decile,D3,19,6686.0,0.6984441046856732,0.6501627393966026,0.6558084241847585,0.6835678057086736,0,0.0,0
topformer_tiny_distilled,decile,D4,18,8665.5,0.7677094528098601,0.6965372874753951,0.66476664410288,0.8000200324700901,0,0.0,0
topformer_tiny_distilled,decile,D5,19,10622.0,0.7596439169139466,0.6529912365670829,0.6130343014820712,0.811855883799443,0,0.0,0
topformer_tiny_distilled,decile,D6,18,11957.5,0.7732195517141836,0.7221402805649368,0.6708619807885609,0.8191665707696256,0,0.0,0
topformer_tiny_distilled,decile,D7,18,13841.0,0.7142598377132268,0.6589479110309375,0.6063533810450115,0.7960217607408929,0,0.0,0
topformer_tiny_distilled,decile,D8,19,15506.0,0.7997320302648171,0.7416315025961219,0.6859437273684454,0.845655485564646,0,0.0,0
topformer_tiny_distilled,decile,D9,18,19152.0,0.7847772917919826,0.7497879134529452,0.6854249079432737,0.8625822214761304,0,0.0,0
topformer_tiny_rgkd,quintile,Q1,37,4884.0,0.7569060773480663,0.6746415212810687,0.7568285166150627,0.6310851637984926,1,0.02702702702702703,0
topformer_tiny_rgkd,quintile,Q2,37,7671.0,0.692486308871851,0.6712654596382006,0.6669977274921554,0.7292436711870427,0,0.0,0
topformer_tiny_rgkd,quintile,Q3,37,11324.0,0.7456680287591165,0.6946007734797293,0.6446804980628236,0.819179259799259,0,0.0,0
topformer_tiny_rgkd,quintile,Q4,37,14382.0,0.7749308563377342,0.6827028591866757,0.6291802127804887,0.8198544244669332,0,0.0,0
topformer_tiny_rgkd,quintile,Q5,37,21744.0,0.6832145898676859,0.6758784670995456,0.5849892375163026,0.8702499100005778,0,0.0,0
topformer_tiny_rgkd,absolute,10-20k,81,13751.0,0.7464285714285714,0.6838620643406171,0.6258564365448849,0.8235573115105537,0,0.0,0
topformer_tiny_rgkd,absolute,2-5k,17,4132.0,0.7569060773480663,0.7005174946430254,0.7916540148919389,0.6592902454406374,0,0.0,0
topformer_tiny_rgkd,absolute,5-10k,58,6750.0,0.7379178069158985,0.6895888938115206,0.7086337779031101,0.7152511309243932,0,0.0,0
topformer_tiny_rgkd,absolute,<2k,2,986.0,0.0768203072812291,0.0768203072812291,0.1,0.0623644251626898,1,0.5,0
topformer_tiny_rgkd,absolute,>20k,27,23968.0,0.6832145898676859,0.6783287003407794,0.5928063107256962,0.8759366308722013,0,0.0,0
topformer_tiny_rgkd,decile,D1,19,4071.0,0.7549476135040745,0.6348651591312573,0.7188483291138402,0.5964559485692744,1,0.05263157894736842,0
topformer_tiny_rgkd,decile,D10,19,31415.0,0.6498368113935318,0.6428088046202391,0.5399773010015272,0.8858613229202165,0,0.0,0
topformer_tiny_rgkd,decile,D2,18,5445.5,0.7928008073261469,0.7166276813280918,0.79691871453302,0.667638224318223,0,0.0,0
topformer_tiny_rgkd,decile,D3,19,6686.0,0.668615787881843,0.657171207284156,0.6639813726184216,0.6930756850044014,0,0.0,0
topformer_tiny_rgkd,decile,D4,18,8665.5,0.7091564597421407,0.6861427260119143,0.6701816576366524,0.7674209899353861,0,0.0,0
topformer_tiny_rgkd,decile,D5,19,10622.0,0.72844900970433,0.6775095018619501,0.6366736357460432,0.8190512921554016,0,0.0,0
topformer_tiny_rgkd,decile,D6,18,11957.5,0.7952605881662425,0.7126415601873849,0.6531321860638694,0.819314336756664,0,0.0,0
topformer_tiny_rgkd,decile,D7,18,13841.0,0.7460430660959984,0.677489096557922,0.6325704473060108,0.804910085563345,0,0.0,0
topformer_tiny_rgkd,decile,D8,19,15506.0,0.804464249213033,0.6876422132560214,0.6259684116510467,0.834012219217701,0,0.0,0
topformer_tiny_rgkd,decile,D9,18,19152.0,0.7468889347646573,0.7107853330499245,0.6325018371707875,0.8537711963631821,0,0.0,0
unet_r50,quintile,Q1,37,4884.0,0.8526713437668646,0.7316291603289546,0.7347802029502749,0.8818871416236779,3,0.08108108108108109,3
unet_r50,quintile,Q2,37,7671.0,0.8210442407333599,0.708247153202342,0.7027060398358028,0.8455208199426375,3,0.08108108108108109,3
unet_r50,quintile,Q3,37,11324.0,0.8355841156684573,0.7732907202974175,0.7403372404842513,0.8805461522634609,1,0.02702702702702703,1
unet_r50,quintile,Q4,37,14382.0,0.8385808714420613,0.7890348803109817,0.7679913567433165,0.8400103010374482,0,0.0,0
unet_r50,quintile,Q5,37,21744.0,0.7956674336982544,0.7828646468300613,0.7528093502081092,0.8460158573689903,0,0.0,0
unet_r50,absolute,10-20k,81,13751.0,0.8355841156684573,0.7884984512092035,0.7642733877441968,0.858623241324976,1,0.012345679012345678,1
unet_r50,absolute,2-5k,17,4132.0,0.8336161471822809,0.7195152042059101,0.7390391704750409,0.8588043315006179,1,0.058823529411764705,1
unet_r50,absolute,5-10k,58,6750.0,0.8452432258780005,0.7444879509268034,0.7335473374461509,0.8593618879762438,3,0.05172413793103448,3
unet_r50,absolute,<2k,2,986.0,0.0,0.0,0.0,1.0,2,1.0,2
unet_r50,absolute,>20k,27,23968.0,0.7819548872180451,0.769149206765943,0.7345755244804647,0.8476342365660827,0,0.0,0
unet_r50,decile,D1,19,4071.0,0.8037739115381286,0.6437767616579194,0.6612455735829312,0.8736670334479212,3,0.15789473684210525,3
unet_r50,decile,D10,19,31415.0,0.7654557512342495,0.7578762067889899,0.7099377418238451,0.8574667825306981,0,0.0,0
unet_r50,decile,D2,18,5445.5,0.8772543898696978,0.8243622478150469,0.8124000895046936,0.8905639224758656,0,0.0,0
unet_r50,decile,D3,19,6686.0,0.8517376681614349,0.6790291391184877,0.6716998136077404,0.8441507594398723,2,0.10526315789473684,2
unet_r50,decile,D4,18,8665.5,0.7995363007661189,0.7390883902908548,0.7354348341876467,0.8469669949177784,1,0.05555555555555555,1
unet_r50,decile,D5,19,10622.0,0.7880454712137881,0.7554087391580355,0.7300382352011386,0.8629781104936577,1,0.05263157894736842,1
unet_r50,decile,D6,18,11957.5,0.8507788367147142,0.792166144833432,0.7512084127275366,0.8990901963538085,0,0.0,0
unet_r50,decile,D7,18,13841.0,0.7846874484724188,0.7760306204446579,0.7359568504969053,0.8515425283557688,0,0.0,0
unet_r50,decile,D8,19,15506.0,0.868421052631579,0.8013547054474986,0.79833983634518,0.8290850330516708,0,0.0,0
unet_r50,decile,D9,18,19152.0,0.8356121240997088,0.8092413335400809,0.798062714613722,0.8339287696982991,0,0.0,0
yolo_sem_direct,quintile,Q1,37,4884.0,0.7086648032681144,0.5836101999170996,0.5582019886377824,0.8870118258760523,8,0.21621621621621623,8
yolo_sem_direct,quintile,Q2,37,7671.0,0.8068392419441621,0.7074923100739922,0.686816645912422,0.846813893900371,2,0.05405405405405406,2
yolo_sem_direct,quintile,Q3,37,11324.0,0.8305671888733778,0.7641128307086967,0.7102847516454353,0.9214649609016918,0,0.0,0
yolo_sem_direct,quintile,Q4,37,14382.0,0.8339643050297458,0.7661848234907356,0.7471481707857421,0.8685311945250554,1,0.02702702702702703,1
yolo_sem_direct,quintile,Q5,37,21744.0,0.779649020546662,0.6892307529600716,0.6462443811377522,0.8675238270569268,1,0.02702702702702703,1
yolo_sem_direct,absolute,10-20k,81,13751.0,0.8435177373347796,0.7717517146331813,0.7406482329565284,0.8877571696305705,1,0.012345679012345678,1
yolo_sem_direct,absolute,2-5k,17,4132.0,0.697618511005935,0.5528539874744528,0.5275315903776744,0.8938192922299999,4,0.23529411764705882,4
yolo_sem_direct,absolute,5-10k,58,6750.0,0.7858508033743983,0.691608025667783,0.6670354979574236,0.8586895919568394,4,0.06896551724137931,4
yolo_sem_direct,absolute,<2k,2,986.0,0.0,0.0,0.0,1.0,2,1.0,2
yolo_sem_direct,absolute,>20k,27,23968.0,0.7269421405265386,0.6618396953143424,0.6019684045547454,0.8730568867459517,1,0.037037037037037035,1
yolo_sem_direct,decile,D1,19,4071.0,0.6806380982170785,0.4946588308981946,0.4720019492852875,0.9049962088373683,6,0.3157894736842105,6
yolo_sem_direct,decile,D10,19,31415.0,0.6762523443233399,0.5927740915548959,0.5069661210515836,0.8710090291660898,1,0.05263157894736842,1
yolo_sem_direct,decile,D2,18,5445.5,0.7347404210594591,0.677503311659277,0.6491909190654157,0.8680283105279964,2,0.1111111111111111,2
yolo_sem_direct,decile,D3,19,6686.0,0.7866908252347224,0.6363080329079501,0.627654891745498,0.8339253283527246,2,0.10526315789473684,2
yolo_sem_direct,decile,D4,18,8665.5,0.8659885511034031,0.7826312693048145,0.7492651641997305,0.8604184908673306,0,0.0,0
yolo_sem_direct,decile,D5,19,10622.0,0.8296303986710963,0.7289152805163797,0.6830500639791959,0.9161411962333247,0,0.0,0
yolo_sem_direct,decile,D6,18,11957.5,0.8414924014776768,0.8012658003561425,0.7390324775153547,0.9270844902738572,0,0.0,0
yolo_sem_direct,decile,D7,18,13841.0,0.795892284583757,0.7195296171249692,0.6678076762304878,0.8655401402294854,0,0.0,0
yolo_sem_direct,decile,D8,19,15506.0,0.867904993909866,0.8103844926793563,0.8223128498380887,0.8713648249103322,1,0.05263157894736842,1
yolo_sem_direct,decile,D9,18,19152.0,0.8708347509245764,0.7910461177766459,0.7932603223398189,0.8638450026083658,0,0.0,0
yolo_sem_distilled,quintile,Q1,37,4884.0,0.8083802747307046,0.7186251259891389,0.7248056371221635,0.7851559409650253,3,0.08108108108108109,2
yolo_sem_distilled,quintile,Q2,37,7671.0,0.7850761954808197,0.7259709476883606,0.7077177843103203,0.8029135492509791,1,0.02702702702702703,1
yolo_sem_distilled,quintile,Q3,37,11324.0,0.8014125467386789,0.7695930671957752,0.7002046540982941,0.9224835421402418,0,0.0,0
yolo_sem_distilled,quintile,Q4,37,14382.0,0.8249789739276703,0.7653982806266829,0.7095342439368674,0.9090893612165163,1,0.02702702702702703,1
yolo_sem_distilled,quintile,Q5,37,21744.0,0.6744511613108495,0.6507641901357445,0.5462482983067718,0.9037882976871328,0,0.0,0
yolo_sem_distilled,absolute,10-20k,81,13751.0,0.824345426153902,0.7636756783720431,0.7004460748719811,0.9111110470640743,1,0.012345679012345678,1
yolo_sem_distilled,absolute,2-5k,17,4132.0,0.7938787723347867,0.7068548645350591,0.71201997095374,0.7192922826100513,1,0.058823529411764705,0
yolo_sem_distilled,absolute,5-10k,58,6750.0,0.8249751340652589,0.7490010528507497,0.7358357095935544,0.8116612620345217,1,0.017241379310344827,1
yolo_sem_distilled,absolute,<2k,2,986.0,0.0,0.0,0.0,1.0,2,1.0,2
yolo_sem_distilled,absolute,>20k,27,23968.0,0.6451976794155565,0.6298772562942967,0.5131833381623414,0.9208377319278875,0,0.0,0
yolo_sem_distilled,decile,D1,19,4071.0,0.7843463780183181,0.6324490893208423,0.6370705003270306,0.7488404633879407,3,0.15789473684210525,2
yolo_sem_distilled,decile,D10,19,31415.0,0.5594429062840842,0.5741397947445144,0.4560227624339494,0.8981723543587279,0,0.0,0
yolo_sem_distilled,decile,D2,18,5445.5,0.8427905834218739,0.8095887202501187,0.8174149481836926,0.82348894507417,0,0.0,0
yolo_sem_distilled,decile,D3,19,6686.0,0.7768433698753566,0.7114470174196658,0.7231716234006521,0.7275303876728497,0,0.0,0
yolo_sem_distilled,decile,D4,18,8665.5,0.8115508243119487,0.7413017629719827,0.6914053986038586,0.8824846642501157,1,0.05555555555555555,1
yolo_sem_distilled,decile,D5,19,10622.0,0.8067147416952358,0.7621347792146103,0.7135480670631162,0.8963241329874829,0,0.0,0
yolo_sem_distilled,decile,D6,18,11957.5,0.778025957084969,0.7774657045092273,0.686119940413204,0.9500962518014876,0,0.0,0
yolo_sem_distilled,decile,D7,18,13841.0,0.7625348054901308,0.7308384863969972,0.6568296900721075,0.8965871246377309,0,0.0,0
yolo_sem_distilled,decile,D8,19,15506.0,0.8876459621234423,0.7981391383179645,0.7594648739140086,0.9209335853437866,1,0.05263157894736842,1
yolo_sem_distilled,decile,D9,18,19152.0,0.8417656561860936,0.731645496382043,0.6414863639503064,0.9097162378671155,0,0.0,0
