model,stratum,skin_tone_category,n_subjects,g_n,g_mean_dice,g_median_dice,g_iqr_dice,g_mean_recall,g_mean_precision,g_zero_dice_n,g_zero_dice_rate,g_empty_pred_n,g_wrong_place_n
biomedclip_g28,all,Light (II-III),7,31,0.5640135405813432,0.5623509207136723,0.295832216022176,0.6851139679066972,0.5510063671444779,0,0.0,0,0
biomedclip_g28,all,Intermediate (III-IV),12,46,0.6779253451244941,0.709093733314156,0.23353604669658012,0.8016553529969568,0.6422046240284968,0,0.0,0,0
biomedclip_g28,all,Tan (IV),11,21,0.6739887413629776,0.7214617081146856,0.3296001623146383,0.7835111882941964,0.6212541701695244,0,0.0,0,0
biomedclip_g28,all,Brown (V),4,7,0.6356625969088571,0.6523959646910467,0.15382721342005123,0.7739931528617445,0.5551355132812309,0,0.0,0,0
biomedclip_g28,all,Dark (VI),8,28,0.5730188265823574,0.6014129668480679,0.19610838440331774,0.6877240978713096,0.5486507487609674,1,0.03571428571428571,0,1
biomedclip_g28,D1_D4,Light (II-III),4,15,0.5443570369975624,0.5623509207136723,0.24005978812403694,0.6409141320537394,0.5434888511195888,0,0.0,0,0
biomedclip_g28,D1_D4,Intermediate (III-IV),5,14,0.6312836914286158,0.6198159022067729,0.21774974980609374,0.8086791950093568,0.5790109474388033,0,0.0,0,0
biomedclip_g28,D1_D4,Tan (IV),6,9,0.5090947386819007,0.4836785307326228,0.22021172731172134,0.6405479411007019,0.46582794690061063,0,0.0,0,0
biomedclip_g28,D1_D4,Brown (V),1,2,0.5155885851089139,0.5155885851089139,0.047172407276249495,0.7866028876128743,0.38728987290320616,0,0.0,0,0
biomedclip_g28,D1_D4,Dark (VI),2,13,0.5320485984799823,0.5580941056565314,0.19477404824085415,0.7342995386371164,0.4623183733110947,0,0.0,0,0
biomedclip_g28,D5_D10,Light (II-III),7,16,0.5824415126911378,0.5366934418575342,0.34196034174339107,0.7265513140188451,0.5580540384178114,0,0.0,0,0
biomedclip_g28,D5_D10,Intermediate (III-IV),11,32,0.6983310686164409,0.7260334490263013,0.179735156464212,0.7985824221165321,0.6698518575364876,0,0.0,0,0
biomedclip_g28,D5_D10,Tan (IV),8,12,0.7976592433737855,0.7851068154903165,0.12299967802324985,0.8907336236893167,0.7378238376212095,0,0.0,0,0
biomedclip_g28,D5_D10,Brown (V),3,5,0.6836922016288344,0.7023026315789473,0.07227220097225939,0.7689492589612927,0.6222737694324408,0,0.0,0,0
biomedclip_g28,D5_D10,Dark (VI),7,15,0.6085263576044156,0.6441784548422198,0.19493203066464948,0.6473587158742771,0.6234721408175238,1,0.06666666666666667,0,1
deeplabv3plus_r50,all,Light (II-III),9,39,0.6465133339908914,0.7527311171150006,0.3310909310888641,0.5892895936295888,0.8948850923588191,5,0.1282051282051282,4,1
deeplabv3plus_r50,all,Intermediate (III-IV),17,38,0.8117950762336402,0.8554850296937428,0.11095261165646897,0.7650069177717331,0.9078938197646058,0,0.0,0,0
deeplabv3plus_r50,all,Tan (IV),15,24,0.7385280298764223,0.8226349051874973,0.27802582450060964,0.6923340863222555,0.8844382658623976,0,0.0,0,0
deeplabv3plus_r50,all,Brown (V),12,29,0.7940295761783122,0.8513583307509555,0.13835256974280596,0.7235693098164755,0.9156660689032482,0,0.0,0,0
deeplabv3plus_r50,all,Dark (VI),15,55,0.7906537270918402,0.804676036130042,0.10539158516971736,0.7559708979625727,0.8507374714629136,0,0.0,0,0
deeplabv3plus_r50,D1_D4,Light (II-III),7,23,0.59917170689803,0.7377146240378922,0.4177424942122966,0.5688408658892973,0.8667126202459063,5,0.21739130434782608,4,1
deeplabv3plus_r50,D1_D4,Intermediate (III-IV),10,13,0.7888770867674607,0.8614569536423841,0.05168564305990997,0.768365723414708,0.893015053015601,0,0.0,0,0
deeplabv3plus_r50,D1_D4,Tan (IV),4,8,0.7828412743382724,0.848899688501033,0.1409847328430287,0.7656450595711172,0.8414693044925755,0,0.0,0,0
deeplabv3plus_r50,D1_D4,Brown (V),3,12,0.7894114619241108,0.8465128197402207,0.09071437269750682,0.6899621304369737,0.9680923870186738,0,0.0,0,0
deeplabv3plus_r50,D1_D4,Dark (VI),8,18,0.7950196233686726,0.7938337796457213,0.11687611436985623,0.7522234979915726,0.8663672792878373,0,0.0,0,0
deeplabv3plus_r50,D5_D10,Light (II-III),6,16,0.7145669229368797,0.7779849979804974,0.3129808233456217,0.6186846397562576,0.9353830210211315,0,0.0,0,0
deeplabv3plus_r50,D5_D10,Intermediate (III-IV),11,25,0.8237124307560534,0.851258581235698,0.11981476527208401,0.7632603388373863,0.9156307784740885,0,0.0,0,0
deeplabv3plus_r50,D5_D10,Tan (IV),13,16,0.7163714076454972,0.7407637834579508,0.27127425687710494,0.6556785996978246,0.9059227465473085,0,0.0,0,0
deeplabv3plus_r50,D5_D10,Brown (V),10,17,0.7972894215342192,0.8648001914333573,0.14849055516927234,0.747292024672594,0.8786592561158889,0,0.0,0,0
deeplabv3plus_r50,D5_D10,Dark (VI),12,37,0.7885297775517595,0.8064836986553693,0.08747268703118383,0.7577939574079238,0.8431337811697073,0,0.0,0,0
dermlip_ft__seed0,all,Light (II-III),9,39,0.7030671453865678,0.7975920036347115,0.21571365561607958,0.6876832040604158,0.76473305382735,0,0.0,0,0
dermlip_ft__seed0,all,Intermediate (III-IV),17,38,0.7709572406600009,0.7639431447448235,0.184503192499618,0.7718543909833925,0.8209606965198294,0,0.0,0,0
dermlip_ft__seed0,all,Tan (IV),15,24,0.6394547323117565,0.6765631594475578,0.19507928566196386,0.619260737416847,0.6904193223282129,0,0.0,0,0
dermlip_ft__seed0,all,Brown (V),12,29,0.7541482148242109,0.7971147008026008,0.1460909736063145,0.7725744765460939,0.7656752788299851,0,0.0,0,0
dermlip_ft__seed0,all,Dark (VI),15,55,0.6610281510072273,0.7183922665988298,0.3028519441290167,0.6389647461134467,0.7209297402241067,0,0.0,0,0
dermlip_ft__seed0,D1_D4,Light (II-III),7,23,0.6752932690609285,0.8027832137421178,0.2038331793563859,0.6888528085236251,0.7149079887803689,0,0.0,0,0
dermlip_ft__seed0,D1_D4,Intermediate (III-IV),10,13,0.7374195704211174,0.7471828951170182,0.20738086736992922,0.8140664813147583,0.7020698964894384,0,0.0,0,0
dermlip_ft__seed0,D1_D4,Tan (IV),4,8,0.532878902070461,0.6053313863797398,0.32088752303854645,0.5543010206948702,0.5206481296907527,0,0.0,0,0
dermlip_ft__seed0,D1_D4,Brown (V),3,12,0.7486454129205913,0.81202318028884,0.06535437493847263,0.7547821736204697,0.756288942393097,0,0.0,0,0
dermlip_ft__seed0,D1_D4,Dark (VI),8,18,0.6610287501575054,0.7081578739629488,0.25612718319812056,0.693330727723499,0.6515612364599099,0,0.0,0,0
dermlip_ft__seed0,D5_D10,Light (II-III),6,16,0.7429920926046741,0.7802369759970829,0.1484825438561943,0.6860018976445524,0.8363565848323851,0,0.0,0,0
dermlip_ft__seed0,D5_D10,Intermediate (III-IV),11,25,0.7883968291842206,0.8288518155053974,0.15571001722385558,0.7499041040110822,0.882783912535633,0,0.0,0,0
dermlip_ft__seed0,D5_D10,Tan (IV),13,16,0.6927426474324043,0.738141457657538,0.1590686564044579,0.6517405957778353,0.775304918646943,0,0.0,0,0
dermlip_ft__seed0,D5_D10,Brown (V),10,17,0.7580325455797068,0.7897938610213091,0.16315749979560312,0.7851337491994761,0.7723009280795533,0,0.0,0,0
dermlip_ft__seed0,D5_D10,Dark (VI),12,37,0.6610278595287133,0.7604386334879798,0.30218586742134734,0.6125164307355834,0.7546765798931755,0,0.0,0,0
dermlip_ft__seed0#c827,all,Light (II-III),7,31,0.6947043146404421,0.727247151498101,0.22229456312816254,0.7846052680644998,0.6499311764179694,0,0.0,0,0
dermlip_ft__seed0#c827,all,Intermediate (III-IV),12,46,0.7896056364282585,0.833461406895893,0.1561192057866998,0.8707555508058687,0.7484022120567597,0,0.0,0,0
dermlip_ft__seed0#c827,all,Tan (IV),11,21,0.7251341286554956,0.7731833384007297,0.22074421429329272,0.8220026234913794,0.6647099805178983,1,0.047619047619047616,0,1
dermlip_ft__seed0#c827,all,Brown (V),4,7,0.7372807132633413,0.7613663133097762,0.13584086240227777,0.7691914353511543,0.7143126340807822,0,0.0,0,0
dermlip_ft__seed0#c827,all,Dark (VI),8,28,0.6677801130609493,0.7058912529961436,0.1888411525325414,0.7106452672669281,0.6676710126953443,0,0.0,0,0
dermlip_ft__seed0#c827,D1_D4,Light (II-III),4,15,0.6838659715050499,0.7269323348488901,0.24668157537700197,0.8192501504712854,0.6024036158205518,0,0.0,0,0
dermlip_ft__seed0#c827,D1_D4,Intermediate (III-IV),5,14,0.7952025464612359,0.8231805742777054,0.15437602102349346,0.9062868225519575,0.7310483904564525,0,0.0,0,0
dermlip_ft__seed0#c827,D1_D4,Tan (IV),6,9,0.5820902501933358,0.5747695075331685,0.23391098462731574,0.6815522035909924,0.5293400482616601,1,0.1111111111111111,0,1
dermlip_ft__seed0#c827,D1_D4,Brown (V),1,2,0.6899124171227561,0.6899124171227561,0.1705945783059737,0.7120070024429141,0.6716134591692848,0,0.0,0,0
dermlip_ft__seed0#c827,D1_D4,Dark (VI),2,13,0.6139239992205879,0.6492317340859204,0.14062543129243288,0.7021077870797099,0.5636093651770484,0,0.0,0,0
dermlip_ft__seed0#c827,D5_D10,Light (II-III),7,16,0.7048652613298722,0.7308252324925142,0.16512875796301574,0.7521256908081382,0.6944882644780486,0,0.0,0,0
dermlip_ft__seed0#c827,D5_D10,Intermediate (III-IV),11,32,0.7871569882888309,0.8338186841525225,0.1441913033787291,0.8552106194169553,0.7559945090068945,0,0.0,0,0
dermlip_ft__seed0#c827,D5_D10,Tan (IV),8,12,0.8324170375021155,0.8526959720481886,0.0679754636786637,0.9273404384166696,0.7662374297100771,0,0.0,0,0
dermlip_ft__seed0#c827,D5_D10,Brown (V),3,5,0.7562280317195755,0.7613663133097762,0.07830545972118474,0.7920652085144505,0.731392304045381,0,0.0,0,0
dermlip_ft__seed0#c827,D5_D10,Dark (VI),7,15,0.7144554117225959,0.7843326885880078,0.11892341784393468,0.7180444167625172,0.7578577738778676,0,0.0,0,0
dermlip_g28,all,Light (II-III),7,31,0.4739165607636458,0.4984819431128156,0.39773120410046703,0.607568256698047,0.43744578784883253,1,0.03225806451612903,0,1
dermlip_g28,all,Intermediate (III-IV),12,46,0.6497801388590763,0.721123105422272,0.21187179058051686,0.8049300927637253,0.5834987006263573,1,0.021739130434782608,0,1
dermlip_g28,all,Tan (IV),11,21,0.5708622377690764,0.6118847006651885,0.45751998903231866,0.7719365961092609,0.5100022274679927,0,0.0,0,0
dermlip_g28,all,Brown (V),4,7,0.5462764727711611,0.6031266467591779,0.21515620565921462,0.7627228394057642,0.4426709899039167,0,0.0,0,0
dermlip_g28,all,Dark (VI),8,28,0.581170534375355,0.5940004015068221,0.24574155400566255,0.7721700332536104,0.5105849294198966,0,0.0,0,0
dermlip_g28,D1_D4,Light (II-III),4,15,0.44530707259411234,0.4965243296921549,0.2720441099116404,0.6368512447969134,0.3712285406498552,1,0.06666666666666667,0,1
dermlip_g28,D1_D4,Intermediate (III-IV),5,14,0.5981583314770529,0.7115323531667672,0.17355773108927197,0.7965639799781349,0.5234539648494624,0,0.0,0,0
dermlip_g28,D1_D4,Tan (IV),6,9,0.399927718976977,0.3487733135080971,0.2491881200580957,0.6200752847339329,0.3994755718144143,0,0.0,0,0
dermlip_g28,D1_D4,Brown (V),1,2,0.3038832956942985,0.3038832956942985,0.04325054566532649,0.6423836199067837,0.20757793978408634,0,0.0,0,0
dermlip_g28,D1_D4,Dark (VI),2,13,0.4876594079745509,0.4398898071625344,0.21493199520164907,0.7688005928916961,0.37648961931954045,0,0.0,0,0
dermlip_g28,D5_D10,Light (II-III),7,16,0.5007379559225835,0.5711035860803805,0.42137427393250726,0.5801154553553597,0.49952445709787396,0,0.0,0,0
dermlip_g28,D5_D10,Intermediate (III-IV),11,32,0.6723646795887115,0.723693418967174,0.22771770744275655,0.808590267107421,0.6097682725287488,1,0.03125,0,1
dermlip_g28,D5_D10,Tan (IV),8,12,0.699063126863151,0.761396589514785,0.2251137392178435,0.8858325796407568,0.5928972192081767,0,0.0,0,0
dermlip_g28,D5_D10,Brown (V),3,5,0.6432337436019061,0.641421331359262,0.09145528796612601,0.8108585272053563,0.5367082099518488,0,0.0,0,0
dermlip_g28,D5_D10,Dark (VI),7,15,0.6622135105893855,0.6589326206673145,0.22783085279306015,0.7750902149006024,0.6268008648402054,0,0.0,0,0
dinov2_ft__seed0,all,Light (II-III),9,39,0.7387666110622828,0.7663575812981586,0.1805670867268585,0.7200163145012191,0.804611055079124,0,0.0,0,0
dinov2_ft__seed0,all,Intermediate (III-IV),17,38,0.8202168676309429,0.8577099957936389,0.12032943227353288,0.7917936420977536,0.9012033145828703,0,0.0,0,0
dinov2_ft__seed0,all,Tan (IV),15,24,0.7490253982704346,0.8043699458534435,0.24952041897568855,0.7465067319438458,0.807568535670089,0,0.0,0,0
dinov2_ft__seed0,all,Brown (V),12,29,0.8311431465463418,0.8604572965702757,0.17978219338419876,0.8160504086745488,0.8676066116388437,0,0.0,0,0
dinov2_ft__seed0,all,Dark (VI),15,55,0.8021765602529967,0.8374698716695981,0.16305981359504762,0.7816281702510018,0.846837168769917,0,0.0,0,0
dinov2_ft__seed0,D1_D4,Light (II-III),7,23,0.7072511546734582,0.7579051383399209,0.15990183038088623,0.6969139909944752,0.7736483058919229,0,0.0,0,0
dinov2_ft__seed0,D1_D4,Intermediate (III-IV),10,13,0.8279506608692713,0.8777988928364868,0.11986196851956044,0.8214037335868595,0.8620512784679089,0,0.0,0,0
dinov2_ft__seed0,D1_D4,Tan (IV),4,8,0.7329718190503688,0.8060591878662725,0.19857226293893693,0.7887741337172135,0.6958068193682451,0,0.0,0,0
dinov2_ft__seed0,D1_D4,Brown (V),3,12,0.8519529008810777,0.8659262320731347,0.0819720615788263,0.8312725305228815,0.8819476019077833,0,0.0,0,0
dinov2_ft__seed0,D1_D4,Dark (VI),8,18,0.7935511188487774,0.8476586065037528,0.18669827783338466,0.8050487903524625,0.8152730530477723,0,0.0,0,0
dinov2_ft__seed0,D5_D10,Light (II-III),6,16,0.7840700796212182,0.8337224984121512,0.2177646323673612,0.7532259045421634,0.8491200070357254,0,0.0,0,0
dinov2_ft__seed0,D5_D10,Intermediate (III-IV),11,25,0.8161952951470123,0.8572092560007968,0.11393171149705839,0.7763963945234184,0.9215623733626503,0,0.0,0,0
dinov2_ft__seed0,D5_D10,Tan (IV),13,16,0.7570521878804675,0.7960504465856161,0.2687285135365818,0.725373031057162,0.863449393821011,0,0.0,0,0
dinov2_ft__seed0,D5_D10,Brown (V),10,17,0.8164539081924108,0.8222083238571753,0.18961797648382706,0.8053053814874902,0.857483559684298,0,0.0,0,0
dinov2_ft__seed0,D5_D10,Dark (VI),12,37,0.8063727209361302,0.8333775537277792,0.13349795414124666,0.7702343550665076,0.8621926845266361,0,0.0,0,0
dinov2_ft__seed0#c827,all,Light (II-III),7,31,0.7240505577786618,0.7749084249084249,0.3013495081866713,0.8007720020700186,0.7001985376527203,0,0.0,0,0
dinov2_ft__seed0#c827,all,Intermediate (III-IV),12,46,0.8329524541139877,0.8731514685662913,0.10301885459225657,0.8739430325390702,0.8273882905585903,0,0.0,0,0
dinov2_ft__seed0#c827,all,Tan (IV),11,21,0.806612888242352,0.865533230293663,0.09064870156827831,0.8402861773315006,0.7980859351889171,1,0.047619047619047616,0,1
dinov2_ft__seed0#c827,all,Brown (V),4,7,0.7646527674766288,0.7417623102554609,0.14499784724358367,0.7790795395450629,0.780848943403203,0,0.0,0,0
dinov2_ft__seed0#c827,all,Dark (VI),8,28,0.7783403296705017,0.8082296918051924,0.22053840673949987,0.8198208706212561,0.7747139570655008,0,0.0,0,0
dinov2_ft__seed0#c827,D1_D4,Light (II-III),4,15,0.7519621280155278,0.7563098983100446,0.23906259087525394,0.8759804654768769,0.6837849546391708,0,0.0,0,0
dinov2_ft__seed0#c827,D1_D4,Intermediate (III-IV),5,14,0.8170633016636403,0.8599605819027394,0.10188298178075916,0.9031370973399041,0.7794293436408,0,0.0,0,0
dinov2_ft__seed0#c827,D1_D4,Tan (IV),6,9,0.7424339276401681,0.865533230293663,0.16939483992957416,0.7736994512466042,0.7427470069427087,1,0.1111111111111111,0,1
dinov2_ft__seed0#c827,D1_D4,Brown (V),1,2,0.8303157054844357,0.8303157054844357,0.12478245360801743,0.9846270508754997,0.7431937575872085,0,0.0,0,0
dinov2_ft__seed0#c827,D1_D4,Dark (VI),2,13,0.7544632267977025,0.7585989271063427,0.21459102925072626,0.834702792766488,0.7118121197284585,0,0.0,0,0
dinov2_ft__seed0#c827,D5_D10,Light (II-III),7,16,0.6978834606816,0.8042978727191508,0.33758373527006824,0.7302640676260892,0.7155862717279231,0,0.0,0,0
dinov2_ft__seed0#c827,D5_D10,Intermediate (III-IV),11,32,0.8399039583110144,0.884720689857226,0.10406507045617797,0.8611706291887051,0.8483703298351235,0,0.0,0,0
dinov2_ft__seed0#c827,D5_D10,Tan (IV),8,12,0.8547471086939898,0.8679625874207577,0.07159949373207863,0.8902262218951726,0.8395901313735735,0,0.0,0,0
dinov2_ft__seed0#c827,D5_D10,Brown (V),3,5,0.7383875922735061,0.7417623102554609,0.09428506337912868,0.6968605350128881,0.7959110177296006,0,0.0,0,0
dinov2_ft__seed0#c827,D5_D10,Dark (VI),7,15,0.7990338188269278,0.8424024024024024,0.1383981368641627,0.8069232047620549,0.8292288827576041,0,0.0,0,0
dinov2_g28,all,Light (II-III),7,31,0.5851996739051377,0.6294938581259245,0.33684048689905377,0.7069172473166566,0.5586647565181961,1,0.03225806451612903,0,1
dinov2_g28,all,Intermediate (III-IV),12,46,0.7357380101159106,0.8060328981199325,0.21186425891203597,0.821738106118453,0.7189500207599496,0,0.0,0,0
dinov2_g28,all,Tan (IV),11,21,0.6583602642830323,0.7141245366141944,0.2870650172992607,0.7740269923504667,0.6635659131300686,1,0.047619047619047616,1,0
dinov2_g28,all,Brown (V),4,7,0.6659916197544836,0.6556891766882517,0.1516564836377713,0.7155546493244181,0.682463292583053,0,0.0,0,0
dinov2_g28,all,Dark (VI),8,28,0.6583525513327526,0.7199977542557454,0.2257651799937448,0.7429079115005282,0.6743223413879196,0,0.0,0,0
dinov2_g28,D1_D4,Light (II-III),4,15,0.6173209659576828,0.59572641419441,0.1589835476037491,0.8425943315283038,0.5111528579459397,0,0.0,0,0
dinov2_g28,D1_D4,Intermediate (III-IV),5,14,0.7107754294991814,0.7046303786888326,0.13212998937731069,0.9086334149525088,0.6169940400940102,0,0.0,0,0
dinov2_g28,D1_D4,Tan (IV),6,9,0.5192045546984482,0.5503765661333426,0.24536623256551032,0.7125153276344917,0.543149948672079,1,0.1111111111111111,1,0
dinov2_g28,D1_D4,Brown (V),1,2,0.502902450786392,0.502902450786392,0.10333292199862976,0.714332838528781,0.4045673520855466,0,0.0,0,0
dinov2_g28,D1_D4,Dark (VI),2,13,0.622546558389602,0.5975657981457885,0.3328231798199978,0.7903029890061363,0.557174417334332,0,0.0,0,0
dinov2_g28,D5_D10,Light (II-III),7,16,0.555085962605877,0.7498459609655237,0.6606193204906126,0.5797199808682376,0.6032071614296866,1,0.0625,0,1
dinov2_g28,D5_D10,Intermediate (III-IV),11,32,0.7466591391357293,0.8295207646182583,0.1918711995674608,0.7837214085035533,0.7635557623012983,0,0.0,0,0
dinov2_g28,D5_D10,Tan (IV),8,12,0.7627270464714703,0.8365757469150936,0.14978860916194214,0.8201607408874483,0.7538778864735609,0,0.0,0,0
dinov2_g28,D5_D10,Brown (V),3,5,0.7312272873417204,0.7563258739213106,0.10467614659385904,0.7160433736426729,0.7936216687820556,0,0.0,0,0
dinov2_g28,D5_D10,Dark (VI),7,15,0.689384411883483,0.7356468023255814,0.12344295408656192,0.7018321776623344,0.7758505422343621,0,0.0,0,0
dinov2_probe,all,Light (II-III),7,31,0.5969851280637791,0.6139810824424917,0.360353244985799,0.8017927539850261,0.5214012315543606,0,0.0,0,0
dinov2_probe,all,Intermediate (III-IV),12,46,0.7275387916365411,0.7733411404220443,0.24619056183202548,0.8793283231213095,0.6657093236846816,0,0.0,0,0
dinov2_probe,all,Tan (IV),11,21,0.6446576209323382,0.6547630089973101,0.3595643545423157,0.8348865611761911,0.557415684652534,1,0.047619047619047616,0,1
dinov2_probe,all,Brown (V),4,7,0.678321363967956,0.73717437533227,0.18286687929256307,0.8120003791384328,0.6212569819825379,0,0.0,0,0
dinov2_probe,all,Dark (VI),8,28,0.6337161455460051,0.6702636738423304,0.32730110140701146,0.8132700609942022,0.5769445351370012,0,0.0,0,0
dinov2_probe,D1_D4,Light (II-III),4,15,0.583625292504203,0.5294018106438785,0.15983368982861246,0.9032647288842526,0.447213639924663,0,0.0,0,0
dinov2_probe,D1_D4,Intermediate (III-IV),5,14,0.6674031176637473,0.6385585025844072,0.17299433803195108,0.9495883246296841,0.5379810447737154,0,0.0,0,0
dinov2_probe,D1_D4,Tan (IV),6,9,0.5036879913921177,0.467868618350589,0.19334070308100798,0.8025925783148489,0.37981061108566055,1,0.1111111111111111,0,1
dinov2_probe,D1_D4,Brown (V),1,2,0.5136846944833049,0.5136846944833049,0.02075279289298282,0.8273132112815438,0.38930794063665153,0,0.0,0,0
dinov2_probe,D1_D4,Dark (VI),2,13,0.5557737591447076,0.4744411527067061,0.39470113592595313,0.8303391199584306,0.46373242456648145,0,0.0,0,0
dinov2_probe,D5_D10,Light (II-III),7,16,0.6095099739008818,0.7241607864555709,0.46505236294363783,0.7066627775170015,0.5909520987072021,0,0.0,0,0
dinov2_probe,D5_D10,Intermediate (III-IV),11,32,0.7538481489996387,0.8178255707097919,0.22488855724498025,0.8485895724613955,0.7215904457082292,0,0.0,0,0
dinov2_probe,D5_D10,Tan (IV),8,12,0.7503848430875036,0.7862923477808588,0.21274706353715023,0.8591070483221978,0.6906194898276891,0,0.0,0,0
dinov2_probe,D5_D10,Brown (V),3,5,0.7441760317618165,0.7557737966760198,0.023760235526697815,0.8058752462811883,0.7140365985208925,0,0.0,0,0
dinov2_probe,D5_D10,Dark (VI),7,15,0.7012662137604626,0.699643462909758,0.13946426128874556,0.7984768765585378,0.6750616976314514,0,0.0,0,0
distill_expA_b5_to_b0_response,all,Light (II-III),9,39,0.757668234008697,0.8030634573304157,0.18881353145644209,0.7080919141532134,0.8448402817613803,1,0.02564102564102564,0,1
distill_expA_b5_to_b0_response,all,Intermediate (III-IV),17,38,0.8195792370756095,0.8403463378251164,0.09783681105664321,0.765089951631445,0.910877131964925,0,0.0,0,0
distill_expA_b5_to_b0_response,all,Tan (IV),15,24,0.7194900538375197,0.7586841492902743,0.2712702482920135,0.6693656411620333,0.8526167047073243,0,0.0,0,0
distill_expA_b5_to_b0_response,all,Brown (V),12,29,0.7954475458259411,0.7944611277944611,0.12516207945407676,0.7359649635372283,0.8908460001860137,0,0.0,0,0
distill_expA_b5_to_b0_response,all,Dark (VI),15,55,0.7474145364492281,0.7923378319547235,0.20165107626835477,0.6866542788122392,0.8606992001512124,0,0.0,0,0
distill_expA_b5_to_b0_response,D1_D4,Light (II-III),7,23,0.7081042433843002,0.7879475542107918,0.24136602411669594,0.6750408694124269,0.7810143764937498,1,0.043478260869565216,0,1
distill_expA_b5_to_b0_response,D1_D4,Intermediate (III-IV),10,13,0.8272382963530525,0.8358716660224198,0.10381752051093407,0.8341047525871204,0.8309304970211322,0,0.0,0,0
distill_expA_b5_to_b0_response,D1_D4,Tan (IV),4,8,0.7152035384929835,0.7586841492902743,0.19567349259968447,0.6804553563595576,0.7844648313611144,0,0.0,0,0
distill_expA_b5_to_b0_response,D1_D4,Brown (V),3,12,0.7737383478874625,0.7719703104545335,0.06277249196092893,0.7111458248419086,0.873923072854172,0,0.0,0,0
distill_expA_b5_to_b0_response,D1_D4,Dark (VI),8,18,0.7765044957200131,0.8500453106149791,0.19123710034392105,0.7545511062268736,0.8330830870235891,0,0.0,0,0
distill_expA_b5_to_b0_response,D5_D10,Light (II-III),6,16,0.828916470531267,0.8627068064232324,0.15474977985899419,0.7556027909680938,0.9365900205835989,0,0.0,0,0
distill_expA_b5_to_b0_response,D5_D10,Intermediate (III-IV),11,25,0.8155965262513394,0.8409767233296646,0.07989468269377054,0.7292022551344941,0.9524493821356975,0,0.0,0,0
distill_expA_b5_to_b0_response,D5_D10,Tan (IV),13,16,0.7216333115097879,0.765874020959021,0.27879849642062726,0.6638207835632715,0.8866926413804292,0,0.0,0,0
distill_expA_b5_to_b0_response,D5_D10,Brown (V),10,17,0.8107716855472202,0.8083076617310941,0.11337596834648656,0.7534843555574537,0.9027915959496663,0,0.0,0,0
distill_expA_b5_to_b0_response,D5_D10,Dark (VI),12,37,0.7332626643715489,0.7595626194057152,0.16252727488524432,0.6536233897997146,0.8741340659970834,0,0.0,0,0
distill_p2_bpkd_b5_to_b0,all,Light (II-III),9,39,0.7295339488289126,0.7998052817329926,0.23279021157345814,0.7127827196941766,0.8051662972701442,0,0.0,0,0
distill_p2_bpkd_b5_to_b0,all,Intermediate (III-IV),17,38,0.8243187964284967,0.8349734225839878,0.10355893147531359,0.7977527798039015,0.8751331984571987,0,0.0,0,0
distill_p2_bpkd_b5_to_b0,all,Tan (IV),15,24,0.7007707622981835,0.7555745926719077,0.28574256328789494,0.6556968113184949,0.8356405572661014,0,0.0,0,0
distill_p2_bpkd_b5_to_b0,all,Brown (V),12,29,0.7717476491829944,0.8172867343104097,0.12569088807894535,0.7315154745956147,0.8926230981676401,1,0.034482758620689655,1,0
distill_p2_bpkd_b5_to_b0,all,Dark (VI),15,55,0.7740774937350602,0.8089683381305863,0.16938698521866902,0.7387967607390991,0.8552411821405586,0,0.0,0,0
distill_p2_bpkd_b5_to_b0,D1_D4,Light (II-III),7,23,0.701001374764657,0.7701074990286232,0.18063438986945046,0.7057319862852426,0.7403400068860391,0,0.0,0,0
distill_p2_bpkd_b5_to_b0,D1_D4,Intermediate (III-IV),10,13,0.7932745900997898,0.8149571007811499,0.0914875090724887,0.8148781678496202,0.8002431942690212,0,0.0,0,0
distill_p2_bpkd_b5_to_b0,D1_D4,Tan (IV),4,8,0.7038991087177923,0.7473380872896178,0.12655910802045667,0.6419413885794725,0.8168991206373123,0,0.0,0,0
distill_p2_bpkd_b5_to_b0,D1_D4,Brown (V),3,12,0.7329157308643622,0.7944682043987867,0.13134072958718757,0.6646420040246616,0.9311683201352089,1,0.08333333333333333,1,0
distill_p2_bpkd_b5_to_b0,D1_D4,Dark (VI),8,18,0.8068656433498232,0.857464028467152,0.136432505383828,0.7757017385690244,0.882121720321247,0,0.0,0,0
distill_p2_bpkd_b5_to_b0,D5_D10,Light (II-III),6,16,0.7705495240462799,0.8451238831094523,0.1895945662875118,0.7229181489695192,0.8983540896972957,0,0.0,0,0
distill_p2_bpkd_b5_to_b0,D5_D10,Intermediate (III-IV),11,25,0.8404617837194244,0.8424904850200059,0.10864468399655369,0.7888475780201274,0.914076000635051,0,0.0,0,0
distill_p2_bpkd_b5_to_b0,D5_D10,Tan (IV),13,16,0.699206589088379,0.7642425630226781,0.35311422549412874,0.662574522688006,0.8450112755804959,0,0.0,0,0
distill_p2_bpkd_b5_to_b0,D5_D10,Brown (V),10,17,0.7991584150549703,0.8488838889217835,0.11743743077484181,0.7787202773515818,0.8654147061905323,0,0.0,0,0
distill_p2_bpkd_b5_to_b0,D5_D10,Dark (VI),12,37,0.7581265020305805,0.7978366572193765,0.16135705393871735,0.7208429877407566,0.8421641635661696,0,0.0,0,0
distill_p2_cwd_b5_to_b0,all,Light (II-III),9,39,0.7441841926187189,0.8354842460179049,0.13835856013468784,0.6983400782853295,0.8398342628553379,3,0.07692307692307693,1,2
distill_p2_cwd_b5_to_b0,all,Intermediate (III-IV),17,38,0.8369283491598992,0.853606918167991,0.09797282857618961,0.7888466197283922,0.9132731101464069,0,0.0,0,0
distill_p2_cwd_b5_to_b0,all,Tan (IV),15,24,0.7389514509344425,0.7236296277397598,0.25050824916730563,0.7170664789903191,0.8126716825932707,0,0.0,0,0
distill_p2_cwd_b5_to_b0,all,Brown (V),12,29,0.807729149790897,0.8264689288304989,0.10376107830317594,0.7626273186528103,0.8860539036549989,0,0.0,0,0
distill_p2_cwd_b5_to_b0,all,Dark (VI),15,55,0.7479000074794392,0.7861918713845691,0.17171508924879686,0.7157713717514749,0.8167821807976958,1,0.01818181818181818,0,1
distill_p2_cwd_b5_to_b0,D1_D4,Light (II-III),7,23,0.6817140281967836,0.8,0.2537587060214255,0.6558336697878807,0.7679185859668355,3,0.13043478260869565,1,2
distill_p2_cwd_b5_to_b0,D1_D4,Intermediate (III-IV),10,13,0.8505238207855483,0.8671122163506373,0.08169081277575407,0.8639516547749925,0.8434561101492146,0,0.0,0,0
distill_p2_cwd_b5_to_b0,D1_D4,Tan (IV),4,8,0.7480894551013721,0.7916528397258841,0.15167114785808533,0.7730549820877284,0.7394062675681985,0,0.0,0,0
distill_p2_cwd_b5_to_b0,D1_D4,Brown (V),3,12,0.8099918164044856,0.8335491551770504,0.06379781880976276,0.7572608479135127,0.888639944451325,0,0.0,0,0
distill_p2_cwd_b5_to_b0,D1_D4,Dark (VI),8,18,0.7844461272046787,0.829865823836537,0.11832304407405314,0.785753029695482,0.8117965556371334,0,0.0,0,0
distill_p2_cwd_b5_to_b0,D5_D10,Light (II-III),6,16,0.8339850539752511,0.8530736306904901,0.07862570139389091,0.759443040500412,0.9432130483825597,0,0.0,0,0
distill_p2_cwd_b5_to_b0,D5_D10,Intermediate (III-IV),11,25,0.8298587039145617,0.8514111675126903,0.09949740574957955,0.7497920015041598,0.949577950144947,0,0.0,0,0
distill_p2_cwd_b5_to_b0,D5_D10,Tan (IV),13,16,0.7343824488509777,0.6763226922010468,0.31749099217266596,0.6890722274416143,0.8493043901058068,0,0.0,0,0
distill_p2_cwd_b5_to_b0,D5_D10,Brown (V),10,17,0.8061319733577756,0.823045267489712,0.1368587911404845,0.7664154156452558,0.8842284630928865,0,0.0,0,0
distill_p2_cwd_b5_to_b0,D5_D10,Dark (VI),12,37,0.730120814099593,0.7797864368677407,0.17514074134399038,0.6817262408597958,0.819207620064997,1,0.02702702702702703,0,1
distill_p2_ensemble_uniform,all,Light (II-III),9,39,0.7362461728044979,0.7966348850252384,0.23930411859775125,0.7037053447291601,0.8331950252016813,1,0.02564102564102564,0,1
distill_p2_ensemble_uniform,all,Intermediate (III-IV),17,38,0.8113084888644868,0.8304203749462846,0.11152581575959919,0.7518903329138233,0.9151638700461162,0,0.0,0,0
distill_p2_ensemble_uniform,all,Tan (IV),15,24,0.7381684876524774,0.8129902050655087,0.3518578692742591,0.6963035211065648,0.8421722046475398,0,0.0,0,0
distill_p2_ensemble_uniform,all,Brown (V),12,29,0.78910750716642,0.813945766463752,0.14028980915524714,0.7341083176534915,0.8921558672511422,0,0.0,0,0
distill_p2_ensemble_uniform,all,Dark (VI),15,55,0.7405277151814053,0.7883353336227369,0.20848323223490295,0.6944108986877111,0.8400337308860015,1,0.01818181818181818,0,1
distill_p2_ensemble_uniform,D1_D4,Light (II-III),7,23,0.7052692567658009,0.7926316412959782,0.24260902778132165,0.7072418633832726,0.7571403166087999,1,0.043478260869565216,0,1
distill_p2_ensemble_uniform,D1_D4,Intermediate (III-IV),10,13,0.8214620908292851,0.8199574550377103,0.10565442646664847,0.8226439903714922,0.8465827335730787,0,0.0,0,0
distill_p2_ensemble_uniform,D1_D4,Tan (IV),4,8,0.7652095874574694,0.8340028328615713,0.10950408603030659,0.7798337405349884,0.783289741350111,0,0.0,0,0
distill_p2_ensemble_uniform,D1_D4,Brown (V),3,12,0.7764059943034587,0.8040823892211538,0.12460750415633981,0.7022822823568572,0.8982929378215322,0,0.0,0,0
distill_p2_ensemble_uniform,D1_D4,Dark (VI),8,18,0.8077979553733532,0.8443788254677262,0.14093523561647792,0.7973124617129125,0.83903541872122,0,0.0,0,0
distill_p2_ensemble_uniform,D5_D10,Light (II-III),6,16,0.7807754896101246,0.8614213769010016,0.2410938772065434,0.6986215991638735,0.9425236688039483,0,0.0,0,0
distill_p2_ensemble_uniform,D5_D10,Intermediate (III-IV),11,25,0.8060286158427918,0.8340760700590735,0.12642326607692123,0.7150984310358356,0.9508260610120957,0,0.0,0,0
distill_p2_ensemble_uniform,D5_D10,Tan (IV),13,16,0.7246479377499815,0.785168736069367,0.41047998089750315,0.654538411392353,0.8716134362962543,0,0.0,0,0
distill_p2_ensemble_uniform,D5_D10,Brown (V),10,17,0.7980732809520398,0.8217624825939924,0.14415184959469962,0.756573754333469,0.8878238174367492,0,0.0,0,0
distill_p2_ensemble_uniform,D5_D10,Dark (VI),12,37,0.7078016523853226,0.7643381127042348,0.2386040988370267,0.6443506788376131,0.8405193962634627,1,0.02702702702702703,0,1
distill_p3_adaptive,all,Light (II-III),9,39,0.7639300764752733,0.8022157054415119,0.19690938911150946,0.7353142420947828,0.8279747980312271,1,0.02564102564102564,0,1
distill_p3_adaptive,all,Intermediate (III-IV),17,38,0.8238591578157164,0.8447595968496998,0.09155073086141485,0.7968266919744869,0.8902008418978206,0,0.0,0,0
distill_p3_adaptive,all,Tan (IV),15,24,0.7522457350912228,0.7827637558532105,0.19007838954756473,0.7269606994893018,0.8139345932429052,0,0.0,0,0
distill_p3_adaptive,all,Brown (V),12,29,0.81062056710553,0.830723729993041,0.07784248309408248,0.7776928584083354,0.8757629533017062,0,0.0,0,0
distill_p3_adaptive,all,Dark (VI),15,55,0.7397148958580921,0.7730100905896387,0.2027080256019962,0.6977167145837375,0.8328573785464121,1,0.01818181818181818,0,1
distill_p3_adaptive,D1_D4,Light (II-III),7,23,0.7402418061326494,0.7882991556091676,0.21993483416117177,0.7491423025110479,0.7559185450497481,1,0.043478260869565216,0,1
distill_p3_adaptive,D1_D4,Intermediate (III-IV),10,13,0.8372317497012598,0.845809172377438,0.05501245378068709,0.9003006111839276,0.7947865033844976,0,0.0,0,0
distill_p3_adaptive,D1_D4,Tan (IV),4,8,0.7376291175608882,0.7762715901950019,0.13263880027558228,0.7594544429779573,0.7297561822498758,0,0.0,0,0
distill_p3_adaptive,D1_D4,Brown (V),3,12,0.8198487452090207,0.8355638851985407,0.05926021987693719,0.8114510609606159,0.8382959344275679,0,0.0,0,0
distill_p3_adaptive,D1_D4,Dark (VI),8,18,0.7849636830788227,0.8157116909150283,0.15508082632673492,0.7893583409594358,0.8120685184796452,0,0.0,0,0
distill_p3_adaptive,D5_D10,Light (II-III),6,16,0.7979819650927948,0.8479482308455539,0.17098503806841092,0.7154364052464013,0.9315556616921034,0,0.0,0,0
distill_p3_adaptive,D5_D10,Intermediate (III-IV),11,25,0.8169054100352336,0.8264577893820714,0.12482669105678457,0.7430202539855777,0.9398162979247487,0,0.0,0,0
distill_p3_adaptive,D5_D10,Tan (IV),13,16,0.7595540438563901,0.7934973350299706,0.23201627956229776,0.7107138277449738,0.8560237987394199,0,0.0,0,0
distill_p3_adaptive,D5_D10,Brown (V),10,17,0.8041065590324781,0.822248381400824,0.1307839465208488,0.7538635389596665,0.9022102607422743,0,0.0,0,0
distill_p3_adaptive,D5_D10,Dark (VI),12,37,0.7177019723453045,0.731829573934837,0.2009929054340278,0.6531343017523166,0.8429708780383529,1,0.02702702702702703,0,1
distill_p3_adaptive_boundary,all,Light (II-III),9,39,0.7095245983607547,0.7947842285004657,0.23153894184281743,0.6609931755522143,0.8201063883706671,1,0.02564102564102564,0,1
distill_p3_adaptive_boundary,all,Intermediate (III-IV),17,38,0.8068343630718683,0.8399426959728491,0.1506538952672143,0.7539812610341561,0.9107163399230251,0,0.0,0,0
distill_p3_adaptive_boundary,all,Tan (IV),15,24,0.7387560772926136,0.7811403039101308,0.2399180440133063,0.7142330896952833,0.8213017726225734,0,0.0,0,0
distill_p3_adaptive_boundary,all,Brown (V),12,29,0.8180476114410251,0.8435291742378357,0.10837834013590164,0.7832431994475273,0.8912273530591893,0,0.0,0,0
distill_p3_adaptive_boundary,all,Dark (VI),15,55,0.7651130866011029,0.8105594956658786,0.18171301387291916,0.7332832115572447,0.8453155880876821,0,0.0,0,0
distill_p3_adaptive_boundary,D1_D4,Light (II-III),7,23,0.6586899593122066,0.7947842285004657,0.30903586333400934,0.6367901983562172,0.7451235500849747,1,0.043478260869565216,0,1
distill_p3_adaptive_boundary,D1_D4,Intermediate (III-IV),10,13,0.8193340602756266,0.8221336874723328,0.09310985766144297,0.819359869982827,0.8439658008262454,0,0.0,0,0
distill_p3_adaptive_boundary,D1_D4,Tan (IV),4,8,0.7562097736311058,0.8060192235137641,0.0927783075198626,0.766048954787506,0.7546168987179352,0,0.0,0,0
distill_p3_adaptive_boundary,D1_D4,Brown (V),3,12,0.8200734605606872,0.8269161586271938,0.1022746751725524,0.7706567764553878,0.8944140147692575,0,0.0,0,0
distill_p3_adaptive_boundary,D1_D4,Dark (VI),8,18,0.7862713063742763,0.8310412071668545,0.17776364282370483,0.7896149776517641,0.8161499664259271,0,0.0,0,0
distill_p3_adaptive_boundary,D5_D10,Light (II-III),6,16,0.7825993919930426,0.8158814261084522,0.14379708359000065,0.6957849552714606,0.9278942184063501,0,0.0,0,0
distill_p3_adaptive_boundary,D5_D10,Intermediate (III-IV),11,25,0.800334520525914,0.8445214979195562,0.1528561246180603,0.7199843843808472,0.9454266202533504,0,0.0,0,0
distill_p3_adaptive_boundary,D5_D10,Tan (IV),13,16,0.7300292291233675,0.7694792519388556,0.30724867976028847,0.688325157149172,0.8546442095748925,0,0.0,0,0
distill_p3_adaptive_boundary,D5_D10,Brown (V),10,17,0.8166176002977341,0.8554601716909562,0.12365380422934369,0.7921277333243321,0.8889779447932592,0,0.0,0,0
distill_p3_adaptive_boundary,D5_D10,Dark (VI),12,37,0.7548198986033428,0.789797353448827,0.18268373216919898,0.7058785685923435,0.8595042688961033,0,0.0,0,0
distill_p3_adaptive_full,all,Light (II-III),9,39,0.6940050875686562,0.7905422134191632,0.1875706532593222,0.6306997445584318,0.8553601226994504,3,0.07692307692307693,2,1
distill_p3_adaptive_full,all,Intermediate (III-IV),17,38,0.7997880785184737,0.8380828455775924,0.15172104649716622,0.7396108834731698,0.9080858649745004,0,0.0,0,0
distill_p3_adaptive_full,all,Tan (IV),15,24,0.7208294953841966,0.7909251594053113,0.3271963539600098,0.6839396273739449,0.8206610980273039,0,0.0,0,0
distill_p3_adaptive_full,all,Brown (V),12,29,0.7834570305957438,0.8115663492618154,0.12706468933330395,0.7232806184049987,0.8966148319156255,0,0.0,0,0
distill_p3_adaptive_full,all,Dark (VI),15,55,0.7555242697587911,0.7848157302541778,0.14829372616950887,0.7150496288587002,0.8478691713314513,0,0.0,0,0
distill_p3_adaptive_full,D1_D4,Light (II-III),7,23,0.6384227567249947,0.7905422134191632,0.33374545457799487,0.6075178644254023,0.7837794993652433,3,0.13043478260869565,2,1
distill_p3_adaptive_full,D1_D4,Intermediate (III-IV),10,13,0.8123726333043702,0.835957267360135,0.13510226363904654,0.7885119517435295,0.8551734245392948,0,0.0,0,0
distill_p3_adaptive_full,D1_D4,Tan (IV),4,8,0.7452654441749449,0.8080772079722568,0.11282281894579316,0.7246632257272742,0.780106453590855,0,0.0,0,0
distill_p3_adaptive_full,D1_D4,Brown (V),3,12,0.7592650400073474,0.7690999786582036,0.08904365609857168,0.6492483706470429,0.9457885324770382,0,0.0,0,0
distill_p3_adaptive_full,D1_D4,Dark (VI),8,18,0.7692740568604272,0.79125107910813,0.11401888951464545,0.7298070720421276,0.8475939420493925,0,0.0,0,0
distill_p3_adaptive_full,D5_D10,Light (II-III),6,16,0.7739046881564194,0.7796512354424296,0.13394224071660465,0.6640236972496615,0.9582572687423729,0,0.0,0,0
distill_p3_adaptive_full,D5_D10,Intermediate (III-IV),11,25,0.7932441100298075,0.8402084237950499,0.16118644309699415,0.7141823279725829,0.9356003340008077,0,0.0,0,0
distill_p3_adaptive_full,D5_D10,Tan (IV),13,16,0.7086115209888224,0.7681391833056153,0.36530040183195145,0.6635778281972802,0.8409384202455286,0,0.0,0,0
distill_p3_adaptive_full,D5_D10,Brown (V),10,17,0.8005337298346118,0.8380853277835588,0.12560246579875622,0.7755386756459085,0.8619039844605111,0,0.0,0,0
distill_p3_adaptive_full,D5_D10,Dark (VI),12,37,0.7488351841417791,0.7848157302541778,0.15925845253227677,0.7078703321748708,0.8480030666578583,0,0.0,0,0
distill_p3_adaptive_group,all,Light (II-III),9,39,0.750420803342269,0.8139562112164852,0.13904440951964814,0.7107148521018997,0.8464045455752228,2,0.05128205128205128,1,1
distill_p3_adaptive_group,all,Intermediate (III-IV),17,38,0.8029891389853226,0.8286303676139439,0.12723165184629193,0.7485872757693783,0.8994616247104712,0,0.0,0,0
distill_p3_adaptive_group,all,Tan (IV),15,24,0.7012308239629453,0.7191009552939145,0.2742914350999035,0.6715573938045157,0.7920306406761247,0,0.0,0,0
distill_p3_adaptive_group,all,Brown (V),12,29,0.7851467078306342,0.8128593110426344,0.10593222940250258,0.7343289635053665,0.8789837091406314,0,0.0,0,0
distill_p3_adaptive_group,all,Dark (VI),15,55,0.744714042023153,0.7773289735205489,0.2023842049869311,0.6865086035977952,0.8598018982669406,0,0.0,0,0
distill_p3_adaptive_group,D1_D4,Light (II-III),7,23,0.7113601617975872,0.8139562112164852,0.19256796182937364,0.6993335397140115,0.7940035658692866,2,0.08695652173913043,1,1
distill_p3_adaptive_group,D1_D4,Intermediate (III-IV),10,13,0.8156096497145711,0.8260823089257082,0.10595039800862738,0.8233582231675735,0.819465989752228,0,0.0,0,0
distill_p3_adaptive_group,D1_D4,Tan (IV),4,8,0.6932717391583834,0.7854363117955685,0.14297512763452935,0.7098459661398763,0.6994032990721489,0,0.0,0,0
distill_p3_adaptive_group,D1_D4,Brown (V),3,12,0.7817259007090643,0.8182787299731062,0.10641417484517968,0.7336617629452876,0.8685248027088047,0,0.0,0,0
distill_p3_adaptive_group,D1_D4,Dark (VI),8,18,0.7863079666483467,0.8259676027430314,0.10565738593901719,0.7617516173925336,0.8453329394237463,0,0.0,0,0
distill_p3_adaptive_group,D5_D10,Light (II-III),6,16,0.8065704755627487,0.8181871049076626,0.09968350761126121,0.7270754886594889,0.921730953902506,0,0.0,0,0
distill_p3_adaptive_group,D5_D10,Intermediate (III-IV),11,25,0.7964264734061133,0.8336607428388688,0.13700073063203577,0.7097063831223168,0.9410593548887579,0,0.0,0,0
distill_p3_adaptive_group,D5_D10,Tan (IV),13,16,0.7052103663652265,0.6736994831762696,0.30881959343997223,0.6524131076368356,0.8383443114781125,0,0.0,0,0
distill_p3_adaptive_group,D5_D10,Brown (V),10,17,0.787561395210566,0.8128593110426344,0.10593222940250258,0.7347999286065984,0.8863664666219209,0,0.0,0,0
distill_p3_adaptive_group,D5_D10,Dark (VI),12,37,0.7244791597730584,0.7057517658930373,0.20726554958912746,0.6499038941841386,0.8668408512176843,0,0.0,0,0
distill_p3_adaptive_hard,all,Light (II-III),9,39,0.7327037191264387,0.8374921036007581,0.17588339000538777,0.6954345543477144,0.8171338556847729,1,0.02564102564102564,0,1
distill_p3_adaptive_hard,all,Intermediate (III-IV),17,38,0.8027714466411096,0.8286058461125106,0.11073905657739103,0.7671359677193613,0.8833102064716801,0,0.0,0,0
distill_p3_adaptive_hard,all,Tan (IV),15,24,0.698161671865039,0.7395738575670157,0.33038449354306565,0.680952893257043,0.7709853197819653,0,0.0,0,0
distill_p3_adaptive_hard,all,Brown (V),12,29,0.7819933437967725,0.8245942571785269,0.12838711314912266,0.7489977481561031,0.8504575495325897,0,0.0,0,0
distill_p3_adaptive_hard,all,Dark (VI),15,55,0.702780480201154,0.7378869778869779,0.20179898206364622,0.6587123925542095,0.800165494286819,0,0.0,0,0
distill_p3_adaptive_hard,D1_D4,Light (II-III),7,23,0.6786212804437788,0.7887998085437358,0.3345588149537402,0.6714452761451987,0.7363415840648383,1,0.043478260869565216,0,1
distill_p3_adaptive_hard,D1_D4,Intermediate (III-IV),10,13,0.7905210596429971,0.819468469885202,0.1055604762025606,0.8482201779330347,0.7604394493988901,0,0.0,0,0
distill_p3_adaptive_hard,D1_D4,Tan (IV),4,8,0.6910155962645199,0.7991302786959349,0.2451841305917376,0.7352358366710031,0.6634264432888238,0,0.0,0,0
distill_p3_adaptive_hard,D1_D4,Brown (V),3,12,0.7440721310496804,0.8196428309747235,0.1644418969186734,0.697690850455738,0.8180365096965613,0,0.0,0,0
distill_p3_adaptive_hard,D1_D4,Dark (VI),8,18,0.7376913479587341,0.7866856025694517,0.15560207662778314,0.7234862912421011,0.7939117525555098,0,0.0,0,0
distill_p3_adaptive_hard,D5_D10,Light (II-III),6,16,0.8104472247327622,0.852084189208461,0.12846633070788194,0.7299191417638307,0.9332727461384294,0,0.0,0,0
distill_p3_adaptive_hard,D5_D10,Intermediate (III-IV),11,25,0.809141647880128,0.8377432223398192,0.1311535651740653,0.7249721784082511,0.9472030001495308,0,0.0,0,0
distill_p3_adaptive_hard,D5_D10,Tan (IV),13,16,0.7017347096652986,0.7395738575670157,0.3329558477906752,0.6538114215500631,0.8247647580285358,0,0.0,0,0
distill_p3_adaptive_hard,D5_D10,Brown (V),10,17,0.8087612586770727,0.8456695917588707,0.14872480187319048,0.7852143818269489,0.873342989416845,0,0.0,0,0
distill_p3_adaptive_hard,D5_D10,Dark (VI),12,37,0.6857968148055743,0.728310382742552,0.2708355761473914,0.6272007661655057,0.8032078551290779,0,0.0,0,0
distill_segformer_b5__seed2026,all,Light (II-III),9,39,0.6772310563840221,0.7440788631417232,0.30512098670785015,0.6822884776738436,0.7106567453868334,1,0.02564102564102564,0,1
distill_segformer_b5__seed2026,all,Intermediate (III-IV),17,38,0.8482544933825158,0.8852158575236334,0.12204904054792265,0.8158155398687665,0.9117819732685957,0,0.0,0,0
distill_segformer_b5__seed2026,all,Tan (IV),15,24,0.7753608862564997,0.8695332995570161,0.208896260330094,0.7194094587670804,0.8958092821105298,0,0.0,0,0
distill_segformer_b5__seed2026,all,Brown (V),12,29,0.8207369947323485,0.824086726792384,0.09365784780928377,0.7593836351288046,0.9231554555448295,0,0.0,0,0
distill_segformer_b5__seed2026,all,Dark (VI),15,55,0.7446030293358457,0.8144067356166519,0.1467419027338579,0.6649939621915187,0.8752855674133421,0,0.0,0,0
distill_segformer_b5__seed2026,D1_D4,Light (II-III),7,23,0.6595208814836686,0.7235727943184922,0.27014228754033787,0.6891322546469684,0.6763090340794491,0,0.0,0,0
distill_segformer_b5__seed2026,D1_D4,Intermediate (III-IV),10,13,0.8693078002210428,0.8966201266498818,0.06214283709313417,0.8581472087288969,0.900180940731231,0,0.0,0,0
distill_segformer_b5__seed2026,D1_D4,Tan (IV),4,8,0.7999159897195617,0.8696777671211193,0.06736345842041358,0.778122975281922,0.829479211002053,0,0.0,0,0
distill_segformer_b5__seed2026,D1_D4,Brown (V),3,12,0.8263778755652952,0.8240560989611176,0.09687962589770271,0.765824292695898,0.913371188397627,0,0.0,0,0
distill_segformer_b5__seed2026,D1_D4,Dark (VI),8,18,0.7622361487209659,0.8441747056057838,0.06847182064855939,0.7082503071025033,0.8344242836704995,0,0.0,0,0
distill_segformer_b5__seed2026,D5_D10,Light (II-III),6,16,0.70268943280328,0.7972083001444792,0.3202399432247047,0.6724505482749765,0.7600315803911983,1,0.0625,0,1
distill_segformer_b5__seed2026,D5_D10,Intermediate (III-IV),11,25,0.837306773826482,0.8712522045855379,0.1384680820697457,0.7938030720614985,0.917814510188025,0,0.0,0,0
distill_segformer_b5__seed2026,D5_D10,Tan (IV),13,16,0.7630833345249686,0.846333621116975,0.2681123036404378,0.6900527005096597,0.928974317664768,0,0.0,0,0
distill_segformer_b5__seed2026,D5_D10,Brown (V),10,17,0.8167551964973273,0.8249075857760192,0.09670719758577018,0.7548372886108562,0.9300619970605017,0,0.0,0,0
distill_segformer_b5__seed2026,D5_D10,Dark (VI),12,37,0.7360247550403817,0.757580991388882,0.1460565124646297,0.6439503349375262,0.8951640297747253,0,0.0,0,0
distill_segformer_b5__seed42,all,Light (II-III),9,39,0.7211719024765686,0.7826202852192456,0.22016032372141103,0.7044651038682255,0.7913800636011331,2,0.05128205128205128,0,2
distill_segformer_b5__seed42,all,Intermediate (III-IV),17,38,0.8431197432507996,0.883639585392221,0.11573246205478194,0.8049657345111435,0.9135604147238602,0,0.0,0,0
distill_segformer_b5__seed42,all,Tan (IV),15,24,0.706919282555906,0.8319368925576364,0.3704505568712746,0.6472616469947648,0.8587354035368228,0,0.0,0,0
distill_segformer_b5__seed42,all,Brown (V),12,29,0.8036672239291063,0.8053207107781096,0.09859977552676358,0.7369095714629759,0.9093551850153921,0,0.0,0,0
distill_segformer_b5__seed42,all,Dark (VI),15,55,0.7058452349558161,0.7811095415435984,0.1989752068994055,0.6190894846341743,0.8495503905838403,1,0.01818181818181818,0,1
distill_segformer_b5__seed42,D1_D4,Light (II-III),7,23,0.7424082280521302,0.7826202852192456,0.1900998257035722,0.7610333114037426,0.7866153564646214,0,0.0,0,0
distill_segformer_b5__seed42,D1_D4,Intermediate (III-IV),10,13,0.8592216078855833,0.8851929291009314,0.1083659968022671,0.8510398933959742,0.8872489596249064,0,0.0,0,0
distill_segformer_b5__seed42,D1_D4,Tan (IV),4,8,0.6588512975430634,0.8568377837055099,0.5576562788196623,0.6598100756281747,0.6694964680994135,0,0.0,0,0
distill_segformer_b5__seed42,D1_D4,Brown (V),3,12,0.8030434001389386,0.7970740291949026,0.0922711063911078,0.7375373144570498,0.9094593286260159,0,0.0,0,0
distill_segformer_b5__seed42,D1_D4,Dark (VI),8,18,0.6797058252291206,0.8099427416005816,0.16240033185607006,0.6085646903951236,0.7763015172581844,1,0.05555555555555555,0,1
distill_segformer_b5__seed42,D5_D10,Light (II-III),6,16,0.6906446844616989,0.7991109200707369,0.23729086242140185,0.6231483055359195,0.7982293301098685,2,0.125,0,2
distill_segformer_b5__seed42,D5_D10,Intermediate (III-IV),11,25,0.8347467736407123,0.8778512687674471,0.11872063562486401,0.7810071718910314,0.9272423713753163,0,0.0,0,0
distill_segformer_b5__seed42,D5_D10,Tan (IV),13,16,0.7309532750623274,0.7853950563188319,0.282176561694109,0.64098743267806,0.9533548712555273,0,0.0,0,0
distill_segformer_b5__seed42,D5_D10,Brown (V),10,17,0.8041075701339306,0.8186716402445342,0.14763979249438253,0.7364664587612767,0.9092816718784812,0,0.0,0,0
distill_segformer_b5__seed42,D5_D10,Dark (VI),12,37,0.7185617045525872,0.7686784065652248,0.1992119197984208,0.6242096548045233,0.8851849776071321,0,0.0,0,0
distill_segformer_b5_teacher,all,Light (II-III),9,39,0.765803444489719,0.7986111111111112,0.21778882310946712,0.7616437477185999,0.8031944544993624,0,0.0,0,0
distill_segformer_b5_teacher,all,Intermediate (III-IV),17,38,0.83020109873331,0.8718062773495954,0.17324569098811993,0.7867115376061017,0.913879232166705,0,0.0,0,0
distill_segformer_b5_teacher,all,Tan (IV),15,24,0.7388088366704394,0.8642237763281106,0.334901018661243,0.6790318224694717,0.8919247912964187,0,0.0,0,0
distill_segformer_b5_teacher,all,Brown (V),12,29,0.791327155071701,0.84148464259644,0.15027195245025793,0.7070616455914267,0.923472772380564,0,0.0,0,0
distill_segformer_b5_teacher,all,Dark (VI),15,55,0.7427708797978189,0.8032394017023387,0.218291050863065,0.6567334996252422,0.8943599398045566,0,0.0,0,0
distill_segformer_b5_teacher,D1_D4,Light (II-III),7,23,0.7690135764822251,0.758637925648235,0.1644066046039543,0.7936834653094283,0.7767411256000046,0,0.0,0,0
distill_segformer_b5_teacher,D1_D4,Intermediate (III-IV),10,13,0.8562502421340878,0.8769414575866189,0.08523511970299269,0.8537881251097018,0.8878321289206669,0,0.0,0,0
distill_segformer_b5_teacher,D1_D4,Tan (IV),4,8,0.7961447028101956,0.8776418892129815,0.08634381854789641,0.803757341951814,0.8091026467712099,0,0.0,0,0
distill_segformer_b5_teacher,D1_D4,Brown (V),3,12,0.8295068370762954,0.8459833898305459,0.08167879160254232,0.7651177573593785,0.9272884886674606,0,0.0,0,0
distill_segformer_b5_teacher,D1_D4,Dark (VI),8,18,0.7903884608011756,0.8594962332527792,0.043322368110522036,0.7314891583130607,0.8679006019596985,0,0.0,0,0
distill_segformer_b5_teacher,D5_D10,Light (II-III),6,16,0.7611888797504917,0.8128871323169412,0.23360326762029704,0.7155866536817839,0.8412211147921892,0,0.0,0,0
distill_segformer_b5_teacher,D5_D10,Intermediate (III-IV),11,25,0.8166555441649056,0.8717574470908247,0.18649858040744816,0.7518317121042295,0.9274237258546446,0,0.0,0,0
distill_segformer_b5_teacher,D5_D10,Tan (IV),13,16,0.7101409036005613,0.806801764751554,0.40581954871440695,0.6166690627283005,0.933335863559023,0,0.0,0,0
distill_segformer_b5_teacher,D5_D10,Brown (V),10,17,0.764376791303752,0.8246274766661208,0.1824506170616027,0.6660808608140486,0.9207793255898133,0,0.0,0,0
distill_segformer_b5_teacher,D5_D10,Dark (VI),12,37,0.7196055701205101,0.7462544065804936,0.1924724125419509,0.6203658818852221,0.9072320501074606,0,0.0,0,0
distill_x_angular_b5_to_b0,all,Light (II-III),9,39,0.6880662881460399,0.7644991212653779,0.28753648240076146,0.6321759700573233,0.853394609949353,1,0.02564102564102564,1,0
distill_x_angular_b5_to_b0,all,Intermediate (III-IV),17,38,0.8141486792704864,0.8397152128273504,0.1252070948716496,0.7390013768573326,0.9325630341295491,0,0.0,0,0
distill_x_angular_b5_to_b0,all,Tan (IV),15,24,0.6975044384274082,0.8020832134804747,0.38493657310199714,0.630282300267423,0.8540438356137948,0,0.0,0,0
distill_x_angular_b5_to_b0,all,Brown (V),12,29,0.7750175572475488,0.8114909252867164,0.17728414086302136,0.7165624604726157,0.8918696279276,0,0.0,0,0
distill_x_angular_b5_to_b0,all,Dark (VI),15,55,0.7317931330933005,0.7876290163755061,0.25189121951652993,0.6716489196073815,0.8569402467796379,1,0.01818181818181818,0,1
distill_x_angular_b5_to_b0,D1_D4,Light (II-III),7,23,0.6528731286347137,0.7644991212653779,0.3176797467263647,0.6147596950388745,0.791082116019006,1,0.043478260869565216,1,0
distill_x_angular_b5_to_b0,D1_D4,Intermediate (III-IV),10,13,0.8360845667896846,0.8396922593813786,0.1119301296953874,0.8108438835361012,0.8765653106783157,0,0.0,0,0
distill_x_angular_b5_to_b0,D1_D4,Tan (IV),4,8,0.6685762461280211,0.776112461695875,0.27061693859233005,0.632237844290293,0.7329965427845375,0,0.0,0,0
distill_x_angular_b5_to_b0,D1_D4,Brown (V),3,12,0.7677795867192669,0.8126979872429416,0.13066313572702282,0.7072380643619728,0.8950786816498839,0,0.0,0,0
distill_x_angular_b5_to_b0,D1_D4,Dark (VI),8,18,0.7760033505781309,0.8083316003973118,0.17496368708825394,0.7338920700733291,0.8583796301302682,0,0.0,0,0
distill_x_angular_b5_to_b0,D5_D10,Light (II-III),6,16,0.7386564549435715,0.8090199342143185,0.2378281779045397,0.657211865396343,0.942968819974227,0,0.0,0,0
distill_x_angular_b5_to_b0,D5_D10,Intermediate (III-IV),11,25,0.8027420177605034,0.8397381662733223,0.14150296131647622,0.7016432733843732,0.9616818503241903,0,0.0,0,0
distill_x_angular_b5_to_b0,D5_D10,Tan (IV),13,16,0.7119685345771016,0.8020832134804747,0.4234474436087199,0.6293045282559879,0.9145674820284234,0,0.0,0,0
distill_x_angular_b5_to_b0,D5_D10,Brown (V),10,17,0.7801267129145717,0.7987628656898038,0.1527825421553647,0.7231443871389519,0.8896044135353999,0,0.0,0,0
distill_x_angular_b5_to_b0,D5_D10,Dark (VI),12,37,0.7102854597223018,0.7828599465736248,0.2463666033837988,0.6413684680293529,0.8562400062306823,1,0.02702702702702703,0,1
fastscnn,all,Light (II-III),9,39,0.5960273602692951,0.6652634533080755,0.38436018989889775,0.571163172871604,0.7424496513396623,4,0.10256410256410256,3,1
fastscnn,all,Intermediate (III-IV),17,38,0.7242401157050564,0.7560471784374052,0.24190517729703187,0.7085298413421506,0.7982413791807003,0,0.0,0,0
fastscnn,all,Tan (IV),15,24,0.6444699543683677,0.6986665133967369,0.2827362030092675,0.6199376608909574,0.7307425586604624,1,0.041666666666666664,0,1
fastscnn,all,Brown (V),12,29,0.6728716382932213,0.7721908671113391,0.33813740276669035,0.6319514944719263,0.844341439110597,1,0.034482758620689655,1,0
fastscnn,all,Dark (VI),15,55,0.587372646291033,0.6362904153722242,0.22624776206809882,0.5411685640715808,0.7237666315606546,1,0.01818181818181818,0,1
fastscnn,D1_D4,Light (II-III),7,23,0.5321372722909168,0.6652634533080755,0.6035450940337743,0.5165243175482452,0.7129566245495846,4,0.17391304347826086,3,1
fastscnn,D1_D4,Intermediate (III-IV),10,13,0.6594642800824284,0.7176776274527372,0.20099259091748223,0.690726489852066,0.6971134534223105,0,0.0,0,0
fastscnn,D1_D4,Tan (IV),4,8,0.6567627240921905,0.6923092649739409,0.14401745133210264,0.6647764391865285,0.6836145564933871,0,0.0,0,0
fastscnn,D1_D4,Brown (V),3,12,0.5762148627643698,0.6428380178294502,0.4777742632943488,0.5685144109072401,0.8074357412453171,1,0.08333333333333333,1,0
fastscnn,D1_D4,Dark (VI),8,18,0.5694795797881034,0.6000541116263596,0.15687245260178606,0.5696305285633959,0.6221443375866377,1,0.05555555555555555,0,1
fastscnn,D5_D10,Light (II-III),6,16,0.687869361738214,0.6690792505179843,0.3005532759440275,0.6497065273989323,0.784845877350399,0,0.0,0,0
fastscnn,D5_D10,Intermediate (III-IV),11,25,0.7579235502288231,0.7806246137757284,0.2285436717853322,0.7177875841169947,0.850827900575063,0,0.0,0,0
fastscnn,D5_D10,Tan (IV),13,16,0.6383235695064563,0.7256560200887466,0.4374803162442855,0.597518271743172,0.754306559744,1,0.0625,0,1
fastscnn,D5_D10,Brown (V),10,17,0.7410999504312341,0.7897386308694292,0.21007653109834656,0.676730612282293,0.8703925199566768,0,0.0,0,0
fastscnn,D5_D10,Dark (VI),12,37,0.5960773813465122,0.642969696969697,0.30229292525210694,0.5273222029674545,0.7732045043047708,0,0.0,0,0
fastscnn#e981,all,Light (II-III),9,39,0.4931758290770382,0.6171012182625527,0.6418758734016331,0.46539534657305937,0.781663227348826,7,0.1794871794871795,7,0
fastscnn#e981,all,Intermediate (III-IV),17,38,0.6656737386010029,0.765196202109472,0.30629134645643663,0.6446236965521525,0.818958542520736,1,0.02631578947368421,1,0
fastscnn#e981,all,Tan (IV),15,24,0.6299027170726187,0.6423893800716106,0.30463110374972757,0.5865977065296035,0.75509698813713,1,0.041666666666666664,0,1
fastscnn#e981,all,Brown (V),12,29,0.6968603209126019,0.7510406119923501,0.2450401421035866,0.6486087120422926,0.8038117896300703,1,0.034482758620689655,0,1
fastscnn#e981,all,Dark (VI),15,55,0.5842301413220151,0.604958907925895,0.3001094135880642,0.5620311340852109,0.6833674007817746,3,0.05454545454545454,0,3
fastscnn#e981,D1_D4,Light (II-III),7,23,0.35881167048644313,0.216867469879518,0.7292243162156651,0.322970967250292,0.805871613679211,7,0.30434782608695654,7,0
fastscnn#e981,D1_D4,Intermediate (III-IV),10,13,0.5409846056273018,0.5534173855341739,0.320235448921291,0.573491096973813,0.6984476910792162,1,0.07692307692307693,1,0
fastscnn#e981,D1_D4,Tan (IV),4,8,0.5952014025905378,0.5980745675364716,0.2204164970462863,0.5604172120159572,0.6732183020010085,0,0.0,0,0
fastscnn#e981,D1_D4,Brown (V),3,12,0.6179578119449304,0.6898147507428724,0.3348152078581914,0.5666328636150191,0.7493747105009717,1,0.08333333333333333,0,1
fastscnn#e981,D1_D4,Dark (VI),8,18,0.5450400944423597,0.5694531577216757,0.43647843355434546,0.5951321083069443,0.5778981277683217,3,0.16666666666666666,0,3
fastscnn#e981,D5_D10,Light (II-III),6,16,0.6863243070510187,0.7196163042472628,0.23584611404003963,0.6701303918495378,0.7468636719988975,0,0.0,0,0
fastscnn#e981,D5_D10,Intermediate (III-IV),11,25,0.7305120877473272,0.7845491737952287,0.2366533309093216,0.6816126483328889,0.8816241852703262,0,0.0,0,0
fastscnn#e981,D5_D10,Tan (IV),13,16,0.6472533743136591,0.6879668032236159,0.3550331356276174,0.5996879537864268,0.7960363312051908,1,0.0625,0,1
fastscnn#e981,D5_D10,Brown (V),10,17,0.7525562095956639,0.8194073317921158,0.22433389884210886,0.7064740168144859,0.8422379631329634,0,0.0,0,0
fastscnn#e981,D5_D10,Dark (VI),12,37,0.6032955695337391,0.6644785083278048,0.2083412694771971,0.5459279574368,0.7346767768423734,0,0.0,0,0
fastscnn_b2kd,all,Light (II-III),9,39,0.5954188111896898,0.7003381695211083,0.40030688552408533,0.5827652153773528,0.6853705289358901,3,0.07692307692307693,1,2
fastscnn_b2kd,all,Intermediate (III-IV),17,38,0.6937914155776985,0.7421310797644738,0.2003063289910133,0.6807460688988144,0.7930490146019613,1,0.02631578947368421,1,0
fastscnn_b2kd,all,Tan (IV),15,24,0.6452960716967352,0.7464414443754885,0.4160347767548963,0.6287233056467254,0.7494663352823446,0,0.0,0,0
fastscnn_b2kd,all,Brown (V),12,29,0.7125950448258728,0.7336939668538746,0.19409699553646642,0.7137246161982012,0.760139859424194,1,0.034482758620689655,0,1
fastscnn_b2kd,all,Dark (VI),15,55,0.6288922917657002,0.68242488000526,0.2798795139652013,0.6239986686899126,0.7200042426295195,1,0.01818181818181818,0,1
fastscnn_b2kd,D1_D4,Light (II-III),7,23,0.5271492949778325,0.6971109040074557,0.5446228955402969,0.5231317679813104,0.6103398824410226,3,0.13043478260869565,1,2
fastscnn_b2kd,D1_D4,Intermediate (III-IV),10,13,0.6179860294207242,0.6781743709771796,0.21269502912359872,0.6662938610548031,0.7201592897288311,1,0.07692307692307693,1,0
fastscnn_b2kd,D1_D4,Tan (IV),4,8,0.6575803494679181,0.7639520509603694,0.26654954798157493,0.6625467784968622,0.6935560181721947,0,0.0,0,0
fastscnn_b2kd,D1_D4,Brown (V),3,12,0.6411443706053985,0.6948165270303657,0.23367141623612553,0.6947081012215491,0.6236355563998103,1,0.08333333333333333,0,1
fastscnn_b2kd,D1_D4,Dark (VI),8,18,0.6407427414706736,0.7053255958688399,0.2768575444988821,0.6977699647868901,0.6658008641488167,0,0.0,0,0
fastscnn_b2kd,D5_D10,Light (II-III),6,16,0.6935562407442346,0.7122644394708932,0.23667705555049967,0.6684882960091633,0.7932270832722619,0,0.0,0,0
fastscnn_b2kd,D5_D10,Intermediate (III-IV),11,25,0.7332102163793253,0.743131807558319,0.18900235317768843,0.6882612169777004,0.8309516715359893,0,0.0,0,0
fastscnn_b2kd,D5_D10,Tan (IV),13,16,0.6391539328111437,0.7434335753651251,0.42703499838947034,0.611811569221657,0.7774214938374197,0,0.0,0,0
fastscnn_b2kd,D5_D10,Brown (V),10,17,0.7630308148638546,0.8137108792846498,0.24127457819452158,0.7271480385346613,0.8564958380296417,0,0.0,0,0
fastscnn_b2kd,D5_D10,Dark (VI),12,37,0.6231272081254428,0.6498397028141062,0.2411188533094064,0.5881099300481395,0.7463734537822937,1,0.02702702702702703,0,1
fastscnn_distilled,all,Light (II-III),9,39,0.551914591085404,0.6546135468457416,0.5286637616843775,0.5058919853361552,0.8168749435728948,7,0.1794871794871795,5,2
fastscnn_distilled,all,Intermediate (III-IV),17,38,0.7224340929764175,0.8002492993942842,0.1604848308094261,0.7189513871954705,0.8315329676476106,1,0.02631578947368421,1,0
fastscnn_distilled,all,Tan (IV),15,24,0.6558669821225244,0.7616811977530638,0.40048584352760397,0.6394998837366083,0.7736065090994982,2,0.08333333333333333,1,1
fastscnn_distilled,all,Brown (V),12,29,0.7127234540893959,0.7916628068550254,0.23318157752503132,0.6915410741441085,0.8025573938417703,1,0.034482758620689655,0,1
fastscnn_distilled,all,Dark (VI),15,55,0.5758703120739075,0.600987484211735,0.27944991683264797,0.5466213391810764,0.6950331173823894,2,0.03636363636363636,1,1
fastscnn_distilled,D1_D4,Light (II-III),7,23,0.48223345237391674,0.6450123152709359,0.7618908414046393,0.4331230073483885,0.7759943289905498,6,0.2608695652173913,4,2
fastscnn_distilled,D1_D4,Intermediate (III-IV),10,13,0.6339063037465578,0.7786852589641434,0.26834882647567515,0.6740331293328754,0.748893083134434,1,0.07692307692307693,1,0
fastscnn_distilled,D1_D4,Tan (IV),4,8,0.6876433677554129,0.7750530399896824,0.34129420294177326,0.667190122798572,0.7715036071295107,0,0.0,0,0
fastscnn_distilled,D1_D4,Brown (V),3,12,0.6698338844313717,0.7650675878696105,0.17519552105340475,0.6876878975075938,0.6821576715354579,1,0.08333333333333333,0,1
fastscnn_distilled,D1_D4,Dark (VI),8,18,0.5725216196585499,0.5616334772020262,0.331521086681894,0.5875242468058159,0.6027386445055161,0,0.0,0,0
fastscnn_distilled,D5_D10,Light (II-III),6,16,0.6520812279831671,0.7101861835510844,0.24149669070823032,0.6104973911935698,0.8756408270350156,1,0.0625,1,0
fastscnn_distilled,D5_D10,Intermediate (III-IV),11,25,0.7684685433759444,0.8215488215488216,0.17504116964525251,0.7423088812840198,0.8745057075944623,0,0.0,0,0
fastscnn_distilled,D5_D10,Tan (IV),13,16,0.63997878930608,0.7616811977530638,0.46547629308338545,0.6256547642056263,0.7746579600844918,2,0.125,1,1
fastscnn_distilled,D5_D10,Brown (V),10,17,0.7429984444362363,0.8224239620677691,0.26215803932438186,0.6942609635345895,0.8875454331168144,0,0.0,0,0
fastscnn_distilled,D5_D10,Dark (VI),12,37,0.5774994056813786,0.611758488571806,0.24518161661935112,0.5267226273636355,0.7399331312143818,2,0.05405405405405406,1,1
fastscnn_distilled#e981,all,Light (II-III),9,39,0.5226266581691765,0.6179594464113293,0.4384459762412015,0.48574166597880863,0.7800815896747575,5,0.1282051282051282,4,1
fastscnn_distilled#e981,all,Intermediate (III-IV),17,38,0.6716761778271717,0.7200593008770746,0.19547807668136086,0.6232229748748926,0.8487671658824906,1,0.02631578947368421,1,0
fastscnn_distilled#e981,all,Tan (IV),15,24,0.6565315207354219,0.7590767570914104,0.3477089036417228,0.611471430214857,0.7983596966733139,0,0.0,0,0
fastscnn_distilled#e981,all,Brown (V),12,29,0.7225823289320144,0.7503604302983253,0.19946823614850362,0.6677592197873344,0.8658285917146654,0,0.0,0,0
fastscnn_distilled#e981,all,Dark (VI),15,55,0.5703334704424786,0.6334612052963742,0.3230550542415037,0.5452652722731779,0.6964732036888609,2,0.03636363636363636,1,1
fastscnn_distilled#e981,D1_D4,Light (II-III),7,23,0.450547526127754,0.6179594464113293,0.7384996225220405,0.40976010732113805,0.8010829799116717,5,0.21739130434782608,4,1
fastscnn_distilled#e981,D1_D4,Intermediate (III-IV),10,13,0.5646751233499597,0.6778370144706778,0.43316678166249867,0.5582895340103986,0.7628418333943132,1,0.07692307692307693,1,0
fastscnn_distilled#e981,D1_D4,Tan (IV),4,8,0.6999124817790521,0.7590767570914104,0.2081021941760275,0.647304085781718,0.820134685917904,0,0.0,0,0
fastscnn_distilled#e981,D1_D4,Brown (V),3,12,0.7026825086193821,0.7307733829763731,0.08519874660767146,0.6698808109827654,0.8246441973831469,0,0.0,0,0
fastscnn_distilled#e981,D1_D4,Dark (VI),8,18,0.5829559470263607,0.6729330555132704,0.37937232532586906,0.6083414543374654,0.6665409446828154,2,0.1111111111111111,1,1
fastscnn_distilled#e981,D5_D10,Light (II-III),6,16,0.6262404104787211,0.6537999346921639,0.3390689647611723,0.5949651565492099,0.7498920912091934,0,0.0,0,0
fastscnn_distilled#e981,D5_D10,Intermediate (III-IV),11,25,0.7273167261553217,0.7588583265281733,0.19666397446240047,0.6569883641244296,0.8934483387763428,0,0.0,0,0
fastscnn_distilled#e981,D5_D10,Tan (IV),13,16,0.6348410402136067,0.7182326335879252,0.4009768024615847,0.5935551024314263,0.787472202051019,0,0.0,0,0
fastscnn_distilled#e981,D5_D10,Brown (V),10,17,0.7366292609174019,0.8299000611870283,0.22788833992320956,0.6662616260023246,0.8948999288898553,0,0.0,0,0
fastscnn_distilled#e981,D5_D10,Dark (VI),12,37,0.5641928061584279,0.6261121623253754,0.3009410017241099,0.5145795620797404,0.7110348432053155,0,0.0,0,0
fastscnn_rgkd,all,Light (II-III),9,39,0.5988101377978321,0.6797614871974745,0.34637782490721053,0.5841037686804297,0.6503924850969882,3,0.07692307692307693,0,3
fastscnn_rgkd,all,Intermediate (III-IV),17,38,0.688488664848579,0.7534267500559549,0.27559758331863804,0.6670634486090566,0.8022916381764551,1,0.02631578947368421,1,0
fastscnn_rgkd,all,Tan (IV),15,24,0.6327541944780691,0.6501916788117601,0.2770729018138287,0.5849311560057413,0.7652968760122915,0,0.0,0,0
fastscnn_rgkd,all,Brown (V),12,29,0.727039374642436,0.7923691811647746,0.2839434385491777,0.7096837737817776,0.7831063378762821,1,0.034482758620689655,0,1
fastscnn_rgkd,all,Dark (VI),15,55,0.5987613870527818,0.6644377858381959,0.27463820380248427,0.5590675120888082,0.7045154625478628,1,0.01818181818181818,0,1
fastscnn_rgkd,D1_D4,Light (II-III),7,23,0.5292158394801418,0.6692365835222978,0.4898275555074628,0.5264750858598817,0.5672253997319209,3,0.13043478260869565,0,3
fastscnn_rgkd,D1_D4,Intermediate (III-IV),10,13,0.6326722081452131,0.7224320589590051,0.22177076870418466,0.6930977963039818,0.716718032144095,1,0.07692307692307693,1,0
fastscnn_rgkd,D1_D4,Tan (IV),4,8,0.6430507897269371,0.6371273678963111,0.12706429831695387,0.619693710697569,0.7043017077398667,0,0.0,0,0
fastscnn_rgkd,D1_D4,Brown (V),3,12,0.6709331475747001,0.778845700022836,0.3092101330796716,0.6782349101524442,0.6816638010034756,1,0.08333333333333333,0,1
fastscnn_rgkd,D1_D4,Dark (VI),8,18,0.5991958715565804,0.6971575071518606,0.35607283738510587,0.6375238481196859,0.6189911387690251,1,0.05555555555555555,0,1
fastscnn_rgkd,D5_D10,Light (II-III),6,16,0.6988519416295118,0.7204892762853209,0.2556591974849455,0.6669450002349673,0.7699451703092726,0,0.0,0,0
fastscnn_rgkd,D5_D10,Intermediate (III-IV),11,25,0.717513222334329,0.7668804778925721,0.2628803953633524,0.6535255878076955,0.8467899133132823,0,0.0,0,0
fastscnn_rgkd,D5_D10,Tan (IV),13,16,0.627605896853635,0.6724866300535919,0.37685536645671924,0.5675498786598274,0.7957944601485039,0,0.0,0,0
fastscnn_rgkd,D5_D10,Brown (V),10,17,0.7666437702196615,0.8084241971620613,0.2277442648078125,0.7318829716377778,0.8547128344923804,0,0.0,0,0
fastscnn_rgkd,D5_D10,Dark (VI),12,37,0.598550016213096,0.651355583530351,0.2664110105809746,0.5208995648305433,0.7461218903321624,0,0.0,0,0
lraspp_mobilenetv3,all,Light (II-III),9,39,0.7329033090346314,0.8031923136525647,0.17605119114312995,0.745731967127644,0.7716549230456702,1,0.02564102564102564,0,1
lraspp_mobilenetv3,all,Intermediate (III-IV),17,38,0.775844244062311,0.8235622811887982,0.1225063671080282,0.8127433151449457,0.7875236943356958,0,0.0,0,0
lraspp_mobilenetv3,all,Tan (IV),15,24,0.7190573756580646,0.742020237240995,0.24079921869356724,0.7557712576677559,0.7436402636516304,0,0.0,0,0
lraspp_mobilenetv3,all,Brown (V),12,29,0.7737125275563884,0.790713476783692,0.12851372665171323,0.785143663014206,0.8211224526235001,0,0.0,0,0
lraspp_mobilenetv3,all,Dark (VI),15,55,0.7311827387385966,0.7806694333475546,0.22996087976375978,0.7377602183578441,0.7502844623672307,0,0.0,0,0
lraspp_mobilenetv3,D1_D4,Light (II-III),7,23,0.7146263252597066,0.7859495060373216,0.16348398090043337,0.7867267727916516,0.690422031558432,1,0.043478260869565216,0,1
lraspp_mobilenetv3,D1_D4,Intermediate (III-IV),10,13,0.7050887637935446,0.7565362506953458,0.12754516772660052,0.8087264861751987,0.6793974158814963,0,0.0,0,0
lraspp_mobilenetv3,D1_D4,Tan (IV),4,8,0.6536325350675465,0.7209407302540043,0.2814028135722144,0.7072120754242603,0.6421814674760662,0,0.0,0,0
lraspp_mobilenetv3,D1_D4,Brown (V),3,12,0.754327760094471,0.7827167581465612,0.21798474316055438,0.7318685669763371,0.8561427836826853,0,0.0,0,0
lraspp_mobilenetv3,D1_D4,Dark (VI),8,18,0.7173069434221269,0.7756567802616844,0.2664018372459225,0.7252553802966252,0.7386861969514301,0,0.0,0,0
lraspp_mobilenetv3,D5_D10,Light (II-III),6,16,0.7591764732110855,0.8422172682710215,0.18756023751720197,0.6868019339856334,0.8884272045585754,0,0.0,0,0
lraspp_mobilenetv3,D5_D10,Intermediate (III-IV),11,25,0.8126370938020695,0.8331719409691288,0.10855238853486182,0.8148320662092139,0.8437493591318799,0,0.0,0,0
lraspp_mobilenetv3,D5_D10,Tan (IV),13,16,0.7517697959533237,0.7703372801804195,0.24116671558003622,0.7800508487895037,0.7943696617394125,0,0.0,0,0
lraspp_mobilenetv3,D5_D10,Brown (V),10,17,0.7873958928236239,0.8197064989517819,0.10131681940697534,0.8227496131585843,0.7964022189346638,0,0.0,0,0
lraspp_mobilenetv3,D5_D10,Dark (VI),12,37,0.7379331256493116,0.7806694333475546,0.16360938598074304,0.7438436530903294,0.7559268617587012,0,0.0,0,0
lraspp_mobilenetv3#e981,all,Light (II-III),9,39,0.6845097690586469,0.7897069953508488,0.3263877237880026,0.6496451441304719,0.8233948254737548,1,0.02564102564102564,1,0
lraspp_mobilenetv3#e981,all,Intermediate (III-IV),17,38,0.7440167112807509,0.7823198638608528,0.134085500523356,0.7001593020280404,0.8643370152956227,0,0.0,0,0
lraspp_mobilenetv3#e981,all,Tan (IV),15,24,0.686591137349364,0.7254965745546078,0.28264965392169705,0.635822287717361,0.8110492105043624,0,0.0,0,0
lraspp_mobilenetv3#e981,all,Brown (V),12,29,0.7002357047751484,0.7842616103846792,0.2435850441901315,0.6510054247169135,0.8760019533822276,1,0.034482758620689655,1,0
lraspp_mobilenetv3#e981,all,Dark (VI),15,55,0.6800817089023291,0.7315726415585768,0.20841314732708327,0.6375251653351011,0.8023814787100713,0,0.0,0,0
lraspp_mobilenetv3#e981,D1_D4,Light (II-III),7,23,0.6672792622468944,0.8067496986741663,0.33183340100850434,0.6814520516309446,0.7648820940554025,1,0.043478260869565216,1,0
lraspp_mobilenetv3#e981,D1_D4,Intermediate (III-IV),10,13,0.7038015920020786,0.7567789646672145,0.1487669735687024,0.7174406763536427,0.7847138968418749,0,0.0,0,0
lraspp_mobilenetv3#e981,D1_D4,Tan (IV),4,8,0.5953885906710268,0.6984211869127241,0.38435355801296683,0.5398296940243384,0.7157807088599601,0,0.0,0,0
lraspp_mobilenetv3#e981,D1_D4,Brown (V),3,12,0.5893803403560868,0.599091232391689,0.19556575312302205,0.48202940648037923,0.950366270710017,1,0.08333333333333333,1,0
lraspp_mobilenetv3#e981,D1_D4,Dark (VI),8,18,0.6193161358719358,0.6159207923339122,0.23746968426262471,0.5814227953038061,0.8056123017315927,0,0.0,0,0
lraspp_mobilenetv3#e981,D5_D10,Light (II-III),6,16,0.7092786226005408,0.7856444245295574,0.27031517174550745,0.6039227145985426,0.907506876887636,0,0.0,0,0
lraspp_mobilenetv3#e981,D5_D10,Intermediate (III-IV),11,25,0.7649285733056604,0.7835625830226679,0.12830727012110632,0.6911729873787273,0.9057410368915713,0,0.0,0,0
lraspp_mobilenetv3#e981,D5_D10,Tan (IV),13,16,0.7321924106885326,0.7492247721517067,0.23347657981644276,0.6838185845638722,0.8586834613265635,0,0.0,0,0
lraspp_mobilenetv3#e981,D5_D10,Brown (V),10,17,0.7784865502474273,0.8130993735340399,0.0930231965921976,0.7702826140603493,0.823509494092023,0,0.0,0,0
lraspp_mobilenetv3#e981,D5_D10,Dark (VI),12,37,0.7096433390252229,0.7473936367623739,0.1783567156263609,0.6648182102151904,0.8008097269698714,0,0.0,0,0
lraspp_mobilenetv3_b2kd,all,Light (II-III),9,39,0.6848343057299718,0.7969272052826814,0.2573385262891439,0.7001423484243882,0.8210244147991923,1,0.02564102564102564,1,0
lraspp_mobilenetv3_b2kd,all,Intermediate (III-IV),17,38,0.7764070892072815,0.8091881081315676,0.11836114824184862,0.7836311130269744,0.8259482680532749,0,0.0,0,0
lraspp_mobilenetv3_b2kd,all,Tan (IV),15,24,0.7340728970021989,0.777312704852955,0.16378076513678896,0.6885476587657298,0.8548215089048371,0,0.0,0,0
lraspp_mobilenetv3_b2kd,all,Brown (V),12,29,0.7197924474160924,0.7880003488270689,0.2715377557935861,0.679643326763726,0.8652674571141731,0,0.0,0,0
lraspp_mobilenetv3_b2kd,all,Dark (VI),15,55,0.7043055035880574,0.7491560633601662,0.20458494753346912,0.6713978219838623,0.8100225669097565,0,0.0,0,0
lraspp_mobilenetv3_b2kd,D1_D4,Light (II-III),7,23,0.6771015126608076,0.799078947368421,0.2395937767044758,0.7718676513691902,0.7298365079958635,1,0.043478260869565216,1,0
lraspp_mobilenetv3_b2kd,D1_D4,Intermediate (III-IV),10,13,0.7281118303702546,0.7292661915576788,0.17912490824846017,0.7893912107231095,0.736081144577197,0,0.0,0,0
lraspp_mobilenetv3_b2kd,D1_D4,Tan (IV),4,8,0.6307097050836509,0.7743137705776979,0.339209511588476,0.5899778045714833,0.8021720258676077,0,0.0,0,0
lraspp_mobilenetv3_b2kd,D1_D4,Brown (V),3,12,0.6293688325687953,0.6870695317860012,0.23580794667586702,0.5249589716841302,0.9280247188469605,0,0.0,0,0
lraspp_mobilenetv3_b2kd,D1_D4,Dark (VI),8,18,0.635832561787365,0.7080091433317856,0.21783393539477702,0.5873323612747704,0.8257514313039453,0,0.0,0,0
lraspp_mobilenetv3_b2kd,D5_D10,Light (II-III),6,16,0.6959501957668952,0.7951573313153023,0.3055771719741569,0.5970372254412349,0.9521070308289772,0,0.0,0,0
lraspp_mobilenetv3_b2kd,D5_D10,Intermediate (III-IV),11,25,0.8015206238025353,0.8172411280332289,0.07509154385999228,0.7806358622249845,0.8726791722608354,0,0.0,0,0
lraspp_mobilenetv3_b2kd,D5_D10,Tan (IV),13,16,0.7857544929614728,0.7948304198341576,0.17600699838102185,0.7378325858628529,0.8811462504234516,0,0.0,0,0
lraspp_mobilenetv3_b2kd,D5_D10,Brown (V),10,17,0.7836208814259491,0.827068128378172,0.13711983485957946,0.7888322832904993,0.8209682135380878,0,0.0,0,0
lraspp_mobilenetv3_b2kd,D5_D10,Dark (VI),12,37,0.7376166644640701,0.7642916375985573,0.1697257984884859,0.7122945325990964,0.8023706869342052,0,0.0,0,0
lraspp_mobilenetv3_distilled,all,Light (II-III),9,39,0.671392134055194,0.7857980006894174,0.34741292657261935,0.6089195681567516,0.8559294486201916,2,0.05128205128205128,1,1
lraspp_mobilenetv3_distilled,all,Intermediate (III-IV),17,38,0.7401471260524665,0.7945993984140005,0.1976014243343901,0.7014722622146928,0.8638382964373823,1,0.02631578947368421,1,0
lraspp_mobilenetv3_distilled,all,Tan (IV),15,24,0.7168821844569667,0.7720219416691025,0.2610464655168201,0.6933894795624869,0.8065880370462145,0,0.0,0,0
lraspp_mobilenetv3_distilled,all,Brown (V),12,29,0.7249044558741553,0.806630465847385,0.2477569732631929,0.6976447241565625,0.85866136972754,0,0.0,0,0
lraspp_mobilenetv3_distilled,all,Dark (VI),15,55,0.7392480125771138,0.7540494882241876,0.18832288275363762,0.7114726496495214,0.8162410916282575,0,0.0,0,0
lraspp_mobilenetv3_distilled,D1_D4,Light (II-III),7,23,0.651805936030651,0.8266968720048793,0.40622350537859725,0.6280513439434978,0.7887882507278379,2,0.08695652173913043,1,1
lraspp_mobilenetv3_distilled,D1_D4,Intermediate (III-IV),10,13,0.6434536145651375,0.6594648662165541,0.28629484147000617,0.6612343867658544,0.7712068089221261,1,0.07692307692307693,1,0
lraspp_mobilenetv3_distilled,D1_D4,Tan (IV),4,8,0.6426665811879138,0.7512793438718035,0.4159751655962779,0.6268329313138938,0.7074723642273646,0,0.0,0,0
lraspp_mobilenetv3_distilled,D1_D4,Brown (V),3,12,0.6294905382493483,0.6685710048275764,0.3185388655740321,0.5508474459963018,0.9013458742221302,0,0.0,0,0
lraspp_mobilenetv3_distilled,D1_D4,Dark (VI),8,18,0.7093216976407049,0.6933745679741214,0.16809061426576166,0.6689498371343564,0.8242561508986066,0,0.0,0,0
lraspp_mobilenetv3_distilled,D5_D10,Light (II-III),6,16,0.6995472937154749,0.7408685459985335,0.2874616601979606,0.581417640463304,0.9524449205904502,0,0.0,0,0
lraspp_mobilenetv3_distilled,D5_D10,Intermediate (III-IV),11,25,0.7904277520258777,0.7949958982772765,0.11926540136756991,0.7223959574480889,0.9120066699453155,0,0.0,0,0
lraspp_mobilenetv3_distilled,D5_D10,Tan (IV),13,16,0.7539899860914934,0.7720219416691025,0.19508386671646116,0.7266677536867834,0.8561458734556395,0,0.0,0,0
lraspp_mobilenetv3_distilled,D5_D10,Brown (V),10,17,0.7922554565504895,0.8312482468443197,0.07694336870491769,0.801266332269688,0.8285311312607703,0,0.0,0,0
lraspp_mobilenetv3_distilled,D5_D10,Dark (VI),12,37,0.7538067603840157,0.7799851619816998,0.13982155262988716,0.7321594233055477,0.8123418736048446,0,0.0,0,0
lraspp_mobilenetv3_rgkd,all,Light (II-III),9,39,0.6830981375886901,0.7830728398702448,0.3153303840955577,0.6264334697617142,0.8513882865321923,2,0.05128205128205128,1,1
lraspp_mobilenetv3_rgkd,all,Intermediate (III-IV),17,38,0.7499029151739613,0.7890912437949903,0.16447916434927845,0.7100123233697858,0.847671825955952,0,0.0,0,0
lraspp_mobilenetv3_rgkd,all,Tan (IV),15,24,0.737432453683847,0.8057365372149861,0.24921646756485416,0.6840277562133981,0.8459508538457804,0,0.0,0,0
lraspp_mobilenetv3_rgkd,all,Brown (V),12,29,0.7342794087689649,0.7900186133085156,0.20836403372666967,0.6759633849221212,0.8858016656618952,0,0.0,0,0
lraspp_mobilenetv3_rgkd,all,Dark (VI),15,55,0.7259769402459758,0.7586518406334276,0.18148817676358686,0.6756993969290616,0.8254329396573323,0,0.0,0,0
lraspp_mobilenetv3_rgkd,D1_D4,Light (II-III),7,23,0.6449795530101462,0.7995420116258587,0.36774509430143765,0.6279195686904141,0.7873146317069921,2,0.08695652173913043,1,1
lraspp_mobilenetv3_rgkd,D1_D4,Intermediate (III-IV),10,13,0.6775444640559416,0.7235994321284264,0.32518600598965186,0.6708279553380656,0.7678794669356713,0,0.0,0,0
lraspp_mobilenetv3_rgkd,D1_D4,Tan (IV),4,8,0.683351776246413,0.8196243361046769,0.3365227948982582,0.6574961289220664,0.761844514862623,0,0.0,0,0
lraspp_mobilenetv3_rgkd,D1_D4,Brown (V),3,12,0.6556024351134646,0.6734112612204498,0.23981505684227766,0.561061759969087,0.9054369293236167,0,0.0,0,0
lraspp_mobilenetv3_rgkd,D1_D4,Dark (VI),8,18,0.6899172649867129,0.7153961618206159,0.15958671257691803,0.635312228003036,0.8098714835359324,0,0.0,0,0
lraspp_mobilenetv3_rgkd,D5_D10,Light (II-III),6,16,0.7378936029203471,0.7795671910296769,0.21755416518683401,0.6242972025517077,0.9434941653434179,0,0.0,0,0
lraspp_mobilenetv3_rgkd,D5_D10,Intermediate (III-IV),11,25,0.7875293097553318,0.8041519618019515,0.11629644115216753,0.7303881947462801,0.889163852646498,0,0.0,0,0
lraspp_mobilenetv3_rgkd,D5_D10,Tan (IV),13,16,0.7644727924025639,0.7804332403950773,0.21176113569905541,0.6972935698590637,0.888004023337359,0,0.0,0,0
lraspp_mobilenetv3_rgkd,D5_D10,Brown (V),10,17,0.7898160960552006,0.8111064562677466,0.10483144284329449,0.7570704143007334,0.8719414795477387,0,0.0,0,0
lraspp_mobilenetv3_rgkd,D5_D10,Dark (VI),12,37,0.7435194849666983,0.7835261217745011,0.18079298372622776,0.6953472088390197,0.8330033777704456,0,0.0,0,0
medsam_ft__seed0,all,Light (II-III),9,39,0.7408200532028122,0.7792448173741362,0.23946835413974,0.699913846653897,0.8273341947876375,0,0.0,0,0
medsam_ft__seed0,all,Intermediate (III-IV),17,38,0.8159079204139094,0.8295739152046797,0.12705671645524752,0.7341036354112737,0.9510294251892123,0,0.0,0,0
medsam_ft__seed0,all,Tan (IV),15,24,0.6290199258619925,0.7926775218436908,0.6111431222424905,0.5737140141837611,0.796535601058144,1,0.041666666666666664,0,1
medsam_ft__seed0,all,Brown (V),12,29,0.8188830076093171,0.8547072599531615,0.1176478990475911,0.7500721034589033,0.9287116643225055,0,0.0,0,0
medsam_ft__seed0,all,Dark (VI),15,55,0.7368372188941261,0.7647563241389167,0.2000617787314113,0.6449534869374909,0.9085268817955383,0,0.0,0,0
medsam_ft__seed0,D1_D4,Light (II-III),7,23,0.7064447158737599,0.778420523138833,0.23706690194530233,0.6912711257561109,0.767776105492631,0,0.0,0,0
medsam_ft__seed0,D1_D4,Intermediate (III-IV),10,13,0.8643322833764204,0.8846938775510204,0.11011946417895879,0.8261688430993053,0.9222722314034804,0,0.0,0,0
medsam_ft__seed0,D1_D4,Tan (IV),4,8,0.7393477221139724,0.8682670707162915,0.2394980726644511,0.7208880655568252,0.7671493069795562,0,0.0,0,0
medsam_ft__seed0,D1_D4,Brown (V),3,12,0.8638003668777804,0.868410908609903,0.048186363238420515,0.7991324527249395,0.9456427812653976,0,0.0,0,0
medsam_ft__seed0,D1_D4,Dark (VI),8,18,0.7731183452426905,0.807982893519769,0.12942642178702068,0.7199263851729576,0.853794244498069,0,0.0,0,0
medsam_ft__seed0,D5_D10,Light (II-III),6,16,0.7902346006133247,0.8060925035657178,0.22408829323519575,0.7123377579444647,0.9129489481492095,0,0.0,0,0
medsam_ft__seed0,D5_D10,Intermediate (III-IV),11,25,0.7907272516734034,0.806510473688052,0.08144428411329852,0.6862297274134973,0.965983165957793,0,0.0,0,0
medsam_ft__seed0,D5_D10,Tan (IV),13,16,0.5738560277360025,0.5222284524469649,0.6420172325607637,0.500126988497229,0.811228748097438,1,0.0625,0,1
medsam_ft__seed0,D5_D10,Brown (V),10,17,0.7871766363609902,0.8217782217782218,0.1391897778101564,0.7154412686828775,0.9167602876569347,0,0.0,0,0
medsam_ft__seed0,D5_D10,Dark (VI),12,37,0.7191869412110405,0.7194842752138811,0.18528764174534595,0.6084801850932101,0.9351535702105236,0,0.0,0,0
medsam_ft__seed0#c827,all,Light (II-III),7,31,0.7831365885864857,0.8241071969926635,0.184684769669618,0.8491937095114515,0.7693889436009356,0,0.0,0,0
medsam_ft__seed0#c827,all,Intermediate (III-IV),12,46,0.826916890582211,0.8613658347204103,0.11441752589316145,0.8701439660780299,0.8151105267762808,0,0.0,0,0
medsam_ft__seed0#c827,all,Tan (IV),11,21,0.7997685768222583,0.8554849785407725,0.16939879996154328,0.838472531637666,0.7863899699974739,1,0.047619047619047616,0,1
medsam_ft__seed0#c827,all,Brown (V),4,7,0.7922310342158537,0.8182438103231221,0.07517962006592183,0.7737862366784508,0.8315848606311654,0,0.0,0,0
medsam_ft__seed0#c827,all,Dark (VI),8,28,0.784670727515044,0.8246480701760341,0.13890127835754673,0.8068088364791112,0.7855246237204796,0,0.0,0,0
medsam_ft__seed0#c827,D1_D4,Light (II-III),4,15,0.8099793630667705,0.8241071969926635,0.16066644354498127,0.9322234566924948,0.7392772991859257,0,0.0,0,0
medsam_ft__seed0#c827,D1_D4,Intermediate (III-IV),5,14,0.8435863297222215,0.8438879602479876,0.09981286254355448,0.917464817501896,0.804135212444213,0,0.0,0,0
medsam_ft__seed0#c827,D1_D4,Tan (IV),6,9,0.768163559540941,0.8743489118801284,0.10181250501007999,0.7986499188017643,0.7429587461048711,1,0.1111111111111111,0,1
medsam_ft__seed0#c827,D1_D4,Brown (V),1,2,0.7914580908475415,0.7914580908475415,0.038051306272302354,0.897147941467298,0.7080580663157796,0,0.0,0,0
medsam_ft__seed0#c827,D1_D4,Dark (VI),2,13,0.8064626374702013,0.8252576189432143,0.08341546814654033,0.8541219078328501,0.7871765143161273,0,0.0,0,0
medsam_ft__seed0#c827,D5_D10,Light (II-III),7,16,0.7579714875112185,0.8219330693533127,0.22049404046171373,0.7713533215292232,0.7976186102400069,0,0.0,0,0
medsam_ft__seed0#c827,D5_D10,Intermediate (III-IV),11,32,0.8196240109584563,0.8643407144366925,0.11410579435918267,0.8494410935800885,0.8199122267965601,0,0.0,0,0
medsam_ft__seed0#c827,D5_D10,Tan (IV),8,12,0.8234723397832466,0.8498874255725071,0.12668022959173508,0.8683394912645923,0.8189633879169259,0,0.0,0,0
medsam_ft__seed0#c827,D5_D10,Brown (V),3,5,0.7925402115631787,0.8182438103231221,0.07425662758723894,0.7244415547629119,0.8809955783573196,0,0.0,0,0
medsam_ft__seed0#c827,D5_D10,Dark (VI),7,15,0.7657844055539074,0.8240385214088541,0.15437757848026468,0.7658041746392044,0.7840929852042514,0,0.0,0,0
medsam_ft__seed1,all,Light (II-III),9,39,0.7039068778860282,0.7771320277953253,0.30564298926290456,0.612173934835954,0.938613329849716,2,0.05128205128205128,2,0
medsam_ft__seed1,all,Intermediate (III-IV),17,38,0.805018870420518,0.8652358830004541,0.12687141453083606,0.7361052371416686,0.9394939662505566,0,0.0,0,0
medsam_ft__seed1,all,Tan (IV),15,24,0.6566751591302081,0.7560246176077637,0.5006738842023519,0.6011686239125285,0.8155213238295432,1,0.041666666666666664,0,1
medsam_ft__seed1,all,Brown (V),12,29,0.7863248735511321,0.8445765918832298,0.18201586105873757,0.7407589551120354,0.8886203230227981,0,0.0,0,0
medsam_ft__seed1,all,Dark (VI),15,55,0.7486904565802309,0.7970080552359033,0.19796987032928437,0.6718978720694446,0.8905477474201104,0,0.0,0,0
medsam_ft__seed1,D1_D4,Light (II-III),7,23,0.6635418169908158,0.7431023911710607,0.31989131487189215,0.5704194048937031,0.9414299987341508,2,0.08695652173913043,2,0
medsam_ft__seed1,D1_D4,Intermediate (III-IV),10,13,0.7992683705372611,0.8743981755215812,0.08118193391876172,0.7225392998793402,0.9414499049401587,0,0.0,0,0
medsam_ft__seed1,D1_D4,Tan (IV),4,8,0.6759928101337493,0.8687875526494191,0.4172533600720153,0.6410328955026393,0.740453500353029,1,0.125,0,1
medsam_ft__seed1,D1_D4,Brown (V),3,12,0.8008298435566835,0.8508414739679082,0.037586634545616726,0.7237382740949032,0.9349328476800539,0,0.0,0,0
medsam_ft__seed1,D1_D4,Dark (VI),8,18,0.7653829011845238,0.8053820423618088,0.21013820122156202,0.6970629424571426,0.877995609099989,0,0.0,0,0
medsam_ft__seed1,D5_D10,Light (II-III),6,16,0.761931652922896,0.8207038894788463,0.23142691579382324,0.6721960716279397,0.9345643683283412,0,0.0,0,0
medsam_ft__seed1,D5_D10,Intermediate (III-IV),11,25,0.8080091303598117,0.8617430310797821,0.14460035852757147,0.7431595245180794,0.9384768781319637,0,0.0,0,0
medsam_ft__seed1,D5_D10,Tan (IV),13,16,0.6470163336284375,0.7096410832673161,0.49241238775093504,0.5812364881174731,0.8530552355678005,0,0.0,0,0
medsam_ft__seed1,D5_D10,Brown (V),10,17,0.7760860711942723,0.775882513910426,0.20393179046953147,0.7527735534770699,0.8559291291470881,0,0.0,0,0
medsam_ft__seed1,D5_D10,Dark (VI),12,37,0.7405698078538182,0.779866740228324,0.1837109841588922,0.6596554053943481,0.8966541930893588,0,0.0,0,0
medsam_ft__seed1#c827,all,Light (II-III),7,31,0.7551191935390399,0.8061654608367411,0.16030909398507853,0.8001672881453432,0.7657451187361353,0,0.0,0,0
medsam_ft__seed1#c827,all,Intermediate (III-IV),12,46,0.8086475159266066,0.8563888792760959,0.14735194709824262,0.845569100313339,0.8160159404368436,0,0.0,0,0
medsam_ft__seed1#c827,all,Tan (IV),11,21,0.7802991440477742,0.8445221244854493,0.1579463350340028,0.8382340551540053,0.7553063457219158,1,0.047619047619047616,0,1
medsam_ft__seed1#c827,all,Brown (V),4,7,0.7573940462986561,0.7889589435535919,0.11160101527950872,0.7900305123468218,0.7421129935523896,0,0.0,0,0
medsam_ft__seed1#c827,all,Dark (VI),8,28,0.7598813019972269,0.7923124112817599,0.13005147511616788,0.8330245505668653,0.7272320586343733,0,0.0,0,0
medsam_ft__seed1#c827,D1_D4,Light (II-III),4,15,0.7916037329347643,0.820627802690583,0.15728948109498497,0.8724948269781542,0.7553383466834993,0,0.0,0,0
medsam_ft__seed1#c827,D1_D4,Intermediate (III-IV),5,14,0.8278395541474114,0.8596914194605783,0.11504793107274203,0.8511405497222624,0.8320553964048811,0,0.0,0,0
medsam_ft__seed1#c827,D1_D4,Tan (IV),6,9,0.7448773117784874,0.8424028268551237,0.15939079522615063,0.7960361987143909,0.713449916749869,1,0.1111111111111111,0,1
medsam_ft__seed1#c827,D1_D4,Brown (V),1,2,0.7307515297812363,0.7307515297812363,0.08427012510820986,0.8785861078738506,0.6255384808161613,0,0.0,0,0
medsam_ft__seed1#c827,D1_D4,Dark (VI),2,13,0.7351350721781191,0.7802020443541156,0.1475764736536006,0.8076586284511698,0.7120559335081251,0,0.0,0,0
medsam_ft__seed1#c827,D5_D10,Light (II-III),7,16,0.7209149378555479,0.792737058999561,0.1980558100635359,0.7323602204895834,0.7755014675354819,0,0.0,0,0
medsam_ft__seed1#c827,D5_D10,Intermediate (III-IV),11,32,0.8002509992050042,0.8535950671746564,0.15383132863968563,0.843131591196935,0.8089986784508274,0,0.0,0,0
medsam_ft__seed1#c827,D5_D10,Tan (IV),8,12,0.8068655182497393,0.845003637992687,0.10485332331083308,0.869882447483716,0.7866986674509507,0,0.0,0,0
medsam_ft__seed1#c827,D5_D10,Brown (V),3,5,0.768051052905624,0.7889589435535919,0.05466178034259783,0.7546082741360103,0.7887427986468809,0,0.0,0,0
medsam_ft__seed1#c827,D5_D10,Dark (VI),7,15,0.7813280345071202,0.8120945036112132,0.12443107128778097,0.8550083497338012,0.740384700410455,0,0.0,0,0
medsam_ft__seed2,all,Light (II-III),9,39,0.6840125660025652,0.7557848194546795,0.24132291147747043,0.5985208538670765,0.8597478699348884,2,0.05128205128205128,0,2
medsam_ft__seed2,all,Intermediate (III-IV),17,38,0.8104036887682193,0.8373267015325118,0.11159200246107837,0.7606855941716693,0.9085094247388881,0,0.0,0,0
medsam_ft__seed2,all,Tan (IV),15,24,0.6538523943757533,0.7231910652029979,0.28174532616687575,0.6006419435238995,0.7808129744308049,0,0.0,0,0
medsam_ft__seed2,all,Brown (V),12,29,0.7800403078618882,0.79961786481968,0.1532002385293375,0.7539055396757336,0.8563737248150419,0,0.0,0,0
medsam_ft__seed2,all,Dark (VI),15,55,0.7354899714338383,0.7988788856803125,0.2237763245461193,0.6851589633478831,0.832207006642223,0,0.0,0,0
medsam_ft__seed2,D1_D4,Light (II-III),7,23,0.6273165257766001,0.7168782822575284,0.37045184056058106,0.5390739688646378,0.8065933852883107,2,0.08695652173913043,0,2
medsam_ft__seed2,D1_D4,Intermediate (III-IV),10,13,0.7727394537030524,0.798424042514202,0.17862317862317856,0.7293723549853829,0.8919991297089034,0,0.0,0,0
medsam_ft__seed2,D1_D4,Tan (IV),4,8,0.6252110765904204,0.7572117967137145,0.23387866654286116,0.568470513156613,0.7016707966381477,0,0.0,0,0
medsam_ft__seed2,D1_D4,Brown (V),3,12,0.7928458105495958,0.8235357824789408,0.08094393029831659,0.6993842609659918,0.9393545451962325,0,0.0,0,0
medsam_ft__seed2,D1_D4,Dark (VI),8,18,0.7304887045520095,0.8100806433858588,0.16670746269882641,0.6870526231231199,0.8126819275566314,0,0.0,0,0
medsam_ft__seed2,D5_D10,Light (II-III),6,16,0.76551312382739,0.8012423140022366,0.2199015253343115,0.6839757510580821,0.9361574416143437,0,0.0,0,0
medsam_ft__seed2,D5_D10,Intermediate (III-IV),11,25,0.8299890910021063,0.8449515850375668,0.09455816450574772,0.7769684785485381,0.9170947781544799,0,0.0,0,0
medsam_ft__seed2,D5_D10,Tan (IV),13,16,0.6681730532684197,0.6987386776345773,0.3689519347085829,0.6167276587075428,0.8203840633271334,0,0.0,0,0
medsam_ft__seed2,D5_D10,Brown (V),10,17,0.7710011294940945,0.7615183482102605,0.18463739536951784,0.7923911481767278,0.7977990280753778,0,0.0,0,0
medsam_ft__seed2,D5_D10,Dark (VI),12,37,0.7379230201871604,0.7986295248026217,0.23062110510822598,0.6842377234572271,0.8417056937649434,0,0.0,0,0
medsam_ft__seed2#c827,all,Light (II-III),7,31,0.7643780569272626,0.8000748316288351,0.20224081377283487,0.8373993946124685,0.7500556846135337,0,0.0,0,0
medsam_ft__seed2#c827,all,Intermediate (III-IV),12,46,0.8051659648673469,0.8491504814689156,0.14672294182142065,0.8700071484972456,0.7763332802275734,0,0.0,0,0
medsam_ft__seed2#c827,all,Tan (IV),11,21,0.7301448920943878,0.770663153271849,0.16533297682156645,0.8049450761674661,0.7095581984987295,0,0.0,0,0
medsam_ft__seed2#c827,all,Brown (V),4,7,0.7507073625591646,0.7858541458541458,0.0970874791427091,0.8042650871247962,0.7264565421869228,0,0.0,0,0
medsam_ft__seed2#c827,all,Dark (VI),8,28,0.7232385806736576,0.7640104945463626,0.13916357527798673,0.7685861755070961,0.7243041609699269,0,0.0,0,0
medsam_ft__seed2#c827,D1_D4,Light (II-III),4,15,0.7846099262316577,0.8118496918284843,0.19830180712160717,0.8908350410221791,0.7347281550251629,0,0.0,0,0
medsam_ft__seed2#c827,D1_D4,Intermediate (III-IV),5,14,0.8034452655670388,0.8321380381707519,0.10814318049854743,0.8372484512024753,0.8061957331627719,0,0.0,0,0
medsam_ft__seed2#c827,D1_D4,Tan (IV),6,9,0.6570083003868469,0.742911281044867,0.13571882763154797,0.7333555675358104,0.6492134525537598,0,0.0,0,0
medsam_ft__seed2#c827,D1_D4,Brown (V),1,2,0.7884635688639754,0.7884635688639754,0.10971009342375293,0.9662870822856628,0.6810793781753887,0,0.0,0,0
medsam_ft__seed2#c827,D1_D4,Dark (VI),2,13,0.7175801492568292,0.7438219075498672,0.0973845577207092,0.7651853269715202,0.7172466814955765,0,0.0,0,0
medsam_ft__seed2#c827,D5_D10,Light (II-III),7,16,0.745410679454392,0.7662210595314685,0.20976536119632927,0.7873034761033648,0.7644252436026311,0,0.0,0,0
medsam_ft__seed2#c827,D5_D10,Intermediate (III-IV),11,32,0.8059187708112321,0.8576825606034673,0.14877412623901698,0.8843390785637075,0.7632684570684238,0,0.0,0,0
medsam_ft__seed2#c827,D5_D10,Tan (IV),8,12,0.7849973358750435,0.8422991777098463,0.1551538877539126,0.8586372076412082,0.7548167579574566,0,0.0,0,0
medsam_ft__seed2#c827,D5_D10,Brown (V),3,5,0.7356048800372402,0.7858541458541458,0.04606310247017664,0.7394562890604494,0.7446074077915366,0,0.0,0,0
medsam_ft__seed2#c827,D5_D10,Dark (VI),7,15,0.7281425545682424,0.7939919557566616,0.1381979968506888,0.771533577571262,0.7304206431810306,0,0.0,0,0
medsiglip_g28,all,Light (II-III),7,31,0.4013832956933905,0.4006463927304238,0.30825451324252506,0.4702312713891162,0.4260253337145269,1,0.03225806451612903,0,1
medsiglip_g28,all,Intermediate (III-IV),12,46,0.5350220070666573,0.5190354021224468,0.38014857365111443,0.6118341658976265,0.5129076143280359,1,0.021739130434782608,0,1
medsiglip_g28,all,Tan (IV),11,21,0.49336095743819963,0.5145405556071727,0.35056793460118163,0.6339123375839334,0.43946934512593055,0,0.0,0,0
medsiglip_g28,all,Brown (V),4,7,0.43632729998073433,0.4704107887498891,0.25364282977434527,0.5582837696775927,0.4005016701178206,0,0.0,0,0
medsiglip_g28,all,Dark (VI),8,28,0.4323753115308905,0.38649535714100475,0.26574773908299687,0.526362549608205,0.4280790345963364,0,0.0,0,0
medsiglip_g28,D1_D4,Light (II-III),4,15,0.3609507279428294,0.3332592592592592,0.3527537010544987,0.45382076630171914,0.3619345703216289,1,0.06666666666666667,0,1
medsiglip_g28,D1_D4,Intermediate (III-IV),5,14,0.4590140337105442,0.49529747461875423,0.27324669476234154,0.49697552182562676,0.45651848963182357,1,0.07142857142857142,0,1
medsiglip_g28,D1_D4,Tan (IV),6,9,0.35758971121167243,0.317101843831209,0.23988048144153612,0.49947681429416224,0.32965244473539795,0,0.0,0,0
medsiglip_g28,D1_D4,Brown (V),1,2,0.1847866010305752,0.1847866010305752,0.0575808916744463,0.45051544016922906,0.13258784553320346,0,0.0,0,0
medsiglip_g28,D1_D4,Dark (VI),2,13,0.32985127989398444,0.3264433357091946,0.10044959423545957,0.41435634103553165,0.3210378621031432,0,0.0,0,0
medsiglip_g28,D5_D10,Light (II-III),7,16,0.4392888279595415,0.4119235313292914,0.2161366153950186,0.4856161199085507,0.4861104243953689,0,0.0,0,0
medsiglip_g28,D5_D10,Intermediate (III-IV),11,32,0.5682754954099567,0.5594531641181268,0.3985933930243497,0.6620848226791264,0.5375778563826288,0,0.0,0,0
medsiglip_g28,D5_D10,Tan (IV),8,12,0.595189392108095,0.6302211491566141,0.33282321738138326,0.7347389800512617,0.52183202041883,0,0.0,0,0
medsiglip_g28,D5_D10,Brown (V),3,5,0.536943579560798,0.5784305402269576,0.11823861156299115,0.6013911014809382,0.5076671999516675,0,0.0,0,0
medsiglip_g28,D5_D10,Dark (VI),7,15,0.5212294722828756,0.570057883478042,0.27042083117741395,0.6234345970378554,0.5208480507571038,0,0.0,0,0
medsiglip_probe,all,Light (II-III),7,31,0.39199876047154514,0.3706938133076083,0.2326510658404214,0.4637442713848803,0.4023409714403752,0,0.0,0,0
medsiglip_probe,all,Intermediate (III-IV),12,46,0.5675008219979113,0.587318075504019,0.3638768008302596,0.6494435444137491,0.5456864073463147,1,0.021739130434782608,0,1
medsiglip_probe,all,Tan (IV),11,21,0.5174538310910943,0.5214194373401535,0.36644529544465326,0.6691046221613145,0.44534091790860647,0,0.0,0,0
medsiglip_probe,all,Brown (V),4,7,0.49438573958332366,0.5599329874621704,0.16930448488087102,0.6015249722475867,0.4701034235071469,0,0.0,0,0
medsiglip_probe,all,Dark (VI),8,28,0.4703817438499191,0.4587987384139435,0.2381675768307694,0.5291903432233146,0.49629240385746254,0,0.0,0,0
medsiglip_probe,D1_D4,Light (II-III),4,15,0.34233905817146304,0.3131568703775788,0.27563562157983273,0.4191364379282279,0.3551882643908126,0,0.0,0,0
medsiglip_probe,D1_D4,Intermediate (III-IV),5,14,0.5056113851566825,0.504273792241781,0.25281228832471303,0.5558554218575846,0.5028196399058661,1,0.07142857142857142,0,1
medsiglip_probe,D1_D4,Tan (IV),6,9,0.38854390732596017,0.3165942658557776,0.26069610525684606,0.5566090785607988,0.31259949431496503,0,0.0,0,0
medsiglip_probe,D1_D4,Brown (V),1,2,0.24279415983230151,0.24279415983230151,0.04118911970629843,0.48082105355507143,0.180288648921034,0,0.0,0,0
medsiglip_probe,D1_D4,Dark (VI),2,13,0.360869992436033,0.3859021379372037,0.1081738313616078,0.40142950183259696,0.4024697470156196,0,0.0,0,0
medsiglip_probe,D5_D10,Light (II-III),7,16,0.43855473137787204,0.42805162347033743,0.19922067122831022,0.505564115250492,0.44654663429934005,0,0.0,0,0
medsiglip_probe,D5_D10,Intermediate (III-IV),11,32,0.5945774506159489,0.6198525240336075,0.37580436104522696,0.6903883480320709,0.5644406181015111,0,0.0,0,0
medsiglip_probe,D5_D10,Tan (IV),8,12,0.614136273914945,0.6114686067063961,0.27219335787595117,0.7534762798617013,0.5448969856038374,0,0.0,0,0
medsiglip_probe,D5_D10,Brown (V),3,5,0.5950223714837325,0.5802943906643682,0.03441474837010039,0.6498065397245928,0.5860293333415921,0,0.0,0,0
medsiglip_probe,D5_D10,Dark (VI),7,15,0.5652919284086202,0.5965673702899981,0.19241036397617284,0.6399164057619369,0.5776053731203932,0,0.0,0,0
pixel_g20,all,Light (II-III),7,31,0.09305649238325349,0.0953445158698272,0.13036907399021774,0.6055884343315336,0.05236904704603074,9,0.2903225806451613,0,9
pixel_g20,all,Intermediate (III-IV),12,46,0.16415991703236749,0.1195008671599725,0.20540500547886253,0.8331012781768633,0.09738213339263599,3,0.06521739130434782,0,3
pixel_g20,all,Tan (IV),11,21,0.15295992842926634,0.0987137845913992,0.10954566552762549,0.9093505028728929,0.09408772195491519,0,0.0,0,0
pixel_g20,all,Brown (V),4,7,0.11869823739188057,0.1431112029005461,0.07469458345452365,0.856925575225287,0.06458373065312178,1,0.14285714285714285,0,1
pixel_g20,all,Dark (VI),8,28,0.16106503060427038,0.1115061942924976,0.07879295114676577,0.9446388550927408,0.09305887120587253,1,0.03571428571428571,0,1
pixel_g20,D1_D4,Light (II-III),4,15,0.06396863373870239,0.0715396841500118,0.1100490420759518,0.5493511410598664,0.03502010064647568,5,0.3333333333333333,0,5
pixel_g20,D1_D4,Intermediate (III-IV),5,14,0.07922838165975962,0.065975968358235,0.05662173279538685,0.9821063394683026,0.041658249770493094,0,0.0,0,0
pixel_g20,D1_D4,Tan (IV),6,9,0.06065376137405338,0.0558988654528441,0.018956833736183204,1.0,0.03135108852566826,0,0.0,0,0
pixel_g20,D1_D4,Brown (V),1,2,0.07520321629448595,0.07520321629448595,0.0028829450810050616,1.0,0.0390730614798048,0,0.0,0,0
pixel_g20,D1_D4,Dark (VI),2,13,0.09446811647592053,0.0986113906218555,0.0322680573727141,0.99963597687087,0.049765597045470795,0,0.0,0,0
pixel_g20,D5_D10,Light (II-III),7,16,0.12032635986252015,0.10973905211202675,0.13508830172334757,0.6583108967737217,0.0686336842956136,4,0.25,0,4
pixel_g20,D5_D10,Intermediate (III-IV),11,32,0.20131746375788342,0.16936064179910165,0.2270274775596236,0.7679115638618588,0.12176133247732351,3,0.09375,0,3
pixel_g20,D5_D10,Tan (IV),8,12,0.22218955372067606,0.1616740511275378,0.1504847874216817,0.841363380027563,0.1411401970268504,0,0.0,0,0
pixel_g20,D5_D10,Brown (V),3,5,0.1360962458308384,0.1445442104209085,0.012140186176564594,0.7996958053154019,0.07478799832244858,1,0.2,0,1
pixel_g20,D5_D10,Dark (VI),7,15,0.21878235618217345,0.1745391106895859,0.21214419235171017,0.8969746828850288,0.130579708811554,1,0.06666666666666667,0,1
pixel_g28,all,Light (II-III),7,31,0.0913630932418313,0.0901376843778489,0.11372670226640244,0.6068859249920434,0.051570571445236434,8,0.25806451612903225,0,8
pixel_g28,all,Intermediate (III-IV),12,46,0.15978271395578014,0.1153909964880572,0.1927238424419793,0.8320377003124283,0.0942633709915874,3,0.06521739130434782,0,3
pixel_g28,all,Tan (IV),11,21,0.14867818513997383,0.0973846617235213,0.10409234230900469,0.9085344431609025,0.09046897204689597,0,0.0,0,0
pixel_g28,all,Brown (V),4,7,0.11771313624342715,0.1403021494554675,0.073703279014535,0.8569713187868808,0.06400316693788556,1,0.14285714285714285,0,1
pixel_g28,all,Dark (VI),8,28,0.158407828696352,0.1085242910036707,0.08023940040019202,0.94617377614063,0.09133658287993084,1,0.03571428571428571,0,1
pixel_g28,D1_D4,Light (II-III),4,15,0.06421937471120569,0.0684855008538431,0.0932723387044288,0.5586245337408706,0.035753939819963255,4,0.26666666666666666,0,4
pixel_g28,D1_D4,Intermediate (III-IV),5,14,0.07642339321529687,0.06418629096441911,0.05770303180390861,0.984434341221151,0.04007877324832674,0,0.0,0,0
pixel_g28,D1_D4,Tan (IV),6,9,0.059932188298787735,0.0560460877680757,0.0204321132436779,1.0,0.030966721758071067,0,0.0,0,0
pixel_g28,D1_D4,Brown (V),1,2,0.0749735521298692,0.0749735521298692,0.0029956228474652957,1.0,0.038949280622805296,0,0.0,0,0
pixel_g28,D1_D4,Dark (VI),2,13,0.09238358863277339,0.0960511551824363,0.03266487775136259,0.9997317501738097,0.04859615603583733,0,0.0,0,0
pixel_g28,D5_D10,Light (II-III),7,16,0.11681032936429275,0.106817785944871,0.13408511661866337,0.6521309792900178,0.06639866359393004,4,0.25,0,4
pixel_g28,D5_D10,Intermediate (III-IV),11,32,0.19625241677974153,0.16841518332545236,0.22265957950521803,0.7653641699148621,0.11796913250426394,3,0.09375,0,3
pixel_g28,D5_D10,Tan (IV),8,12,0.21523768277086344,0.1571694796388048,0.14485935078738554,0.8399352755315795,0.13509565976351462,0,0.0,0,0
pixel_g28,D5_D10,Brown (V),3,5,0.13480896988885033,0.1431206001916911,0.013930912641649779,0.799759846301633,0.07402472146391767,1,0.2,0,1
pixel_g28,D5_D10,Dark (VI),7,15,0.2156288367514535,0.1732426303854875,0.21089710879412668,0.8997568653118744,0.12837828614481187,1,0.06666666666666667,0,1
pixel_g37,all,Light (II-III),7,31,0.08471476541010539,0.0477014511351778,0.1250123801775279,0.5437293690148941,0.048567311702558,8,0.25806451612903225,0,8
pixel_g37,all,Intermediate (III-IV),12,46,0.1653778691618513,0.1081376299199314,0.19462963684847068,0.8062343234737632,0.10128533559059809,4,0.08695652173913043,0,4
pixel_g37,all,Tan (IV),11,21,0.15701463454635378,0.0950736389003591,0.10344353044626942,0.9015438216544245,0.09937481672351016,0,0.0,0,0
pixel_g37,all,Brown (V),4,7,0.1159405906567944,0.1386690348004662,0.07335537239884249,0.8571428571428571,0.06296626445771135,1,0.14285714285714285,0,1
pixel_g37,all,Dark (VI),8,28,0.15225134808595467,0.102685266853178,0.08094029868269802,0.9400001628121889,0.08752805576540888,1,0.03571428571428571,0,1
pixel_g37,D1_D4,Light (II-III),4,15,0.046657249261645,0.0300186647226401,0.07705705327994726,0.4784612042281099,0.025861753398509036,4,0.26666666666666666,0,4
pixel_g37,D1_D4,Intermediate (III-IV),5,14,0.07249246991357237,0.0618522510761999,0.03496481660044517,0.9572743207712533,0.037979700389322836,0,0.0,0,0
pixel_g37,D1_D4,Tan (IV),6,9,0.05896166612041455,0.0544941828782451,0.020382894094707497,1.0,0.030447539756078265,0,0.0,0,0
pixel_g37,D1_D4,Brown (V),1,2,0.07323002226010475,0.07323002226010475,0.0028422733967606306,1.0,0.038008882869574906,0,0.0,0,0
pixel_g37,D1_D4,Dark (VI),2,13,0.08638363414038021,0.0910249758184881,0.032343116029756105,0.9824232749044038,0.04530668495572727,0,0.0,0,0
pixel_g37,D5_D10,Light (II-III),7,16,0.120393686799287,0.11388607464449879,0.12678525210973332,0.6049182735025042,0.06985377261260389,4,0.25,0,4
pixel_g37,D5_D10,Intermediate (III-IV),11,32,0.2060152313329733,0.16472697448876225,0.22985609791239783,0.7401543246561115,0.12898155099115605,4,0.125,0,4
pixel_g37,D5_D10,Tan (IV),8,12,0.2305543608658082,0.15428053995395585,0.16591984657496184,0.8277016878952429,0.15107027444908408,0,0.0,0,0
pixel_g37,D5_D10,Brown (V),3,5,0.13302481801547028,0.1404851968881997,0.014016557629228599,0.8,0.07294921709296592,1,0.2,0,1
pixel_g37,D5_D10,Dark (VI),7,15,0.2093367001721192,0.1666820928479816,0.20864324638785497,0.9032334656656026,0.12411991046713294,1,0.06666666666666667,0,1
pixel_g40,all,Light (II-III),7,31,0.11480798137206005,0.0633679733441242,0.1432226456324372,0.501556434565815,0.07273382493617457,12,0.3870967741935484,0,12
pixel_g40,all,Intermediate (III-IV),12,46,0.16884329748003116,0.0966771579243626,0.20585289797358855,0.7183249581759384,0.11236647066475115,5,0.10869565217391304,0,5
pixel_g40,all,Tan (IV),11,21,0.17955875779972713,0.1058925186754376,0.09111784947625762,0.8712826655937236,0.1260314618729256,1,0.047619047619047616,0,1
pixel_g40,all,Brown (V),4,7,0.12675598836530175,0.1454120523032081,0.08690635807837208,0.8562051141301862,0.06928169812573776,1,0.14285714285714285,0,1
pixel_g40,all,Dark (VI),8,28,0.133893290701969,0.09585074390358764,0.10885485474609759,0.69358699557188,0.07902058934504876,2,0.07142857142857142,0,2
pixel_g40,D1_D4,Light (II-III),4,15,0.06438432672100779,0.0006030756859985,0.0833549564940778,0.4218309497661927,0.03718976638198656,7,0.4666666666666667,0,7
pixel_g40,D1_D4,Intermediate (III-IV),5,14,0.07975583533202438,0.0763897773615347,0.032346472465029544,0.9297856412503652,0.0419644509200634,0,0.0,0,0
pixel_g40,D1_D4,Tan (IV),6,9,0.06862680266250104,0.0710233881502424,0.017080078875975,1.0,0.03561418022806026,0,0.0,0,0
pixel_g40,D1_D4,Brown (V),1,2,0.08202563797827564,0.08202563797827564,0.002417258957657445,1.0,0.0427684626103734,0,0.0,0,0
pixel_g40,D1_D4,Dark (VI),2,13,0.07331450220541201,0.0745992671665664,0.056854023740244904,0.7013901207024821,0.038903862685816505,0,0.0,0,0
pixel_g40,D5_D10,Light (II-III),7,16,0.16208015760742153,0.12572480708984646,0.1533933860346075,0.576299076565461,0.10605637983072583,5,0.3125,0,5
pixel_g40,D5_D10,Intermediate (III-IV),11,32,0.20781906216978413,0.11818668711352684,0.296519336480265,0.6258109093308768,0.14316735430305205,5,0.15625,0,5
pixel_g40,D5_D10,Tan (IV),8,12,0.2627577241526466,0.160227027608137,0.13820053518892061,0.774744664789016,0.19384442310657465,1,0.08333333333333333,0,1
pixel_g40,D5_D10,Brown (V),3,5,0.14464812852011216,0.1562892223738062,0.03616271743628108,0.7986871597822607,0.0798869923318835,1,0.2,0,1
pixel_g40,D5_D10,Dark (VI),7,15,0.18639490739898507,0.1153789427108573,0.274477685731382,0.6868242871253579,0.11378841911638336,2,0.13333333333333333,0,2
ppmobileseg_tiny,all,Light (II-III),9,39,0.6175059707584143,0.7127659574468085,0.31898580205426275,0.5629294025528472,0.8721325851476286,3,0.07692307692307693,3,0
ppmobileseg_tiny,all,Intermediate (III-IV),17,38,0.6953737805915349,0.7718291741314149,0.15076832938670415,0.6535796496731243,0.8641857862488579,0,0.0,0,0
ppmobileseg_tiny,all,Tan (IV),15,24,0.5858109022118557,0.600912207957813,0.23490431734599027,0.5129592880015849,0.8260964130402234,1,0.041666666666666664,1,0
ppmobileseg_tiny,all,Brown (V),12,29,0.708545460916098,0.7780689655172414,0.13266017886863968,0.6961430187545233,0.7854218494002915,2,0.06896551724137931,1,1
ppmobileseg_tiny,all,Dark (VI),15,55,0.6333414152768534,0.7030932216252315,0.28833831942110716,0.6044009954571498,0.7473077436749519,1,0.01818181818181818,1,0
ppmobileseg_tiny,D1_D4,Light (II-III),7,23,0.5661178944956962,0.7255868348508896,0.4641282074147638,0.5416731779335172,0.8709210831660341,3,0.13043478260869565,3,0
ppmobileseg_tiny,D1_D4,Intermediate (III-IV),10,13,0.6622417101985918,0.7179609337779895,0.219831229859487,0.663654598093854,0.8203203109616174,0,0.0,0,0
ppmobileseg_tiny,D1_D4,Tan (IV),4,8,0.4435001794407521,0.47648488878405254,0.21352716287917772,0.39342746711665233,0.7641666102879785,1,0.125,1,0
ppmobileseg_tiny,D1_D4,Brown (V),3,12,0.627415535858365,0.7806788932889526,0.2805829688422661,0.6285537643741747,0.7247662934488428,2,0.16666666666666666,1,1
ppmobileseg_tiny,D1_D4,Dark (VI),8,18,0.6023915651536988,0.7140064846609324,0.20909254378182685,0.6218502082790048,0.6989529619861097,0,0.0,0,0
ppmobileseg_tiny,D5_D10,Light (II-III),6,16,0.6913763303860715,0.6940513879205652,0.23251005678931602,0.593485225443134,0.8738741192461701,0,0.0,0,0
ppmobileseg_tiny,D5_D10,Intermediate (III-IV),11,25,0.7126024571958652,0.7914196023718172,0.13151085068201362,0.6483406764943449,0.886995833398223,0,0.0,0,0
ppmobileseg_tiny,D5_D10,Tan (IV),13,16,0.6569662635974074,0.661268569923783,0.21673276606399117,0.5727251984440511,0.8570613144163459,0,0.0,0,0
ppmobileseg_tiny,D5_D10,Brown (V),10,17,0.765813643309792,0.7764894379558966,0.15096612284305022,0.7438530806700634,0.8282375359542551,0,0.0,0,0
ppmobileseg_tiny,D5_D10,Dark (VI),12,37,0.64839809912055,0.6912795268861314,0.3302539612922939,0.5959121892194906,0.770831691523578,1,0.02702702702702703,1,0
ppmobileseg_tiny#e981,all,Light (II-III),9,39,0.6158533648993895,0.6818488529014844,0.39488079643832924,0.6406121302446783,0.7293378198001803,1,0.02564102564102564,1,0
ppmobileseg_tiny#e981,all,Intermediate (III-IV),17,38,0.7308818520706084,0.7937103877942275,0.14742500723066254,0.7207228575241496,0.8406280602808824,0,0.0,0,0
ppmobileseg_tiny#e981,all,Tan (IV),15,24,0.6118767167925894,0.6151727772321094,0.21956271507582914,0.586249221270515,0.7649693561154987,1,0.041666666666666664,1,0
ppmobileseg_tiny#e981,all,Brown (V),12,29,0.6615268670118354,0.7296999117387467,0.175612042980686,0.6777830344709821,0.7595786144343739,2,0.06896551724137931,1,1
ppmobileseg_tiny#e981,all,Dark (VI),15,55,0.6518233624264593,0.664507013130234,0.24134006428674604,0.648965836951902,0.7257416609230576,0,0.0,0,0
ppmobileseg_tiny#e981,D1_D4,Light (II-III),7,23,0.5982369366506128,0.7157607916248386,0.3969212586406537,0.6866286797865824,0.6457084161599311,1,0.043478260869565216,1,0
ppmobileseg_tiny#e981,D1_D4,Intermediate (III-IV),10,13,0.6825225120120835,0.8081609915744029,0.14591773454196544,0.7121500992125293,0.8108034703505596,0,0.0,0,0
ppmobileseg_tiny#e981,D1_D4,Tan (IV),4,8,0.4949073046182575,0.5526013682434057,0.12551559832611575,0.44806640594390623,0.746499538338112,1,0.125,1,0
ppmobileseg_tiny#e981,D1_D4,Brown (V),3,12,0.6155580396386217,0.731908344804487,0.22644545598034205,0.6259105633563357,0.7302428099439559,2,0.16666666666666666,1,1
ppmobileseg_tiny#e981,D1_D4,Dark (VI),8,18,0.6652613115036662,0.6618682773205617,0.24306911400253084,0.713497628884851,0.6632914396560647,0,0.0,0,0
ppmobileseg_tiny#e981,D5_D10,Light (II-III),6,16,0.641176980507006,0.6670825779288259,0.3367830672394894,0.5744633402781916,0.8495550875330389,0,0.0,0,0
ppmobileseg_tiny#e981,D5_D10,Intermediate (III-IV),11,25,0.7560287089010416,0.7813501077523444,0.1483572204190201,0.7251806918461923,0.8561368470446504,0,0.0,0,0
ppmobileseg_tiny#e981,D5_D10,Tan (IV),13,16,0.6703614228797553,0.6951793161988729,0.2618410268757353,0.6553406289338195,0.7742042650041919,0,0.0,0,0
ppmobileseg_tiny#e981,D5_D10,Brown (V),10,17,0.6939754510399863,0.7296999117387467,0.1730851416230118,0.714398896434262,0.7802862411334925,0,0.0,0,0
ppmobileseg_tiny#e981,D5_D10,Dark (VI),12,37,0.6452859817943046,0.664507013130234,0.2302483322831137,0.6175719922277645,0.7561228496475406,0,0.0,0,0
ppmobileseg_tiny_b2kd,all,Light (II-III),9,39,0.67842151705652,0.7322936635407492,0.2632325850878826,0.6656268263155306,0.8023336463706543,1,0.02564102564102564,1,0
ppmobileseg_tiny_b2kd,all,Intermediate (III-IV),17,38,0.7367133806162313,0.7808052241261589,0.15625680371760786,0.6929596269037637,0.8662940632879507,0,0.0,0,0
ppmobileseg_tiny_b2kd,all,Tan (IV),15,24,0.6161638437108233,0.6584198098329666,0.3388856827342991,0.5449421315062929,0.8291999043089975,1,0.041666666666666664,1,0
ppmobileseg_tiny_b2kd,all,Brown (V),12,29,0.7024317470313239,0.7589335016171018,0.141540942756341,0.6660119910417753,0.8249293937862987,2,0.06896551724137931,1,1
ppmobileseg_tiny_b2kd,all,Dark (VI),15,55,0.644057042138311,0.6759992632160619,0.23678738241045794,0.5855275925674003,0.7846084148306162,0,0.0,0,0
ppmobileseg_tiny_b2kd,D1_D4,Light (II-III),7,23,0.6736796498136642,0.7597082594125764,0.26889809831369127,0.7112357924846769,0.7673162101385941,1,0.043478260869565216,1,0
ppmobileseg_tiny_b2kd,D1_D4,Intermediate (III-IV),10,13,0.6738298780165467,0.7119853437469867,0.10177312941695449,0.6605237508674938,0.8236861242638128,0,0.0,0,0
ppmobileseg_tiny_b2kd,D1_D4,Tan (IV),4,8,0.4200818735678086,0.4270399912785944,0.20478581615766717,0.3641786393100229,0.7328337957629455,1,0.125,1,0
ppmobileseg_tiny_b2kd,D1_D4,Brown (V),3,12,0.6380047454526148,0.7611695276212664,0.14807916501605378,0.5831422613193119,0.8086047110032132,2,0.16666666666666666,1,1
ppmobileseg_tiny_b2kd,D1_D4,Dark (VI),8,18,0.6247871287970141,0.6438352806751211,0.17094890573260924,0.5673984527756489,0.7688475324781123,0,0.0,0,0
ppmobileseg_tiny_b2kd,D5_D10,Light (II-III),6,16,0.6852379512181254,0.6831855283103636,0.27668391890381083,0.6000639374473828,0.8526712109542409,0,0.0,0,0
ppmobileseg_tiny_b2kd,D5_D10,Intermediate (III-IV),11,25,0.7694128019680672,0.795647684854261,0.14408925089901803,0.7098262824426242,0.8884501915805023,0,0.0,0,0
ppmobileseg_tiny_b2kd,D5_D10,Tan (IV),13,16,0.7142048287823307,0.715212305986489,0.28053748082622365,0.6353238776044279,0.8773829585820236,0,0.0,0,0
ppmobileseg_tiny_b2kd,D5_D10,Brown (V),10,17,0.7479096304986478,0.7589335016171018,0.12550585915504553,0.7245082708458673,0.8364526992802412,0,0.0,0,0
ppmobileseg_tiny_b2kd,D5_D10,Dark (VI),12,37,0.6534315945746176,0.6769295715190319,0.23556673692967656,0.5943471740877119,0.7922758711102125,0,0.0,0,0
ppmobileseg_tiny_distilled,all,Light (II-III),9,39,0.6452508816586674,0.7329095861979504,0.30312413829832885,0.6181953347609527,0.8342937897764162,2,0.05128205128205128,2,0
ppmobileseg_tiny_distilled,all,Intermediate (III-IV),17,38,0.7444954623130007,0.8103723514343926,0.16199826013189078,0.7303923899559355,0.8492810412965713,0,0.0,0,0
ppmobileseg_tiny_distilled,all,Tan (IV),15,24,0.6267019386794987,0.6540580572470802,0.30170794628083764,0.5622517341729084,0.8019596914461165,0,0.0,0,0
ppmobileseg_tiny_distilled,all,Brown (V),12,29,0.7185408802187976,0.7910728096342946,0.1763167376711624,0.7310746612985248,0.777519222529686,2,0.06896551724137931,1,1
ppmobileseg_tiny_distilled,all,Dark (VI),15,55,0.6937378159779922,0.7368714694190669,0.1848618954619844,0.6817833173478859,0.759861081810722,0,0.0,0,0
ppmobileseg_tiny_distilled,D1_D4,Light (II-III),7,23,0.6287871331426008,0.7032626312451554,0.2794028957961767,0.6353335421977593,0.8125316769361871,2,0.08695652173913043,2,0
ppmobileseg_tiny_distilled,D1_D4,Intermediate (III-IV),10,13,0.6921108964700499,0.766212171599601,0.17997033835339538,0.7458821340796185,0.7676369965635311,0,0.0,0,0
ppmobileseg_tiny_distilled,D1_D4,Tan (IV),4,8,0.5139393703166346,0.5044928978048576,0.21933198548206684,0.4462721675608933,0.7104260429690201,0,0.0,0,0
ppmobileseg_tiny_distilled,D1_D4,Brown (V),3,12,0.6407265942988379,0.7850102101202027,0.18967640358782412,0.6499397795948093,0.7324443186973101,2,0.16666666666666666,1,1
ppmobileseg_tiny_distilled,D1_D4,Dark (VI),8,18,0.6942120438320198,0.7283118683082948,0.1633354445018037,0.7130021952091092,0.7085445008722,0,0.0,0,0
ppmobileseg_tiny_distilled,D5_D10,Light (II-III),6,16,0.6689175201505129,0.748139443989334,0.314053508847684,0.5935591615705433,0.8655768269842454,0,0.0,0,0
ppmobileseg_tiny_distilled,D5_D10,Intermediate (III-IV),11,25,0.7717354365513351,0.8163265306122449,0.1331398562379752,0.7223377230116202,0.8917359445577522,0,0.0,0,0
ppmobileseg_tiny_distilled,D5_D10,Tan (IV),13,16,0.6830832228609308,0.7084903391213648,0.256978512230133,0.620241517478916,0.8477265156846647,0,0.0,0,0
ppmobileseg_tiny_distilled,D5_D10,Brown (V),10,17,0.773468611456416,0.8026719818994774,0.1329601040506927,0.7883463425011473,0.8093368017054806,0,0.0,0,0
ppmobileseg_tiny_distilled,D5_D10,Dark (VI),12,37,0.6935071105354921,0.741433648494602,0.17765189499574596,0.6665957551451287,0.7848259049700028,0,0.0,0,0
ppmobileseg_tiny_rgkd,all,Light (II-III),9,39,0.5985459144454622,0.6847722204523734,0.33338961719221005,0.5516152171067492,0.8407223634298961,5,0.1282051282051282,4,1
ppmobileseg_tiny_rgkd,all,Intermediate (III-IV),17,38,0.7416335196539624,0.7934944205679684,0.1731858156755246,0.6991745540662425,0.858232718339048,0,0.0,0,0
ppmobileseg_tiny_rgkd,all,Tan (IV),15,24,0.6745401519449269,0.7160293087182357,0.22943383039061827,0.6410778698590097,0.7713098714938695,0,0.0,0,0
ppmobileseg_tiny_rgkd,all,Brown (V),12,29,0.6916177596916367,0.7599549892918073,0.15255937940146325,0.7113502157241517,0.7759048936326094,2,0.06896551724137931,1,1
ppmobileseg_tiny_rgkd,all,Dark (VI),15,55,0.6853297175127246,0.7291659459646452,0.1770132032495515,0.6795457116302726,0.7335914171059986,0,0.0,0,0
ppmobileseg_tiny_rgkd,D1_D4,Light (II-III),7,23,0.5701486337438711,0.696114415896722,0.5397655673566015,0.5525168220219954,0.8350539999370284,5,0.21739130434782608,4,1
ppmobileseg_tiny_rgkd,D1_D4,Intermediate (III-IV),10,13,0.692768754494089,0.7329012069736254,0.16309702775405177,0.6966138045882425,0.7785473628362887,0,0.0,0,0
ppmobileseg_tiny_rgkd,D1_D4,Tan (IV),4,8,0.5537183190499346,0.6005114734998824,0.17979377252780088,0.5283252314257489,0.6512662351942986,0,0.0,0,0
ppmobileseg_tiny_rgkd,D1_D4,Brown (V),3,12,0.5852092729365613,0.7508854089649466,0.5102337447241395,0.5999491077217113,0.7563415618010801,2,0.16666666666666666,1,1
ppmobileseg_tiny_rgkd,D1_D4,Dark (VI),8,18,0.675693900885877,0.7253494623424088,0.1719544085383884,0.6911455837332119,0.6818215880473073,0,0.0,0,0
ppmobileseg_tiny_rgkd,D5_D10,Light (II-III),6,16,0.6393670054539993,0.64093903088635,0.29606385175951744,0.5503191600410827,0.8488706359508933,0,0.0,0,0
ppmobileseg_tiny_rgkd,D5_D10,Intermediate (III-IV),11,25,0.7670431975370967,0.8263489606368863,0.16731493877598203,0.7005061437948027,0.8996691032004827,0,0.0,0,0
ppmobileseg_tiny_rgkd,D5_D10,Tan (IV),13,16,0.7349510683924232,0.7613409208833852,0.16987053843098698,0.69745418907564,0.8313316896436549,0,0.0,0,0
ppmobileseg_tiny_rgkd,D5_D10,Brown (V),10,17,0.7667296326952193,0.7599549892918073,0.13930995308860972,0.7899862919611688,0.7897143043372181,0,0.0,0,0
ppmobileseg_tiny_rgkd,D5_D10,Dark (VI),12,37,0.6900174120879481,0.7291659459646452,0.175014718873017,0.6739025306072209,0.758776739350767,0,0.0,0,0
resnet50_probe,all,Light (II-III),7,31,0.11206386428095205,0.0950831992672358,0.0472861500123625,0.8961667479830436,0.0613019161511578,0,0.0,0,0
resnet50_probe,all,Intermediate (III-IV),12,46,0.1528938118594661,0.1212033724594376,0.09339936207996699,0.8727586686539428,0.08741180285641556,0,0.0,0,0
resnet50_probe,all,Tan (IV),11,21,0.11189920198169137,0.0870794705848055,0.0632349965775387,0.6620258442210442,0.06446349044427077,1,0.047619047619047616,0,1
resnet50_probe,all,Brown (V),4,7,0.13204464237871785,0.1408868277927463,0.08719029030783776,0.6119755608238678,0.07574699048254198,0,0.0,0,0
resnet50_probe,all,Dark (VI),8,28,0.09412325365456295,0.0787653054390603,0.11080352992122351,0.4731807076994668,0.05742122850132275,3,0.10714285714285714,0,3
resnet50_probe,D1_D4,Light (II-III),4,15,0.07988144247871067,0.0775271356608536,0.0169127774775642,0.8892822517622859,0.04196800146775242,0,0.0,0,0
resnet50_probe,D1_D4,Intermediate (III-IV),5,14,0.08734921243753416,0.08752735379322815,0.0440814120719364,0.9592044390274574,0.0459001624242057,0,0.0,0,0
resnet50_probe,D1_D4,Tan (IV),6,9,0.0637443620420437,0.079418120697935,0.0326193547098938,0.6881987508622626,0.03350668065317524,1,0.1111111111111111,0,1
resnet50_probe,D1_D4,Brown (V),1,2,0.056029582033143455,0.056029582033143455,0.03572700497897875,0.5570798290362609,0.029613190667950352,0,0.0,0,0
resnet50_probe,D1_D4,Dark (VI),2,13,0.06223632799561656,0.0640300718347323,0.0894054988168226,0.5638390965058304,0.03307912130164902,1,0.07692307692307693,0,1
resnet50_probe,D5_D10,Light (II-III),7,16,0.14223488472055335,0.12358772769913826,0.06509962354757151,0.9026209631900037,0.07942746116685034,0,0.0,0,0
resnet50_probe,D5_D10,Intermediate (III-IV),11,32,0.18156957410656133,0.1464738839496832,0.12587202687531757,0.8349386441155305,0.10557314554550734,0,0.0,0,0
resnet50_probe,D5_D10,Tan (IV),8,12,0.14801533193642716,0.13208516464597655,0.06923525816523787,0.6423961642401304,0.08768109778759242,0,0.0,0,0
resnet50_probe,D5_D10,Brown (V),3,5,0.1624506665169476,0.1524841915085817,0.06482259127468248,0.6339338535389106,0.09420051040837864,0,0.0,0,0
resnet50_probe,D5_D10,Dark (VI),7,15,0.12175858922564982,0.1409695785466428,0.13392868243369094,0.3946101040672851,0.07851772140770666,2,0.13333333333333333,0,2
rn50_g28,all,Light (II-III),7,31,0.4785144223323364,0.5421071699107466,0.3144448175049416,0.5715836216494213,0.45734481330107335,1,0.03225806451612903,0,1
rn50_g28,all,Intermediate (III-IV),12,46,0.5744287412714555,0.5762009293103354,0.28436656994109677,0.6773642655027652,0.557313951614196,1,0.021739130434782608,0,1
rn50_g28,all,Tan (IV),11,21,0.5309828610907718,0.538251900533323,0.2656639910454618,0.6627063110348459,0.5017919677205877,0,0.0,0,0
rn50_g28,all,Brown (V),4,7,0.4714030883690203,0.4161762864655065,0.2778734928480131,0.5461746929613687,0.48804706519265756,0,0.0,0,0
rn50_g28,all,Dark (VI),8,28,0.5238878631409943,0.4794873506018519,0.2819698698302032,0.6812250603122549,0.5166573286359882,0,0.0,0,0
rn50_g28,D1_D4,Light (II-III),4,15,0.4578560070561625,0.5222589671839226,0.2843868612827892,0.5639109869784829,0.4186972849868845,1,0.06666666666666667,0,1
rn50_g28,D1_D4,Intermediate (III-IV),5,14,0.5503557601103599,0.5767727505583063,0.30185140060414906,0.6496169010111427,0.523699725098303,1,0.07142857142857142,0,1
rn50_g28,D1_D4,Tan (IV),6,9,0.4735373401306295,0.4248602183256628,0.18843964561988602,0.6845670138366785,0.4268899911086376,0,0.0,0,0
rn50_g28,D1_D4,Brown (V),1,2,0.2699190077708918,0.2699190077708918,0.05532762900040861,0.5847765132772554,0.2432085881782931,0,0.0,0,0
rn50_g28,D1_D4,Dark (VI),2,13,0.47938334999133975,0.434587995930824,0.33151597166795244,0.7435619016834945,0.4451826989593799,0,0.0,0,0
rn50_g28,D5_D10,Light (II-III),7,16,0.49788168665374943,0.5512776333629125,0.32077956021141574,0.5787767166534262,0.4935768710956254,0,0.0,0,0
rn50_g28,D5_D10,Intermediate (III-IV),11,32,0.5849606705294348,0.5762009293103354,0.2572240047635161,0.6895037374678501,0.5720201757148992,0,0.0,0,0
rn50_g28,D5_D10,Tan (IV),8,12,0.5740670018108783,0.5743655319338221,0.24559464343591414,0.6463107839334715,0.5579684501795499,0,0.0,0,0
rn50_g28,D5_D10,Brown (V),3,5,0.5519967206082717,0.5276986522681859,0.28572704093419227,0.5307339648350139,0.5859824559984034,0,0.0,0,0
rn50_g28,D5_D10,Dark (VI),7,15,0.5624584412040281,0.6041834921660475,0.25771331054964974,0.6271997977905138,0.5786020076890488,0,0.0,0,0
rn50_l3_g20,all,Light (II-III),7,31,0.5073211677216725,0.530958633025079,0.1989544076777086,0.6287017410127569,0.4850456491902091,1,0.03225806451612903,0,1
rn50_l3_g20,all,Intermediate (III-IV),12,46,0.637775922173985,0.6121957260704062,0.22146917498485896,0.764213213962933,0.6085739267562243,0,0.0,0,0
rn50_l3_g20,all,Tan (IV),11,21,0.5414002573081602,0.5205125797972212,0.2842776121855709,0.7455165322923574,0.47630852453464234,0,0.0,0,0
rn50_l3_g20,all,Brown (V),4,7,0.5270248192434588,0.533585222502099,0.1835142463115873,0.6123643700874773,0.5337373330224625,0,0.0,0,0
rn50_l3_g20,all,Dark (VI),8,28,0.5172898301416868,0.5715807980687424,0.3046489706402874,0.7829857027448305,0.4532311284461151,0,0.0,0,0
rn50_l3_g20,D1_D4,Light (II-III),4,15,0.4705701383287026,0.496617901525877,0.15265037313628793,0.6068715181297591,0.4518041296317255,1,0.06666666666666667,0,1
rn50_l3_g20,D1_D4,Intermediate (III-IV),5,14,0.618856637405232,0.6072946443779054,0.22388201537000818,0.7518225331277807,0.599791590694445,0,0.0,0,0
rn50_l3_g20,D1_D4,Tan (IV),6,9,0.4654580206024581,0.407492034885592,0.21579860636664877,0.8249621298875865,0.35393484196804814,0,0.0,0,0
rn50_l3_g20,D1_D4,Brown (V),1,2,0.4120214944811425,0.4120214944811425,0.059163309124781516,0.7413821540491505,0.3371861540499801,0,0.0,0,0
rn50_l3_g20,D1_D4,Dark (VI),2,13,0.46593705806806446,0.4005416384563304,0.25960954819270693,0.9279199533780459,0.33260171335093874,0,0.0,0,0
rn50_l3_g20,D5_D10,Light (II-III),7,16,0.5417752577775818,0.5616370671210202,0.2325482888959436,0.6491675749655673,0.5162095737762873,0,0.0,0,0
rn50_l3_g20,D5_D10,Intermediate (III-IV),11,32,0.6460531092603147,0.631645033548246,0.26755675644599275,0.7696341368283124,0.6124161987832528,0,0.0,0,0
rn50_l3_g20,D5_D10,Tan (IV),8,12,0.5983569348374366,0.6191225126111526,0.28244514775594887,0.6859323340959355,0.5680887864595882,0,0.0,0,0
rn50_l3_g20,D5_D10,Brown (V),3,5,0.5730261491483853,0.5364082852872091,0.13526018708723653,0.5607572565028079,0.6123578046114554,0,0.0,0,0
rn50_l3_g20,D5_D10,Dark (VI),7,15,0.5617955659388261,0.6184243486973948,0.23363260491636795,0.6573760188627106,0.5577766215286012,0,0.0,0,0
rn50_l3_g28,all,Light (II-III),7,31,0.4796310613241307,0.5450153424299797,0.31714688733799523,0.5773754012195245,0.4553541951837693,1,0.03225806451612903,0,1
rn50_l3_g28,all,Intermediate (III-IV),12,46,0.5753264921946775,0.5783070535323857,0.2804961165938744,0.6786189687385792,0.5560208468296576,1,0.021739130434782608,0,1
rn50_l3_g28,all,Tan (IV),11,21,0.532626966056887,0.543243550403455,0.2692816424719447,0.6633713118803952,0.5005201329855554,0,0.0,0,0
rn50_l3_g28,all,Brown (V),4,7,0.47915804341208756,0.4238388546695522,0.2824589999524728,0.556258378045897,0.48973717954151247,0,0.0,0,0
rn50_l3_g28,all,Dark (VI),8,28,0.5237549491423563,0.4894650827188174,0.29332740182731387,0.6750438617029325,0.5194282280803202,0,0.0,0,0
rn50_l3_g28,D1_D4,Light (II-III),4,15,0.45826628262276164,0.52491932592327,0.27823306092375966,0.570571664299332,0.4166241252620881,1,0.06666666666666667,0,1
rn50_l3_g28,D1_D4,Intermediate (III-IV),5,14,0.5508369004551044,0.5777929111171404,0.299218280404861,0.6550687986698475,0.5190350973807043,1,0.07142857142857142,0,1
rn50_l3_g28,D1_D4,Tan (IV),6,9,0.47590368441911896,0.4335927019050174,0.1869114463556822,0.6826082195346419,0.4274713252443615,0,0.0,0,0
rn50_l3_g28,D1_D4,Brown (V),1,2,0.2768047950239067,0.2768047950239067,0.06336029267893539,0.5844466435757876,0.2474299168073935,0,0.0,0,0
rn50_l3_g28,D1_D4,Dark (VI),2,13,0.47570901624111256,0.4216943141094321,0.329424991270696,0.7324932744290191,0.446532041812136,0,0.0,0,0
rn50_l3_g28,D5_D10,Light (II-III),7,16,0.4996605413566643,0.552717128783843,0.31958020745658394,0.5837539045822049,0.4916636357353455,0,0.0,0,0
rn50_l3_g28,D5_D10,Intermediate (III-IV),11,32,0.5860406885807408,0.5783070535323857,0.2573257713671416,0.6889221681436493,0.5722021122135749,0,0.0,0,0
rn50_l3_g28,D5_D10,Tan (IV),8,12,0.5751694272852131,0.5757912049099503,0.24989914389330686,0.6489436311397099,0.5553067387914509,0,0.0,0,0
rn50_l3_g28,D5_D10,Brown (V),3,5,0.5600993427673598,0.5479406090093113,0.2821221183323189,0.5449830718339407,0.5866600846351601,0,0.0,0,0
rn50_l3_g28,D5_D10,Dark (VI),7,15,0.5653947576567676,0.6136627256262591,0.2794860956090417,0.6252543706736574,0.5826049228460797,0,0.0,0,0
rn50_l3_g37,all,Light (II-III),7,31,0.44339506499102865,0.4181184668989547,0.27183444114330113,0.6134057390372711,0.41640472073382073,0,0.0,0,0
rn50_l3_g37,all,Intermediate (III-IV),12,46,0.5359224144663696,0.5062112392431708,0.28684445856495927,0.7299733607321367,0.4786962003043172,0,0.0,0,0
rn50_l3_g37,all,Tan (IV),11,21,0.47689355048030313,0.4983894582723279,0.252240381349944,0.7244406448988643,0.39529249425557583,0,0.0,0,0
rn50_l3_g37,all,Brown (V),4,7,0.39562824447612016,0.4393887945670628,0.13529971530310125,0.5624304646115311,0.34466691017420725,0,0.0,0,0
rn50_l3_g37,all,Dark (VI),8,28,0.44933231459087836,0.4338695099461583,0.33934359065948705,0.6933376040028774,0.3844041190732424,0,0.0,0,0
rn50_l3_g37,D1_D4,Light (II-III),4,15,0.40908990565404907,0.4086937992755167,0.3044240275145378,0.5938989259956846,0.40197295396524513,0,0.0,0,0
rn50_l3_g37,D1_D4,Intermediate (III-IV),5,14,0.5164459891531418,0.5240141572575684,0.32535838353323226,0.6567773544728962,0.4817373028619317,0,0.0,0,0
rn50_l3_g37,D1_D4,Tan (IV),6,9,0.38193220335861944,0.3375591517205117,0.2785662041259408,0.7170744209265946,0.2933214263763365,0,0.0,0,0
rn50_l3_g37,D1_D4,Brown (V),1,2,0.3585166590270991,0.3585166590270991,0.11889460970189308,0.8455385122876464,0.2503922933543815,0,0.0,0,0
rn50_l3_g37,D1_D4,Dark (VI),2,13,0.40682812856511585,0.4185931634064414,0.1962224055127982,0.7744109296253736,0.31714194885504726,0,0.0,0,0
rn50_l3_g37,D5_D10,Light (II-III),7,16,0.4755561518694473,0.4410979142936877,0.19773840576689872,0.6316933762637584,0.4299345020793604,0,0.0,0,0
rn50_l3_g37,D5_D10,Intermediate (III-IV),11,32,0.5444433505409066,0.5062112392431708,0.24493516876555183,0.7619966134705543,0.4773657179353608,0,0.0,0,0
rn50_l3_g37,D5_D10,Tan (IV),8,12,0.5481145608215657,0.5574329574129903,0.15922062188545605,0.7299653128780664,0.4717707951650055,0,0.0,0,0
rn50_l3_g37,D5_D10,Brown (V),3,5,0.41047287865572857,0.4393887945670628,0.12119205598736876,0.4491872455410849,0.38237675690213757,0,0.0,0,0
rn50_l3_g37,D5_D10,Dark (VI),7,15,0.48616927581320596,0.4547133999746932,0.29801552202470394,0.6230740551300473,0.4426979999290117,0,0.0,0,0
rn50_l3_g40,all,Light (II-III),7,31,0.384486806490429,0.3494007392749131,0.2597497805666048,0.503739255250315,0.3882321674704096,0,0.0,0,0
rn50_l3_g40,all,Intermediate (III-IV),12,46,0.5147175811791653,0.4938421900154975,0.3221138098749014,0.6732161338794417,0.48932738895688727,0,0.0,0,0
rn50_l3_g40,all,Tan (IV),11,21,0.4531805694994701,0.5038118758724364,0.20204912352372112,0.6352469771795735,0.39283636274092393,0,0.0,0,0
rn50_l3_g40,all,Brown (V),4,7,0.3720671469492123,0.3633941997851772,0.11755982197156495,0.5062268236610932,0.3402222433236692,0,0.0,0,0
rn50_l3_g40,all,Dark (VI),8,28,0.42887617807326217,0.4336488833372595,0.2486430363089442,0.5963670413124139,0.4360742644403928,0,0.0,0,0
rn50_l3_g40,D1_D4,Light (II-III),4,15,0.37037601308935436,0.3494007392749131,0.23368400616699742,0.5026597183699185,0.372471955130053,0,0.0,0,0
rn50_l3_g40,D1_D4,Intermediate (III-IV),5,14,0.49315860060948513,0.5316698710217952,0.3794367681989339,0.5568952595652753,0.5266672795872912,0,0.0,0,0
rn50_l3_g40,D1_D4,Tan (IV),6,9,0.3696441936267185,0.3510269778508695,0.2910273364944377,0.5714072694693919,0.31619087951710445,0,0.0,0,0
rn50_l3_g40,D1_D4,Brown (V),1,2,0.2691477498814653,0.2691477498814653,0.0015633391289771592,0.608033009437489,0.2477959391752409,0,0.0,0,0
rn50_l3_g40,D1_D4,Dark (VI),2,13,0.3668145757919009,0.3607125662012518,0.1926341456401763,0.6091042491771241,0.38289048688564353,0,0.0,0,0
rn50_l3_g40,D5_D10,Light (II-III),7,16,0.3977156753039365,0.36612848488955424,0.27193146579682403,0.5047513210756867,0.4030073665394941,0,0.0,0,0
rn50_l3_g40,D5_D10,Intermediate (III-IV),11,32,0.5241496351784005,0.4871128280980508,0.29019597156535193,0.7241065163918896,0.4729911868060855,0,0.0,0,0
rn50_l3_g40,D5_D10,Tan (IV),8,12,0.5158328514040338,0.5326230138826058,0.15889691274306084,0.6831267579622097,0.4503204751587886,0,0.0,0,0
rn50_l3_g40,D5_D10,Brown (V),3,5,0.41323490577631106,0.4044732284057534,0.071396903800091,0.46550434935053486,0.37719276498304055,0,0.0,0,0
rn50_l3_g40,D5_D10,Dark (VI),7,15,0.4826629000504423,0.5480457520337635,0.19683933839249895,0.5853281278296648,0.482166871654509,0,0.0,0,0
rn50_l4_g20,all,Light (II-III),7,31,0.11274475132749509,0.0956538175288544,0.04668763792471001,0.8939917275032683,0.06169641056469018,0,0.0,0,0
rn50_l4_g20,all,Intermediate (III-IV),12,46,0.1543767555595558,0.12326328340135155,0.09478995126338174,0.8744553884732487,0.08830647941177278,0,0.0,0,0
rn50_l4_g20,all,Tan (IV),11,21,0.11313992601025855,0.0872706325680751,0.0638473684576088,0.6614430051054667,0.06518321202028594,1,0.047619047619047616,0,1
rn50_l4_g20,all,Brown (V),4,7,0.13531920991122287,0.1434620174346201,0.09146846293712896,0.624066257883175,0.07766410655841435,0,0.0,0,0
rn50_l4_g20,all,Dark (VI),8,28,0.09724645230981253,0.08164406931104284,0.1097345927435857,0.48456207688772096,0.05938789013923421,3,0.10714285714285714,0,3
rn50_l4_g20,D1_D4,Light (II-III),4,15,0.08034382332320408,0.0784110697980891,0.016435945751973463,0.885408124907727,0.042238742267325144,0,0.0,0,0
rn50_l4_g20,D1_D4,Intermediate (III-IV),5,14,0.08847160032835089,0.0890777026768693,0.04448442641036281,0.9558865896091527,0.04653180211782261,0,0.0,0,0
rn50_l4_g20,D1_D4,Tan (IV),6,9,0.06392686512670298,0.0797136014219508,0.0386038130095413,0.6802622259168715,0.0336291671602931,1,0.1111111111111111,0,1
rn50_l4_g20,D1_D4,Brown (V),1,2,0.05890284958812955,0.05890284958812955,0.03343436476122275,0.5739693919757342,0.031168469189321948,0,0.0,0,0
rn50_l4_g20,D1_D4,Dark (VI),2,13,0.06373703240985083,0.0671140939597315,0.08667923747293521,0.5717705170711035,0.033906991999836426,1,0.07692307692307693,0,1
rn50_l4_g20,D5_D10,Light (II-III),7,16,0.14312062133151793,0.12409515489076725,0.0667081704343171,0.9020388549365878,0.0799379745934699,0,0.0,0,0
rn50_l4_g20,D5_D10,Intermediate (III-IV),11,32,0.18321026097320797,0.1479734873640246,0.12462358258422555,0.8388292379762907,0.10658290072787596,0,0.0,0,0
rn50_l4_g20,D5_D10,Tan (IV),8,12,0.1500497216729252,0.1332951504569556,0.07275160472973799,0.6473285894969129,0.08884874566528056,0,0.0,0,0
rn50_l4_g20,D5_D10,Brown (V),3,5,0.1658857540404602,0.1595355351737225,0.06562547909718122,0.6441050042461514,0.09626236150605132,0,0.0,0,0
rn50_l4_g20,D5_D10,Dark (VI),7,15,0.12628794955644598,0.1414023936709716,0.13053093442258037,0.4089814287287895,0.08147133519337899,2,0.13333333333333333,0,2
sam_ft__seed0,all,Light (II-III),9,39,0.7462636128442033,0.7987775061124694,0.2472510067360847,0.7028452151397365,0.8232264463511643,1,0.02564102564102564,0,1
sam_ft__seed0,all,Intermediate (III-IV),17,38,0.8315849738086246,0.8634296753875341,0.1337734019956437,0.7619108987322486,0.9401479098609,0,0.0,0,0
sam_ft__seed0,all,Tan (IV),15,24,0.6687510034516088,0.7615474356244889,0.36666469307321237,0.6119298325053979,0.805805528656443,1,0.041666666666666664,0,1
sam_ft__seed0,all,Brown (V),12,29,0.7991359566055204,0.8262560273759527,0.129383921394847,0.7432926217143985,0.9006840040456017,0,0.0,0,0
sam_ft__seed0,all,Dark (VI),15,55,0.7271188032869925,0.7410462856462936,0.2141346139714535,0.6521790356869818,0.8665559405524922,1,0.01818181818181818,0,1
sam_ft__seed0,D1_D4,Light (II-III),7,23,0.6984685026202443,0.7826531917615454,0.28969744220882754,0.6757343961233898,0.7497766302681841,1,0.043478260869565216,0,1
sam_ft__seed0,D1_D4,Intermediate (III-IV),10,13,0.838794890339283,0.8864299610894941,0.09562280838635406,0.7948604542161275,0.9033915366640826,0,0.0,0,0
sam_ft__seed0,D1_D4,Tan (IV),4,8,0.6895339502475583,0.8199664172770491,0.2524740830574115,0.6937177288406171,0.6889668970706405,0,0.0,0,0
sam_ft__seed0,D1_D4,Brown (V),3,12,0.8283555760040576,0.8464495796947387,0.08512040026838208,0.7657266714062058,0.9215543603451081,0,0.0,0,0
sam_ft__seed0,D1_D4,Dark (VI),8,18,0.7682031704473947,0.8378831519933632,0.16916011486254867,0.731832894146395,0.8332471076249508,1,0.05555555555555555,0,1
sam_ft__seed0,D5_D10,Light (II-III),6,16,0.8149690837911447,0.8566849510600916,0.14674298163628918,0.741817017475735,0.9288105569704483,0,0.0,0,0
sam_ft__seed0,D5_D10,Intermediate (III-IV),11,25,0.8278358172126823,0.8480679894846772,0.1298967153159909,0.7447771298806319,0.9592612239232452,0,0.0,0,0
sam_ft__seed0,D5_D10,Tan (IV),13,16,0.6583595300536339,0.633581603938143,0.36666469307321237,0.5710358843377884,0.8642248444493441,1,0.0625,0,1
sam_ft__seed0,D5_D10,Brown (V),10,17,0.7785103429124354,0.8074170461938842,0.27722851448774644,0.7274568219319464,0.8859519878341852,0,0.0,0,0
sam_ft__seed0,D5_D10,Dark (VI),12,37,0.7071318138576078,0.7206731466705353,0.24049044328979863,0.6134285099499699,0.8827602376523771,0,0.0,0,0
sam_ft__seed0#c827,all,Light (II-III),7,31,0.7845447027945913,0.8309197845104532,0.1368511302014428,0.8654725931111064,0.7505324936993142,0,0.0,0,0
sam_ft__seed0#c827,all,Intermediate (III-IV),12,46,0.8237426957634355,0.8553397983027342,0.08874313749199958,0.866367157205022,0.816603616835361,0,0.0,0,0
sam_ft__seed0#c827,all,Tan (IV),11,21,0.800047565572373,0.8580351114112087,0.0985688503020985,0.8275634698787423,0.8002189326263663,1,0.047619047619047616,0,1
sam_ft__seed0#c827,all,Brown (V),4,7,0.786831997001625,0.7979467302202551,0.14249426889029215,0.7649192959737858,0.8347540786623779,0,0.0,0,0
sam_ft__seed0#c827,all,Dark (VI),8,28,0.7719330829391977,0.8132695505607053,0.126163682828753,0.7888003189446887,0.7904966312490217,0,0.0,0,0
sam_ft__seed0#c827,D1_D4,Light (II-III),4,15,0.7968204776051139,0.8353840176142987,0.14230334212269602,0.9121080500574774,0.7254263316835455,0,0.0,0,0
sam_ft__seed0#c827,D1_D4,Intermediate (III-IV),5,14,0.8623143583768371,0.8618032260359628,0.07463225078916513,0.9242865176382539,0.8260517719305595,0,0.0,0,0
sam_ft__seed0#c827,D1_D4,Tan (IV),6,9,0.7637746215339889,0.8902202968015486,0.07467152326743987,0.7932416336318109,0.7453480451517703,1,0.1111111111111111,0,1
sam_ft__seed0#c827,D1_D4,Brown (V),1,2,0.7949479888675656,0.7949479888675656,0.07443440272244772,0.854074931178415,0.7442731644413951,0,0.0,0,0
sam_ft__seed0#c827,D1_D4,Dark (VI),2,13,0.801865456943523,0.8394792535111909,0.09949585195643995,0.8385056376469381,0.7920068020790384,0,0.0,0,0
sam_ft__seed0#c827,D5_D10,Light (II-III),7,16,0.7730361639097263,0.8273164883655133,0.13430175135749978,0.8217518522238829,0.7740695205890973,0,0.0,0,0
sam_ft__seed0#c827,D5_D10,Intermediate (III-IV),11,32,0.806867593370072,0.8505328260696052,0.09531123378866702,0.8410274370154832,0.8124700489812118,0,0.0,0,0
sam_ft__seed0#c827,D5_D10,Tan (IV),8,12,0.8272522736011609,0.8512056095890088,0.09250799180008928,0.8533048470639412,0.8413720982323135,0,0.0,0,0
sam_ft__seed0#c827,D5_D10,Brown (V),3,5,0.7835856002552488,0.7979467302202551,0.1361197323356893,0.7292570418919342,0.8709464443507711,0,0.0,0,0
sam_ft__seed0#c827,D5_D10,Dark (VI),7,15,0.7459916921354492,0.8092087641292119,0.15285917977034236,0.7457223760694063,0.7891878165296735,0,0.0,0,0
sam_ft__seed1,all,Light (II-III),9,39,0.739843362350086,0.8137632338787295,0.2652765536291586,0.7324326349357181,0.8022856228355827,0,0.0,0,0
sam_ft__seed1,all,Intermediate (III-IV),17,38,0.8317501125682195,0.8441451990191464,0.0840877915229733,0.7882787149300221,0.8976411331508823,0,0.0,0,0
sam_ft__seed1,all,Tan (IV),15,24,0.6881408398988645,0.8119451710744067,0.3644238491530095,0.6537316864158877,0.774779153397741,0,0.0,0,0
sam_ft__seed1,all,Brown (V),12,29,0.806577084085704,0.8423584173778123,0.15722705571770434,0.810814557525492,0.8221132928094333,0,0.0,0,0
sam_ft__seed1,all,Dark (VI),15,55,0.7430213878492357,0.7918461835251752,0.2155744696773927,0.7169255131179948,0.8019285043886066,0,0.0,0,0
sam_ft__seed1,D1_D4,Light (II-III),7,23,0.7067595711738798,0.7621383030897498,0.32734446917146887,0.742075451198543,0.734434516967859,0,0.0,0,0
sam_ft__seed1,D1_D4,Intermediate (III-IV),10,13,0.8180919327574521,0.837497784866206,0.06382799812904338,0.8145222407614925,0.8294623946403926,0,0.0,0,0
sam_ft__seed1,D1_D4,Tan (IV),4,8,0.6901972074347129,0.7657662793430239,0.2619975255825969,0.6869144009127726,0.6952274402406801,0,0.0,0,0
sam_ft__seed1,D1_D4,Brown (V),3,12,0.8147316037573197,0.8456981835158892,0.03291134240904037,0.8287666761149893,0.8122931993731002,0,0.0,0,0
sam_ft__seed1,D1_D4,Dark (VI),8,18,0.7434974355812624,0.8063650041696021,0.17803025019559615,0.7706431032056182,0.7326371927382966,0,0.0,0,0
sam_ft__seed1,D5_D10,Light (II-III),6,16,0.7874013121658824,0.8225077713538458,0.18184855393389854,0.7185710865579076,0.8998215875204356,0,0.0,0,0
sam_ft__seed1,D5_D10,Intermediate (III-IV),11,25,0.8388523660698187,0.8541208119344583,0.10315299511042941,0.7746320814976575,0.9330940771763367,0,0.0,0,0
sam_ft__seed1,D5_D10,Tan (IV),13,16,0.6871126561309402,0.8238418618914856,0.38709537858646403,0.6371403291674453,0.8145550099762713,0,0.0,0,0
sam_ft__seed1,D5_D10,Brown (V),10,17,0.8008209525527992,0.8096470791267582,0.19798566728557276,0.7981424738152585,0.8290451234703742,0,0.0,0,0
sam_ft__seed1,D5_D10,Dark (VI),12,37,0.7427897970606824,0.7565913118187187,0.206784226113075,0.6907926314537458,0.8356377911374062,0,0.0,0,0
sam_ft__seed1#c827,all,Light (II-III),7,31,0.7536964625253404,0.8169775297400499,0.20996481116585197,0.7808722949944835,0.7711615193633988,0,0.0,0,0
sam_ft__seed1#c827,all,Intermediate (III-IV),12,46,0.8159857949690786,0.8625218399936015,0.12114344584662518,0.8429107037562196,0.8203669127213589,0,0.0,0,0
sam_ft__seed1#c827,all,Tan (IV),11,21,0.8104989043715866,0.888991499135706,0.11997540299627563,0.857892547531256,0.7824362081383244,1,0.047619047619047616,0,1
sam_ft__seed1#c827,all,Brown (V),4,7,0.7982631166206484,0.7982617731802938,0.10334068891907333,0.8264617087130676,0.8034665974639369,0,0.0,0,0
sam_ft__seed1#c827,all,Dark (VI),8,28,0.759912423652973,0.7977902673715729,0.1215361175499039,0.8188255427268955,0.7407950189069024,0,0.0,0,0
sam_ft__seed1#c827,D1_D4,Light (II-III),4,15,0.7828949137828041,0.8273073633465516,0.15286593417091265,0.8628081008585485,0.7497665753380482,0,0.0,0,0
sam_ft__seed1#c827,D1_D4,Intermediate (III-IV),5,14,0.8368319693310754,0.8472730325892697,0.08274895236825497,0.8874558430300228,0.8024505491238992,0,0.0,0,0
sam_ft__seed1#c827,D1_D4,Tan (IV),6,9,0.7596729900462239,0.8985533953745508,0.14715121126022568,0.8201128601582934,0.7214656179235409,1,0.1111111111111111,0,1
sam_ft__seed1#c827,D1_D4,Brown (V),1,2,0.796192782350609,0.796192782350609,0.05602184217966888,0.9767547034004982,0.678920583861307,0,0.0,0,0
sam_ft__seed1#c827,D1_D4,Dark (VI),2,13,0.7356572495798844,0.7510995507212107,0.1807692393830036,0.8631520952401577,0.6639308410786021,0,0.0,0,0
sam_ft__seed1#c827,D5_D10,Light (II-III),7,16,0.7263229144714686,0.7942002715328009,0.2573867127116499,0.7040574769969224,0.7912192793871649,0,0.0,0,0
sam_ft__seed1#c827,D5_D10,Intermediate (III-IV),11,32,0.8068655936857049,0.8671244524263841,0.13476267060902947,0.823422205323931,0.8282053217952476,0,0.0,0,0
sam_ft__seed1#c827,D5_D10,Tan (IV),8,12,0.8486183401156087,0.8724740463359586,0.0960627495041152,0.8862273130609779,0.8281641507994122,0,0.0,0,0
sam_ft__seed1#c827,D5_D10,Brown (V),3,5,0.799091250328664,0.7982617731802938,0.09463769347880913,0.7663445108380951,0.8532850029049888,0,0.0,0,0
sam_ft__seed1#c827,D5_D10,Dark (VI),7,15,0.7809335745163166,0.8154483731593334,0.13115307409726196,0.7804091972154015,0.8074106396914292,0,0.0,0,0
sam_ft__seed2,all,Light (II-III),9,39,0.7601055429283149,0.7968805031446541,0.1634799422134514,0.7219957982744073,0.8344417405655125,1,0.02564102564102564,0,1
sam_ft__seed2,all,Intermediate (III-IV),17,38,0.8417191961000103,0.8548815360481793,0.10236769928682143,0.7938023730298236,0.9238296659042512,0,0.0,0,0
sam_ft__seed2,all,Tan (IV),15,24,0.6499671730800016,0.7938393040721995,0.5175622215480741,0.5894720949018918,0.7980298760971918,0,0.0,0,0
sam_ft__seed2,all,Brown (V),12,29,0.7822422879428208,0.823439099283521,0.21659038678265607,0.7643486250549858,0.8299513871197044,0,0.0,0,0
sam_ft__seed2,all,Dark (VI),15,55,0.7106107021206128,0.7576646938973514,0.20520252277246576,0.6554314854116893,0.8092716179132987,1,0.01818181818181818,0,1
sam_ft__seed2,D1_D4,Light (II-III),7,23,0.7325527086615962,0.7484386709967524,0.2393583853473683,0.7105638783205469,0.7799358915497209,1,0.043478260869565216,0,1
sam_ft__seed2,D1_D4,Intermediate (III-IV),10,13,0.8606881628990989,0.8811829944547135,0.10549451116827535,0.8545510654593156,0.8805453628241009,0,0.0,0,0
sam_ft__seed2,D1_D4,Tan (IV),4,8,0.6732866450243914,0.8047050596992258,0.220994338754248,0.6367471554705375,0.72146246994003,0,0.0,0,0
sam_ft__seed2,D1_D4,Brown (V),3,12,0.777973951973688,0.8294322414130297,0.17631307175253363,0.7540814291728415,0.8128115394167028,0,0.0,0,0
sam_ft__seed2,D1_D4,Dark (VI),8,18,0.6873161411816348,0.7411658644101246,0.26443879046681396,0.6675845404917093,0.7266961082671882,1,0.05555555555555555,0,1
sam_ft__seed2,D5_D10,Light (II-III),6,16,0.7997127421867228,0.8041372520905027,0.09358206872991692,0.7384291832080819,0.9127938985257125,0,0.0,0,0
sam_ft__seed2,D5_D10,Intermediate (III-IV),11,25,0.8318553333644843,0.8531367767679007,0.0811779497864793,0.7622130529664878,0.946337503505929,0,0.0,0,0
sam_ft__seed2,D5_D10,Tan (IV),13,16,0.6383074371078068,0.7656252521591631,0.5405335424255775,0.5658345646175689,0.8363135791757728,0,0.0,0,0
sam_ft__seed2,D5_D10,Brown (V),10,17,0.7852552309798557,0.7588825538904693,0.22346035384201923,0.7715960574423816,0.8420501031453527,0,0.0,0,0
sam_ft__seed2,D5_D10,Dark (VI),12,37,0.7219431912260614,0.7576646938973514,0.19005601973114694,0.6495191883457335,0.8494434874708658,0,0.0,0,0
sam_ft__seed2#c827,all,Light (II-III),7,31,0.7662453770612977,0.7973800822696538,0.1941180801954998,0.8354369239201741,0.754714175683643,0,0.0,0,0
sam_ft__seed2#c827,all,Intermediate (III-IV),12,46,0.8187220234354883,0.8500364552122242,0.11949013833375799,0.8726122117084991,0.789242313211202,0,0.0,0,0
sam_ft__seed2#c827,all,Tan (IV),11,21,0.7760920217259248,0.8399042844120328,0.13327241281109603,0.8257333864368458,0.7614750315424549,1,0.047619047619047616,0,1
sam_ft__seed2#c827,all,Brown (V),4,7,0.7648706484561207,0.7837712005320918,0.11372041583603454,0.7746667961614271,0.7896767440891581,0,0.0,0,0
sam_ft__seed2#c827,all,Dark (VI),8,28,0.7847996532208246,0.8049983953260773,0.135405244728939,0.7923319424478427,0.8202892648785219,0,0.0,0,0
sam_ft__seed2#c827,D1_D4,Light (II-III),4,15,0.7976348241171654,0.8731117824773413,0.18122113537571405,0.9246380926795065,0.7272028765037674,0,0.0,0,0
sam_ft__seed2#c827,D1_D4,Intermediate (III-IV),5,14,0.8375099785653152,0.8456777466741968,0.0952369035160181,0.9087372460665925,0.7899605250673638,0,0.0,0,0
sam_ft__seed2#c827,D1_D4,Tan (IV),6,9,0.7571579973030158,0.8621531230226882,0.10528510490092413,0.8085944777742251,0.717256311551805,1,0.1111111111111111,0,1
sam_ft__seed2#c827,D1_D4,Brown (V),1,2,0.8258581656110264,0.8258581656110264,0.042086965078934724,0.9242683997810662,0.7580170440168211,0,0.0,0,0
sam_ft__seed2#c827,D1_D4,Dark (VI),2,13,0.7963878590622667,0.7996991350131628,0.16687508879907376,0.8015660576779727,0.8257073892742501,0,0.0,0,0
sam_ft__seed2#c827,D5_D10,Light (II-III),7,16,0.7368177704464219,0.7592367266270813,0.1923535579582768,0.7518108282082998,0.7805060186647762,0,0.0,0,0
sam_ft__seed2#c827,D5_D10,Intermediate (III-IV),11,32,0.8105022930661892,0.855071567491706,0.10886072904584887,0.8568075091768335,0.7889280955241311,0,0.0,0,0
sam_ft__seed2#c827,D5_D10,Tan (IV),8,12,0.790292540043107,0.8161135506748334,0.11851808114709084,0.8385875679338118,0.7946390715354422,0,0.0,0,0
sam_ft__seed2#c827,D5_D10,Brown (V),3,5,0.7404756415941584,0.7178504672897196,0.12054824021044641,0.7148261547135714,0.8023406241180927,0,0.0,0,0
sam_ft__seed2#c827,D5_D10,Dark (VI),7,15,0.7747565414915747,0.806892215488756,0.13021265328722165,0.7843290425817298,0.8155935570688905,0,0.0,0,0
segformer_b0_direct,all,Light (II-III),9,39,0.7565144901259796,0.8270555810748736,0.1631337440059678,0.740572482527658,0.8382240436615235,1,0.02564102564102564,1,0
segformer_b0_direct,all,Intermediate (III-IV),17,38,0.7935255752723429,0.8341916668818701,0.13725294639679564,0.7622619839207209,0.8743514702400561,0,0.0,0,0
segformer_b0_direct,all,Tan (IV),15,24,0.7297387085418002,0.8102873074133667,0.3388661218508079,0.6840069310186231,0.8347352638699164,0,0.0,0,0
segformer_b0_direct,all,Brown (V),12,29,0.7950681517955389,0.8133547868061143,0.13844062221499565,0.7419209342227243,0.8850285143650223,0,0.0,0,0
segformer_b0_direct,all,Dark (VI),15,55,0.7552735796412638,0.7698553291998819,0.17873993184053116,0.703892484228172,0.8629369434797484,0,0.0,0,0
segformer_b0_direct,D1_D4,Light (II-III),7,23,0.7082622413942922,0.8223936018280491,0.22451133291170478,0.7275401444875417,0.7790265619851803,1,0.043478260869565216,1,0
segformer_b0_direct,D1_D4,Intermediate (III-IV),10,13,0.7923458612980612,0.8409753323380963,0.11941090837677604,0.8422287635971972,0.7758059759603388,0,0.0,0,0
segformer_b0_direct,D1_D4,Tan (IV),4,8,0.714528766111318,0.8108574226597027,0.18270687540518227,0.717446624845565,0.7213487722702301,0,0.0,0,0
segformer_b0_direct,D1_D4,Brown (V),3,12,0.7711424492883708,0.7758334468686516,0.1310676649780561,0.6997536241869508,0.8797299727998564,0,0.0,0,0
segformer_b0_direct,D1_D4,Dark (VI),8,18,0.7989342683753854,0.7892781204983985,0.14967583999479384,0.7611811791060893,0.8658104920449499,0,0.0,0,0
segformer_b0_direct,D5_D10,Light (II-III),6,16,0.8258770976777805,0.8533505806640056,0.1255274752709873,0.7593064684603252,0.9233204235712666,0,0.0,0,0
segformer_b0_direct,D5_D10,Intermediate (III-IV),11,25,0.7941390265389697,0.8188446892975776,0.14320029240346888,0.7206792584889531,0.9255951272655092,0,0.0,0,0
segformer_b0_direct,D5_D10,Tan (IV),13,16,0.7373436797570414,0.8102873074133667,0.35035511550782295,0.6672870841051521,0.8914285096697596,0,0.0,0,0
segformer_b0_direct,D5_D10,Brown (V),10,17,0.811956882977069,0.8174736219307761,0.10540807843094968,0.7716860942479767,0.8887686613521982,0,0.0,0,0
segformer_b0_direct,D5_D10,Dark (VI),12,37,0.7340332445814209,0.7480650154798761,0.2061282014262208,0.6760223083416178,0.861539000934515,0,0.0,0,0
segformer_b0_distilled,all,Light (II-III),9,39,0.7522933272445892,0.829388329036794,0.16891667164150137,0.7100686435471025,0.8444922387201651,0,0.0,0,0
segformer_b0_distilled,all,Intermediate (III-IV),17,38,0.7992165098003007,0.8191568073782292,0.11661067831364691,0.7565300317513146,0.8891885538033178,0,0.0,0,0
segformer_b0_distilled,all,Tan (IV),15,24,0.722591885810805,0.7952222499178292,0.28987841862876507,0.6810543359256588,0.8209647262555638,0,0.0,0,0
segformer_b0_distilled,all,Brown (V),12,29,0.7966834725076333,0.8221387427998998,0.14362675472032427,0.7468629449759419,0.888274822715596,0,0.0,0,0
segformer_b0_distilled,all,Dark (VI),15,55,0.7622969773459422,0.7863678939404857,0.1683798704720869,0.7151297303180981,0.8612293280835732,0,0.0,0,0
segformer_b0_distilled,D1_D4,Light (II-III),7,23,0.7154726071421377,0.8166814266162145,0.19303969189861292,0.7063772315612458,0.7756961580660421,0,0.0,0,0
segformer_b0_distilled,D1_D4,Intermediate (III-IV),10,13,0.8092846865993456,0.8155960370725471,0.048034110259559615,0.8510183571794576,0.7943022817696114,0,0.0,0,0
segformer_b0_distilled,D1_D4,Tan (IV),4,8,0.6875449324427255,0.7959703556748602,0.18949712881514535,0.6842037605252358,0.7073621353386351,0,0.0,0,0
segformer_b0_distilled,D1_D4,Brown (V),3,12,0.7703928576336215,0.8065451966432868,0.17085693008465652,0.6975454870456907,0.8907458636523827,0,0.0,0,0
segformer_b0_distilled,D1_D4,Dark (VI),8,18,0.8144998060074856,0.835718117777448,0.16138090133327476,0.7685223072038365,0.8960330297723217,0,0.0,0,0
segformer_b0_distilled,D5_D10,Light (II-III),6,16,0.8052231123918634,0.8410980394562733,0.1431310979253495,0.7153750482767719,0.9433866046604669,0,0.0,0,0
segformer_b0_distilled,D5_D10,Intermediate (III-IV),11,25,0.7939810578647972,0.8227175776839112,0.13159516330551047,0.7073961025286803,0.9385294152608453,0,0.0,0,0
segformer_b0_distilled,D5_D10,Tan (IV),13,16,0.7401153624948449,0.7938970249404258,0.3044281168458126,0.6794796236258701,0.8777660217140282,0,0.0,0,0
segformer_b0_distilled,D5_D10,Brown (V),10,17,0.8152415535951708,0.8272076084993679,0.16863286786264275,0.7816752682208251,0.8865305585249229,0,0.0,0,0
segformer_b0_distilled,D5_D10,Dark (VI),12,37,0.7369010066457319,0.7732021731443084,0.15267412620884702,0.6891549631844957,0.8442977975322898,0,0.0,0,0
segformer_b0_rgkd,all,Light (II-III),9,39,0.7140136529064487,0.8143867924528302,0.16546152745874498,0.660711598841092,0.8355828997765722,2,0.05128205128205128,1,1
segformer_b0_rgkd,all,Intermediate (III-IV),17,38,0.8299608686909515,0.8584762817143938,0.10254447437980962,0.7825891058953109,0.9027821331198088,0,0.0,0,0
segformer_b0_rgkd,all,Tan (IV),15,24,0.7378041284845246,0.7979147608034676,0.3123949967983203,0.7149741367091481,0.8199397416482371,0,0.0,0,0
segformer_b0_rgkd,all,Brown (V),12,29,0.801188856920533,0.8111316063838319,0.11002871495505384,0.7589055135626469,0.8815238986058522,0,0.0,0,0
segformer_b0_rgkd,all,Dark (VI),15,55,0.7509607363880837,0.7927883253046188,0.14519491613586832,0.717373892521591,0.824941758280352,0,0.0,0,0
segformer_b0_rgkd,D1_D4,Light (II-III),7,23,0.6524569358494618,0.8019807681234525,0.34633153288412577,0.621077039018048,0.7615414516841258,2,0.08695652173913043,1,1
segformer_b0_rgkd,D1_D4,Intermediate (III-IV),10,13,0.8303164071243534,0.8536495679352822,0.08749269836472551,0.8329524244116991,0.8379337117129029,0,0.0,0,0
segformer_b0_rgkd,D1_D4,Tan (IV),4,8,0.7563453649454623,0.807616413961729,0.19473825389389532,0.7619083446122085,0.7665533629118102,0,0.0,0,0
segformer_b0_rgkd,D1_D4,Brown (V),3,12,0.8029058500754457,0.8003268796269922,0.0766622500581482,0.7420412102627524,0.8905453635280733,0,0.0,0,0
segformer_b0_rgkd,D1_D4,Dark (VI),8,18,0.7586543225503176,0.8263924818528962,0.14304580156053126,0.7269525199358626,0.8275238550589772,0,0.0,0,0
segformer_b0_rgkd,D5_D10,Light (II-III),6,16,0.8025014336758673,0.8394777049149708,0.1627898767382545,0.7176862785867177,0.9420174814094634,0,0.0,0,0
segformer_b0_rgkd,D5_D10,Intermediate (III-IV),11,25,0.8297759887055828,0.8633029954935053,0.1048213030709263,0.756400180266789,0.9365033122513996,0,0.0,0,0
segformer_b0_rgkd,D5_D10,Tan (IV),13,16,0.7285335102540555,0.7556095901180062,0.36655455198390574,0.6915070327576177,0.8466329310164507,0,0.0,0,0
segformer_b0_rgkd,D5_D10,Brown (V),10,17,0.7999768617523592,0.8314168778015981,0.15824948999578015,0.7708097276566901,0.8751558057195784,0,0.0,0,0
segformer_b0_rgkd,D5_D10,Dark (VI),12,37,0.7472179106875376,0.7659574468085106,0.14431199299570763,0.712714019725459,0.8236856030907507,0,0.0,0,0
segformer_b2_teacher,all,Light (II-III),9,39,0.7226485558514182,0.7888821014050091,0.24350599667559636,0.7344223989295477,0.7785622863290953,0,0.0,0,0
segformer_b2_teacher,all,Intermediate (III-IV),17,38,0.8334475229230863,0.8667802135086199,0.08060932368086127,0.7856056440033193,0.9076894708879507,0,0.0,0,0
segformer_b2_teacher,all,Tan (IV),15,24,0.7369051040581963,0.7728788986917856,0.2377245776415935,0.6769354922488326,0.8594847266367106,0,0.0,0,0
segformer_b2_teacher,all,Brown (V),12,29,0.7937499909060229,0.8098617176128093,0.10505586128364308,0.7294975462688729,0.9057160135944342,0,0.0,0,0
segformer_b2_teacher,all,Dark (VI),15,55,0.7591021137294399,0.7934381111030636,0.18049615735352398,0.7055927471972541,0.8582504584167352,0,0.0,0,0
segformer_b2_teacher,D1_D4,Light (II-III),7,23,0.6766211014237601,0.7649479544904382,0.3410396158717406,0.7333425633020798,0.6985508170471483,0,0.0,0,0
segformer_b2_teacher,D1_D4,Intermediate (III-IV),10,13,0.7941609517769614,0.8495825002940138,0.08593635532336386,0.7790774848754948,0.838228363790596,0,0.0,0,0
segformer_b2_teacher,D1_D4,Tan (IV),4,8,0.7384238305627429,0.7854130608669627,0.15595218336286598,0.707945150321435,0.7772817224476257,0,0.0,0,0
segformer_b2_teacher,D1_D4,Brown (V),3,12,0.7958313808175793,0.7930299186550632,0.10340264443629266,0.6902803545808269,0.9484115575281876,0,0.0,0,0
segformer_b2_teacher,D1_D4,Dark (VI),8,18,0.7876457966788535,0.8198754056471812,0.11013719130401645,0.7452888619402737,0.8561840434643715,0,0.0,0,0
segformer_b2_teacher,D5_D10,Light (II-III),6,16,0.7888130215911768,0.8323413669908146,0.22999832128611075,0.7359746626440324,0.893578773421894,0,0.0,0,0
segformer_b2_teacher,D5_D10,Intermediate (III-IV),11,25,0.8538765399190712,0.8703648621852073,0.06742649067858819,0.7890002867497882,0.9438092465785748,0,0.0,0,0
segformer_b2_teacher,D5_D10,Tan (IV),13,16,0.7361457408059231,0.7631551517507953,0.2515125878187797,0.6614306632125313,0.9005862287312533,0,0.0,0,0
segformer_b2_teacher,D5_D10,Brown (V),10,17,0.7922807744978657,0.8181091692435982,0.12214267156888192,0.7571802698133762,0.8755779825823728,0,0.0,0,0
segformer_b2_teacher,D5_D10,Dark (VI),12,37,0.7452159976999955,0.7902233626106122,0.19960390958214558,0.6862811238087579,0.8592557413665335,0,0.0,0,0
topformer_tiny,all,Light (II-III),9,39,0.6535728179356621,0.7406317611423626,0.3026107244476747,0.6552386373977016,0.7667561531888111,3,0.07692307692307693,3,0
topformer_tiny,all,Intermediate (III-IV),17,38,0.7022596606103705,0.7531328726513831,0.20886489100080852,0.7051396519964989,0.7846067106906839,0,0.0,0,0
topformer_tiny,all,Tan (IV),15,24,0.6804775176679859,0.6828643017602527,0.20791185292723402,0.6889661942963216,0.7363160660446585,0,0.0,0,0
topformer_tiny,all,Brown (V),12,29,0.7018575482041346,0.7530287131546313,0.14286146208572426,0.750892791705851,0.7355732814873706,1,0.034482758620689655,1,0
topformer_tiny,all,Dark (VI),15,55,0.6720842732857311,0.6848545043426808,0.2285727101269598,0.6800823059861434,0.7203681803769965,0,0.0,0,0
topformer_tiny,D1_D4,Light (II-III),7,23,0.6266890187166688,0.7406317611423626,0.34540113194688304,0.6603867228988429,0.7555054758549329,3,0.13043478260869565,3,0
topformer_tiny,D1_D4,Intermediate (III-IV),10,13,0.5906555130598432,0.6846391817665257,0.2573120622996705,0.716489474989287,0.6153221468099894,0,0.0,0,0
topformer_tiny,D1_D4,Tan (IV),4,8,0.6031050734066283,0.636134586028686,0.12169086571995535,0.7074139383972249,0.5716220913313366,0,0.0,0,0
topformer_tiny,D1_D4,Brown (V),3,12,0.6212020625602731,0.7202933378447105,0.08685498808644154,0.6762735483375648,0.6995500472572691,1,0.08333333333333333,1,0
topformer_tiny,D1_D4,Dark (VI),8,18,0.6994822981443478,0.7624071588958252,0.19442723976605636,0.7818240474077317,0.6581426710468434,0,0.0,0,0
topformer_tiny,D5_D10,Light (II-III),6,16,0.692218279312965,0.7379338579297922,0.19602863167039086,0.6478382644898111,0.7829290018562609,0,0.0,0,0
topformer_tiny,D5_D10,Intermediate (III-IV),11,25,0.7602938173366445,0.7753394950172975,0.12363500531938054,0.699237744040249,0.8726346839086448,0,0.0,0,0
topformer_tiny,D5_D10,Tan (IV),13,16,0.7191637397986645,0.7924751032313757,0.24616095801244375,0.6797423222458698,0.8186630534013193,0,0.0,0,0
topformer_tiny,D5_D10,Brown (V),10,17,0.7587908321880367,0.7729387870529861,0.14315019472728696,0.803565198789347,0.761001446826266,0,0.0,0,0
topformer_tiny,D5_D10,Dark (VI),12,37,0.658755504435593,0.6656398104265403,0.2910035256530191,0.6305863236729384,0.7506400497808546,0,0.0,0,0
topformer_tiny#e981,all,Light (II-III),9,39,0.6847934757024312,0.7663071391884951,0.26389418348050553,0.6923871752953956,0.7351771844840221,1,0.02564102564102564,0,1
topformer_tiny#e981,all,Intermediate (III-IV),17,38,0.7238820718878956,0.7716926911982303,0.18310968878524836,0.7278823529217492,0.7793628469622038,0,0.0,0,0
topformer_tiny#e981,all,Tan (IV),15,24,0.6798854624313114,0.7189519774625776,0.23425926351309312,0.7110291380890992,0.7314493066228317,0,0.0,0,0
topformer_tiny#e981,all,Brown (V),12,29,0.720149159336079,0.7354329690228287,0.13503841729967547,0.7865618051236862,0.7264486064026996,0,0.0,0,0
topformer_tiny#e981,all,Dark (VI),15,55,0.6650176026070913,0.6919399744348527,0.24071385071624263,0.6571084508078519,0.7342324251043294,0,0.0,0,0
topformer_tiny#e981,D1_D4,Light (II-III),7,23,0.6725831493204472,0.7713041675305826,0.360143684582622,0.7132205539024505,0.6991273021387316,1,0.043478260869565216,0,1
topformer_tiny#e981,D1_D4,Intermediate (III-IV),10,13,0.624217852255686,0.6573055028462998,0.3063542798452058,0.7383643244908215,0.6068627428656476,0,0.0,0,0
topformer_tiny#e981,D1_D4,Tan (IV),4,8,0.5961866094709609,0.6123181405139151,0.17595653010824075,0.719851177866248,0.5721452589727806,0,0.0,0,0
topformer_tiny#e981,D1_D4,Brown (V),3,12,0.6685645687871489,0.7199786967889885,0.15363657028828515,0.7434898897123182,0.6994139500789164,0,0.0,0,0
topformer_tiny#e981,D1_D4,Dark (VI),8,18,0.6771598831837993,0.7056021156953921,0.23132988302261648,0.7260429881735068,0.6872573060506407,0,0.0,0,0
topformer_tiny#e981,D5_D10,Light (II-III),6,16,0.7023458198765338,0.7536392754453092,0.16118957413986124,0.6624391935477543,0.7869988903553771,0,0.0,0,0
topformer_tiny#e981,D5_D10,Intermediate (III-IV),11,25,0.7757074660966446,0.7777146428774362,0.17737754633816283,0.7224317277058314,0.869062901092413,0,0.0,0,0
topformer_tiny#e981,D5_D10,Tan (IV),13,16,0.7217348889114866,0.7825867846766539,0.1823326772134939,0.7066181182005249,0.8111013304478573,0,0.0,0,0
topformer_tiny#e981,D5_D10,Brown (V),10,17,0.756561811488265,0.7628282020525123,0.1596863223217282,0.816965510119946,0.7455318932194882,0,0.0,0,0
topformer_tiny#e981,D5_D10,Dark (VI),12,37,0.6591105471913958,0.6700107488355428,0.2218689120664249,0.6235727299272628,0.7570851857250431,0,0.0,0,0
topformer_tiny_b2kd,all,Light (II-III),9,39,0.6916346792374833,0.7791641909288968,0.24803272395340037,0.6894835950969603,0.7511885518104829,1,0.02564102564102564,0,1
topformer_tiny_b2kd,all,Intermediate (III-IV),17,38,0.7208990103795772,0.7524428257043781,0.18475017988450315,0.7050954744485707,0.798878704815812,0,0.0,0,0
topformer_tiny_b2kd,all,Tan (IV),15,24,0.6711581061177521,0.6935555849897642,0.19261644021662627,0.6789355222511627,0.7386092448312027,0,0.0,0,0
topformer_tiny_b2kd,all,Brown (V),12,29,0.7377132998492912,0.766316486061709,0.09962580070562954,0.7816217506404435,0.742118970889328,0,0.0,0,0
topformer_tiny_b2kd,all,Dark (VI),15,55,0.6745679118169307,0.7017238521465274,0.20363443756237798,0.6782959926968803,0.7331862552669914,0,0.0,0,0
topformer_tiny_b2kd,D1_D4,Light (II-III),7,23,0.6800709393459096,0.7884540574185015,0.33921253022952425,0.7079074778981784,0.7137640341151364,1,0.043478260869565216,0,1
topformer_tiny_b2kd,D1_D4,Intermediate (III-IV),10,13,0.6446490066819309,0.688218879738651,0.2234319814576603,0.7555792400817095,0.6281890800988604,0,0.0,0,0
topformer_tiny_b2kd,D1_D4,Tan (IV),4,8,0.5960204607812076,0.6413177598191453,0.1079725979373285,0.6946537839715465,0.5592480171758533,0,0.0,0,0
topformer_tiny_b2kd,D1_D4,Brown (V),3,12,0.7107945223500488,0.7500706825009105,0.08723867595500967,0.760813471003771,0.7096344841805232,0,0.0,0,0
topformer_tiny_b2kd,D1_D4,Dark (VI),8,18,0.6723738606842043,0.7048772430621721,0.164214295605281,0.7391398480245736,0.6512896163108883,0,0.0,0,0
topformer_tiny_b2kd,D5_D10,Light (II-III),6,16,0.7082575553316206,0.7735359382687157,0.16335947519757277,0.6629992635702091,0.8049862959975431,0,0.0,0,0
topformer_tiny_b2kd,D5_D10,Intermediate (III-IV),11,25,0.7605490123023532,0.7623863470608256,0.14533530723433719,0.6788439163193384,0.8876373096686266,0,0.0,0,0
topformer_tiny_b2kd,D5_D10,Tan (IV),13,16,0.7087269287860243,0.7530660653058717,0.21201046629680986,0.6710763913909708,0.8282898586588774,0,0.0,0,0
topformer_tiny_b2kd,D5_D10,Brown (V),10,17,0.7567147898487566,0.7820604756782599,0.09096181060276509,0.7963099480310357,0.7650491968014255,0,0.0,0,0
topformer_tiny_b2kd,D5_D10,Dark (VI),12,37,0.6756352880436627,0.6929573804573804,0.22532104131877007,0.6486962792942188,0.7730278634077982,0,0.0,0,0
topformer_tiny_distilled,all,Light (II-III),9,39,0.6779027737461918,0.78779808739862,0.29098320919837817,0.660152979138284,0.7689256359189417,1,0.02564102564102564,0,1
topformer_tiny_distilled,all,Intermediate (III-IV),17,38,0.7220015961750562,0.7710375645025844,0.18437678658864287,0.6890149919531078,0.8219355752764274,0,0.0,0,0
topformer_tiny_distilled,all,Tan (IV),15,24,0.6762160154413163,0.7473308397252438,0.2918283369952732,0.6693176079516254,0.7497715424104939,0,0.0,0,0
topformer_tiny_distilled,all,Brown (V),12,29,0.7616974993790386,0.7757268329341036,0.10329574853169088,0.7656125306406976,0.7939395065117315,0,0.0,0,0
topformer_tiny_distilled,all,Dark (VI),15,55,0.632054661976549,0.6913510312331025,0.2720888270391352,0.5909286795488868,0.7647773055734164,0,0.0,0,0
topformer_tiny_distilled,D1_D4,Light (II-III),7,23,0.6834274272422369,0.788002399520096,0.3204261071866772,0.7114334493560791,0.7061459910221772,1,0.043478260869565216,0,1
topformer_tiny_distilled,D1_D4,Intermediate (III-IV),10,13,0.6407696767549511,0.6592223014175972,0.28597367799899565,0.720892904590215,0.6490167803024962,0,0.0,0,0
topformer_tiny_distilled,D1_D4,Tan (IV),4,8,0.6362564538399212,0.686841163230513,0.20951695276207094,0.7313870967161006,0.5785114325344749,0,0.0,0,0
topformer_tiny_distilled,D1_D4,Brown (V),3,12,0.719609874941043,0.7287383352586569,0.11112599046202665,0.72695068917817,0.7603140320210254,0,0.0,0,0
topformer_tiny_distilled,D1_D4,Dark (VI),8,18,0.6746245564863586,0.7336167481968694,0.16028815837250654,0.6806474472452527,0.7032218349256494,0,0.0,0,0
topformer_tiny_distilled,D5_D10,Light (II-III),6,16,0.669961084345627,0.7705946396125241,0.2528099057529898,0.5864373032002033,0.859171375458041,0,0.0,0,0
topformer_tiny_distilled,D5_D10,Intermediate (III-IV),11,25,0.7642421942735109,0.7815064935064935,0.11398174283093199,0.6724384773818122,0.9118533486628714,0,0.0,0,0
topformer_tiny_distilled,D5_D10,Tan (IV),13,16,0.6961957962420136,0.8153192178138527,0.2892366391694948,0.6382828635693879,0.8354015973485036,0,0.0,0,0
topformer_tiny_distilled,D5_D10,Brown (V),10,17,0.7914064107470355,0.786860594747349,0.1047610168571409,0.792903242261305,0.8176751355639945,0,0.0,0,0
topformer_tiny_distilled,D5_D10,Dark (VI),12,37,0.6113449835663718,0.6611406844106464,0.3033482820531196,0.5472817114803846,0.7947232102128705,0,0.0,0,0
topformer_tiny_rgkd,all,Light (II-III),9,39,0.679517386723826,0.7476016795905231,0.23339340419192722,0.6507240913893667,0.7583846698871689,1,0.02564102564102564,0,1
topformer_tiny_rgkd,all,Intermediate (III-IV),17,38,0.7102476647643863,0.7808366133985711,0.20467494504910055,0.6788559606395779,0.8104386593639678,0,0.0,0,0
topformer_tiny_rgkd,all,Tan (IV),15,24,0.6828399134523769,0.7462230863580506,0.26956049135331395,0.6725566501167473,0.7622089416389919,0,0.0,0,0
topformer_tiny_rgkd,all,Brown (V),12,29,0.7496636857060208,0.7749308563377342,0.14673212129796687,0.7654200519856802,0.7784049083658299,0,0.0,0,0
topformer_tiny_rgkd,all,Dark (VI),15,55,0.6208600333408287,0.6655699177438308,0.3202003761330819,0.5808311262253982,0.7624587592538195,0,0.0,0,0
topformer_tiny_rgkd,D1_D4,Light (II-III),7,23,0.6762502089049992,0.7616535819430814,0.27321835237575764,0.6917743621160966,0.6868606130769556,1,0.043478260869565216,0,1
topformer_tiny_rgkd,D1_D4,Intermediate (III-IV),10,13,0.6146113788240524,0.7454266918987114,0.352603594061849,0.6773818183895546,0.6480913285931444,0,0.0,0,0
topformer_tiny_rgkd,D1_D4,Tan (IV),4,8,0.6622747946957479,0.7281177662727579,0.1136777307116339,0.7687035110272407,0.5928939196647827,0,0.0,0,0
topformer_tiny_rgkd,D1_D4,Brown (V),3,12,0.7089013955961193,0.720956097600656,0.1577666928837399,0.7567490343644708,0.724204515613495,0,0.0,0,0
topformer_tiny_rgkd,D1_D4,Dark (VI),8,18,0.6916578033203269,0.7634134451587217,0.1573741082504807,0.7074544757578373,0.7041988876279861,0,0.0,0,0
topformer_tiny_rgkd,D5_D10,Light (II-III),6,16,0.6842139548383894,0.7212760818086645,0.16592208502595984,0.5917143272196921,0.8612005015518506,0,0.0,0,0
topformer_tiny_rgkd,D5_D10,Intermediate (III-IV),11,25,0.7599785334533603,0.7945738228621696,0.16706665375581597,0.67962251460959,0.894859271364796,0,0.0,0,0
topformer_tiny_rgkd,D5_D10,Tan (IV),13,16,0.6931224728306915,0.8072462007060865,0.29462040773359977,0.6244832196615004,0.8468664526260966,0,0.0,0,0
topformer_tiny_rgkd,D5_D10,Brown (V),10,17,0.7784370669600688,0.7829293022398378,0.1120722904249043,0.7715407703065339,0.8166640091321837,0,0.0,0,0
topformer_tiny_rgkd,D5_D10,Dark (VI),12,37,0.5864178749724241,0.606533136174217,0.3610885970900527,0.5192305778042118,0.7908013995042248,0,0.0,0,0
unet_r50,all,Light (II-III),9,39,0.6258283565828554,0.8081939138453431,0.5767464440270157,0.5857092035091394,0.9075379733929861,6,0.15384615384615385,6,0
unet_r50,all,Intermediate (III-IV),17,38,0.8076217545682937,0.859689152767555,0.15182765751376426,0.8017199748044647,0.8665879260176247,0,0.0,0,0
unet_r50,all,Tan (IV),15,24,0.7655378095144029,0.8042902613092731,0.2085995955784844,0.7513505116155885,0.8376206537213468,0,0.0,0,0
unet_r50,all,Brown (V),12,29,0.8130452596527471,0.881203007518797,0.13177100243622364,0.7866064793552169,0.8935358643582686,1,0.034482758620689655,1,0
unet_r50,all,Dark (VI),15,55,0.7818056403141663,0.8198143967895661,0.1254647386332941,0.7763104887036987,0.8097729484734846,0,0.0,0,0
unet_r50,D1_D4,Light (II-III),7,23,0.5702134883165819,0.7670846394984326,0.7938936643003695,0.5364755262849895,0.9180374319007182,5,0.21739130434782608,5,0
unet_r50,D1_D4,Intermediate (III-IV),10,13,0.7552087215491171,0.8517376681614349,0.2520282746124082,0.8071805931936249,0.8020014394931992,0,0.0,0,0
unet_r50,D1_D4,Tan (IV),4,8,0.7164632600706387,0.7579294226432911,0.18651264283902325,0.7242873959554355,0.7783626914472954,0,0.0,0,0
unet_r50,D1_D4,Brown (V),3,12,0.8008355989612134,0.8908331334054491,0.09216966876096089,0.7737259564962908,0.9277233340474832,1,0.08333333333333333,1,0
unet_r50,D1_D4,Dark (VI),8,18,0.8333925956187996,0.8584021801969715,0.12358720001719459,0.8486497511896683,0.8340907439265224,0,0.0,0,0
unet_r50,D5_D10,Light (II-III),6,16,0.7057747297156235,0.8560656198706242,0.37242500210017726,0.6564826145188547,0.8924450017881217,1,0.0625,1,0
unet_r50,D5_D10,Intermediate (III-IV),11,25,0.8348765317382655,0.8663928092081181,0.1525771217751528,0.7988804532421016,0.9001728990103256,0,0.0,0,0
unet_r50,D5_D10,Tan (IV),13,16,0.7900750842362851,0.8129222966984744,0.1912049477794019,0.7648820694456651,0.8672496348583725,0,0.0,0,0
unet_r50,D5_D10,Brown (V),10,17,0.8216638436703003,0.8245442070182317,0.14601771626521254,0.7956986131379882,0.8694035328129406,0,0.0,0,0
unet_r50,D5_D10,Dark (VI),12,37,0.7567092836794799,0.7956674336982544,0.15317485769870165,0.7411184150618758,0.7979426696044389,0,0.0,0,0
yolo_sem_direct,all,Light (II-III),9,39,0.5734106238281919,0.7140424769244555,0.5914626520141318,0.5156777254329843,0.9099380027759579,6,0.15384615384615385,6,0
yolo_sem_direct,all,Intermediate (III-IV),17,38,0.7372127785163632,0.8275494739238491,0.17971692126927574,0.6975824472745072,0.8910541815039572,2,0.05263157894736842,2,0
yolo_sem_direct,all,Tan (IV),15,24,0.6912922870620553,0.7780145269313814,0.3080576717392838,0.6667580127196039,0.861262276651718,0,0.0,0,0
yolo_sem_direct,all,Brown (V),12,29,0.7598856656350673,0.8454007750356924,0.13977738139977158,0.7353928022349584,0.8870935242203701,2,0.06896551724137931,2,0
yolo_sem_direct,all,Dark (VI),15,55,0.7434280877953541,0.7866908252347224,0.1889883807382473,0.7264291245819274,0.8497480570214345,2,0.03636363636363636,2,0
yolo_sem_direct,D1_D4,Light (II-III),7,23,0.5176489904168949,0.6806380982170785,0.7684435402327627,0.46222914040500873,0.8991488073700628,6,0.2608695652173913,6,0
yolo_sem_direct,D1_D4,Intermediate (III-IV),10,13,0.589275809746389,0.7086648032681144,0.6851362015010313,0.593183139436229,0.8286782387133991,2,0.15384615384615385,2,0
yolo_sem_direct,D1_D4,Tan (IV),4,8,0.6753640203902602,0.7362477303095487,0.2875321055722174,0.6678933256521832,0.8130628062046059,0,0.0,0,0
yolo_sem_direct,D1_D4,Brown (V),3,12,0.6920946686444798,0.850480578655987,0.21167012860378187,0.65948609953149,0.9201522399986316,2,0.16666666666666666,2,0
yolo_sem_direct,D1_D4,Dark (VI),8,18,0.805346243140162,0.8199681452664489,0.10512422908803287,0.8036699242653353,0.8417768127400889,0,0.0,0,0
yolo_sem_direct,D5_D10,Light (II-III),6,16,0.6535679718569314,0.7912446972618589,0.41912574875872777,0.5925100664106993,0.9254474711719326,0,0.0,0,0
yolo_sem_direct,D5_D10,Intermediate (III-IV),11,25,0.81414000227675,0.8360192253322024,0.08769879804881164,0.7518700873504116,0.9234896717550474,0,0.0,0,0
yolo_sem_direct,D5_D10,Tan (IV),13,16,0.6992564203979529,0.8115833789407207,0.29667673070127476,0.6661903562533144,0.885362011875274,0,0.0,0,0
yolo_sem_direct,D5_D10,Brown (V),10,17,0.8077381340990112,0.8312766627537436,0.11739859302965294,0.788974004143289,0.8637579601415973,0,0.0,0,0
yolo_sem_direct,D5_D10,Dark (VI),12,37,0.7133057419519339,0.7814372248518752,0.24968727975803484,0.6888525193305399,0.8536259596447917,2,0.05405405405405406,2,0
yolo_sem_distilled,all,Light (II-III),9,39,0.6318885769150991,0.7583393864893557,0.5128370992246543,0.5809648153297454,0.8392033682391163,4,0.10256410256410256,3,1
yolo_sem_distilled,all,Intermediate (III-IV),17,38,0.7995783215665188,0.827067703150681,0.15181767221744635,0.762659416346385,0.8856992184678624,0,0.0,0,0
yolo_sem_distilled,all,Tan (IV),15,24,0.7281829790302964,0.8128697128102911,0.3486164335099403,0.6984963728985892,0.8401898187139198,0,0.0,0,0
yolo_sem_distilled,all,Brown (V),12,29,0.7975072067311614,0.8330213772042163,0.10026705794326007,0.7522360593105272,0.8778708031887404,0,0.0,0,0
yolo_sem_distilled,all,Dark (VI),15,55,0.7034777894431565,0.7718307115375249,0.24039516325105903,0.6392263376192598,0.8719749994891685,1,0.01818181818181818,1,0
yolo_sem_distilled,D1_D4,Light (II-III),7,23,0.5937859806764874,0.756578947368421,0.5192347275125463,0.5752724811991119,0.7711968659123952,4,0.17391304347826086,3,1
yolo_sem_distilled,D1_D4,Intermediate (III-IV),10,13,0.7796717073167064,0.828811524609844,0.21190520161541804,0.8368270548174432,0.7468309119871633,0,0.0,0,0
yolo_sem_distilled,D1_D4,Tan (IV),4,8,0.7342708736713859,0.8259658225066343,0.15552978348358715,0.7506741610087315,0.7331638154493398,0,0.0,0,0
yolo_sem_distilled,D1_D4,Brown (V),3,12,0.8168003179765323,0.829051379380223,0.10257974179520812,0.7656763573266737,0.8870126111114652,0,0.0,0,0
yolo_sem_distilled,D1_D4,Dark (VI),8,18,0.776748565016756,0.8274133492302079,0.14437178543800278,0.7611021242669787,0.8223766394023139,0,0.0,0,0
yolo_sem_distilled,D5_D10,Light (II-III),6,16,0.6866610590081037,0.7601749695568134,0.4610179282972393,0.5891475456425312,0.9369627153337783,0,0.0,0,0
yolo_sem_distilled,D5_D10,Intermediate (III-IV),11,25,0.8099297609764209,0.8253238816915179,0.12868652514534484,0.7240922443414347,0.9579107378378261,0,0.0,0,0
yolo_sem_distilled,D5_D10,Tan (IV),13,16,0.7251390317097518,0.8039346269569118,0.35899627374575793,0.6724074788435179,0.8937028203462097,0,0.0,0,0
yolo_sem_distilled,D5_D10,Brown (V),10,17,0.7838885399697229,0.8330213772042163,0.09164930217594913,0.7427487901226589,0.8714177623021113,0,0.0,0,0
yolo_sem_distilled,D5_D10,Dark (VI),12,37,0.6678325472722162,0.7458637776098094,0.2866819833656623,0.5799354143852344,0.8961039314233138,1,0.02702702702702703,1,0
