model,bin,median_gt_px,s_n,s_mean_dice,s_median_dice,s_iqr_dice,s_mean_recall,s_mean_precision,s_zero_dice_n,s_zero_dice_rate,s_empty_pred_n,s_wrong_place_n
biomedclip_g28,D1,4317.5,14,0.4913799670871165,0.5044421696447967,0.19784224159218516,0.7197887963872279,0.48449525890629247,1,0.07142857142857142,0,1
biomedclip_g28,D2,5916.0,13,0.5734346195106451,0.5747579569830135,0.16024505250706256,0.7237699454345368,0.5176100671498104,0,0.0,0,0
biomedclip_g28,D3,6914.0,13,0.6488037172738237,0.6216944416724878,0.18884189071205693,0.8201364761061612,0.5649833475857249,0,0.0,0,0
biomedclip_g28,D4,7402.0,14,0.48318363686721705,0.5336853958801843,0.22741156260212564,0.619387523492957,0.45564343826022585,0,0.0,0,0
biomedclip_g28,D5,8686.0,13,0.5298058073447827,0.5660470183083248,0.2774401322937886,0.7094010689253594,0.46687456329691934,1,0.07692307692307693,0,1
biomedclip_g28,D6,10388.0,13,0.5972478412194238,0.6054720860351099,0.216808194700646,0.7742288916462409,0.523663096803819,0,0.0,0,0
biomedclip_g28,D7,12305.5,14,0.6526459310876612,0.6664734274244619,0.1695673859865373,0.7851163469012291,0.5794066811771409,0,0.0,0,0
biomedclip_g28,D8,15677.0,13,0.6958570960295332,0.7137417140708007,0.10182255898479842,0.8399001003112262,0.6179592867390981,0,0.0,0,0
biomedclip_g28,D9,22504.0,13,0.7631895197686002,0.7825388681938837,0.11887121109733179,0.7990156392758745,0.7556628443856821,0,0.0,0,0
biomedclip_g28,D10,38879.0,14,0.7876842299673193,0.8144417018234702,0.11470483577498891,0.7027618636101896,0.9168350174514607,0,0.0,0,0
deeplabv3plus_r50,D1,4071.0,19,0.6923365797552394,0.7982905982905983,0.1477005986031572,0.7023106160547826,0.8202350142284943,3,0.15789473684210525,2,1
deeplabv3plus_r50,D2,5445.5,18,0.8149317774443623,0.8446750706629977,0.13040652609910008,0.75988297599965,0.9292422772369962,0,0.0,0,0
deeplabv3plus_r50,D3,6686.0,19,0.6757651164862872,0.8059419055729019,0.22756964722862294,0.6193570606150544,0.8864681743250785,1,0.05263157894736842,1,0
deeplabv3plus_r50,D4,8665.5,18,0.7455371179153203,0.8356302267393132,0.14949266258968452,0.6792913278214092,0.9074076938567003,1,0.05555555555555555,1,0
deeplabv3plus_r50,D5,10622.0,19,0.7367201653422105,0.7812343703110933,0.1320749227668998,0.6688460441767891,0.9065096433119141,0,0.0,0,0
deeplabv3plus_r50,D6,11957.5,18,0.8249345201806972,0.8298145330668611,0.06774287345819663,0.7569872601304962,0.9351120924800926,0,0.0,0,0
deeplabv3plus_r50,D7,13841.0,18,0.7712928601807655,0.7737005345622233,0.2020942292155541,0.7135360505723854,0.8738856335869157,0,0.0,0,0
deeplabv3plus_r50,D8,15506.0,19,0.8089238988750052,0.8798278400724884,0.1160749509683825,0.7764385431343311,0.8871313795667377,0,0.0,0,0
deeplabv3plus_r50,D9,19152.0,18,0.7972810331955116,0.8280443841296582,0.10401275790419873,0.7734861330505417,0.861038986418023,0,0.0,0,0
deeplabv3plus_r50,D10,31415.0,19,0.7245767015559763,0.6675275003677612,0.22493071375049034,0.6505833683818077,0.8602620389879783,0,0.0,0,0
dermlip_ft__seed0,D1,4071.0,19,0.6707427851856517,0.7477901693515077,0.17664387673701665,0.7707392419924961,0.6196139619256847,0,0.0,0,0
dermlip_ft__seed0,D2,5445.5,18,0.7205871538955635,0.7823781016609923,0.1630101525533748,0.7479391982137633,0.7289703870781005,0,0.0,0,0
dermlip_ft__seed0,D3,6686.0,19,0.6507349432450966,0.7471828951170182,0.3923331189236557,0.6483772461439564,0.6778256560336033,0,0.0,0,0
dermlip_ft__seed0,D4,8665.5,18,0.6769359815565221,0.7108525770591284,0.21498539037290065,0.6651170754845821,0.7092070716778038,0,0.0,0,0
dermlip_ft__seed0,D5,10622.0,19,0.679217390322446,0.7310577791743588,0.2496251843774817,0.6481249945828956,0.7468242738200249,0,0.0,0,0
dermlip_ft__seed0,D6,11957.5,18,0.7952856330676135,0.8027046935958347,0.14121760595028454,0.7978590393503622,0.8211411666747565,0,0.0,0,0
dermlip_ft__seed0,D7,13841.0,18,0.7296321993980226,0.756482400297646,0.1584381889820986,0.6837352646273573,0.8331388879533757,0,0.0,0,0
dermlip_ft__seed0,D8,15506.0,19,0.6758946758762432,0.8186723152551857,0.2975289386743014,0.6724162488918729,0.7163154880193501,0,0.0,0,0
dermlip_ft__seed0,D9,19152.0,18,0.7490523443524558,0.8143470438840286,0.2770333042255557,0.7134957600320111,0.8107468788636744,0,0.0,0,0
dermlip_ft__seed0,D10,31415.0,19,0.7025088530060752,0.7538919233735775,0.2002676120760346,0.6084189152866939,0.8809574118241749,0,0.0,0,0
dermlip_ft__seed0#c827,D1,4317.5,14,0.619999398212996,0.7003971585171251,0.13278507498364112,0.8719450740776231,0.5238386070962556,2,0.14285714285714285,0,2
dermlip_ft__seed0#c827,D2,5916.0,13,0.7066293572239066,0.7606252640473172,0.24695771810140565,0.8105629798213078,0.638883932562141,0,0.0,0,0
dermlip_ft__seed0#c827,D3,6914.0,13,0.7376065502368644,0.7955491931285789,0.26020762871903536,0.798171555847376,0.6922102356137778,0,0.0,0,0
dermlip_ft__seed0#c827,D4,7402.0,14,0.6096725662081617,0.6449708898243706,0.24904763652527973,0.6815266315184328,0.5762125798613734,0,0.0,0,0
dermlip_ft__seed0#c827,D5,8686.0,13,0.7164071648514747,0.749006861682918,0.1356530018470381,0.7893338664563827,0.6674533608766111,0,0.0,0,0
dermlip_ft__seed0#c827,D6,10388.0,13,0.7088597171640968,0.7261476238624873,0.16581817523197706,0.7924548394345121,0.6627486771963338,0,0.0,0,0
dermlip_ft__seed0#c827,D7,12305.5,14,0.7625257255499834,0.795675396608575,0.08290104749529337,0.8079853328810778,0.7425990352604276,0,0.0,0,0
dermlip_ft__seed0#c827,D8,15677.0,13,0.7460838601307641,0.7669074909011896,0.23456987543828423,0.8296307913878636,0.7153537628412875,0,0.0,0,0
dermlip_ft__seed0#c827,D9,22504.0,13,0.8100981005827432,0.8369602228757158,0.10220232958799469,0.8700045964959343,0.7861760745267975,0,0.0,0,0
dermlip_ft__seed0#c827,D10,38879.0,14,0.8228320341289252,0.8473925998690233,0.09201612965832762,0.8063943249911957,0.8796009236004194,0,0.0,0,0
dermlip_g28,D1,4317.5,14,0.4993690345117434,0.5484569987201791,0.29285994249290825,0.7914674443925367,0.4326352164340252,1,0.07142857142857142,0,1
dermlip_g28,D2,5916.0,13,0.4911233413194908,0.4632405996953419,0.315035896295178,0.7136632461983138,0.44606061956041343,0,0.0,0,0
dermlip_g28,D3,6914.0,13,0.5585725140289735,0.602279857770341,0.3214104007831808,0.8242118109151829,0.44460937866076117,0,0.0,0,0
dermlip_g28,D4,7402.0,14,0.35452132091046673,0.37123252625810566,0.2654526377618291,0.5351140669776879,0.29757012055290033,1,0.07142857142857142,0,1
dermlip_g28,D5,8686.0,13,0.5057326999497678,0.5980047161255215,0.3357834458910297,0.6786815153936719,0.42150405820811676,0,0.0,0,0
dermlip_g28,D6,10388.0,13,0.5372599361043393,0.5857209452433033,0.13094880055453295,0.6934512997241803,0.4702960954091723,0,0.0,0,0
dermlip_g28,D7,12305.5,14,0.5518876207659158,0.5690474146585809,0.23129227139708153,0.7401049181119308,0.48874010527839634,1,0.07142857142857142,0,1
dermlip_g28,D8,15677.0,13,0.6339699153129945,0.6488571119055357,0.07443288045738428,0.812668728954499,0.5490268453103693,0,0.0,0,0
dermlip_g28,D9,22504.0,13,0.762868972070269,0.7927847678432246,0.09846097213286653,0.8637198055601133,0.697435636545069,0,0.0,0,0
dermlip_g28,D10,38879.0,14,0.8300978175285423,0.8732140550992997,0.08107391089936411,0.8196518749685044,0.8618229251645273,0,0.0,0,0
dinov2_ft__seed0,D1,4071.0,19,0.7578794009499502,0.770594217637658,0.17681912294907087,0.7861324919178556,0.7825251517900366,0,0.0,0,0
dinov2_ft__seed0,D2,5445.5,18,0.8332512249328022,0.8452267461185653,0.09799217107364488,0.8121747446961928,0.875577841158949,0,0.0,0,0
dinov2_ft__seed0,D3,6686.0,19,0.7201583979198245,0.829842032967033,0.31335500859662146,0.7337367027041697,0.7389047860116054,0,0.0,0,0
dinov2_ft__seed0,D4,8665.5,18,0.7955569124293211,0.8456139414669606,0.1954353393374887,0.7770528827504869,0.8420971349557794,0,0.0,0,0
dinov2_ft__seed0,D5,10622.0,19,0.8105898968240495,0.8600010003501225,0.18177843679185834,0.7812464053099454,0.878275586558063,0,0.0,0,0
dinov2_ft__seed0,D6,11957.5,18,0.8272716025748088,0.8402141393386131,0.12499586029606147,0.8198157863091596,0.8592253895278339,0,0.0,0,0
dinov2_ft__seed0,D7,13841.0,18,0.743377224320676,0.8058130662795061,0.21944290082256135,0.6895401171503519,0.8740480114886814,0,0.0,0,0
dinov2_ft__seed0,D8,15506.0,19,0.8421457074877094,0.8734000294247463,0.08856966657712484,0.8136479498491821,0.8860665904228344,0,0.0,0,0
dinov2_ft__seed0,D9,19152.0,18,0.8234986132457393,0.8395144920515425,0.1066697017366306,0.8197586621372411,0.8571484550029134,0,0.0,0,0
dinov2_ft__seed0,D10,31415.0,19,0.7516692299023489,0.7579519543036138,0.11067027746139102,0.6857526592977795,0.8825486746792567,0,0.0,0,0
dinov2_ft__seed0#c827,D1,4317.5,14,0.661677576779253,0.7288341439980784,0.21645013566662374,0.8770105787461049,0.5890921268636742,2,0.14285714285714285,0,2
dinov2_ft__seed0#c827,D2,5916.0,13,0.8365081615907523,0.8776158293298592,0.1524046224595076,0.9063708833333833,0.7936360332388204,0,0.0,0,0
dinov2_ft__seed0#c827,D3,6914.0,13,0.7959774335933345,0.7929682217714672,0.14274906858454617,0.8398075579065373,0.7775633369565514,0,0.0,0,0
dinov2_ft__seed0#c827,D4,7402.0,14,0.7416484313801234,0.7478868639545421,0.26841542173722577,0.8277745696630111,0.708612262575446,0,0.0,0,0
dinov2_ft__seed0#c827,D5,8686.0,13,0.7179023869689266,0.8190664687448458,0.37730381823813597,0.7724315011261378,0.6837642977129404,0,0.0,0,0
dinov2_ft__seed0#c827,D6,10388.0,13,0.7669918855636925,0.8192660550458716,0.11425667041881549,0.8118017930446716,0.7547909008500363,0,0.0,0,0
dinov2_ft__seed0#c827,D7,12305.5,14,0.8205338742016882,0.8141790503224129,0.10928245303558237,0.7795730614135301,0.8822963968037228,0,0.0,0,0
dinov2_ft__seed0#c827,D8,15677.0,13,0.788349611748418,0.8621144589053307,0.22911332806020834,0.8408025046998888,0.7841145758806812,0,0.0,0,0
dinov2_ft__seed0#c827,D9,22504.0,13,0.8490517707041404,0.8852102310301427,0.07989413457908212,0.8872575184122701,0.8391666741583597,0,0.0,0,0
dinov2_ft__seed0#c827,D10,38879.0,14,0.8500110593804605,0.9077670180825717,0.030013537321674444,0.8241939029160944,0.9238769586990943,0,0.0,0,0
dinov2_g28,D1,4317.5,14,0.5549851644397025,0.6651874467685823,0.187277444730515,0.8485013845902232,0.5165013447988138,2,0.14285714285714285,1,1
dinov2_g28,D2,5916.0,13,0.6415398669256276,0.6450844682592841,0.19225414714548494,0.8454700064678996,0.5418225778097578,0,0.0,0,0
dinov2_g28,D3,6914.0,13,0.7152059811001289,0.7112582074414135,0.2978792784994688,0.9280022462746218,0.6153752740614324,0,0.0,0,0
dinov2_g28,D4,7402.0,14,0.5410666663419113,0.543760252405178,0.20931022073119637,0.6814904710851097,0.49795501404017806,0,0.0,0,0
dinov2_g28,D5,8686.0,13,0.6003007887135158,0.7682707562136436,0.5072625497821729,0.6458369894790253,0.5976602353149468,0,0.0,0,0
dinov2_g28,D6,10388.0,13,0.6291486486936452,0.6436433972217338,0.17029549057589388,0.7040230573191762,0.6182702517445618,0,0.0,0,0
dinov2_g28,D7,12305.5,14,0.6561431474753432,0.7583455986017107,0.12510332745237962,0.6863747084194051,0.7020098888667722,1,0.07142857142857142,0,1
dinov2_g28,D8,15677.0,13,0.7152584909478618,0.7243396417366663,0.20638840786118395,0.8322405941206974,0.6722868403091871,0,0.0,0,0
dinov2_g28,D9,22504.0,13,0.7987187202677185,0.8515366686541276,0.07126472057889122,0.815283345679108,0.8415399626278044,0,0.0,0,0
dinov2_g28,D10,38879.0,14,0.7909674664218157,0.8353319788673323,0.04390871633324578,0.6949282461541074,0.9587512055382614,0,0.0,0,0
dinov2_probe,D1,4317.5,14,0.5007303915676607,0.5714413810909199,0.2050613508414728,0.8831652099712556,0.3708485092969211,2,0.14285714285714285,0,2
dinov2_probe,D2,5916.0,13,0.6058073589927498,0.597117608682759,0.15923870030502663,0.9286764012512817,0.4658663852563781,0,0.0,0,0
dinov2_probe,D3,6914.0,13,0.6560361740891794,0.6302652106084243,0.3343156960524496,0.9539651216218584,0.5300149330061035,0,0.0,0,0
dinov2_probe,D4,7402.0,14,0.5335322716585745,0.48040025997045555,0.20524500056665285,0.7626373519990922,0.45193113275295077,0,0.0,0,0
dinov2_probe,D5,8686.0,13,0.6384451563373633,0.7111147784470666,0.40746624154777145,0.7829990277998357,0.5454311030117426,0,0.0,0,0
dinov2_probe,D6,10388.0,13,0.626743896117951,0.6088802048241477,0.1138372902704412,0.7973528901754268,0.5424040033144094,0,0.0,0,0
dinov2_probe,D7,12305.5,14,0.6521656567491734,0.7575952622184576,0.13026639062254475,0.7434522498379128,0.6306854152610374,0,0.0,0,0
dinov2_probe,D8,15677.0,13,0.7025258124947632,0.6547630089973101,0.17621080812710566,0.8967021419620708,0.6067677985323262,0,0.0,0,0
dinov2_probe,D9,22504.0,13,0.8111673351014783,0.8607362487188247,0.05922233154359058,0.8577145686891199,0.8151484503221499,0,0.0,0,0
dinov2_probe,D10,38879.0,14,0.8474288598221398,0.8687638497739549,0.025551209334455427,0.7869257892008852,0.9338076247131701,0,0.0,0,0
distill_expA_b5_to_b0_response,D1,4071.0,19,0.7087819310789769,0.7879475542107918,0.1783658004155807,0.6933664294901829,0.7639717851522653,1,0.05263157894736842,0,1
distill_expA_b5_to_b0_response,D2,5445.5,18,0.7959094778780135,0.7991866700387422,0.15200364652170661,0.77869417451978,0.8588732635747852,0,0.0,0,0
distill_expA_b5_to_b0_response,D3,6686.0,19,0.7291975401111827,0.7714538484222944,0.20115607868831686,0.6893763135662079,0.7876781094014418,0,0.0,0,0
distill_expA_b5_to_b0_response,D4,8665.5,18,0.7986713500869427,0.828003139891118,0.14103928804622312,0.7577781767641116,0.865702859518221,0,0.0,0,0
distill_expA_b5_to_b0_response,D5,10622.0,19,0.7595611480899093,0.8082868861078978,0.14221672016156428,0.7030757259882857,0.8940180882906744,0,0.0,0,0
distill_expA_b5_to_b0_response,D6,11957.5,18,0.7874024180034815,0.8211315784778999,0.11505040779145559,0.7237079169897904,0.898251306742406,0,0.0,0,0
distill_expA_b5_to_b0_response,D7,13841.0,18,0.7635643103740712,0.8048411700498235,0.15056604541027852,0.6783720749132791,0.9063925719361259,0,0.0,0,0
distill_expA_b5_to_b0_response,D8,15506.0,19,0.8003742357976832,0.860921181155609,0.1507663826855008,0.7410321306031303,0.906295881709648,0,0.0,0,0
distill_expA_b5_to_b0_response,D9,19152.0,18,0.8246590952431153,0.8441358502591987,0.13018943146699014,0.75203114523969,0.9240587405785889,0,0.0,0,0
distill_expA_b5_to_b0_response,D10,31415.0,19,0.7217110413660066,0.6984597584785596,0.2639856104595244,0.616951752322304,0.9132401126957368,0,0.0,0,0
distill_p2_bpkd_b5_to_b0,D1,4071.0,19,0.7197036991813173,0.7716496744871637,0.14615518370998104,0.7329027039480264,0.7607898557805723,0,0.0,0,0
distill_p2_bpkd_b5_to_b0,D2,5445.5,18,0.7616913742347565,0.7847427117584325,0.11588996935954088,0.7560256961057783,0.8123253418198627,0,0.0,0,0
distill_p2_bpkd_b5_to_b0,D3,6686.0,19,0.7161714370959299,0.8149571007811499,0.20125404109270395,0.6882877425159258,0.8278529055237408,1,0.05263157894736842,1,0
distill_p2_bpkd_b5_to_b0,D4,8665.5,18,0.799627343655698,0.8072908977893964,0.16063216843704342,0.7382242947255946,0.9006842688244527,0,0.0,0,0
distill_p2_bpkd_b5_to_b0,D5,10622.0,19,0.7447075831212068,0.8121897116298722,0.23052124656364326,0.7360524130342315,0.853468125668796,0,0.0,0,0
distill_p2_bpkd_b5_to_b0,D6,11957.5,18,0.7876256221559017,0.8519596977675392,0.12406411338355072,0.7365367992857036,0.9155935111688035,0,0.0,0,0
distill_p2_bpkd_b5_to_b0,D7,13841.0,18,0.7329200141098985,0.7826701108144785,0.23517399984996568,0.7052465504021173,0.7962698439438578,0,0.0,0,0
distill_p2_bpkd_b5_to_b0,D8,15506.0,19,0.8136099051963036,0.8571907850592708,0.13479450697484496,0.7742495158582167,0.8898204238924087,0,0.0,0,0
distill_p2_bpkd_b5_to_b0,D9,19152.0,18,0.8236422156519289,0.8447305002764602,0.08887780704927928,0.7993610874655945,0.864563787323398,0,0.0,0,0
distill_p2_bpkd_b5_to_b0,D10,31415.0,19,0.7558211800870688,0.7753305108958208,0.13811645555450558,0.6716932074047627,0.9010367848419109,0,0.0,0,0
distill_p2_cwd_b5_to_b0,D1,4071.0,19,0.6858286479642148,0.8289490568458874,0.17839535186709232,0.7165982540714001,0.721095500092144,3,0.15789473684210525,1,2
distill_p2_cwd_b5_to_b0,D2,5445.5,18,0.8250885363538193,0.8669851319271848,0.11287503321267456,0.8301950718461352,0.8475904022605578,0,0.0,0,0
distill_p2_cwd_b5_to_b0,D3,6686.0,19,0.750478596811601,0.8264689288304989,0.12198399364857926,0.7152049799816969,0.8046565763172234,0,0.0,0,0
distill_p2_cwd_b5_to_b0,D4,8665.5,18,0.8010804856098849,0.8123985541840006,0.0993153249252432,0.754605430174419,0.8651337606743819,0,0.0,0,0
distill_p2_cwd_b5_to_b0,D5,10622.0,19,0.7954670458295766,0.8175273510571963,0.1367578604031885,0.7404686978932317,0.8880511685581965,0,0.0,0,0
distill_p2_cwd_b5_to_b0,D6,11957.5,18,0.8057473653329593,0.8427216200359736,0.12019727052313778,0.7497417588245927,0.8878049702032907,1,0.05555555555555555,0,1
distill_p2_cwd_b5_to_b0,D7,13841.0,18,0.7754335358999631,0.8175543723351258,0.16601596649258643,0.7306639175727082,0.8620520054368631,0,0.0,0,0
distill_p2_cwd_b5_to_b0,D8,15506.0,19,0.7915362439173614,0.8166175438596491,0.15464827560562466,0.7366150306474077,0.8932512252660693,0,0.0,0,0
distill_p2_cwd_b5_to_b0,D9,19152.0,18,0.7889887575685463,0.8416623243821988,0.19039159971053699,0.7584981285596624,0.8468299924551422,0,0.0,0,0
distill_p2_cwd_b5_to_b0,D10,31415.0,19,0.7233128920122399,0.7478132314894665,0.2231058582913149,0.6215325247874065,0.9040622461076374,0,0.0,0,0
distill_p2_ensemble_uniform,D1,4071.0,19,0.7080304847323445,0.8046429274050757,0.1616923788762803,0.7570972236204045,0.7226187200517417,1,0.05263157894736842,0,1
distill_p2_ensemble_uniform,D2,5445.5,18,0.7923159829007365,0.8385018980941615,0.12826965500885346,0.7824947629675054,0.8503646563908106,0,0.0,0,0
distill_p2_ensemble_uniform,D3,6686.0,19,0.738472799486512,0.7956952216960826,0.15296793803145636,0.695233746416177,0.8039078389198986,0,0.0,0,0
distill_p2_ensemble_uniform,D4,8665.5,18,0.8407701012246784,0.8382507131184147,0.1251672944748854,0.7944123439960633,0.9032058391443277,0,0.0,0,0
distill_p2_ensemble_uniform,D5,10622.0,19,0.7832607258666983,0.7872639614302933,0.13150743064153947,0.7236226594278609,0.8953346736034575,0,0.0,0,0
distill_p2_ensemble_uniform,D6,11957.5,18,0.7872074175857047,0.824263581213744,0.14084385404700972,0.7173758552988798,0.8916489797294405,1,0.05555555555555555,0,1
distill_p2_ensemble_uniform,D7,13841.0,18,0.7296378701582529,0.7876742979222069,0.22935933461209046,0.6553703237829717,0.8703905900310543,0,0.0,0,0
distill_p2_ensemble_uniform,D8,15506.0,19,0.7696615887229267,0.8340760700590735,0.17666360591843389,0.7150802967980665,0.892666864821513,0,0.0,0,0
distill_p2_ensemble_uniform,D9,19152.0,18,0.7892579545063731,0.8494818326291329,0.2069054969178592,0.727121679606315,0.9078933564957781,0,0.0,0,0
distill_p2_ensemble_uniform,D10,31415.0,19,0.6830534110823303,0.7414922115289215,0.32275773053732604,0.5840932768829769,0.892539255915323,0,0.0,0,0
distill_p3_adaptive,D1,4071.0,19,0.7330658895402026,0.803982683982684,0.14329799087412654,0.7974957797578516,0.7010519762970155,1,0.05263157894736842,0,1
distill_p3_adaptive,D2,5445.5,18,0.8098524909925573,0.8432221600975432,0.09717472930692295,0.8594456352587634,0.7850627888596236,0,0.0,0,0
distill_p3_adaptive,D3,6686.0,19,0.7604980621312574,0.830723729993041,0.15255581176383548,0.7633623473688568,0.7673454897508145,0,0.0,0,0
distill_p3_adaptive,D4,8665.5,18,0.8235043636643171,0.8087369694961029,0.12356621551424074,0.7682974147611585,0.9001390571957839,0,0.0,0,0
distill_p3_adaptive,D5,10622.0,19,0.791356085460463,0.8202018089611544,0.13492341197859237,0.7394395961998419,0.8792172027255686,0,0.0,0,0
distill_p3_adaptive,D6,11957.5,18,0.8003099575495372,0.8399246407121719,0.12391943686674511,0.7374590785772528,0.8952832258927097,1,0.05555555555555555,0,1
distill_p3_adaptive,D7,13841.0,18,0.7624438816423554,0.8121745060083575,0.1311065363833952,0.7058742680019908,0.8608487836563261,0,0.0,0,0
distill_p3_adaptive,D8,15506.0,19,0.7970016837283934,0.8529727533876912,0.16827371029382854,0.7398794620653216,0.904465257330569,0,0.0,0,0
distill_p3_adaptive,D9,19152.0,18,0.7972498079048899,0.822045058123347,0.17034445817861588,0.7593911180921551,0.8695304945117974,0,0.0,0,0
distill_p3_adaptive,D10,31415.0,19,0.6794280322139915,0.7177399192828315,0.23532706046536678,0.5589187859751692,0.9195938905736422,0,0.0,0,0
distill_p3_adaptive_boundary,D1,4071.0,19,0.6586138898335081,0.8221336874723328,0.17831403371129106,0.6880791367872184,0.6967832463114975,1,0.05263157894736842,0,1
distill_p3_adaptive_boundary,D2,5445.5,18,0.821830875110844,0.8301382647233646,0.10511773940802471,0.8351655655141116,0.8379445061876271,0,0.0,0,0
distill_p3_adaptive_boundary,D3,6686.0,19,0.7323576863652701,0.7416450480695864,0.18510279702295995,0.6893828834630401,0.8059178610684707,0,0.0,0,0
distill_p3_adaptive_boundary,D4,8665.5,18,0.8124021876947771,0.8229327256952149,0.14847498845348117,0.7601353811920714,0.8853154263188991,0,0.0,0,0
distill_p3_adaptive_boundary,D5,10622.0,19,0.7600138527565597,0.7846718951652933,0.17658041773641608,0.7054722279728164,0.874021686315008,0,0.0,0,0
distill_p3_adaptive_boundary,D6,11957.5,18,0.7980120333569735,0.8740448931114279,0.16628676705954792,0.7441647540720566,0.9110649681838774,0,0.0,0,0
distill_p3_adaptive_boundary,D7,13841.0,18,0.7444921014570449,0.8114461674073468,0.24501817719195962,0.6930006218881233,0.8749033608366215,0,0.0,0,0
distill_p3_adaptive_boundary,D8,15506.0,19,0.7967462698235516,0.859434360489658,0.16857881465632796,0.7417538481254718,0.9001343122634543,0,0.0,0,0
distill_p3_adaptive_boundary,D9,19152.0,18,0.8157818262241953,0.8352589551005216,0.10284808544075985,0.7844174713335904,0.8777580682113231,0,0.0,0,0
distill_p3_adaptive_boundary,D10,31415.0,19,0.7365087777202952,0.7613355173735754,0.18436520267053969,0.6443822745013845,0.9165539074479625,0,0.0,0,0
distill_p3_adaptive_full,D1,4071.0,19,0.650993064310986,0.8261655222262378,0.17186350003409834,0.6416777745231217,0.7781161875654493,3,0.15789473684210525,2,1
distill_p3_adaptive_full,D2,5445.5,18,0.7659070855720143,0.7847233980431325,0.10703466827036923,0.7361061732807131,0.8505997897734863,0,0.0,0,0
distill_p3_adaptive_full,D3,6686.0,19,0.7093209115605951,0.7446338662662308,0.1930665371908582,0.6312620608382801,0.8396346372504745,0,0.0,0,0
distill_p3_adaptive_full,D4,8665.5,18,0.807361756263934,0.8065671675374196,0.08237404166062456,0.7507006563262039,0.8857292273514712,0,0.0,0,0
distill_p3_adaptive_full,D5,10622.0,19,0.7376182108761269,0.7799778235387296,0.18787289276882335,0.6731354370751366,0.8717616619373763,0,0.0,0,0
distill_p3_adaptive_full,D6,11957.5,18,0.787233016144255,0.8546736203478416,0.16728544833700898,0.7296559377421005,0.9053083438593839,0,0.0,0,0
distill_p3_adaptive_full,D7,13841.0,18,0.7625181337533475,0.7742995822570014,0.18716805796692204,0.7107208606415312,0.8704991167978131,0,0.0,0,0
distill_p3_adaptive_full,D8,15506.0,19,0.7619094422894012,0.7913689936536719,0.16310779471692483,0.7207915505611799,0.8616457954982149,0,0.0,0,0
distill_p3_adaptive_full,D9,19152.0,18,0.8096647503093757,0.8617373314493443,0.13183133458828167,0.778478261121981,0.8752213428615155,0,0.0,0,0
distill_p3_adaptive_full,D10,31415.0,19,0.7319381949280336,0.7952385783368842,0.23943555994783627,0.634080976143435,0.9238084432306849,0,0.0,0,0
distill_p3_adaptive_group,D1,4071.0,19,0.6996536159940874,0.8139562112164852,0.12327066366852613,0.7387730541687327,0.7391067026961364,2,0.10526315789473684,1,1
distill_p3_adaptive_group,D2,5445.5,18,0.7927231812893161,0.8333906897712702,0.07640596406138767,0.798357800506696,0.8201985755945368,0,0.0,0,0
distill_p3_adaptive_group,D3,6686.0,19,0.7388874145169225,0.7780803829330692,0.16725789975051597,0.6967898949633017,0.8068315220803544,0,0.0,0,0
distill_p3_adaptive_group,D4,8665.5,18,0.8024078025646185,0.779797171307261,0.11739091389544087,0.740912770527756,0.8895697880571025,0,0.0,0,0
distill_p3_adaptive_group,D5,10622.0,19,0.7588340684886504,0.789349953529058,0.1595115387788162,0.7052627314290981,0.8695671024824062,0,0.0,0,0
distill_p3_adaptive_group,D6,11957.5,18,0.7776735634314978,0.8269341640309746,0.1271850211811092,0.702239741338514,0.8939312421416646,0,0.0,0,0
distill_p3_adaptive_group,D7,13841.0,18,0.7353051278035645,0.7990475357177645,0.2574572179792731,0.6805693049516981,0.8695839019357714,0,0.0,0,0
distill_p3_adaptive_group,D8,15506.0,19,0.7924769769541404,0.8617797794688616,0.20250405517357029,0.7260365432816981,0.9047954317284764,0,0.0,0,0
distill_p3_adaptive_group,D9,19152.0,18,0.7933490651322175,0.8072287741620716,0.11082000719075324,0.724385223904878,0.9061109294426176,0,0.0,0,0
distill_p3_adaptive_group,D10,31415.0,19,0.700243076745219,0.6382028493591175,0.1864214327007515,0.5909651003635613,0.898045898556215,0,0.0,0,0
distill_p3_adaptive_hard,D1,4071.0,19,0.6632514358312748,0.7887998085437358,0.24709183669891654,0.7075868879363053,0.6821149300078583,1,0.05263157894736842,0,1
distill_p3_adaptive_hard,D2,5445.5,18,0.7561061386752841,0.831562608031658,0.13336099615084995,0.7912351182750348,0.7547782572864943,0,0.0,0,0
distill_p3_adaptive_hard,D3,6686.0,19,0.6841626139726569,0.7455066921606118,0.2515002616816444,0.6572325489714078,0.7323859382830922,0,0.0,0,0
distill_p3_adaptive_hard,D4,8665.5,18,0.8005400216169776,0.7940404922448683,0.15216932766140256,0.7540684653036968,0.8763502975366889,0,0.0,0,0
distill_p3_adaptive_hard,D5,10622.0,19,0.7732221157198242,0.8243259154597904,0.14844094183525414,0.7238451717236689,0.8735918163483718,0,0.0,0,0
distill_p3_adaptive_hard,D6,11957.5,18,0.7944327117506932,0.8682163447608402,0.17055073428613388,0.7405501875944188,0.8786842605508152,0,0.0,0,0
distill_p3_adaptive_hard,D7,13841.0,18,0.7262134452351505,0.7983482926775445,0.21874321373519656,0.6670665364943836,0.8495416632672538,0,0.0,0,0
distill_p3_adaptive_hard,D8,15506.0,19,0.7756165871437787,0.8598480978168318,0.17687243347895776,0.7262040752112697,0.875026093304925,0,0.0,0,0
distill_p3_adaptive_hard,D9,19152.0,18,0.7653508748279051,0.8064978699174306,0.20155294901987253,0.7288657781920405,0.8311693924106431,0,0.0,0,0
distill_p3_adaptive_hard,D10,31415.0,19,0.6826838824017226,0.698255033557047,0.19031583304083155,0.5690234515574433,0.899017923933816,0,0.0,0,0
distill_segformer_b5__seed2026,D1,4071.0,19,0.7225456480338067,0.7549496916585524,0.20159360914164237,0.7756194067210044,0.7242450141041603,0,0.0,0,0
distill_segformer_b5__seed2026,D2,5445.5,18,0.8230857446404143,0.8843033654735717,0.08037384195497577,0.7961259545446233,0.8595308370747543,0,0.0,0,0
distill_segformer_b5__seed2026,D3,6686.0,19,0.7036049482727808,0.824086726792384,0.10029287549137811,0.6608705425541498,0.7676147760589023,0,0.0,0,0
distill_segformer_b5__seed2026,D4,8665.5,18,0.8107605580645963,0.8398459586630661,0.1512723806636228,0.7525422330431107,0.8920274437636946,0,0.0,0,0
distill_segformer_b5__seed2026,D5,10622.0,19,0.7695340413693877,0.8427258193445244,0.17289906365532692,0.7215252297263945,0.8454156280286959,1,0.05263157894736842,0,1
distill_segformer_b5__seed2026,D6,11957.5,18,0.7963463045613618,0.8637637541146312,0.11916937725708499,0.7458190225865153,0.86468730266985,0,0.0,0,0
distill_segformer_b5__seed2026,D7,13841.0,18,0.7517537035859859,0.7710804648223559,0.19805845594684868,0.7123792610057919,0.8552447024699338,0,0.0,0,0
distill_segformer_b5__seed2026,D8,15506.0,19,0.8156679755504739,0.882871039831734,0.189819812045385,0.7538875931323548,0.9101700452303737,0,0.0,0,0
distill_segformer_b5__seed2026,D9,19152.0,18,0.7484578961408548,0.7479850177343959,0.15029659104150883,0.6484389331516716,0.937265433714162,0,0.0,0,0
distill_segformer_b5__seed2026,D10,31415.0,19,0.7392582790104054,0.7819089756526689,0.14696413159182709,0.650063765550359,0.9324157096840056,0,0.0,0,0
distill_segformer_b5__seed42,D1,4071.0,19,0.758518271661643,0.8059701492537313,0.14364428915785088,0.811327990686872,0.7674820555890874,0,0.0,0,0
distill_segformer_b5__seed42,D2,5445.5,18,0.7414821853371001,0.8562499619645227,0.191755979804083,0.7142868135528708,0.7910087570396803,1,0.05555555555555555,0,1
distill_segformer_b5__seed42,D3,6686.0,19,0.7350138293923979,0.7836146105696854,0.14114989487354668,0.680348356771903,0.8255657179357309,0,0.0,0,0
distill_segformer_b5__seed42,D4,8665.5,18,0.7590842737640521,0.8097737853497191,0.16531165776316115,0.6917424631326425,0.8535130749488389,0,0.0,0,0
distill_segformer_b5__seed42,D5,10622.0,19,0.722954132592949,0.7883327179703571,0.15484174740055145,0.6566833344351289,0.8528787101134112,1,0.05263157894736842,0,1
distill_segformer_b5__seed42,D6,11957.5,18,0.7697038650372269,0.8586849188435146,0.10914832265250063,0.7080128917442354,0.8642102724665555,1,0.05555555555555555,0,1
distill_segformer_b5__seed42,D7,13841.0,18,0.7478415060818224,0.7724748708706954,0.1669840177660391,0.6830559096173348,0.8673615291697945,0,0.0,0,0
distill_segformer_b5__seed42,D8,15506.0,19,0.8126093287996086,0.8663946802017412,0.14440997169461256,0.747870702137804,0.9177897687441611,0,0.0,0,0
distill_segformer_b5__seed42,D9,19152.0,18,0.7969812963001259,0.8020475640135789,0.13139248037955764,0.7037054391908496,0.9460577093913474,0,0.0,0,0
distill_segformer_b5__seed42,D10,31415.0,19,0.6859822460063698,0.7465453511515496,0.32723120128797223,0.5776092163462758,0.9250529896228885,0,0.0,0,0
distill_segformer_b5_teacher,D1,4071.0,19,0.7781364443367854,0.7664185639229422,0.17322289240020017,0.8281475065060505,0.7636457555331474,0,0.0,0,0
distill_segformer_b5_teacher,D2,5445.5,18,0.8363345195228721,0.8766900762678648,0.14494736620298232,0.8089018319826748,0.8803473139465615,0,0.0,0,0
distill_segformer_b5_teacher,D3,6686.0,19,0.7737312714483422,0.8404532430320396,0.11519782645695398,0.7286495945309117,0.8491354083151442,0,0.0,0,0
distill_segformer_b5_teacher,D4,8665.5,18,0.8238494120735262,0.8562620319949434,0.08492924557979664,0.7773813392619272,0.89668131522594,0,0.0,0,0
distill_segformer_b5_teacher,D5,10622.0,19,0.7944756985250915,0.8611268914940866,0.11373647183851032,0.7432400993060501,0.8911532698588637,0,0.0,0,0
distill_segformer_b5_teacher,D6,11957.5,18,0.8095394429828462,0.8607422911694804,0.12419385263214122,0.7557402886828516,0.8937739581454723,0,0.0,0,0
distill_segformer_b5_teacher,D7,13841.0,18,0.7344154829515431,0.7641957568026609,0.1648651733737001,0.6555047829065794,0.8625617685398546,0,0.0,0,0
distill_segformer_b5_teacher,D8,15506.0,19,0.8257350896096315,0.8717574470908247,0.12061571094927093,0.7542234489060479,0.928561560437888,0,0.0,0,0
distill_segformer_b5_teacher,D9,19152.0,18,0.7383573658034215,0.7215337907531627,0.21322480134791066,0.6140454904919498,0.9710632001343598,0,0.0,0,0
distill_segformer_b5_teacher,D10,31415.0,19,0.6164131820274641,0.6347256347256347,0.19756656138084272,0.49903994711917987,0.9016619331892495,0,0.0,0,0
distill_x_angular_b5_to_b0,D1,4071.0,19,0.7168299035919666,0.8041903776513192,0.2468031333259274,0.7034191216092538,0.7783576429197127,0,0.0,0,0
distill_x_angular_b5_to_b0,D2,5445.5,18,0.7402240257013871,0.8137506976744412,0.13334289037801905,0.7166935815477272,0.8706891711789544,1,0.05555555555555555,1,0
distill_x_angular_b5_to_b0,D3,6686.0,19,0.7135127788412473,0.7635456082441028,0.19426265102120455,0.6555845124965679,0.8162299695983332,0,0.0,0,0
distill_x_angular_b5_to_b0,D4,8665.5,18,0.7730368454483338,0.8132337117518293,0.13756909295044872,0.706317041332204,0.8709121029228291,0,0.0,0,0
distill_x_angular_b5_to_b0,D5,10622.0,19,0.7348704725323879,0.7828599465736248,0.1970454776151923,0.669298581673295,0.9158122426093832,0,0.0,0,0
distill_x_angular_b5_to_b0,D6,11957.5,18,0.7676538219323209,0.8024517994486116,0.15257674012062006,0.6737854272093373,0.9180207834819369,1,0.05555555555555555,0,1
distill_x_angular_b5_to_b0,D7,13841.0,18,0.7316214392776492,0.7172504045763066,0.26168343749749756,0.6693085478646563,0.8578214585425735,0,0.0,0,0
distill_x_angular_b5_to_b0,D8,15506.0,19,0.7893569197878233,0.8400274160383825,0.11867395858137786,0.7339451367490774,0.8909974313661254,0,0.0,0,0
distill_x_angular_b5_to_b0,D9,19152.0,18,0.7789705353382665,0.8285743022281673,0.2301077173295406,0.7104984924897462,0.9032592372975358,0,0.0,0,0
distill_x_angular_b5_to_b0,D10,31415.0,19,0.6764485059823139,0.6862831468593076,0.31519784175963506,0.5538493139643406,0.9480827324975107,0,0.0,0,0
fastscnn,D1,4071.0,19,0.5135920087742296,0.624374278013092,0.3805649566667648,0.5545305369747865,0.6284480834320397,3,0.15789473684210525,2,1
fastscnn,D2,5445.5,18,0.7176899763523867,0.7948419872963097,0.17963002415174945,0.7194224819812045,0.7817773831535423,0,0.0,0,0
fastscnn,D3,6686.0,19,0.48644447162112314,0.5062809917355372,0.33155537332079177,0.5077381076554597,0.5944604067615803,2,0.10526315789473684,1,1
fastscnn,D4,8665.5,18,0.6284662657779896,0.6649336669621664,0.29028163145930364,0.5622515948094653,0.8061092484521288,1,0.05555555555555555,1,0
fastscnn,D5,10622.0,19,0.6551686963290666,0.6839809064312478,0.30983296368714164,0.6089225650291921,0.7756524359877205,0,0.0,0,0
fastscnn,D6,11957.5,18,0.7621807361897879,0.7975391813504484,0.21139974449118737,0.7236553695615798,0.8316114310869991,0,0.0,0,0
fastscnn,D7,13841.0,18,0.6498415973384242,0.7037472442104393,0.2754476400428557,0.5960169850536692,0.7972758400200024,0,0.0,0,0
fastscnn,D8,15506.0,19,0.7247146322338004,0.870645905420992,0.3368988370753919,0.6999566988660803,0.7816302723647474,1,0.05263157894736842,0,1
fastscnn,D9,19152.0,18,0.6718047806955629,0.7312299663109678,0.16230723899926935,0.6117042931563418,0.8101001582926173,0,0.0,0,0
fastscnn,D10,31415.0,19,0.583898243371832,0.6384621383451611,0.26299931151557854,0.4885338228365534,0.8322226746598398,0,0.0,0,0
fastscnn#e981,D1,4071.0,19,0.3505148297190961,0.3438081681813205,0.5980745675364716,0.34051431638702995,0.8000400912984875,7,0.3684210526315789,7,0
fastscnn#e981,D2,5445.5,18,0.6254993901384126,0.6634597595595906,0.28084308040645634,0.628595598151689,0.7365245058945648,0,0.0,0,0
fastscnn#e981,D3,6686.0,19,0.4713766238044152,0.5054115636570777,0.7130430135084063,0.4747472076457764,0.5470407509927254,3,0.15789473684210525,0,3
fastscnn#e981,D4,8665.5,18,0.5776871288294955,0.7229474883218496,0.32885455437125427,0.5596853773941916,0.7524055128258873,2,0.1111111111111111,1,1
fastscnn#e981,D5,10622.0,19,0.6985984818873153,0.7581306589792521,0.1718286431856314,0.6405877112162182,0.8156171379991474,0,0.0,0,0
fastscnn#e981,D6,11957.5,18,0.6804534444806212,0.765196202109472,0.2629061887334765,0.6469474052233156,0.7858785508112818,0,0.0,0,0
fastscnn#e981,D7,13841.0,18,0.6188060162184361,0.654487030743683,0.22377232492270704,0.5802347015116103,0.7803054369949135,0,0.0,0,0
fastscnn#e981,D8,15506.0,19,0.7430503055893668,0.8721577570594943,0.26096215782809595,0.7203466779242703,0.7886002016022043,1,0.05263157894736842,0,1
fastscnn#e981,D9,19152.0,18,0.6864661351872132,0.7259421838145196,0.1544261276633211,0.6375726725144559,0.7824609550471547,0,0.0,0,0
fastscnn#e981,D10,31415.0,19,0.6095288970201489,0.615900829527449,0.2141364125921309,0.5338664752288086,0.8143343355613564,0,0.0,0,0
fastscnn_b2kd,D1,4071.0,19,0.5394446644898594,0.6635119580509017,0.34223948229029455,0.5774517152798938,0.5543799429225235,1,0.05263157894736842,0,1
fastscnn_b2kd,D2,5445.5,18,0.7109413037138905,0.7331176460998858,0.18508646858824518,0.7707167610848222,0.7120142679720761,0,0.0,0,0
fastscnn_b2kd,D3,6686.0,19,0.5345108989392148,0.6566921827882162,0.6020493772591546,0.554770764636106,0.5834480447097924,2,0.10526315789473684,0,2
fastscnn_b2kd,D4,8665.5,18,0.6357720880242986,0.7656126310280156,0.2835935697710493,0.6391918248971833,0.776743880608941,2,0.1111111111111111,2,0
fastscnn_b2kd,D5,10622.0,19,0.6530175593415893,0.6590345697931221,0.34334131262690226,0.6484509868017795,0.7572425786805755,0,0.0,0,0
fastscnn_b2kd,D6,11957.5,18,0.7560583586715611,0.7493091780690984,0.14857350178206497,0.7405997770985597,0.8165289485373071,0,0.0,0,0
fastscnn_b2kd,D7,13841.0,18,0.675531643669337,0.7089976315286524,0.209532420760713,0.6349046279407466,0.7922522452981613,0,0.0,0,0
fastscnn_b2kd,D8,15506.0,19,0.7379073682218295,0.8446763503032012,0.17697104024214805,0.7345021976115118,0.7529964020280293,0,0.0,0,0
fastscnn_b2kd,D9,19152.0,18,0.6475617778364756,0.6906619282722859,0.22494936435993662,0.586978053860239,0.7824578246846303,1,0.05555555555555555,0,1
fastscnn_b2kd,D10,31415.0,19,0.6225548985683375,0.6464694032388876,0.24475419469251258,0.5374798721558784,0.860188057462007,0,0.0,0,0
fastscnn_distilled,D1,4071.0,19,0.4828256689080252,0.5673011556764106,0.4905238694177081,0.4514185518843172,0.7084898648387867,4,0.21052631578947367,2,2
fastscnn_distilled,D2,5445.5,18,0.7117992316464622,0.7733353327086137,0.10627539837866562,0.7503888164722565,0.7338454514787413,0,0.0,0,0
fastscnn_distilled,D3,6686.0,19,0.5086012922506893,0.678952622283652,0.655722314113781,0.5226834839821382,0.6255667575412025,3,0.15789473684210525,2,1
fastscnn_distilled,D4,8665.5,18,0.6403997572626171,0.649016056317289,0.3924195862458823,0.604140814853413,0.7908001229030012,1,0.05555555555555555,1,0
fastscnn_distilled,D5,10622.0,19,0.6302568613003207,0.7204301075268817,0.3369687656108932,0.5961825011658046,0.8445577078270563,2,0.10526315789473684,2,0
fastscnn_distilled,D6,11957.5,18,0.7659583166804983,0.8174992376377408,0.16466390839520506,0.7276038639845475,0.8656828391459894,0,0.0,0,0
fastscnn_distilled,D7,13841.0,18,0.6041562615460617,0.6500991683205297,0.2360711644961042,0.5524401858695982,0.8246608068051333,0,0.0,0,0
fastscnn_distilled,D8,15506.0,19,0.7479449194837477,0.9029491609081934,0.1965830957250958,0.7470906724955754,0.7653995618175652,1,0.05263157894736842,0,1
fastscnn_distilled,D9,19152.0,18,0.6237959115307566,0.7286151115513948,0.2328643820875188,0.5996488421922795,0.7465052859804626,2,0.1111111111111111,1,1
fastscnn_distilled,D10,31415.0,19,0.6214159355855049,0.6155409775478149,0.29200650825605434,0.5405614607699105,0.8568817159829109,0,0.0,0,0
fastscnn_distilled#e981,D1,4071.0,19,0.4338825230050969,0.6246412856322938,0.6780466346972929,0.42617235347114624,0.7885907223695787,6,0.3157894736842105,5,1
fastscnn_distilled#e981,D2,5445.5,18,0.6901479546383106,0.7140445254376779,0.12586689235585624,0.6887116417908035,0.7634373441477758,0,0.0,0,0
fastscnn_distilled#e981,D3,6686.0,19,0.5472176107024633,0.6868799258229021,0.4788483541091968,0.5285275699848316,0.7039257071362498,1,0.05263157894736842,0,1
fastscnn_distilled#e981,D4,8665.5,18,0.6202500547052266,0.7581770041366785,0.42964402843304894,0.5729603838191459,0.8164840487253047,1,0.05555555555555555,1,0
fastscnn_distilled#e981,D5,10622.0,19,0.6308830484328144,0.7143024894316581,0.4054416393717083,0.5949354363911984,0.7600189730009564,0,0.0,0,0
fastscnn_distilled#e981,D6,11957.5,18,0.7267705662993241,0.7698524361070449,0.21510472152768223,0.6699422016169267,0.8582966096554534,0,0.0,0,0
fastscnn_distilled#e981,D7,13841.0,18,0.598231093269962,0.6367874813916079,0.321528257068301,0.5609490052853425,0.76202492496052,0,0.0,0,0
fastscnn_distilled#e981,D8,15506.0,19,0.7478830318043419,0.8537860828336354,0.19391525950542832,0.7229632857965601,0.7881089527539653,0,0.0,0,0
fastscnn_distilled#e981,D9,19152.0,18,0.632253658559012,0.6516329054094365,0.18020660219411877,0.5831964932357597,0.72952829426532,0,0.0,0,0
fastscnn_distilled#e981,D10,31415.0,19,0.5437316514527692,0.5540959799326688,0.2522023166004468,0.4270142295652048,0.8812577706362835,0,0.0,0,0
fastscnn_rgkd,D1,4071.0,19,0.47864475775758797,0.5993649113522096,0.552945114783505,0.5306618411039623,0.5044015411715858,4,0.21052631578947367,1,3
fastscnn_rgkd,D2,5445.5,18,0.7318257570511739,0.7485680799690242,0.1392584126910259,0.7990370994451089,0.7007114250515513,0,0.0,0,0
fastscnn_rgkd,D3,6686.0,19,0.5303236397439846,0.6783988957902002,0.5428959349971794,0.5303002501452466,0.5766116191609033,2,0.10526315789473684,0,2
fastscnn_rgkd,D4,8665.5,18,0.6685872006227982,0.7244902444798593,0.2399745371453894,0.6194471486970191,0.787093482570294,0,0.0,0,0
fastscnn_rgkd,D5,10622.0,19,0.6875335249828121,0.7412177093652366,0.20468219217238814,0.6600837911321565,0.7696164399605552,0,0.0,0,0
fastscnn_rgkd,D6,11957.5,18,0.733877916413113,0.7706771250137768,0.24498860898026165,0.6844305320732395,0.8268142233008964,0,0.0,0,0
fastscnn_rgkd,D7,13841.0,18,0.6519500051058589,0.6806478103105283,0.20231884172306935,0.5910060315202011,0.7823622623960582,0,0.0,0,0
fastscnn_rgkd,D8,15506.0,19,0.746577505199696,0.8545326223337516,0.24285087684732776,0.7096852619225644,0.7965220764127495,0,0.0,0,0
fastscnn_rgkd,D9,19152.0,18,0.6512122290375965,0.7247467919672071,0.14411707038115784,0.5790411051892361,0.7646532814145339,0,0.0,0,0
fastscnn_rgkd,D10,31415.0,19,0.5487167570642891,0.5481543358345455,0.12097362838954961,0.4420601119975551,0.8354022331430198,0,0.0,0,0
lraspp_mobilenetv3,D1,4071.0,19,0.7420618251601269,0.7854710556186152,0.11124005331871056,0.8628098249637428,0.6595348703632475,1,0.05263157894736842,0,1
lraspp_mobilenetv3,D2,5445.5,18,0.7501296567858498,0.7969528952181284,0.10935674083209412,0.8056720502069377,0.728762638532361,0,0.0,0,0
lraspp_mobilenetv3,D3,6686.0,19,0.626180820363983,0.5894650782527446,0.30052150890053975,0.6443696814609438,0.6849205666903423,0,0.0,0,0
lraspp_mobilenetv3,D4,8665.5,18,0.7386740948032364,0.7756838360636399,0.18343759721924902,0.7202427122856129,0.8198338346571763,0,0.0,0,0
lraspp_mobilenetv3,D5,10622.0,19,0.7286760041999891,0.7825993091537133,0.23754771622565296,0.722427819815806,0.795060790490444,0,0.0,0,0
lraspp_mobilenetv3,D6,11957.5,18,0.7805526749876468,0.8307533017144109,0.058687522415129534,0.8000202914876628,0.8072966091699049,0,0.0,0,0
lraspp_mobilenetv3,D7,13841.0,18,0.7510082098994305,0.7692680277496474,0.20343247760292993,0.7438478666917078,0.7988445885301716,0,0.0,0,0
lraspp_mobilenetv3,D8,15506.0,19,0.810816106314396,0.8518736223365173,0.11721890231716892,0.8530369545369035,0.7966061645054561,0,0.0,0,0
lraspp_mobilenetv3,D9,19152.0,18,0.7757129639933232,0.8081918667100179,0.16607458102304706,0.7665072204362242,0.8064458113876605,0,0.0,0,0
lraspp_mobilenetv3,D10,31415.0,19,0.7578444262677838,0.7737121405232544,0.14394258517939185,0.7278324863099194,0.8346514282907718,0,0.0,0,0
lraspp_mobilenetv3#e981,D1,4071.0,19,0.7079679723347321,0.8064379500211775,0.22763482723580863,0.7492217319192914,0.7276958397157821,0,0.0,0,0
lraspp_mobilenetv3#e981,D2,5445.5,18,0.6782982101749151,0.7499367418732962,0.2533006787941735,0.6305522923021847,0.8219294129015879,0,0.0,0,0
lraspp_mobilenetv3#e981,D3,6686.0,19,0.5191142899953324,0.5547445255474452,0.4025047376829096,0.4679452976824159,0.8049173901127822,1,0.05263157894736842,1,0
lraspp_mobilenetv3#e981,D4,8665.5,18,0.6642375675345554,0.7231763175237853,0.2409763623598966,0.6162562167591713,0.8617139096564378,1,0.05555555555555555,1,0
lraspp_mobilenetv3#e981,D5,10622.0,19,0.6978484133599986,0.7377989717606735,0.19816960002524597,0.6391723416097572,0.8301811270035242,0,0.0,0,0
lraspp_mobilenetv3#e981,D6,11957.5,18,0.7742483666222942,0.7982064122842808,0.12431641062427323,0.7291146630994969,0.8835922726770027,0,0.0,0,0
lraspp_mobilenetv3#e981,D7,13841.0,18,0.6843336499428931,0.7048589927965845,0.18498967519531595,0.648152500693797,0.8151613602482326,0,0.0,0,0
lraspp_mobilenetv3#e981,D8,15506.0,19,0.7769934088773323,0.8565638524421241,0.1630117626393196,0.7441310143458896,0.8380009425052158,0,0.0,0,0
lraspp_mobilenetv3#e981,D9,19152.0,18,0.7513577257178297,0.7779280414126064,0.12812972624622798,0.6724393105200155,0.8695501458597553,0,0.0,0,0
lraspp_mobilenetv3#e981,D10,31415.0,19,0.730363988410663,0.777468542981459,0.19850448350115668,0.6525675466977872,0.8740665943352747,0,0.0,0,0
lraspp_mobilenetv3_b2kd,D1,4071.0,19,0.7143166354846379,0.7477854330708661,0.15453343569236433,0.8442117525178299,0.7040464330236188,0,0.0,0,0
lraspp_mobilenetv3_b2kd,D2,5445.5,18,0.6754476426669994,0.7441329888074866,0.2056255578519579,0.6681981660108305,0.8041737263621591,0,0.0,0,0
lraspp_mobilenetv3_b2kd,D3,6686.0,19,0.5618569323218037,0.533262211384592,0.3129527314371767,0.5134020551772845,0.8090783700261116,0,0.0,0,0
lraspp_mobilenetv3_b2kd,D4,8665.5,18,0.7042512762972684,0.7542256534846851,0.16561875729718523,0.6546736103453876,0.8637774904177824,1,0.05555555555555555,1,0
lraspp_mobilenetv3_b2kd,D5,10622.0,19,0.7325180299186058,0.7969071764385903,0.18191289860436166,0.6657183201652593,0.8820349283598361,0,0.0,0,0
lraspp_mobilenetv3_b2kd,D6,11957.5,18,0.7779515791267807,0.8203597361180315,0.06741685893321747,0.7764722106437139,0.8493180317276721,0,0.0,0,0
lraspp_mobilenetv3_b2kd,D7,13841.0,18,0.7232009421024126,0.7527423774557649,0.1472730231312317,0.6813496152638987,0.8400542769188463,0,0.0,0,0
lraspp_mobilenetv3_b2kd,D8,15506.0,19,0.8005299646736075,0.8620842572062084,0.15907835251974478,0.7972991934430995,0.8479919327488215,0,0.0,0,0
lraspp_mobilenetv3_b2kd,D9,19152.0,18,0.7780425197485994,0.8131832490898726,0.10016399632175566,0.716842349946422,0.8644679968288812,0,0.0,0,0
lraspp_mobilenetv3_b2kd,D10,31415.0,19,0.7476441868040359,0.7642916375985573,0.1661998316415928,0.7209248491928225,0.839661631244797,0,0.0,0,0
lraspp_mobilenetv3_distilled,D1,4071.0,19,0.6924219392802203,0.8006185367739441,0.268789116734231,0.6699460149498876,0.7720562882416395,1,0.05263157894736842,0,1
lraspp_mobilenetv3_distilled,D2,5445.5,18,0.7099919882232288,0.7916986022926202,0.2333267537341187,0.6878534359669392,0.7863224555713143,0,0.0,0,0
lraspp_mobilenetv3_distilled,D3,6686.0,19,0.5646193160000965,0.5869935754556181,0.3764646276460961,0.5234589395173326,0.7986810324070145,0,0.0,0,0
lraspp_mobilenetv3_distilled,D4,8665.5,18,0.6753224192075442,0.7071872805747157,0.2159340770231415,0.6472834348477589,0.8601413950432905,2,0.1111111111111111,2,0
lraspp_mobilenetv3_distilled,D5,10622.0,19,0.7170446594784735,0.7613927916921197,0.20523463979250245,0.6621469924677321,0.865789426257891,0,0.0,0,0
lraspp_mobilenetv3_distilled,D6,11957.5,18,0.7944678367796536,0.8464736302610576,0.11096548898722347,0.7594198823023911,0.8854869771844371,0,0.0,0,0
lraspp_mobilenetv3_distilled,D7,13841.0,18,0.7158422912443194,0.7230796579294027,0.16646964411876375,0.68818245122668,0.8278008439946899,0,0.0,0,0
lraspp_mobilenetv3_distilled,D8,15506.0,19,0.8106305068752111,0.8288888110172759,0.13209973214926662,0.8011301234182197,0.8521197272037576,0,0.0,0,0
lraspp_mobilenetv3_distilled,D9,19152.0,18,0.7680755222200708,0.8089377240396469,0.09014852949238339,0.6940466125862904,0.8833463179036504,0,0.0,0,0
lraspp_mobilenetv3_distilled,D10,31415.0,19,0.7547217530532913,0.7799851619816998,0.11725475514251094,0.7025655432412631,0.8684005046800711,0,0.0,0,0
lraspp_mobilenetv3_rgkd,D1,4071.0,19,0.6977586595223998,0.7562262753448755,0.27617156056761394,0.6846757945040579,0.7644230467986436,1,0.05263157894736842,0,1
lraspp_mobilenetv3_rgkd,D2,5445.5,18,0.7199501496400921,0.7698851911445059,0.21494869993249055,0.6889906065917308,0.8017915962662158,0,0.0,0,0
lraspp_mobilenetv3_rgkd,D3,6686.0,19,0.5566872081316627,0.5094638891826161,0.3564460296663886,0.5090023719512139,0.7865532362072086,0,0.0,0,0
lraspp_mobilenetv3_rgkd,D4,8665.5,18,0.700088209672526,0.7571301192554979,0.16802681603777847,0.6394182040574047,0.8737531924418129,1,0.05555555555555555,1,0
lraspp_mobilenetv3_rgkd,D5,10622.0,19,0.7396268744118416,0.7777109882183217,0.16277561746585956,0.6524941855705778,0.8970539987545799,0,0.0,0,0
lraspp_mobilenetv3_rgkd,D6,11957.5,18,0.7912765841001008,0.8110924050656841,0.10082421671444619,0.7388997836664135,0.8977686264775966,0,0.0,0,0
lraspp_mobilenetv3_rgkd,D7,13841.0,18,0.7467585340028751,0.745032134274833,0.13842068859484258,0.6979095277533615,0.8351413038344906,0,0.0,0,0
lraspp_mobilenetv3_rgkd,D8,15506.0,19,0.8015801025514054,0.8599315068493151,0.15783364726288462,0.773495801632588,0.8583333165961938,0,0.0,0,0
lraspp_mobilenetv3_rgkd,D9,19152.0,18,0.7654049711431645,0.7988022812024294,0.11061792351405875,0.6874473569090663,0.8860538357341627,0,0.0,0,0
lraspp_mobilenetv3_rgkd,D10,31415.0,19,0.7325439724749421,0.7586518406334276,0.13644442657827172,0.6669879584529603,0.8780784570724068,0,0.0,0,0
medsam_ft__seed0,D1,4071.0,19,0.7931014455800045,0.84996191926885,0.1549590849964111,0.8122222955353087,0.8129576298455558,0,0.0,0,0
medsam_ft__seed0,D2,5445.5,18,0.8379813856663485,0.8809673273723297,0.11921217351123237,0.814998390900152,0.875796820481384,0,0.0,0,0
medsam_ft__seed0,D3,6686.0,19,0.7074874387214234,0.8179505813953488,0.11762161114229608,0.6337772515484662,0.8070344228064441,0,0.0,0,0
medsam_ft__seed0,D4,8665.5,18,0.7825672666156729,0.7995973302936314,0.16282509487279484,0.7117131840085652,0.8865223276394064,0,0.0,0,0
medsam_ft__seed0,D5,10622.0,19,0.7800853406852134,0.80620884289746,0.12196291565055217,0.7036120611137262,0.9029284122667413,0,0.0,0,0
medsam_ft__seed0,D6,11957.5,18,0.78312207463822,0.8105749395428509,0.2128136138434784,0.7118793306300926,0.904524996320303,0,0.0,0,0
medsam_ft__seed0,D7,13841.0,18,0.6877357317002034,0.7349412902680379,0.2453933514211072,0.5832699375856627,0.9004935105291134,0,0.0,0,0
medsam_ft__seed0,D8,15506.0,19,0.771833573225745,0.806510473688052,0.18675206147735934,0.6903258605119572,0.9048251379007658,1,0.05263157894736842,0,1
medsam_ft__seed0,D9,19152.0,18,0.7740027770479877,0.8006436541177298,0.17251151563390366,0.6681674745561028,0.9640957764003889,0,0.0,0,0
medsam_ft__seed0,D10,31415.0,19,0.6153474275318974,0.6070356911292389,0.2855291274476125,0.49510135072004147,0.9331923539562796,0,0.0,0,0
medsam_ft__seed0#c827,D1,4317.5,14,0.6807487915167973,0.765128892987678,0.20203675211895122,0.8976829920770524,0.5972650025809421,2,0.14285714285714285,0,2
medsam_ft__seed0#c827,D2,5916.0,13,0.8561292735431429,0.8619214313496694,0.09833450272449618,0.9073330710481717,0.8170643046512828,0,0.0,0,0
medsam_ft__seed0#c827,D3,6914.0,13,0.8542083216301936,0.8666859875380379,0.0949727012497329,0.8972565582479045,0.8363614092265167,0,0.0,0,0
medsam_ft__seed0#c827,D4,7402.0,14,0.7982449820214491,0.827383508031529,0.14484746527726822,0.8490258699616977,0.7733462627963101,0,0.0,0,0
medsam_ft__seed0#c827,D5,8686.0,13,0.7750764928240849,0.8645779510545352,0.18141352699354263,0.8130977920365695,0.748047791141787,0,0.0,0,0
medsam_ft__seed0#c827,D6,10388.0,13,0.7164196862552697,0.7586250156818467,0.13514713879992746,0.7188618714550553,0.7458194961230836,0,0.0,0,0
medsam_ft__seed0#c827,D7,12305.5,14,0.8481757944261742,0.8471698074244867,0.11799760400341941,0.8254615273459468,0.8845367524845252,0,0.0,0,0
medsam_ft__seed0#c827,D8,15677.0,13,0.7671440654247803,0.7966238441010365,0.16564257534810656,0.8318187408073024,0.7734343675887947,0,0.0,0,0
medsam_ft__seed0#c827,D9,22504.0,13,0.8210960754479794,0.86384481149304,0.07601341738479539,0.8539353922501476,0.8336666253817586,0,0.0,0,0
medsam_ft__seed0#c827,D10,38879.0,14,0.841115292002117,0.8747960857142028,0.06755957846282368,0.833312263544779,0.8783514405956894,0,0.0,0,0
medsam_ft__seed1,D1,4071.0,19,0.7209550278557294,0.8356928356928357,0.26013557520600206,0.6656416135695981,0.9218720988984581,2,0.10526315789473684,2,0
medsam_ft__seed1,D2,5445.5,18,0.8036153928986198,0.8524188523585963,0.14587950351124834,0.7308281830538694,0.9326943202508815,0,0.0,0,0
medsam_ft__seed1,D3,6686.0,19,0.6814383449058319,0.8043395217358087,0.32647928616574573,0.5899084780066203,0.8829555033833681,0,0.0,0,0
medsam_ft__seed1,D4,8665.5,18,0.7408995710111088,0.8024712300397657,0.260521421391645,0.659030755192073,0.8754588703345356,1,0.05555555555555555,0,1
medsam_ft__seed1,D5,10622.0,19,0.7643660719811439,0.7711951523021154,0.17237981698549787,0.6860921104680315,0.921921697309358,0,0.0,0,0
medsam_ft__seed1,D6,11957.5,18,0.7953871986542134,0.8257982607085133,0.20460583702555768,0.7167767793963304,0.9342993163915758,0,0.0,0,0
medsam_ft__seed1,D7,13841.0,18,0.689435106193636,0.7991963685997754,0.36299021603798853,0.6095370720834525,0.8861387509133704,0,0.0,0,0
medsam_ft__seed1,D8,15506.0,19,0.808134877656664,0.8810466286481047,0.1604491917078612,0.7901697946506224,0.8494341971141599,0,0.0,0,0
medsam_ft__seed1,D9,19152.0,18,0.7886848706441535,0.8095795587636152,0.09122197573115687,0.7353331494794391,0.8914694312146181,0,0.0,0,0
medsam_ft__seed1,D10,31415.0,19,0.6598576285650593,0.6276945979216169,0.23134715560567665,0.5620888033189069,0.9116178414760596,0,0.0,0,0
medsam_ft__seed1#c827,D1,4317.5,14,0.7024483955834703,0.8337709404739724,0.18695592711911346,0.8570527937165521,0.6551998040507866,2,0.14285714285714285,0,2
medsam_ft__seed1#c827,D2,5916.0,13,0.8052944039621937,0.8342170378225522,0.12825892624345592,0.8697134229932382,0.7807001401605878,0,0.0,0,0
medsam_ft__seed1#c827,D3,6914.0,13,0.8236505087727886,0.814658540396937,0.12638468496614685,0.8740044062727986,0.8069508175335317,0,0.0,0,0
medsam_ft__seed1#c827,D4,7402.0,14,0.7268145108747343,0.7000852783005402,0.1791669046724782,0.768384241595443,0.7211031707980735,0,0.0,0,0
medsam_ft__seed1#c827,D5,8686.0,13,0.7549852014982759,0.8060753764470363,0.2363831077836831,0.7895275661710678,0.764069223406985,0,0.0,0,0
medsam_ft__seed1#c827,D6,10388.0,13,0.6856771316348607,0.7529686587502433,0.22976708931751888,0.7293439820937822,0.6935578367362336,0,0.0,0,0
medsam_ft__seed1#c827,D7,12305.5,14,0.7881678786783526,0.8421806011359432,0.08939691551359463,0.7763572891015394,0.8392158596317708,0,0.0,0,0
medsam_ft__seed1#c827,D8,15677.0,13,0.7481148346531494,0.7690868021942562,0.13216364225692212,0.8734342607846818,0.721719082854476,0,0.0,0,0
medsam_ft__seed1#c827,D9,22504.0,13,0.8443003761072349,0.8513938124395746,0.0918122002128392,0.9105209420511766,0.8080818338614388,0,0.0,0,0
medsam_ft__seed1#c827,D10,38879.0,14,0.8514910435191423,0.8768958019418871,0.06152904429648676,0.8520700443497251,0.8714474261273784,0,0.0,0,0
medsam_ft__seed2,D1,4071.0,19,0.6691917131913062,0.7749339648419711,0.25326367297007124,0.6037035715384851,0.7863787280633407,2,0.10526315789473684,0,2
medsam_ft__seed2,D2,5445.5,18,0.7803952629674262,0.8070414106815824,0.0936940763630496,0.7069921672103204,0.8963014022910696,0,0.0,0,0
medsam_ft__seed2,D3,6686.0,19,0.6774587337293161,0.7988788856803125,0.24808512416485318,0.6005498224777963,0.8287186382783809,0,0.0,0,0
medsam_ft__seed2,D4,8665.5,18,0.6947252659639265,0.7071281286237219,0.1918506628425498,0.6433994919812498,0.8245142754219036,0,0.0,0,0
medsam_ft__seed2,D5,10622.0,19,0.7465068287544573,0.7562344139650873,0.20334719149611447,0.6658788090869658,0.909239610133107,0,0.0,0,0
medsam_ft__seed2,D6,11957.5,18,0.7865486215248624,0.8178814095984482,0.14481691709778466,0.7384173144680408,0.8831771808184332,0,0.0,0,0
medsam_ft__seed2,D7,13841.0,18,0.7350043320228776,0.7996764209249076,0.23318878326612658,0.6947201646078226,0.8405491758074336,0,0.0,0,0
medsam_ft__seed2,D8,15506.0,19,0.7982874411511469,0.8499155690645053,0.10620393084347945,0.797812051775512,0.8204263285364666,0,0.0,0,0
medsam_ft__seed2,D9,19152.0,18,0.7690913880422001,0.8154727810232297,0.1631684276170401,0.7391696412603959,0.8346568175358837,0,0.0,0,0
medsam_ft__seed2,D10,31415.0,19,0.7113783042149868,0.7234594085071285,0.26965649876185005,0.6374345939181835,0.8854304057829762,0,0.0,0,0
medsam_ft__seed2#c827,D1,4317.5,14,0.6530727614504966,0.7456751094990444,0.2556723815876938,0.832126872027233,0.6068436048887699,1,0.07142857142857142,0,1
medsam_ft__seed2#c827,D2,5916.0,13,0.7813448856388021,0.770663153271849,0.14250630382184515,0.8542292605543865,0.7573490487277551,0,0.0,0,0
medsam_ft__seed2#c827,D3,6914.0,13,0.8201977355353374,0.8176613598933417,0.09834846337751779,0.8603338294290455,0.8066458873942015,0,0.0,0,0
medsam_ft__seed2#c827,D4,7402.0,14,0.7052038326707853,0.6890376763779515,0.1661048924285644,0.7589350769303458,0.7149431886003679,0,0.0,0,0
medsam_ft__seed2#c827,D5,8686.0,13,0.7262358432283188,0.7686589229144667,0.1528053216523706,0.7984008430172834,0.6903891384107446,0,0.0,0,0
medsam_ft__seed2#c827,D6,10388.0,13,0.6709332224096549,0.7153007104973481,0.26234891583133835,0.726565723649037,0.6793708997872945,0,0.0,0,0
medsam_ft__seed2#c827,D7,12305.5,14,0.8086305717075538,0.8435144933843551,0.13971335845251676,0.8140743365381198,0.8278238963789928,0,0.0,0,0
medsam_ft__seed2#c827,D8,15677.0,13,0.7522616982586375,0.7479805638946488,0.15306307524784202,0.9088553749487249,0.6690705292778808,0,0.0,0,0
medsam_ft__seed2#c827,D9,22504.0,13,0.8129031878750854,0.8170530119555607,0.08147595970650179,0.8835911193165719,0.7802845636216381,0,0.0,0,0
medsam_ft__seed2#c827,D10,38879.0,14,0.8503523506787316,0.8848464274292852,0.057537181844997676,0.8533019449009611,0.868179360887152,0,0.0,0,0
medsiglip_g28,D1,4317.5,14,0.3719510234924823,0.3739268276154355,0.20152948545774751,0.48764266923683763,0.36713899536237365,3,0.21428571428571427,0,3
medsiglip_g28,D2,5916.0,13,0.35927473644191205,0.3292027912877986,0.3110089181090374,0.49887552479145175,0.34030912358934623,0,0.0,0,0
medsiglip_g28,D3,6914.0,13,0.4386242973776362,0.4353736497905797,0.2384948023477319,0.5297406089947189,0.4393796286703119,0,0.0,0,0
medsiglip_g28,D4,7402.0,14,0.2954573474377985,0.2799373395681804,0.31262993016925356,0.3820654524283175,0.28213697116050207,0,0.0,0,0
medsiglip_g28,D5,8686.0,13,0.43240507277282964,0.3959510976731957,0.147093758769327,0.5784644937191398,0.3625122984995159,0,0.0,0,0
medsiglip_g28,D6,10388.0,13,0.43459152798948775,0.4174267882861258,0.24503452869803238,0.5459332045282002,0.3943481841794838,0,0.0,0,0
medsiglip_g28,D7,12305.5,14,0.45083386967891576,0.42078966024101805,0.2477032277536217,0.5616171915831079,0.47376676256689015,0,0.0,0,0
medsiglip_g28,D8,15677.0,13,0.49281479369529835,0.4642946171871105,0.17391624243989534,0.6311129801636624,0.4429978300206202,0,0.0,0,0
medsiglip_g28,D9,22504.0,13,0.6478873293742354,0.6711857018308631,0.10242482353250382,0.7213883633063313,0.626232466098669,0,0.0,0,0
medsiglip_g28,D10,38879.0,14,0.7462223001783327,0.712787231658861,0.2148010735117828,0.719256160240548,0.8015274571711898,0,0.0,0,0
medsiglip_probe,D1,4317.5,14,0.3724392872829771,0.39260951560837,0.25215471543634455,0.5078961317614487,0.3617519119530431,2,0.14285714285714285,0,2
medsiglip_probe,D2,5916.0,13,0.3779774540630391,0.3689892051030422,0.2837765136060002,0.5021155320474324,0.3458535313254325,0,0.0,0,0
medsiglip_probe,D3,6914.0,13,0.45910125681647973,0.4855624665321086,0.2701089927650081,0.5135200318307106,0.4839601470073594,0,0.0,0,0
medsiglip_probe,D4,7402.0,14,0.3422332420454821,0.3256673086033905,0.1461741556396735,0.42463725984532535,0.3515195569110875,0,0.0,0,0
medsiglip_probe,D5,8686.0,13,0.4499111787121235,0.4225276205874427,0.22852342580324964,0.6135867931356235,0.3792336891007151,0,0.0,0,0
medsiglip_probe,D6,10388.0,13,0.49206451142929275,0.4958828911253431,0.19679922333083988,0.6168235620031114,0.44221525744771306,0,0.0,0,0
medsiglip_probe,D7,12305.5,14,0.46785971642997326,0.4911677638221059,0.22364360976809805,0.5640862780302186,0.4784321020393577,0,0.0,0,0
medsiglip_probe,D8,15677.0,13,0.5208779973725859,0.492388589457079,0.22056742845863897,0.6624703973810073,0.4559380968990052,0,0.0,0,0
medsiglip_probe,D9,22504.0,13,0.6589752896692738,0.7090314309712215,0.13381671539406137,0.7121583379903037,0.6517825705056484,0,0.0,0,0
medsiglip_probe,D10,38879.0,14,0.7666905327772436,0.7484153107657274,0.21344129197312744,0.7363022182409223,0.8258987577754738,0,0.0,0,0
pixel_g20,D1,4317.5,14,0.053779386769354,0.0520105439499084,0.02179609660441592,0.999533505296087,0.027805075621120483,1,0.07142857142857142,0,1
pixel_g20,D2,5916.0,13,0.0669621051507264,0.0709880696088984,0.0260549255027758,0.8456392613502705,0.03510810293225182,2,0.15384615384615385,0,2
pixel_g20,D3,6914.0,13,0.07628838868726291,0.0911095072501804,0.0587052246723323,0.7284871968827192,0.04061490560178701,3,0.23076923076923078,0,3
pixel_g20,D4,7402.0,14,0.0984239152710552,0.1019189162362737,0.03583802210441567,0.8948507526143901,0.05300753700911365,0,0.0,0,0
pixel_g20,D5,8686.0,13,0.07045224909549284,0.0959382950924885,0.10527024773079739,0.6915967594951702,0.037141797374671486,3,0.23076923076923078,0,3
pixel_g20,D6,10388.0,13,0.1697236879010139,0.1445442104209085,0.05415892428703399,0.8352287308535521,0.09873448500974978,2,0.15384615384615385,0,2
pixel_g20,D7,12305.5,14,0.13518187318941835,0.1353028027330388,0.07501846621398875,0.8557072242282269,0.07458474199707703,2,0.14285714285714285,0,2
pixel_g20,D8,15677.0,13,0.22700775209959764,0.2078718375970638,0.11906493270843241,0.7608886041340115,0.14385389166907153,1,0.07692307692307693,0,1
pixel_g20,D9,22504.0,13,0.21843593153935134,0.2375744267556268,0.1551851335350218,0.837589007988809,0.1274478322008586,1,0.07692307692307693,0,1
pixel_g20,D10,38879.0,14,0.2993050372624798,0.329187492876741,0.17839115386245905,0.7176259107726422,0.1916656504890201,0,0.0,0,0
pixel_g28,D1,4317.5,14,0.05190889405718535,0.05049564377457675,0.02158018950546562,0.9975989243180946,0.026801256799428345,1,0.07142857142857142,0,1
pixel_g28,D2,5916.0,13,0.06656024144740624,0.0702480485112096,0.028153239709802796,0.8486970684039087,0.03563306455677353,1,0.07692307692307693,0,1
pixel_g28,D3,6914.0,13,0.07393014928178836,0.090234456227906,0.06201210848773161,0.7324145299145299,0.039235007553110615,3,0.23076923076923078,0,3
pixel_g28,D4,7402.0,14,0.09788871289835707,0.10067141301370824,0.037930946064704804,0.9026518440625483,0.052661319692119145,0,0.0,0,0
pixel_g28,D5,8686.0,13,0.06838768498889379,0.0941249226963512,0.1052117571030167,0.6844526411016816,0.03601308632720223,3,0.23076923076923078,0,3
pixel_g28,D6,10388.0,13,0.16576821479727,0.1431206001916911,0.0491910306369744,0.8368656866636003,0.09598650558918684,2,0.15384615384615385,0,2
pixel_g28,D7,12305.5,14,0.1317667147234721,0.13371741966289996,0.07359082921004281,0.8532052883054245,0.07242540977336194,2,0.14285714285714285,0,2
pixel_g28,D8,15677.0,13,0.21619936937766437,0.198960738428182,0.12211601812736578,0.7597720782231298,0.1346999374993176,1,0.07692307692307693,0,1
pixel_g28,D9,22504.0,13,0.21588605207114087,0.2363890376999758,0.1537657639200725,0.8365154658977946,0.12571840965836498,1,0.07692307692307693,0,1
pixel_g28,D10,38879.0,14,0.29532150132597296,0.32328035117594695,0.17968930331565777,0.7161695894774633,0.18849626639309075,0,0.0,0,0
pixel_g37,D1,4317.5,14,0.05199129835682929,0.051183725326422444,0.020272440771535602,0.9959936337193349,0.02685906041572759,1,0.07142857142857142,0,1
pixel_g37,D2,5916.0,13,0.06413797706144622,0.0671843609952094,0.027604050026498995,0.8462916562265097,0.03409782758176075,1,0.07692307692307693,0,1
pixel_g37,D3,6914.0,13,0.06669012869319149,0.0733651230011256,0.051593902474619105,0.6962283135604029,0.03537864288627967,3,0.23076923076923078,0,3
pixel_g37,D4,7402.0,14,0.07758657495269079,0.08078091954601566,0.038287006545730654,0.8109707606197066,0.041389548035125165,0,0.0,0,0
pixel_g37,D5,8686.0,13,0.06632501991184406,0.0964326588008273,0.1051947032639286,0.6446005091773687,0.03497753666356106,4,0.3076923076923077,0,4
pixel_g37,D6,10388.0,13,0.1866858055562107,0.1404851968881997,0.0485957866324178,0.8389850110104932,0.11357068572181683,2,0.15384615384615385,0,2
pixel_g37,D7,12305.5,14,0.13721691660481886,0.13229075702017823,0.06985123610721126,0.8479243732018086,0.07669899670926482,2,0.14285714285714285,0,2
pixel_g37,D8,15677.0,13,0.23212826393820515,0.1945776031434184,0.1275721315685811,0.7152228070721619,0.1574061759215826,1,0.07692307692307693,0,1
pixel_g37,D9,22504.0,13,0.22360976580089648,0.2332842659589907,0.16390885336285196,0.8319834868842809,0.13125833032467904,1,0.07692307692307693,0,1
pixel_g37,D10,38879.0,14,0.2825600974522914,0.326787585952635,0.24455659120283466,0.6838084425758076,0.18049332880274768,0,0.0,0,0
pixel_g40,D1,4317.5,14,0.06000923951201455,0.0639508094548316,0.02854159899667806,0.9439727868334672,0.031216461604418936,1,0.07142857142857142,0,1
pixel_g40,D2,5916.0,13,0.08976410210035457,0.064030131826742,0.030017283965761997,0.813912734601296,0.05036420447951854,2,0.15384615384615385,0,2
pixel_g40,D3,6914.0,13,0.06918802570333081,0.0745992671665664,0.0930135976957599,0.5986149135035247,0.03705363312087219,4,0.3076923076923077,0,4
pixel_g40,D4,7402.0,14,0.06504432924548299,0.0750644506530152,0.10381711030229879,0.6345754537213614,0.03455008710947465,1,0.07142857142857142,0,1
pixel_g40,D5,8686.0,13,0.07257609579843274,0.1001422990625316,0.1186905706561941,0.5981438023057397,0.038680458971489716,4,0.3076923076923077,0,4
pixel_g40,D6,10388.0,13,0.21970400638442408,0.1229196078541658,0.1120792898764023,0.7140912263636251,0.14933932392992014,2,0.15384615384615385,0,2
pixel_g40,D7,12305.5,14,0.16337882705660106,0.14383606099295354,0.09001545349990998,0.7992525147994309,0.1000372596358519,2,0.14285714285714285,0,2
pixel_g40,D8,15677.0,13,0.20780014518988393,0.1153789427108573,0.12733897054377702,0.5077767053433617,0.17142366312378704,3,0.23076923076923078,0,3
pixel_g40,D9,22504.0,13,0.24847544083690748,0.2399645981840574,0.24630753603379463,0.7287439519610881,0.1585093748217531,2,0.15384615384615385,0,2
pixel_g40,D10,38879.0,14,0.2783729949322208,0.3376743490911843,0.29703163822507805,0.6082936630031195,0.1840531024829333,1,0.07142857142857142,0,1
ppmobileseg_tiny,D1,4071.0,19,0.5977016810355231,0.7424369045629283,0.28241978571992354,0.6041721613807981,0.7923278605685656,1,0.05263157894736842,1,0
ppmobileseg_tiny,D2,5445.5,18,0.6123453477345664,0.7341183957497137,0.2599843850755932,0.6048557793259622,0.781913724253269,1,0.05555555555555555,0,1
ppmobileseg_tiny,D3,6686.0,19,0.5450789087799602,0.5730343330922041,0.3598371722523227,0.5267205287174989,0.7255809705963794,2,0.10526315789473684,2,0
ppmobileseg_tiny,D4,8665.5,18,0.6008245766032945,0.7028698399697856,0.19859800692896457,0.588610910355635,0.8429064358926075,2,0.1111111111111111,2,0
ppmobileseg_tiny,D5,10622.0,19,0.6596581012568745,0.7056209521108117,0.324119648755794,0.5875598215983796,0.8276054870671326,0,0.0,0,0
ppmobileseg_tiny,D6,11957.5,18,0.7139342984562796,0.7560243620882782,0.17016307842382716,0.69401481530107,0.7886211650756398,0,0.0,0,0
ppmobileseg_tiny,D7,13841.0,18,0.5891933065370639,0.641470061667868,0.23451167714683602,0.5047864111296156,0.8325439195025711,1,0.05555555555555555,1,0
ppmobileseg_tiny,D8,15506.0,19,0.7551921559852538,0.8188839962463005,0.11850422919744386,0.7227054149810438,0.8173972329714954,0,0.0,0,0
ppmobileseg_tiny,D9,19152.0,18,0.730771622383415,0.7813477270574698,0.19953847074343,0.664622599406465,0.8426173150729792,0,0.0,0,0
ppmobileseg_tiny,D10,31415.0,19,0.6792507135251062,0.7040871606573166,0.11991100481742745,0.5855509845783191,0.8877651892997469,0,0.0,0,0
ppmobileseg_tiny#e981,D1,4071.0,19,0.6162356977587188,0.7279475982532752,0.3897656291201896,0.6948004288083289,0.6801669152169763,0,0.0,0,0
ppmobileseg_tiny#e981,D2,5445.5,18,0.6950164777456213,0.7222020359672678,0.2156187429838402,0.7299176476714836,0.6996206504810251,1,0.05555555555555555,0,1
ppmobileseg_tiny#e981,D3,6686.0,19,0.5994622941659058,0.6548596851471595,0.3268993900282895,0.6480903392549466,0.6488968424418121,1,0.05263157894736842,1,0
ppmobileseg_tiny#e981,D4,8665.5,18,0.574685681822647,0.6056095435499811,0.31464345703635543,0.5741880000733297,0.7900284178834328,2,0.1111111111111111,2,0
ppmobileseg_tiny#e981,D5,10622.0,19,0.6513786623772484,0.6364756904816252,0.277719314118165,0.6438333775953672,0.7810913724173859,0,0.0,0,0
ppmobileseg_tiny#e981,D6,11957.5,18,0.6966909526185717,0.7441313615866563,0.15298457437031043,0.679620132065087,0.7989154992882956,0,0.0,0,0
ppmobileseg_tiny#e981,D7,13841.0,18,0.625467830268556,0.6635680851614569,0.24878924732711394,0.6373746014515348,0.7276588853923492,0,0.0,0,0
ppmobileseg_tiny#e981,D8,15506.0,19,0.7617008901590906,0.8221656976744186,0.15091537534294108,0.7627218251119239,0.778353457739868,0,0.0,0,0
ppmobileseg_tiny#e981,D9,19152.0,18,0.7082744819598256,0.7186408678475351,0.11553352515148219,0.6549449030866424,0.8077384096737819,0,0.0,0,0
ppmobileseg_tiny#e981,D10,31415.0,19,0.6401150476498766,0.6388423457730389,0.2074600595376117,0.5569401813189174,0.8935736990301487,0,0.0,0,0
ppmobileseg_tiny_b2kd,D1,4071.0,19,0.6827744001225823,0.7075586711368486,0.269469267843359,0.7214109375304089,0.7719287963274335,0,0.0,0,0
ppmobileseg_tiny_b2kd,D2,5445.5,18,0.676014793669917,0.7428564618561743,0.10437110711628783,0.645484962430102,0.7529498387569871,1,0.05555555555555555,0,1
ppmobileseg_tiny_b2kd,D3,6686.0,19,0.5825663867613845,0.6759992632160619,0.3164838905972465,0.536181164930946,0.7381808159801386,1,0.05263157894736842,1,0
ppmobileseg_tiny_b2kd,D4,8665.5,18,0.5726421875219783,0.6043135656604387,0.30066903350664353,0.5309200621217233,0.8620108444386523,2,0.1111111111111111,2,0
ppmobileseg_tiny_b2kd,D5,10622.0,19,0.7004357667578468,0.7322936635407492,0.27844611042242373,0.6469412445261729,0.813112436733291,0,0.0,0,0
ppmobileseg_tiny_b2kd,D6,11957.5,18,0.7488878267613392,0.7673923030195146,0.18123320518976826,0.7010567316364387,0.8538551495258749,0,0.0,0,0
ppmobileseg_tiny_b2kd,D7,13841.0,18,0.6624460028193745,0.6685593863246593,0.17641563770909374,0.5873378741414927,0.8363073501506716,0,0.0,0,0
ppmobileseg_tiny_b2kd,D8,15506.0,19,0.7437892404946357,0.8134307852942793,0.14865538446085114,0.7023945536309644,0.8369339804001488,0,0.0,0,0
ppmobileseg_tiny_b2kd,D9,19152.0,18,0.7135868896211559,0.7682597909945492,0.14619250378326132,0.642089105524611,0.8456326929677755,0,0.0,0,0
ppmobileseg_tiny_b2kd,D10,31415.0,19,0.6752099559745277,0.665732208282447,0.18259777597136218,0.6017505883730679,0.8647804856737685,0,0.0,0,0
ppmobileseg_tiny_distilled,D1,4071.0,19,0.6433334980428371,0.6894578313253013,0.27725335907658066,0.7001810736612203,0.7296726915787691,0,0.0,0,0
ppmobileseg_tiny_distilled,D2,5445.5,18,0.7145011694201322,0.7750454148959209,0.1430572865625349,0.7163213482937656,0.7607458583900538,1,0.05555555555555555,0,1
ppmobileseg_tiny_distilled,D3,6686.0,19,0.5950551993891571,0.6750629722921915,0.2989979020229274,0.5904801870458961,0.7355453566452733,2,0.10526315789473684,2,0
ppmobileseg_tiny_distilled,D4,8665.5,18,0.6313994610397601,0.7202411810934297,0.23364342341963207,0.6164602889027406,0.7978601300777732,1,0.05555555555555555,1,0
ppmobileseg_tiny_distilled,D5,10622.0,19,0.6776417442021635,0.7412088599674634,0.3026766689159137,0.6160700576267996,0.846436943889955,0,0.0,0,0
ppmobileseg_tiny_distilled,D6,11957.5,18,0.708031008333314,0.7895005029158597,0.18041334616442306,0.680142735391383,0.8218659057163927,0,0.0,0,0
ppmobileseg_tiny_distilled,D7,13841.0,18,0.6960808358587263,0.7362648458763457,0.15371307577631976,0.6537023170701415,0.8242237697749606,0,0.0,0,0
ppmobileseg_tiny_distilled,D8,15506.0,19,0.7724608592692901,0.852198167929253,0.15271711931117105,0.7821000404866804,0.7891519247879588,0,0.0,0,0
ppmobileseg_tiny_distilled,D9,19152.0,18,0.7582729393222392,0.8151640801129645,0.15599045753252339,0.7147171383001073,0.8405567835674597,0,0.0,0,0
ppmobileseg_tiny_distilled,D10,31415.0,19,0.6978553535433744,0.7218659477923078,0.12304879491087162,0.6371491265845067,0.8772479706100341,0,0.0,0,0
ppmobileseg_tiny_rgkd,D1,4071.0,19,0.569529460779479,0.6370093457943925,0.4241342082805775,0.5710935938437088,0.7871411479038694,3,0.15789473684210525,2,1
ppmobileseg_tiny_rgkd,D2,5445.5,18,0.6392377883143762,0.7025298381219257,0.17430102872776487,0.618444715188468,0.7624692093826713,1,0.05555555555555555,0,1
ppmobileseg_tiny_rgkd,D3,6686.0,19,0.6088475849715241,0.7329012069736254,0.31485620314593926,0.6366257632772812,0.7160668424086377,2,0.10526315789473684,2,0
ppmobileseg_tiny_rgkd,D4,8665.5,18,0.6577064649549094,0.7039708573330739,0.22909964072974964,0.6417669643736751,0.7556098521453648,1,0.05555555555555555,1,0
ppmobileseg_tiny_rgkd,D5,10622.0,19,0.6763675709465775,0.707620754808391,0.26760976862321506,0.6304204130242396,0.8079899051714837,0,0.0,0,0
ppmobileseg_tiny_rgkd,D6,11957.5,18,0.7455815147005671,0.750061545354161,0.17413744615645999,0.7218915198713878,0.8171013805217073,0,0.0,0,0
ppmobileseg_tiny_rgkd,D7,13841.0,18,0.6642433328675854,0.7024457642360618,0.2069512476551355,0.638112280432702,0.8089246557153049,0,0.0,0,0
ppmobileseg_tiny_rgkd,D8,15506.0,19,0.7758961410967284,0.843962297705851,0.1293669026254637,0.7774252874617789,0.7997561610880443,0,0.0,0,0
ppmobileseg_tiny_rgkd,D9,19152.0,18,0.7326688973806177,0.7928951453106612,0.1439544975281165,0.692332054106149,0.810073905128321,0,0.0,0,0
ppmobileseg_tiny_rgkd,D10,31415.0,19,0.7143325886917002,0.7233178997143138,0.10713177962202525,0.6394775835750541,0.8672564797752051,0,0.0,0,0
resnet50_probe,D1,4317.5,14,0.057435493243915295,0.05867631093406885,0.029795668913002324,0.7813713264686148,0.030076538083249924,2,0.14285714285714285,0,2
resnet50_probe,D2,5916.0,13,0.07661151753731799,0.0830187677876035,0.02401199611180821,0.8183478687080163,0.04027052786790735,0,0.0,0,0
resnet50_probe,D3,6914.0,13,0.07278154589832003,0.0755414685684099,0.02461043683702449,0.7463502901161442,0.038343601071227265,1,0.07692307692307693,0,1
resnet50_probe,D4,7402.0,14,0.08355246911540892,0.09262594953292995,0.0384438101030105,0.7946912827109054,0.04427729790834516,0,0.0,0,0
resnet50_probe,D5,8686.0,13,0.08870500277525463,0.0965886736559513,0.013288008811469201,0.8211141936883041,0.04696391829134284,1,0.07692307692307693,0,1
resnet50_probe,D6,10388.0,13,0.11148109247609442,0.1215172120164794,0.0412361399051185,0.793611149770627,0.060276567631480635,0,0.0,0,0
resnet50_probe,D7,12305.5,14,0.11322917033397042,0.1296401023947351,0.05211500820896148,0.6666447243344822,0.06214521560115603,1,0.07142857142857142,0,1
resnet50_probe,D8,15677.0,13,0.14732676020745458,0.1471072244969025,0.0435671701455789,0.7816918418336697,0.08184162135101779,0,0.0,0,0
resnet50_probe,D9,22504.0,13,0.19395997246246177,0.2037764665046858,0.08401788988041409,0.6618101529465954,0.1141499168634871,0,0.0,0,0
resnet50_probe,D10,38879.0,14,0.2768889666780993,0.29944450536070377,0.06414211280502008,0.6333975203235808,0.18129087503807065,0,0.0,0,0
rn50_g28,D1,4317.5,14,0.47500254276607384,0.48177676227808663,0.35428406178809513,0.690020202489265,0.4427343900892363,1,0.07142857142857142,0,1
rn50_g28,D2,5916.0,13,0.48814014805324,0.5159427896601496,0.17208180524161654,0.6586190288192012,0.4532866013154422,1,0.07692307692307693,0,1
rn50_g28,D3,6914.0,13,0.5422434626083525,0.5857918552036199,0.31390377314273354,0.7166138167404269,0.5110485794024802,0,0.0,0,0
rn50_g28,D4,7402.0,14,0.397246845476186,0.3627605493229126,0.3186443522974537,0.5722823189056007,0.356672771314534,1,0.07142857142857142,0,1
rn50_g28,D5,8686.0,13,0.4101295301122564,0.4688033377583918,0.45705453273447005,0.5840624006183474,0.3764003240786475,0,0.0,0,0
rn50_g28,D6,10388.0,13,0.5252266503640565,0.5781865965834428,0.2006359017967152,0.604135787910962,0.4982939057081538,0,0.0,0,0
rn50_g28,D7,12305.5,14,0.5006950723526074,0.4939013831098551,0.16409142657493614,0.6021771026122827,0.5205357774779974,0,0.0,0,0
rn50_g28,D8,15677.0,13,0.5863798429990167,0.5742152620372278,0.2360761089297132,0.6845314501624731,0.5588923446468057,0,0.0,0,0
rn50_g28,D9,22504.0,13,0.5932709036540137,0.5913068663756542,0.26285245542975255,0.6305980980137752,0.602366531747644,0,0.0,0,0
rn50_g28,D10,38879.0,14,0.7332636871868761,0.7701980112051912,0.1366566857826872,0.726300232136875,0.767967720917207,0,0.0,0,0
rn50_l3_g20,D1,4317.5,14,0.44634899612810536,0.4705513858976319,0.2622112069010185,0.6975548220738892,0.40660158730059875,2,0.14285714285714285,0,2
rn50_l3_g20,D2,5916.0,13,0.5080332693085443,0.4757632209253697,0.20980096012156235,0.8018181459522615,0.41912932507955725,0,0.0,0,0
rn50_l3_g20,D3,6914.0,13,0.5609103773505384,0.5999049552857821,0.17913739065744833,0.785940395537341,0.5066051844333274,0,0.0,0,0
rn50_l3_g20,D4,7402.0,14,0.47483846967939175,0.4274378992268466,0.22110277203703593,0.7994530398812293,0.4021986805497736,0,0.0,0,0
rn50_l3_g20,D5,8686.0,13,0.40313736648123555,0.4786852175976742,0.33119652588185783,0.6033022831121239,0.34787919658126065,0,0.0,0,0
rn50_l3_g20,D6,10388.0,13,0.5542858266153481,0.5660634019399101,0.17420157591521224,0.6873056229456106,0.5061399072472492,0,0.0,0,0
rn50_l3_g20,D7,12305.5,14,0.5771711681361439,0.5533025122411486,0.10279610272966433,0.7091630724727296,0.5448591712538845,0,0.0,0,0
rn50_l3_g20,D8,15677.0,13,0.6043294660781708,0.6449158989096442,0.0727364539963965,0.733954174915965,0.5535375371224659,0,0.0,0,0
rn50_l3_g20,D9,22504.0,13,0.6631147955017452,0.6883161081158538,0.16693192126729628,0.6980679691490091,0.6566111525740485,0,0.0,0,0
rn50_l3_g20,D10,38879.0,14,0.7721984149246018,0.8291506473642829,0.10163129836145945,0.7562938918819692,0.8314261151147383,0,0.0,0,0
rn50_l3_g28,D1,4317.5,14,0.4753095913434547,0.48593905677635074,0.36441064530710987,0.6915389304757854,0.4408085793466342,1,0.07142857142857142,0,1
rn50_l3_g28,D2,5916.0,13,0.49050230362049513,0.5142737896494157,0.18330134005646298,0.6615061164089995,0.45219324360008134,1,0.07692307692307693,0,1
rn50_l3_g28,D3,6914.0,13,0.5419746622523556,0.5786892554614356,0.30330213924108745,0.7186572568484492,0.509406140225743,0,0.0,0,0
rn50_l3_g28,D4,7402.0,14,0.3950097122508435,0.36086442855386064,0.3324640443079391,0.5671892212429015,0.35648281757459965,1,0.07142857142857142,0,1
rn50_l3_g28,D5,8686.0,13,0.4141060370455412,0.4716303114361367,0.443575496555127,0.5901471102048252,0.37641020459302654,0,0.0,0,0
rn50_l3_g28,D6,10388.0,13,0.5266575858251383,0.5715062369748407,0.23078849058516032,0.6107617696322112,0.49572832231984276,0,0.0,0,0
rn50_l3_g28,D7,12305.5,14,0.5044958924887658,0.49265299925558664,0.15821447772398828,0.602250333232773,0.5202674953362895,0,0.0,0,0
rn50_l3_g28,D8,15677.0,13,0.5879040139766505,0.5851078700899306,0.2421228961517734,0.683769625296658,0.5607529779296466,0,0.0,0,0
rn50_l3_g28,D9,22504.0,13,0.5944726844817165,0.5888318517591086,0.273907937881378,0.630513353223958,0.6033711815289149,0,0.0,0,0
rn50_l3_g28,D10,38879.0,14,0.73339680216292,0.7705683914817787,0.1371944700546618,0.7248305373539168,0.7684272168876912,0,0.0,0,0
rn50_l3_g37,D1,4317.5,14,0.4178488941503778,0.41586745724455654,0.3069978861782594,0.6774471655739364,0.37607991480537795,1,0.07142857142857142,0,1
rn50_l3_g37,D2,5916.0,13,0.4375214599349949,0.439898484965008,0.2431324909307851,0.7289041270236203,0.4014154391136335,0,0.0,0,0
rn50_l3_g37,D3,6914.0,13,0.5014527481201827,0.4912615863581688,0.3366279903541278,0.7563983695435135,0.4400871633062729,0,0.0,0,0
rn50_l3_g37,D4,7402.0,14,0.33951657355431436,0.2969987080663415,0.1823171768576637,0.6087330697994622,0.273770476430218,0,0.0,0,0
rn50_l3_g37,D5,8686.0,13,0.37944928403757205,0.335799795464116,0.11775754435719782,0.6405775057847283,0.29230695657323025,0,0.0,0,0
rn50_l3_g37,D6,10388.0,13,0.45420634820374334,0.4547133999746932,0.11662273546134028,0.6623395497776312,0.3770195636312884,0,0.0,0,0
rn50_l3_g37,D7,12305.5,14,0.4796524753533479,0.44217439876833997,0.18918313189533864,0.6429462224184751,0.45024187867400745,0,0.0,0,0
rn50_l3_g37,D8,15677.0,13,0.49397262915334905,0.4496927803379416,0.14545166477643467,0.6964586167759363,0.4203566911995434,0,0.0,0,0
rn50_l3_g37,D9,22504.0,13,0.5439453668384148,0.5197,0.19922311904389833,0.6937294297975287,0.5032745094972011,0,0.0,0,0
rn50_l3_g37,D10,38879.0,14,0.7076980061127707,0.73143956726399,0.1283890891592392,0.7736430727747452,0.6683158328196225,0,0.0,0,0
rn50_l3_g40,D1,4317.5,14,0.40035774380038275,0.3897846514808187,0.2975874054455707,0.5905346093898992,0.4143645315603388,1,0.07142857142857142,0,1
rn50_l3_g40,D2,5916.0,13,0.38276277024209804,0.3785046728971962,0.2473325087180792,0.551998070800592,0.36236770026479603,0,0.0,0,0
rn50_l3_g40,D3,6914.0,13,0.46727769405215347,0.4331571736151889,0.33542197485518765,0.6414854390534012,0.4742318948926405,0,0.0,0,0
rn50_l3_g40,D4,7402.0,14,0.3170006345386134,0.31215654984655444,0.1885858893592112,0.48791042380744637,0.32874351327137424,0,0.0,0,0
rn50_l3_g40,D5,8686.0,13,0.362743546621536,0.3638063373351702,0.24926232755672909,0.5972229243796103,0.2824797026433934,0,0.0,0,0
rn50_l3_g40,D6,10388.0,13,0.4200088955962207,0.424000625831182,0.20012451142556847,0.5917095622397992,0.3836729906155807,0,0.0,0,0
rn50_l3_g40,D7,12305.5,14,0.41660019862339287,0.3622359789089663,0.18302176287975702,0.5467804728278435,0.4546593418570524,0,0.0,0,0
rn50_l3_g40,D8,15677.0,13,0.47355177791602043,0.4551629144105633,0.10813708767203922,0.6530226242309601,0.418366841037595,0,0.0,0,0
rn50_l3_g40,D9,22504.0,13,0.5179867090223683,0.4927520465609616,0.17584311933360797,0.6539232607992196,0.48726394968605324,0,0.0,0,0
rn50_l3_g40,D10,38879.0,14,0.6952976083786427,0.7198388202478225,0.19247337297109335,0.7465034978900819,0.6648380261637225,0,0.0,0,0
rn50_l4_g20,D1,4317.5,14,0.05824175391033515,0.05898877840936735,0.02963010505683985,0.7824725560472341,0.030518172282030916,2,0.14285714285714285,0,2
rn50_l4_g20,D2,5916.0,13,0.07725677428466816,0.0838228694295034,0.023232776619398196,0.8125411707666903,0.04064465460610799,0,0.0,0,0
rn50_l4_g20,D3,6914.0,13,0.07374603865961683,0.0756314705797059,0.025170590617167296,0.7454345863490974,0.0388884110022337,1,0.07692307692307693,0,1
rn50_l4_g20,D4,7402.0,14,0.08479053843351594,0.0932853933999647,0.03922043090342418,0.7970392171503702,0.04497374554440531,0,0.0,0,0
rn50_l4_g20,D5,8686.0,13,0.08967731253706208,0.0972025042474457,0.012978076005305192,0.8227305233315655,0.047506652183147674,1,0.07692307692307693,0,1
rn50_l4_g20,D6,10388.0,13,0.1130225367019777,0.1230293310343516,0.0408784289717313,0.7950618504277138,0.061179060009871104,0,0.0,0,0
rn50_l4_g20,D7,12305.5,14,0.1151389729537009,0.13019812778626993,0.05029245151636538,0.6721189122785122,0.06326130436323776,1,0.07142857142857142,0,1
rn50_l4_g20,D8,15677.0,13,0.14995917517359933,0.1491281023269587,0.05143145470825161,0.7904834150387386,0.08335428213069347,0,0.0,0,0
rn50_l4_g20,D9,22504.0,13,0.19583736626108553,0.2044861469638674,0.0820522163314491,0.6696420800075648,0.11524784534460851,0,0.0,0,0
rn50_l4_g20,D10,38879.0,14,0.2810431618543429,0.30002961068640976,0.05807707656552308,0.6411249824271794,0.1842019302448827,0,0.0,0,0
sam_ft__seed0,D1,4071.0,19,0.7593241085985918,0.8524728758630408,0.2385916906944171,0.7596450423636775,0.7856936633535755,1,0.05263157894736842,0,1
sam_ft__seed0,D2,5445.5,18,0.8347887233051431,0.8676044687441439,0.08819035630164096,0.8091305452050364,0.8731707627379945,0,0.0,0,0
sam_ft__seed0,D3,6686.0,19,0.7007918016568184,0.8262560273759527,0.3545074439798651,0.6520620293728827,0.7799505965461878,1,0.05263157894736842,0,1
sam_ft__seed0,D4,8665.5,18,0.749161411245177,0.8192673200155001,0.24439516608510592,0.6888748233998242,0.8385262912987468,0,0.0,0,0
sam_ft__seed0,D5,10622.0,19,0.7963139258554929,0.8085025259746449,0.20018110207780504,0.7325886001811363,0.898568528157763,0,0.0,0,0
sam_ft__seed0,D6,11957.5,18,0.8181971381809778,0.8217258319405203,0.12894939390741178,0.750275992448581,0.9169862227751084,0,0.0,0,0
sam_ft__seed0,D7,13841.0,18,0.7264119716648332,0.7590740037929582,0.22397684887346658,0.6382718822278525,0.881486869238242,0,0.0,0,0
sam_ft__seed0,D8,15506.0,19,0.7797228372469268,0.8642964789697218,0.1563995032289749,0.7250764629163882,0.8571695078081791,1,0.05263157894736842,0,1
sam_ft__seed0,D9,19152.0,18,0.7690157460544583,0.7807976063920843,0.1699162108919059,0.6636463817842494,0.9545194135724804,0,0.0,0,0
sam_ft__seed0,D10,31415.0,19,0.6356715941539782,0.5962281832025301,0.19700692262239516,0.5291348790462571,0.92002746437995,0,0.0,0,0
sam_ft__seed0#c827,D1,4317.5,14,0.7287968067724269,0.842793723689246,0.146804165245498,0.8959942367511119,0.6642297157304127,2,0.14285714285714285,0,2
sam_ft__seed0#c827,D2,5916.0,13,0.8276343730247248,0.8548773189706762,0.11084113937361062,0.9016230656560702,0.7770997114397228,0,0.0,0,0
sam_ft__seed0#c827,D3,6914.0,13,0.8479169837929726,0.8542251723257596,0.05055105756137768,0.8912807802938231,0.8277985290520294,0,0.0,0,0
sam_ft__seed0#c827,D4,7402.0,14,0.7805359828368014,0.8255774548205852,0.17379612574419567,0.8227043243133473,0.7697138427099057,0,0.0,0,0
sam_ft__seed0#c827,D5,8686.0,13,0.7768988915693824,0.8717628054817362,0.14805290442524321,0.8343029503242005,0.7401849973728727,0,0.0,0,0
sam_ft__seed0#c827,D6,10388.0,13,0.723854185743929,0.7846516690856313,0.0984947569471335,0.7003906598673051,0.7749042777213385,0,0.0,0,0
sam_ft__seed0#c827,D7,12305.5,14,0.8411611855857791,0.8561608456177522,0.0616724682900186,0.8148527454786537,0.8958369682839942,0,0.0,0,0
sam_ft__seed0#c827,D8,15677.0,13,0.7486245908142999,0.7428781994954505,0.10822204017082404,0.8497332170678202,0.7367546993052765,0,0.0,0,0
sam_ft__seed0#c827,D9,22504.0,13,0.8137338611953181,0.8752865094957433,0.09078827658078359,0.8580801870619482,0.8131256867137198,0,0.0,0,0
sam_ft__seed0#c827,D10,38879.0,14,0.8304618426800606,0.8720816343060869,0.10071797814541839,0.8265826437477093,0.8776318139188172,0,0.0,0,0
sam_ft__seed1,D1,4071.0,19,0.7645925330467463,0.8595213319458896,0.16419109530881693,0.8535281350296754,0.7414945056546594,0,0.0,0,0
sam_ft__seed1,D2,5445.5,18,0.7973132548567826,0.8323335103601448,0.09176953640668528,0.8254461141433946,0.7853639841574221,0,0.0,0,0
sam_ft__seed1,D3,6686.0,19,0.6698820182193678,0.8413395969086225,0.26303236899473403,0.6564061681496828,0.6976347816684584,0,0.0,0,0
sam_ft__seed1,D4,8665.5,18,0.7758511636886731,0.8030027377802867,0.15029304870417315,0.7456574372700089,0.8162113461280562,0,0.0,0,0
sam_ft__seed1,D5,10622.0,19,0.78099378087661,0.8096470791267582,0.165716356833159,0.7268219558218343,0.8661272351031769,0,0.0,0,0
sam_ft__seed1,D6,11957.5,18,0.8093866082428216,0.8286378177726211,0.11790512866563407,0.7619788094413822,0.8814133607100358,0,0.0,0,0
sam_ft__seed1,D7,13841.0,18,0.7509494124350478,0.803357978829289,0.18475926517479602,0.6957934375459762,0.8451112169228514,0,0.0,0,0
sam_ft__seed1,D8,15506.0,19,0.8062447070364116,0.8632273545290942,0.13582008406874002,0.7935269489336584,0.8265117370179952,0,0.0,0,0
sam_ft__seed1,D9,19152.0,18,0.7940826635891359,0.8442562732795573,0.2027445591438083,0.7529010555229543,0.8699609768651746,0,0.0,0,0
sam_ft__seed1,D10,31415.0,19,0.6907180916833657,0.7100349605075748,0.19922068151013317,0.6055887090607939,0.8880453899562493,0,0.0,0,0
sam_ft__seed1#c827,D1,4317.5,14,0.703070815529096,0.8401849036815461,0.1420842004945605,0.8660565370719139,0.6448665897054572,2,0.14285714285714285,0,2
sam_ft__seed1#c827,D2,5916.0,13,0.8003720689166811,0.8299065420560747,0.14389306758773734,0.9172987960305445,0.7420849151822595,0,0.0,0,0
sam_ft__seed1#c827,D3,6914.0,13,0.8254317753753564,0.8273073633465516,0.0984610101322777,0.8936052333261494,0.7877620642924176,0,0.0,0,0
sam_ft__seed1#c827,D4,7402.0,14,0.7481154717020724,0.7477347418304282,0.21463884435423575,0.8039615572144584,0.7176282851296012,0,0.0,0,0
sam_ft__seed1#c827,D5,8686.0,13,0.7675562966629403,0.8768073274452077,0.30210819102409303,0.7745350320593687,0.7709495208396135,0,0.0,0,0
sam_ft__seed1#c827,D6,10388.0,13,0.7152376745849759,0.7982617731802938,0.1729479586971333,0.7848137081728068,0.6825673212123688,0,0.0,0,0
sam_ft__seed1#c827,D7,12305.5,14,0.8158195637288467,0.8232199566833708,0.06900420293062137,0.7811137276428497,0.8734505236912172,0,0.0,0,0
sam_ft__seed1#c827,D8,15677.0,13,0.7710356577178928,0.8169775297400499,0.15601931496829158,0.8485918650702349,0.7605784425386641,0,0.0,0,0
sam_ft__seed1#c827,D9,22504.0,13,0.8357477209248144,0.8709195431407805,0.13590237830689877,0.8221324853598773,0.8749636154551956,0,0.0,0,0
sam_ft__seed1#c827,D10,38879.0,14,0.8391261528199621,0.8896640448990147,0.08265452026478703,0.7757482932757245,0.9351114396327783,0,0.0,0,0
sam_ft__seed2,D1,4071.0,19,0.760318698685151,0.8547112462006079,0.18512828767514533,0.7817789556341648,0.7554477872406188,1,0.05263157894736842,0,1
sam_ft__seed2,D2,5445.5,18,0.7890274753288459,0.8533662629857608,0.07926130654391106,0.7579746438874985,0.8350217726044766,0,0.0,0,0
sam_ft__seed2,D3,6686.0,19,0.6982491962974217,0.7915894775842904,0.27784881669321404,0.6717025309785634,0.7441326157780764,1,0.05263157894736842,0,1
sam_ft__seed2,D4,8665.5,18,0.7342247211925392,0.745426258894426,0.13392799528365718,0.686217629967558,0.803842435525065,0,0.0,0,0
sam_ft__seed2,D5,10622.0,19,0.7954952145386925,0.7976184312710328,0.12874606305011105,0.7168034537755466,0.9239081732935299,0,0.0,0,0
sam_ft__seed2,D6,11957.5,18,0.835375048585523,0.8471549201526414,0.143473455923547,0.7823488838574358,0.9233051323363868,0,0.0,0,0
sam_ft__seed2,D7,13841.0,18,0.7140165939947718,0.7791826396415923,0.2096008340635055,0.6541146236045322,0.8365011176205751,0,0.0,0,0
sam_ft__seed2,D8,15506.0,19,0.738679318608147,0.8340158147415985,0.22900167579169262,0.676854700852952,0.8344397564514178,0,0.0,0,0
sam_ft__seed2,D9,19152.0,18,0.7872109478216175,0.8209368983570053,0.19323695768929938,0.7327829606989492,0.8870598437639718,0,0.0,0,0
sam_ft__seed2,D10,31415.0,19,0.6661989709380015,0.733562240557577,0.32850924692350836,0.607734098413013,0.8598009299281169,0,0.0,0,0
sam_ft__seed2#c827,D1,4317.5,14,0.6787742676806366,0.7516550555857966,0.16521236309278553,0.8915664524576952,0.5945945850042019,2,0.14285714285714285,0,2
sam_ft__seed2#c827,D2,5916.0,13,0.8579926616458582,0.8758506908640957,0.028526745937959896,0.9301423372400778,0.8068853808165556,0,0.0,0,0
sam_ft__seed2#c827,D3,6914.0,13,0.8573796479082509,0.8709482585061405,0.06654786012823266,0.8853496921819723,0.8534433404093049,0,0.0,0,0
sam_ft__seed2#c827,D4,7402.0,14,0.7647259117641588,0.783412361327938,0.19846884029808698,0.7896294262553081,0.7688878489335524,0,0.0,0,0
sam_ft__seed2#c827,D5,8686.0,13,0.7971612104143341,0.8793722187664481,0.14690036314522104,0.8353469895236982,0.7713249578490451,0,0.0,0,0
sam_ft__seed2#c827,D6,10388.0,13,0.7189529470635249,0.7515759680946867,0.1130319981115836,0.7013378042002093,0.766034046286127,0,0.0,0,0
sam_ft__seed2#c827,D7,12305.5,14,0.7926843072128534,0.8078975466864643,0.07526623123864107,0.7728784269868706,0.8511291041546978,0,0.0,0,0
sam_ft__seed2#c827,D8,15677.0,13,0.7566298928242039,0.7602623018536686,0.10343187343880922,0.8756525021103498,0.7100109482707057,0,0.0,0,0
sam_ft__seed2#c827,D9,22504.0,13,0.7858093255813591,0.8575510740327137,0.1320400038729782,0.8443904344484845,0.7771008804705415,0,0.0,0,0
sam_ft__seed2#c827,D10,38879.0,14,0.833830023475576,0.879686834822123,0.08710438489299188,0.835083735785655,0.8772244574927518,0,0.0,0,0
segformer_b0_direct,D1,4071.0,19,0.6971094580647401,0.8274080014256437,0.17536868783848525,0.7781378351225472,0.7239958717870071,1,0.05263157894736842,1,0
segformer_b0_direct,D2,5445.5,18,0.7934559245713723,0.8546367816023197,0.11892404591932715,0.7861856545740104,0.8351782618386395,0,0.0,0,0
segformer_b0_direct,D3,6686.0,19,0.7393022874879887,0.7567969589290141,0.18515459125631784,0.700173763361321,0.7979936098711905,0,0.0,0,0
segformer_b0_direct,D4,8665.5,18,0.7981807940147168,0.807428321265062,0.16148381015675717,0.7378340449649375,0.8869010253950833,0,0.0,0,0
segformer_b0_direct,D5,10622.0,19,0.7925256601132995,0.8172509790968716,0.10571957887213324,0.7453887392497274,0.8787305626191523,0,0.0,0,0
segformer_b0_direct,D6,11957.5,18,0.8009444648128716,0.8245790960681914,0.11775539615542419,0.7498947509924009,0.9122362752680906,0,0.0,0,0
segformer_b0_direct,D7,13841.0,18,0.7600825661401887,0.809993243031073,0.18313689995723748,0.6996327850606066,0.8745835079933231,0,0.0,0,0
segformer_b0_direct,D8,15506.0,19,0.7857813748468839,0.8419343696027634,0.2042947220251451,0.7317943137880744,0.8859679210358214,0,0.0,0,0
segformer_b0_direct,D9,19152.0,18,0.8101424010193378,0.8219693250982145,0.15849313073542315,0.7563227374737761,0.898202162398315,0,0.0,0,0
segformer_b0_direct,D10,31415.0,19,0.6925590380424997,0.6852963375624483,0.29163094415667423,0.5895886517329787,0.9106423778809977,0,0.0,0,0
segformer_b0_distilled,D1,4071.0,19,0.7186475420244666,0.829388329036794,0.16035838425128146,0.7831719675795877,0.7135380038739069,0,0.0,0,0
segformer_b0_distilled,D2,5445.5,18,0.7963464850168828,0.8519656303883777,0.1289259300646567,0.7840925286189031,0.8370267465210046,0,0.0,0,0
segformer_b0_distilled,D3,6686.0,19,0.7297338231598209,0.8049217350673623,0.16768347149371432,0.6715889878385878,0.8249074804711568,0,0.0,0,0
segformer_b0_distilled,D4,8665.5,18,0.8071754711408504,0.814582093815891,0.15157280423458375,0.7351871533097357,0.9081354245016158,0,0.0,0,0
segformer_b0_distilled,D5,10622.0,19,0.7721270495413615,0.8221387427998998,0.14728556962793915,0.7198788532673704,0.8793645914226166,0,0.0,0,0
segformer_b0_distilled,D6,11957.5,18,0.805338934197412,0.8414094639653865,0.12307551240131132,0.7436596870211993,0.9222426108539583,0,0.0,0,0
segformer_b0_distilled,D7,13841.0,18,0.7690950270510383,0.8027068770513945,0.2056568237226113,0.7096957476922365,0.8786750893831349,0,0.0,0,0
segformer_b0_distilled,D8,15506.0,19,0.7725560948706374,0.8434190393327533,0.161466587163968,0.7059638209796156,0.8880795702615759,0,0.0,0,0
segformer_b0_distilled,D9,19152.0,18,0.8035316110794899,0.8169154131848416,0.13096181482906866,0.7769780149489723,0.8615530534387406,0,0.0,0,0
segformer_b0_distilled,D10,31415.0,19,0.7130013503203343,0.7627411299456007,0.2963979864219848,0.6080409266643985,0.9160948825771996,0,0.0,0,0
segformer_b0_rgkd,D1,4071.0,19,0.6624999634791596,0.8143867924528302,0.21969657512858354,0.6730771126282079,0.7383962358780707,2,0.10526315789473684,1,1
segformer_b0_rgkd,D2,5445.5,18,0.7735387440548875,0.8309852130724055,0.1301738135264784,0.7600824820985581,0.817187522853367,0,0.0,0,0
segformer_b0_rgkd,D3,6686.0,19,0.7248669637145939,0.7572315035799523,0.15771755076415395,0.6735731178706139,0.7997193749801577,0,0.0,0,0
segformer_b0_rgkd,D4,8665.5,18,0.8254647074366492,0.8298246103178207,0.13894460408240106,0.7739011664673199,0.8994122377793686,0,0.0,0,0
segformer_b0_rgkd,D5,10622.0,19,0.7531622381570496,0.7828839522921259,0.1923977278543616,0.7082439781708062,0.8651797583943699,0,0.0,0,0
segformer_b0_rgkd,D6,11957.5,18,0.8039321073733353,0.8421636591289512,0.15000759402849728,0.7440104605422942,0.9158213135161934,0,0.0,0,0
segformer_b0_rgkd,D7,13841.0,18,0.7642840963990205,0.8074661756779199,0.1875137287061458,0.699595753030841,0.8748050403156296,0,0.0,0,0
segformer_b0_rgkd,D8,15506.0,19,0.8069419199155401,0.830036250647333,0.1546256920208795,0.7725481062796634,0.8785227629422774,0,0.0,0,0
segformer_b0_rgkd,D9,19152.0,18,0.8128374379854856,0.8422161459914583,0.11977475130495041,0.7926464098338724,0.8576891266766336,0,0.0,0,0
segformer_b0_rgkd,D10,31415.0,19,0.7361412426698412,0.7903202642539136,0.2584208527076415,0.6601939348578817,0.8728936243232476,0,0.0,0,0
segformer_b2_teacher,D1,4071.0,19,0.7227743398335867,0.8226030569708198,0.21489328701235,0.8222978403775619,0.7156106406092464,0,0.0,0,0
segformer_b2_teacher,D2,5445.5,18,0.7883230188216276,0.8242194888636682,0.11355253665551945,0.7291714377685732,0.8744784560706955,0,0.0,0,0
segformer_b2_teacher,D3,6686.0,19,0.7405921131021328,0.8016517736257786,0.1670354409194752,0.694800175700894,0.8192031131252859,0,0.0,0,0
segformer_b2_teacher,D4,8665.5,18,0.751532906433959,0.8198754056471812,0.12714216376868026,0.6892812803594787,0.8373371801895257,0,0.0,0,0
segformer_b2_teacher,D5,10622.0,19,0.7882130764357193,0.8075670114876836,0.1596922286163467,0.7415154828307727,0.8709874475349467,0,0.0,0,0
segformer_b2_teacher,D6,11957.5,18,0.8206617283419191,0.8573124466977806,0.10577836994795264,0.7486791545738151,0.9248304591115528,0,0.0,0,0
segformer_b2_teacher,D7,13841.0,18,0.7533464682199721,0.8137433751806985,0.20810854362123066,0.719185765520438,0.8415170400709813,0,0.0,0,0
segformer_b2_teacher,D8,15506.0,19,0.8364035646814225,0.8718383600029497,0.06963469382795873,0.7970305711162093,0.9027384218110466,0,0.0,0,0
segformer_b2_teacher,D9,19152.0,18,0.8113138231132603,0.8424518231057578,0.10964927175784045,0.7483504175478113,0.905435096556815,0,0.0,0,0
segformer_b2_teacher,D10,31415.0,19,0.683395065385027,0.7239557763682423,0.165464154957929,0.5907214446132286,0.9045411101312979,0,0.0,0,0
topformer_tiny,D1,4071.0,19,0.5755404632023784,0.6873440285204991,0.25447062686144,0.7121599252570276,0.6447696642847519,2,0.10526315789473684,2,0
topformer_tiny,D2,5445.5,18,0.6772358374561143,0.7375405808377955,0.19714839585523924,0.7985974381506892,0.6088203033763224,0,0.0,0,0
topformer_tiny,D3,6686.0,19,0.6229990270846881,0.6846391817665257,0.19377597185845874,0.6559426412435894,0.6867076747306499,1,0.05263157894736842,1,0
topformer_tiny,D4,8665.5,18,0.6666566897317547,0.7572221523064043,0.23718378721983868,0.6656656717709856,0.7740624626504435,1,0.05555555555555555,1,0
topformer_tiny,D5,10622.0,19,0.6772559716715426,0.7595339585109406,0.2891703197816169,0.6897045278627741,0.7149876734579759,0,0.0,0,0
topformer_tiny,D6,11957.5,18,0.7326342099691541,0.7645361679271913,0.161966865414499,0.7080561384846606,0.7917628127168349,0,0.0,0,0
topformer_tiny,D7,13841.0,18,0.7035232333570459,0.7156895109193364,0.1498951199497892,0.6712620617495549,0.7867561647807311,0,0.0,0,0
topformer_tiny,D8,15506.0,19,0.7233601739056642,0.8288471305231082,0.2313216186744519,0.7213856964915192,0.7705129240179237,0,0.0,0,0
topformer_tiny,D9,19152.0,18,0.7398374569150215,0.7670207307960514,0.18608685237100042,0.6881283960587,0.8450374087673977,0,0.0,0,0
topformer_tiny,D10,31415.0,19,0.6885916094845707,0.6882849783350972,0.1975998425378589,0.615251702531089,0.8580800060507427,0,0.0,0,0
topformer_tiny#e981,D1,4071.0,19,0.5917447343978548,0.701264334019406,0.2904226626239892,0.7395054033478082,0.5445753807825182,1,0.05263157894736842,0,1
topformer_tiny#e981,D2,5445.5,18,0.7040740090089825,0.766324173880813,0.20363822041687363,0.8011098486925354,0.6704196872411484,0,0.0,0,0
topformer_tiny#e981,D3,6686.0,19,0.6448338447347212,0.6955421340235836,0.30280877057727207,0.684999692419808,0.6776435154307779,0,0.0,0,0
topformer_tiny#e981,D4,8665.5,18,0.6887258303630798,0.7226266958428549,0.2816840885011682,0.6814831527048679,0.7788995105384289,0,0.0,0,0
topformer_tiny#e981,D5,10622.0,19,0.6982401982417047,0.7559334041799504,0.15836775911816314,0.7053752218284393,0.7330603784197747,0,0.0,0,0
topformer_tiny#e981,D6,11957.5,18,0.7297101168361856,0.7822197797206356,0.17906355634772064,0.7201904576069386,0.7720546027874647,0,0.0,0,0
topformer_tiny#e981,D7,13841.0,18,0.697226406714272,0.6915283062296822,0.11449014965995308,0.692739693172226,0.761355668327722,0,0.0,0,0
topformer_tiny#e981,D8,15506.0,19,0.7451045824390945,0.7777146428774362,0.18889707962466384,0.73715417663628,0.7875651570290023,0,0.0,0,0
topformer_tiny#e981,D9,19152.0,18,0.735728566567903,0.7578398659982766,0.17021816128575096,0.7081489688619506,0.8273105103535183,0,0.0,0,0
topformer_tiny#e981,D10,31415.0,19,0.6881629778600483,0.6919399744348527,0.19140068671723653,0.5967806387155958,0.8735532040398164,0,0.0,0,0
topformer_tiny_b2kd,D1,4071.0,19,0.617027860724685,0.6773396580689791,0.2837501575977135,0.7686669966113499,0.5441933235064255,1,0.05263157894736842,0,1
topformer_tiny_b2kd,D2,5445.5,18,0.7111317547009258,0.7750265322871496,0.23163878616247402,0.7866234230780436,0.6745515913408653,0,0.0,0,0
topformer_tiny_b2kd,D3,6686.0,19,0.6571531651861504,0.7021490511499309,0.13937146632905784,0.6805926568745058,0.6819507332536024,0,0.0,0,0
topformer_tiny_b2kd,D4,8665.5,18,0.6895936145369119,0.7061718611649974,0.15191367881761675,0.6889309038524576,0.7698431191403512,0,0.0,0,0
topformer_tiny_b2kd,D5,10622.0,19,0.708079354872118,0.7536449299142094,0.1416689405601781,0.6954614750626673,0.76763402411364,0,0.0,0,0
topformer_tiny_b2kd,D6,11957.5,18,0.7272762673100962,0.7784063542347979,0.1814612909778277,0.6946399023640619,0.7985536402217126,0,0.0,0,0
topformer_tiny_b2kd,D7,13841.0,18,0.6974160566088957,0.7348954245731558,0.12966486786732667,0.6714817986441511,0.8015333003178459,0,0.0,0,0
topformer_tiny_b2kd,D8,15506.0,19,0.7477169837658276,0.7881105219090148,0.2236910605249136,0.7329129901215788,0.8084413343611119,0,0.0,0,0
topformer_tiny_b2kd,D9,19152.0,18,0.7367648191160465,0.7620773722601057,0.14705773232072084,0.6982240031084491,0.8317108040622148,0,0.0,0,0
topformer_tiny_b2kd,D10,31415.0,19,0.6832513226175724,0.7097715119105493,0.2686346126312994,0.6083159118513395,0.8533382786357344,0,0.0,0,0
topformer_tiny_distilled,D1,4071.0,19,0.6331853405339981,0.6719223771983021,0.27990509340129777,0.7324603959036994,0.5976599225713014,1,0.05263157894736842,0,1
topformer_tiny_distilled,D2,5445.5,18,0.7220091154396462,0.7456301695178723,0.1604253324896281,0.7898793896450819,0.6858189660472871,0,0.0,0,0
topformer_tiny_distilled,D3,6686.0,19,0.6501627393966026,0.6984441046856732,0.22189143924403132,0.6558084241847585,0.6835678057086736,0,0.0,0,0
topformer_tiny_distilled,D4,8665.5,18,0.6965372874753951,0.7677094528098601,0.21754571493658803,0.66476664410288,0.8000200324700901,0,0.0,0,0
topformer_tiny_distilled,D5,10622.0,19,0.6529912365670829,0.7596439169139466,0.25653600777323415,0.6130343014820712,0.811855883799443,0,0.0,0,0
topformer_tiny_distilled,D6,11957.5,18,0.7221402805649368,0.7732195517141836,0.18485788016679783,0.6708619807885609,0.8191665707696256,0,0.0,0,0
topformer_tiny_distilled,D7,13841.0,18,0.6589479110309375,0.7142598377132268,0.26446149604982216,0.6063533810450115,0.7960217607408929,0,0.0,0,0
topformer_tiny_distilled,D8,15506.0,19,0.7416315025961219,0.7997320302648171,0.1488248911002863,0.6859437273684454,0.845655485564646,0,0.0,0,0
topformer_tiny_distilled,D9,19152.0,18,0.7497879134529452,0.7847772917919826,0.11430355657503255,0.6854249079432737,0.8625822214761304,0,0.0,0,0
topformer_tiny_distilled,D10,31415.0,19,0.6412966518903015,0.6390377969468557,0.31290813399985706,0.533008191680639,0.9011658627506971,0,0.0,0,0
topformer_tiny_rgkd,D1,4071.0,19,0.6348651591312573,0.7549476135040745,0.3584790632526056,0.7188483291138402,0.5964559485692744,1,0.05263157894736842,0,1
topformer_tiny_rgkd,D2,5445.5,18,0.7166276813280918,0.7928008073261469,0.1549703524054158,0.79691871453302,0.667638224318223,0,0.0,0,0
topformer_tiny_rgkd,D3,6686.0,19,0.657171207284156,0.668615787881843,0.183187748021308,0.6639813726184216,0.6930756850044014,0,0.0,0,0
topformer_tiny_rgkd,D4,8665.5,18,0.6861427260119143,0.7091564597421407,0.15047441629898506,0.6701816576366524,0.7674209899353861,0,0.0,0,0
topformer_tiny_rgkd,D5,10622.0,19,0.6775095018619501,0.72844900970433,0.21629204767710064,0.6366736357460432,0.8190512921554016,0,0.0,0,0
topformer_tiny_rgkd,D6,11957.5,18,0.7126415601873849,0.7952605881662425,0.21443858661107795,0.6531321860638694,0.819314336756664,0,0.0,0,0
topformer_tiny_rgkd,D7,13841.0,18,0.677489096557922,0.7460430660959984,0.2500495360952313,0.6325704473060108,0.804910085563345,0,0.0,0,0
topformer_tiny_rgkd,D8,15506.0,19,0.6876422132560214,0.804464249213033,0.2947378247574749,0.6259684116510467,0.834012219217701,0,0.0,0,0
topformer_tiny_rgkd,D9,19152.0,18,0.7107853330499245,0.7468889347646573,0.1628167341370481,0.6325018371707875,0.8537711963631821,0,0.0,0,0
topformer_tiny_rgkd,D10,31415.0,19,0.6428088046202391,0.6498368113935318,0.29331587329774056,0.5399773010015272,0.8858613229202165,0,0.0,0,0
unet_r50,D1,4071.0,19,0.6437767616579194,0.8037739115381286,0.3223899685420124,0.6612455735829312,0.8736670334479212,3,0.15789473684210525,3,0
unet_r50,D2,5445.5,18,0.8243622478150469,0.8772543898696978,0.10667758320382836,0.8124000895046936,0.8905639224758656,0,0.0,0,0
unet_r50,D3,6686.0,19,0.6790291391184877,0.8517376681614349,0.3166962525168163,0.6716998136077404,0.8441507594398723,2,0.10526315789473684,2,0
unet_r50,D4,8665.5,18,0.7390883902908548,0.7995363007661189,0.18422828419651893,0.7354348341876467,0.8469669949177784,1,0.05555555555555555,1,0
unet_r50,D5,10622.0,19,0.7554087391580355,0.7880454712137881,0.2013954618902969,0.7300382352011386,0.8629781104936577,1,0.05263157894736842,1,0
unet_r50,D6,11957.5,18,0.792166144833432,0.8507788367147142,0.11383094002834615,0.7512084127275366,0.8990901963538085,0,0.0,0,0
unet_r50,D7,13841.0,18,0.7760306204446579,0.7846874484724188,0.17811449346739083,0.7359568504969053,0.8515425283557688,0,0.0,0,0
unet_r50,D8,15506.0,19,0.8013547054474986,0.868421052631579,0.15242308817264627,0.79833983634518,0.8290850330516708,0,0.0,0,0
unet_r50,D9,19152.0,18,0.8092413335400809,0.8356121240997088,0.12360594825655491,0.798062714613722,0.8339287696982991,0,0.0,0,0
unet_r50,D10,31415.0,19,0.7578762067889899,0.7654557512342495,0.15759213047751963,0.7099377418238451,0.8574667825306981,0,0.0,0,0
yolo_sem_direct,D1,4071.0,19,0.4946588308981946,0.6806380982170785,0.818751167466174,0.4720019492852875,0.9049962088373683,6,0.3157894736842105,6,0
yolo_sem_direct,D2,5445.5,18,0.677503311659277,0.7347404210594591,0.1852749062774376,0.6491909190654157,0.8680283105279964,2,0.1111111111111111,2,0
yolo_sem_direct,D3,6686.0,19,0.6363080329079501,0.7866908252347224,0.2972296370222607,0.627654891745498,0.8339253283527246,2,0.10526315789473684,2,0
yolo_sem_direct,D4,8665.5,18,0.7826312693048145,0.8659885511034031,0.1673913597759471,0.7492651641997305,0.8604184908673306,0,0.0,0,0
yolo_sem_direct,D5,10622.0,19,0.7289152805163797,0.8296303986710963,0.20773702837306018,0.6830500639791959,0.9161411962333247,0,0.0,0,0
yolo_sem_direct,D6,11957.5,18,0.8012658003561425,0.8414924014776768,0.13806498997505967,0.7390324775153547,0.9270844902738572,0,0.0,0,0
yolo_sem_direct,D7,13841.0,18,0.7195296171249692,0.795892284583757,0.24464278186924415,0.6678076762304878,0.8655401402294854,0,0.0,0,0
yolo_sem_direct,D8,15506.0,19,0.8103844926793563,0.867904993909866,0.10790664872556543,0.8223128498380887,0.8713648249103322,1,0.05263157894736842,1,0
yolo_sem_direct,D9,19152.0,18,0.7910461177766459,0.8708347509245764,0.10640585419884774,0.7932603223398189,0.8638450026083658,0,0.0,0,0
yolo_sem_direct,D10,31415.0,19,0.5927740915548959,0.6762523443233399,0.3144640496838953,0.5069661210515836,0.8710090291660898,1,0.05263157894736842,1,0
yolo_sem_distilled,D1,4071.0,19,0.6324490893208423,0.7843463780183181,0.28220323215851595,0.6370705003270306,0.7488404633879407,3,0.15789473684210525,2,1
yolo_sem_distilled,D2,5445.5,18,0.8095887202501187,0.8427905834218739,0.10228868162934979,0.8174149481836926,0.82348894507417,0,0.0,0,0
yolo_sem_distilled,D3,6686.0,19,0.7114470174196658,0.7768433698753566,0.23849205610354351,0.7231716234006521,0.7275303876728497,0,0.0,0,0
yolo_sem_distilled,D4,8665.5,18,0.7413017629719827,0.8115508243119487,0.23893461310025665,0.6914053986038586,0.8824846642501157,1,0.05555555555555555,1,0
yolo_sem_distilled,D5,10622.0,19,0.7621347792146103,0.8067147416952358,0.14170480976969646,0.7135480670631162,0.8963241329874829,0,0.0,0,0
yolo_sem_distilled,D6,11957.5,18,0.7774657045092273,0.778025957084969,0.10698995379192988,0.686119940413204,0.9500962518014876,0,0.0,0,0
yolo_sem_distilled,D7,13841.0,18,0.7308384863969972,0.7625348054901308,0.2663633189887926,0.6568296900721075,0.8965871246377309,0,0.0,0,0
yolo_sem_distilled,D8,15506.0,19,0.7981391383179645,0.8876459621234423,0.13706706538001012,0.7594648739140086,0.9209335853437866,1,0.05263157894736842,1,0
yolo_sem_distilled,D9,19152.0,18,0.731645496382043,0.8417656561860936,0.2568922056222731,0.6414863639503064,0.9097162378671155,0,0.0,0,0
yolo_sem_distilled,D10,31415.0,19,0.5741397947445144,0.5594429062840842,0.2831106419504149,0.4560227624339494,0.8981723543587279,0,0.0,0,0
