train_masks,fold,split,eval_masks,stem,dice,iou,precision,recall,pred_positive_pixels,gt_positive_pixels,tp_pixels,fp_pixels,fn_pixels,complete_miss,pred_gt_ratio,subject,cut
mzehra2,2,cv_val,mzehra2,150_AH_2-4_WL_Bruise_A244A_2026-03-05_DSC_1328,0.8826198461234958,0.7899011299435028,0.7907387769529869,0.9986607142857142,2829,2240,2237.0,592.0,3.0,False,1.2629464285714285,150,4.175000000000001
mzehra2,2,cv_val,mzehra2,150_AH_2-4_WL_Bruise_A244A_2026-03-05_DSC_1329,0.8845822566752799,0.7930501930501931,0.7976699029126214,0.9927501208313195,2575,2069,2054.0,521.0,15.0,False,1.2445625906234896,150,4.175000000000001
mzehra2,2,cv_val,mzehra2,150_AH_2-4_WL_Bruise_A244A_2026-03-05_DSC_1330,0.7104867034621174,0.5509727626459144,0.5533411488862837,0.9922915206727401,2559,1427,1416.0,1143.0,11.0,False,1.7932725998598458,150,4.175000000000001
mzehra2,2,cv_val,mzehra2,150_AH_2-4_WL_Bruise_OC_A244A_2026-03-05_DSC_1332,0.8981162649382216,0.8150735294117647,0.9766519823788546,0.8312710911136107,2270,2667,2217.0,53.0,450.0,False,0.8511436070491188,150,4.175000000000001
mzehra2,2,cv_val,mzehra2,150_AH_2-4_WL_Bruise_OC_A244A_2026-03-05_DSC_1333,0.8395303326810176,0.7234401349072512,0.9546061415220294,0.7492141110723017,2247,2863,2145.0,102.0,718.0,False,0.784841075794621,150,4.175000000000001
mzehra2,2,cv_val,mzehra2,150_AI_2-4_WL_Bruise_A244A_2026-03-05_DSC_1349,0.5423993193420307,0.37211791030255864,0.5460385438972163,0.5388082828567404,7005,7099,3825.0000000000005,3179.9999999999995,3273.9999999999995,False,0.9867586984082265,150,4.175000000000001
mzehra2,2,cv_val,mzehra2,150_AI_2-4_WL_Bruise_A244A_2026-03-05_DSC_1350,0.46059338648542675,0.29920190185090845,0.6992063492063492,0.34340284544923017,2520,5131,1762.0,758.0,3369.0,False,0.49113233287858116,150,4.175000000000001
mzehra2,2,cv_val,mzehra2,150_AI_2-4_WL_Bruise_A244A_2026-03-05_DSC_1351,0.5800494641384996,0.408499767765908,0.799363780958873,0.45516884461120455,4401,7729,3518.0,883.0,4211.0,False,0.5694138957174278,150,4.175000000000001
mzehra2,2,cv_val,mzehra2,150_AI_2-4_WL_Bruise_OC_A244A_2026-03-05_DSC_1353,0.6841403123283372,0.519918893129771,0.6816262705238467,0.6866729678638941,6395,6348,4359.0,2036.0,1989.0,False,1.007403906742281,150,4.175000000000001
mzehra2,2,cv_val,mzehra2,150_AI_2-4_WL_Bruise_OC_A244A_2026-03-05_DSC_1354,0.6601800755155388,0.4927379145892044,0.5911573472041612,0.7474514962183493,3845,3041,2273.0,1572.0,768.0,False,1.2643867148964156,150,4.175000000000001
mzehra2,2,cv_val,mzehra2,150_AJ_2-4_WL_Bruise_A244A_2026-03-05_DSC_1374,0.4542113323124043,0.29383792351892213,0.33742889647326507,0.6946135831381733,4395,2135,1483.0,2912.0,652.0,False,2.0585480093676813,150,4.175000000000001
mzehra2,2,cv_val,mzehra2,150_AJ_2-4_WL_Bruise_OC_A244A_2026-03-05_DSC_1377,0.43653558984569435,0.2792104425342248,0.34347258485639687,0.5987710514337733,7660,4394,2631.0,5029.0,1763.0,False,1.7432862994993172,150,4.175000000000001
mzehra2,2,cv_val,mzehra2,150_AJ_2-4_WL_Bruise_OC_A244A_2026-03-05_DSC_1378,0.576887928885935,0.40537069468768244,0.4557626673667629,0.7856981217470016,7618,4419,3471.9999999999995,4146.0,947.0000000000005,False,1.723919438787056,150,4.175000000000001
mzehra2,2,cv_val,mzehra2,150_AK_2-4_WL_Bruise_A244A_2026-03-05_DSC_1493,0.8055166469130481,0.6743640627818871,0.8628808864265928,0.7553041018387553,4332,4949,3738.0,594.0,1211.0,False,0.8753283491614468,150,4.175000000000001
mzehra2,2,cv_val,mzehra2,150_AK_2-4_WL_Bruise_A244A_2026-03-05_DSC_1494,0.7998744638560519,0.666492329149233,0.9762512768130746,0.6774765195817828,3916,5643,3823.0,93.0,1820.0,False,0.6939571150097466,150,4.175000000000001
mzehra2,2,cv_val,mzehra2,150_AK_2-4_WL_Bruise_A244A_2026-03-05_DSC_1495,0.8548444339287827,0.7464876033057851,0.9746425681143782,0.7612726506531816,3707,4746,3613.0,94.0,1133.0,False,0.781078803202697,150,4.175000000000001
mzehra2,2,cv_val,mzehra2,150_AK_2-4_WL_Bruise_OC_A244A_2026-03-05_DSC_1497,0.7577593668851242,0.6099940274736213,1.0,0.6099940274736213,3064,5023,3064.0,0.0,1959.0,False,0.6099940274736213,150,4.175000000000001
mzehra2,2,cv_val,mzehra2,150_AK_2-4_WL_Bruise_OC_A244A_2026-03-05_DSC_1498,0.7426645024347609,0.5906653426017875,1.0,0.5906653426017875,2974,5035,2974.0,0.0,2061.0,False,0.5906653426017875,150,4.175000000000001
mzehra2,2,cv_val,mzehra2,150_AL_2-4_WL_Bruise_A244A_2026-03-05_DSC_1511,0.6925096525096525,0.5296480037798252,0.5296480037798252,1.0,4233,2242,2242.0,1991.0,0.0,False,1.8880463871543265,150,4.175000000000001
mzehra2,2,cv_val,mzehra2,150_AL_2-4_WL_Bruise_A244A_2026-03-05_DSC_1512,0.7193712436430884,0.5617328519855596,0.5617328519855596,1.0,4155,2334,2334.0,1821.0,0.0,False,1.7802056555269923,150,4.175000000000001
mzehra2,2,cv_val,mzehra2,150_AL_2-4_WL_Bruise_A244A_2026-03-05_DSC_1513,0.8735147566117286,0.7754338210275604,0.7807468311065433,0.9913005654632449,2919,2299,2279.0,640.0,20.0,False,1.2696824706394085,150,4.175000000000001
mzehra2,2,cv_val,mzehra2,150_AL_2-4_WL_Bruise_OC_A244A_2026-03-05_DSC_1515,0.8934579439252337,0.8074324324324325,0.8265810276679841,0.9721092388146426,2024,1721,1673.0,351.0,48.0,False,1.1760604299825683,150,4.175000000000001
mzehra2,2,cv_val,mzehra2,160_E_2-4_WL_Bruise_A244A_2026-03-02_DSC_6976,0.6756424792139077,0.5101662267246915,0.8808819906380883,0.5479693486590038,8118,13050,7151.0,967.0,5899.0,False,0.6220689655172413,160,4.175000000000001
mzehra2,2,cv_val,mzehra2,160_E_2-4_WL_Bruise_A244A_2026-03-02_DSC_6977,0.7335329341317365,0.5791962174940898,0.9640718562874252,0.5919739468431557,5845,9519,5635.0,210.0,3884.0,False,0.6140350877192983,160,4.175000000000001
mzehra2,2,cv_val,mzehra2,160_E_2-4_WL_Bruise_A244A_2026-03-02_DSC_6978,0.5411260426320668,0.37092035257682837,0.9205754828537643,0.38318293683347004,5074,12190,4671.0,403.0,7519.0,False,0.4162428219852338,160,4.175000000000001
mzehra2,2,cv_val,mzehra2,160_E_2-4_WL_Bruise_OC_A244A_2026-03-02_DSC_6980,0.6572214860870451,0.489448914528617,0.8875430144528561,0.5218095006878692,7265,12357,6448.0,817.0,5909.0,False,0.5879258719753986,160,4.175000000000001
mzehra2,2,cv_val,mzehra2,160_E_2-4_WL_Bruise_OC_A244A_2026-03-02_DSC_6981,0.5179292055805373,0.3494632021160728,0.8675164156044805,0.3691650230111769,5178,12168,4492.0,686.0,7676.0,False,0.4255424063116371,160,4.175000000000001
mzehra2,2,cv_val,mzehra2,186_A_2-4_WL_Bruise_A244A_2026-03-04_DSC_9401,0.0,0.0,1.0,0.0,0,26145,0.0,0.0,26145.0,True,0.0,186,4.175000000000001
mzehra2,2,cv_val,mzehra2,186_A_2-4_WL_Bruise_A244A_2026-03-04_DSC_9402,0.19007919966652773,0.1050207277752188,0.288,0.14184985483201992,4750,9644,1368.0,3382.0,8276.0,False,0.4925342181667358,186,4.175000000000001
mzehra2,2,cv_val,mzehra2,186_A_2-4_WL_Bruise_A244A_2026-03-04_DSC_9403,0.08012394864984507,0.04173391745446161,1.0,0.04173391745446161,1267,30359,1267.0,0.0,29092.0,False,0.04173391745446161,186,4.175000000000001
mzehra2,2,cv_val,mzehra2,186_A_2-4_WL_Bruise_OC_A244A_2026-03-04_DSC_9405,0.041088474141615615,0.02097515564089137,0.18388166284111196,0.023128247898890102,3921,31174,721.0,3200.0,30453.0,False,0.1257778918329377,186,4.175000000000001
mzehra2,2,cv_val,mzehra2,186_A_2-4_WL_Bruise_OC_A244A_2026-03-04_DSC_9406,0.11387324399559785,0.06037412047365712,0.4859116022099447,0.06449365696267507,3620,27274,1759.0,1861.0,25515.0,False,0.13272713940016131,186,4.175000000000001
mzehra2,2,cv_val,mzehra2,186_B_2-4_WL_Bruise_A244A_2026-03-04_DSC_9421,0.8425557933353715,0.7279450607501321,0.8604433343740243,0.8253968253968254,3203,3339,2756.0,447.0,583.0,False,0.9592692422881102,186,4.175000000000001
mzehra2,2,cv_val,mzehra2,186_B_2-4_WL_Bruise_A244A_2026-03-04_DSC_9422,0.8957643944407677,0.8112076715612826,0.9836482558139535,0.8222964763061968,2752,3292,2707.0,45.0,585.0,False,0.8359659781287971,186,4.175000000000001
mzehra2,2,cv_val,mzehra2,186_B_2-4_WL_Bruise_A244A_2026-03-04_DSC_9423,0.7910902696365768,0.6543832428238945,0.8368055555555556,0.7501111605157847,2016,2249,1687.0,329.0,562.0,False,0.8963983992885727,186,4.175000000000001
mzehra2,2,cv_val,mzehra2,186_B_2-4_WL_Bruise_OC_A244A_2026-03-04_DSC_9425,0.8656556645851918,0.7631330607109154,0.8786671495834842,0.8530239099859352,2761,2844,2426.0,335.0,418.0,False,0.9708157524613221,186,4.175000000000001
mzehra2,2,cv_val,mzehra2,186_B_2-4_WL_Bruise_OC_A244A_2026-03-04_DSC_9426,0.8418948015995078,0.7269588313413015,0.9012183075403358,0.7898989898989899,3037,3465,2737.0,300.0,728.0,False,0.8764790764790765,186,4.175000000000001
mzehra2,2,cv_val,mzehra2,208_A_2-4_WL_Bruise_A244A_2026-03-05_DSC_1607,0.7370537958773253,0.5835987261146497,0.993321072500242,0.5858978018840993,10331,17515,10262.0,69.0,7253.0,False,0.5898372823294319,208,4.175000000000001
mzehra2,2,cv_val,mzehra2,208_A_2-4_WL_Bruise_A244A_2026-03-05_DSC_1608,0.5774239031268144,0.4059001865671642,0.9757533286615276,0.41003592673302314,7135,16979,6962.000000000001,172.9999999999991,10017.0,False,0.420224983803522,208,4.175000000000001
mzehra2,2,cv_val,mzehra2,208_A_2-4_WL_Bruise_A244A_2026-03-05_DSC_1609,0.5359634039515946,0.3660860701147897,1.0,0.3660860701147897,8260,22563,8260.0,0.0,14303.0,False,0.3660860701147897,208,4.175000000000001
mzehra2,2,cv_val,mzehra2,208_A_2-4_WL_Bruise_OC_A244A_2026-03-05_DSC_1611,0.73899026943894,0.5860305844825968,0.961295783317944,0.6001921691088158,12996,20815,12493.0,503.0,8322.0,False,0.6243574345423973,208,4.175000000000001
mzehra2,2,cv_val,mzehra2,208_A_2-4_WL_Bruise_OC_A244A_2026-03-05_DSC_1612,0.7534655831739961,0.604448279167865,0.9823932689311312,0.6110680364411708,12836,20636,12610.0,226.0,8026.0,False,0.6220197712735026,208,4.175000000000001
mzehra2,2,cv_val,mzehra2,22_AF_2-4_WL_Bruise_A244A_2026-03-05_DSC_9938,0.5629825722479594,0.39177156892846177,0.4044374009508716,0.9259796806966618,3155,1378,1276.0,1879.0,102.0,False,2.2895500725689404,22,4.175000000000001
mzehra2,2,cv_val,mzehra2,22_AF_2-4_WL_Bruise_A244A_2026-03-05_DSC_9939,0.5115127506808615,0.34364604125083165,0.3469936177359758,0.972693032015066,2977,1062,1033.0,1944.0,29.0,False,2.803201506591337,22,4.175000000000001
mzehra2,2,cv_val,mzehra2,22_AF_2-4_WL_Bruise_A244A_2026-03-05_DSC_9940,0.42190596288956944,0.267351598173516,0.29429504900728826,0.7449109414758269,3979,1572,1171.0,2808.0,401.0,False,2.53117048346056,22,4.175000000000001
mzehra2,2,cv_val,mzehra2,22_AF_2-4_WL_Bruise_OC_A244A_2026-03-05_DSC_9942,0.8683905827865689,0.767394270122783,0.7834261838440112,0.974025974025974,1436,1155,1125.0,311.0,30.0,False,1.2432900432900433,22,4.175000000000001
mzehra2,2,cv_val,mzehra2,22_AF_2-4_WL_Bruise_OC_A244A_2026-03-05_DSC_9943,0.8847957133288681,0.7933933933933934,0.9828869047619048,0.8045066991473813,1344,1642,1321.0,23.0,321.0,False,0.8185140073081608,22,4.175000000000001
mzehra2,2,cv_val,mzehra2,257_A_2-5_WL_Bruise_A244A_2026-02-17_DSC_7443,0.8706885071247836,0.7709905660377359,0.7879006989636057,0.9729166666666667,4149,3360,3269.0,880.0,91.0,False,1.2348214285714285,257,4.175000000000001
mzehra2,2,cv_val,mzehra2,257_A_2-5_WL_Bruise_A244A_2026-02-17_DSC_7444,0.8740374836553828,0.776258064516129,0.777461876453864,0.9980092899800929,3869,3014,3008.0,861.0,6.0,False,1.2836761778367618,257,4.175000000000001
mzehra2,2,cv_val,mzehra2,257_A_2-5_WL_Bruise_A244A_2026-02-17_DSC_7445,0.8183751595065929,0.6925845932325414,0.7600737424282328,0.8863636363636364,3797,3256,2886.0,911.0,370.0,False,1.1661547911547911,257,4.175000000000001
mzehra2,2,cv_val,mzehra2,257_A_2-5_WL_Bruise_OC_A244A_2026-02-17_DSC_7447,0.8550176500252143,0.7467518167804449,0.7560758082497213,0.9837539889759211,4485,3447,3391.0,1094.0,56.0,False,1.3011314186248912,257,4.175000000000001
mzehra2,2,cv_val,mzehra2,257_A_2-5_WL_Bruise_OC_A244A_2026-02-17_DSC_7448,0.8356201975850713,0.7176526042894179,0.8089798087141339,0.8640749148694665,3764,3524,3045.0,719.0,479.0,False,1.0681044267877413,257,4.175000000000001
mzehra2,2,cv_val,mzehra2,257_B_2-5_WL_Bruise_A244A_2026-02-17_DSC_7461,0.8487046632124352,0.7371737173717372,0.7555350553505535,0.9680851063829787,3252,2538,2457.0,795.0,81.0,False,1.281323877068558,257,4.175000000000001
mzehra2,2,cv_val,mzehra2,257_B_2-5_WL_Bruise_A244A_2026-02-17_DSC_7462,0.7644808743169399,0.6187527642636002,0.6304641730509238,0.970853573907009,2219,1441,1399.0,820.0,42.0,False,1.5399028452463568,257,4.175000000000001
mzehra2,2,cv_val,mzehra2,257_B_2-5_WL_Bruise_A244A_2026-02-17_DSC_7463,0.8571428571428571,0.75,0.9333659970602646,0.7924292845257903,2041,2404,1905.0,136.0,499.0,False,0.8490016638935108,257,4.175000000000001
mzehra2,2,cv_val,mzehra2,257_B_2-5_WL_Bruise_OC_A244A_2026-02-17_DSC_7465,0.6566936012229745,0.4888635994147293,0.5847919097627382,0.7487549800796812,5142,4016,3007.0,2135.0,1009.0,False,1.280378486055777,257,4.175000000000001
mzehra2,2,cv_val,mzehra2,257_B_2-5_WL_Bruise_OC_A244A_2026-02-17_DSC_7466,0.8416912487708947,0.7266553480475382,0.9021379102679916,0.7888362295945235,3321,3798,2996.0,325.0,802.0,False,0.8744075829383886,257,4.175000000000001
mzehra2,2,cv_val,mzehra2,262_A_2-5_WL_A244A_2026-02-17_DSC_7766,0.4594942134590656,0.29827490261547024,0.29827490261547024,1.0,1797,536,536.0,1261.0,0.0,False,3.3526119402985075,262,4.175000000000001
mzehra2,2,cv_val,mzehra2,262_A_2-5_WL_OC_A244A_2026-02-17_DSC_7769,0.23716153127917833,0.13453389830508475,0.40914948453608246,0.16697344201945832,1552,3803,635.0,917.0,3168.0,False,0.4080988693136997,262,4.175000000000001
mzehra2,2,cv_val,mzehra2,262_A_2-5_WL_OC_A244A_2026-02-17_DSC_7770,0.512013256006628,0.344097995545657,0.6634460547504025,0.41686340640809444,1863,2965,1235.9999999999998,627.0000000000002,1729.0000000000002,False,0.6283305227655986,262,4.175000000000001
mzehra2,2,cv_val,mzehra2,262_C_2-5_WL_A244A_2026-02-17_DSC_7802,0.5274015419879141,0.35814348379793404,0.6254015319990116,0.4559538821833904,4047,5551,2531.0,1516.0,3020.0,False,0.7290578274184831,262,4.175000000000001
mzehra2,2,cv_val,mzehra2,262_C_2-5_WL_A244A_2026-02-17_DSC_7803,0.4940267672684811,0.3280448526780389,0.5414451663713329,0.45424512718863563,5079,6054,2750.0,2329.0,3304.0,False,0.8389494549058474,262,4.175000000000001
mzehra2,2,cv_val,mzehra2,295_A_2-6_WL_Bruise_A244A_2026-04-07_DSC_3245,0.8956592073335131,0.81103515625,0.8485312899106002,0.9483300028546959,3915,3503,3322.0,593.0,181.0,False,1.1176134741650015,295,4.175000000000001
mzehra2,2,cv_val,mzehra2,295_A_2-6_WL_Bruise_A244A_2026-04-07_DSC_3258,0.9314699031506681,0.8717301514456173,0.981146694214876,0.886581096849475,3872,4285,3799.0,73.0,486.0,False,0.9036172695449242,295,4.175000000000001
mzehra2,2,cv_val,mzehra2,295_A_2-6_WL_Bruise_A244A_2026-04-07_DSC_3259,0.9257751331036642,0.8618075801749271,0.8911667169128731,0.9631801889866406,3317,3069,2956.0,361.0,113.0,False,1.0808080808080809,295,4.175000000000001
mzehra2,2,cv_val,mzehra2,295_A_2-6_WL_Bruise_OC_A244A_2026-04-07_DSC_3261,0.952088452088452,0.9085580304806565,0.9678426475179519,0.9368389241462678,3203,3309,3100.0,103.0,209.0,False,0.967966152916289,295,4.175000000000001
mzehra2,2,cv_val,mzehra2,295_A_2-6_WL_Bruise_OC_A244A_2026-04-07_DSC_3262,0.8498248157545004,0.7388655462184874,1.0,0.7388655462184874,3517,4760,3517.0,0.0,1243.0,False,0.7388655462184874,295,4.175000000000001
mzehra2,2,cv_val,mzehra2,88_G_2-4_WL_Bruise_A244A_2026-03-03_DSC_7067,0.7850406504065041,0.6461456102783726,0.864406779661017,0.7190230341540905,4189,5036,3621.0,568.0,1415.0,False,0.8318109610802223,88,4.175000000000001
mzehra2,2,cv_val,mzehra2,88_G_2-4_WL_Bruise_A244A_2026-03-03_DSC_7068,0.7244544770504139,0.5679565832940066,0.9059089198343997,0.6035606820461384,2657,3988,2407.0,250.0,1581.0,False,0.6662487462387161,88,4.175000000000001
mzehra2,2,cv_val,mzehra2,88_G_2-4_WL_Bruise_A244A_2026-03-03_DSC_7069,0.7241326608589332,0.5675610924772401,0.7204987834549879,0.7278033794162826,3288,3255,2369.0,919.0,886.0,False,1.0101382488479262,88,4.175000000000001
mzehra2,2,cv_val,mzehra2,88_G_2-4_WL_Bruise_OC_A244A_2026-03-03_DSC_7074,0.6582792207792207,0.4906231094978826,0.7485002307337333,0.5874683085838465,2167,2761,1622.0,545.0,1139.0,False,0.7848605577689243,88,4.175000000000001
mzehra2,2,cv_val,mzehra2,88_G_2-4_WL_Bruise_OC_A244A_2026-03-03_DSC_7075,0.7116948092557849,0.5524271844660195,0.7851885924563018,0.6507815478459779,2174,2623,1707.0,467.0,916.0,False,0.8288219595882578,88,4.175000000000001
mzehra2,2,test,hliu36,170_F_2-4_WL_Bruise_A244A_2026-03-05_DSC_1856,0.8185814423191161,0.6928801287208367,0.9075342465753424,0.7455096299502272,3796,4621,3445.0,351.0,1176.0,False,0.8214672148885522,170,4.175000000000001
mzehra2,2,test,hliu36,170_F_2-4_WL_Bruise_OC_A244A_2026-03-05_DSC_1860,0.5889119366396379,0.41734598423092345,0.5631085467003245,0.617193675889328,5546,5060,3123.0,2423.0,1937.0,False,1.0960474308300394,170,4.175000000000001
mzehra2,2,test,hliu36,182_Q_2-6_WL_Bruise_A244A_2026-04-06_DSC_2484,0.5789114097016624,0.40737179487179487,0.7140449438202248,0.48678667177326695,1780,2611,1270.9999999999998,509.0000000000002,1340.0000000000002,False,0.6817311374952125,182,4.175000000000001
mzehra2,2,test,hliu36,182_Q_2-6_WL_Bruise_A244A_2026-04-06_DSC_2485,0.3392575928008999,0.2042806827418044,0.2744812522752093,0.44405182567726736,2747,1698,754.0,1993.0,944.0,False,1.6177856301531213,182,4.175000000000001
mzehra2,2,test,hliu36,182_Q_2-6_WL_Bruise_A244A_2026-04-06_DSC_2486,0.4404040404040404,0.2823834196891192,0.8173142467620995,0.30140774258421316,1467,3978,1199.0,268.0,2779.0,False,0.36877828054298645,182,4.175000000000001
mzehra2,2,test,hliu36,182_Q_2-6_WL_Bruise_OC_A244A_2026-04-06_DSC_2488,0.5649778881216542,0.3937067474048443,0.4550681164854393,0.744885433715221,8001,4888,3641.0000000000005,4360.0,1246.9999999999995,False,1.6368657937806874,182,4.175000000000001
mzehra2,2,test,hliu36,20_D_2-6_WL_Bruise_A244A_2026-04-04_DSC_0400,0.9112562074673534,0.8369794746177887,0.9810891089108911,0.8507039835164835,10100,11648,9909.0,191.0,1739.0,False,0.8671016483516484,20,4.175000000000001
mzehra2,2,test,hliu36,20_D_2-6_WL_Bruise_OC_A244A_2026-04-04_DSC_0403,0.8660146364817728,0.7636911942098914,0.9999473517953038,0.7637219027705175,18994,24869,18993.0,1.0,5876.0,False,0.763762113474607,20,4.175000000000001
mzehra2,2,test,hliu36,20_D_2-6_WL_Bruise_OC_A244A_2026-04-04_DSC_0404,0.8653424426450742,0.7626463482624047,0.9985400749428196,0.7634976744186046,20549,26875,20519.0,30.0,6356.0,False,0.7646139534883721,20,4.175000000000001
mzehra2,2,test,hliu36,226_A_2-4_WL_Bruise_A244A_2026-03-06_DSC_3569,0.8588393028155525,0.7526015441423296,0.7811846689895471,0.9536367503190132,2870,2351,2242.0,628.0,109.0,False,1.220757124627818,226,4.175000000000001
mzehra2,2,test,hliu36,226_A_2-4_WL_Bruise_A244A_2026-03-06_DSC_3570,0.7350925291295408,0.5811433215930643,0.7051282051282052,0.7677165354330708,3042,2794,2145.0,897.0,649.0,False,1.0887616320687188,226,4.175000000000001
mzehra2,2,test,hliu36,226_A_2-4_WL_Bruise_A244A_2026-03-06_DSC_3571,0.7105779716466739,0.5510825439783491,0.5826180257510729,0.9105645612073784,2796,1789,1629.0,1167.0,160.0,False,1.562884292901062,226,4.175000000000001
mzehra2,2,test,hliu36,226_A_2-4_WL_Bruise_OC_A244A_2026-03-06_DSC_3573,0.8440870042039846,0.7302340290955092,0.9012490241998439,0.7937435544860777,2562,2909,2309.0,253.0,600.0,False,0.8807150223444483,226,4.175000000000001
mzehra2,2,test,hliu36,226_A_2-4_WL_Bruise_OC_A244A_2026-03-06_DSC_3574,0.8563737133808392,0.7488230407089449,0.9595457771469127,0.7732342007434945,2818,3497,2704.0,114.0,793.0,False,0.8058335716328281,226,4.175000000000001
mzehra2,2,test,hliu36,226_C_2-4_WL_Bruise_A244A_2026-03-06_DSC_3610,0.8821233411397346,0.7891061452513967,0.8255406195207481,0.9470331880657057,3422,2983,2825.0,597.0,158.0,False,1.147167281260476,226,4.175000000000001
mzehra2,2,test,hliu36,226_C_2-4_WL_Bruise_A244A_2026-03-06_DSC_3611,0.8212847890775424,0.6967626967626968,0.7555555555555555,0.8995398773006135,3105,2608,2346.0,759.0,262.0,False,1.1905674846625767,226,4.175000000000001
mzehra2,2,test,hliu36,226_C_2-4_WL_Bruise_A244A_2026-03-06_DSC_3612,0.7757742061936496,0.6336855587576049,0.7196363636363636,0.8414115646258503,2750,2352,1979.0,771.0,373.0,False,1.1692176870748299,226,4.175000000000001
mzehra2,2,test,hliu36,226_C_2-4_WL_Bruise_OC_A244A_2026-03-06_DSC_3614,0.9121044701155199,0.8384118190212373,0.9824181769001893,0.8511835012889618,3697,4267,3632.0,65.0,635.0,False,0.8664166861963909,226,4.175000000000001
mzehra2,2,test,hliu36,226_C_2-4_WL_Bruise_OC_A244A_2026-03-06_DSC_3615,0.8752792256142964,0.7782191327375041,0.8756052141527002,0.8749534797171566,2685,2687,2351.0,334.0,336.0,False,0.9992556754745069,226,4.175000000000001
mzehra2,2,test,hliu36,228_B_2-4_WL_Bruise_A244A_2026-03-06_DSC_3718,0.852475752935171,0.7428825622775801,0.9169106881405563,0.7965023847376789,2732,3145,2505.0,227.0,640.0,False,0.8686804451510334,228,4.175000000000001
mzehra2,2,test,hliu36,228_B_2-4_WL_Bruise_A244A_2026-03-06_DSC_3719,0.8902229845626072,0.8021638330757341,0.9561532792925571,0.832798459563543,2714,3116,2595.0,119.0,521.0,False,0.8709884467265725,228,4.175000000000001
mzehra2,2,test,hliu36,228_B_2-4_WL_Bruise_A244A_2026-03-06_DSC_3720,0.847085118271559,0.7347334410339257,0.9982440737489026,0.7356842445810418,2278,3091,2274.0,4.0,817.0,False,0.7369783241669363,228,4.175000000000001
mzehra2,2,test,hliu36,228_B_2-4_WL_Bruise_A244A_2026-03-06_DSC_3721,0.839823135073456,0.7238750922055569,0.8838186730711498,0.8,3331,3680,2944.0,387.0,736.0,False,0.9051630434782608,228,4.175000000000001
mzehra2,2,test,hliu36,228_B_2-4_WL_Bruise_OC_A244A_2026-03-06_DSC_3723,0.7798153205878527,0.6390961415476444,1.0,0.6390961415476444,2998,4691,2998.0,0.0,1693.0,False,0.6390961415476444,228,4.175000000000001
mzehra2,2,test,hliu36,228_B_2-4_WL_Bruise_OC_A244A_2026-03-06_DSC_3724,0.9092403814534693,0.8335845643653904,0.9935321595400647,0.8381327675053046,2783,3299,2765.0,18.0,534.0,False,0.8435889663534404,228,4.175000000000001
mzehra2,2,test,hliu36,232_A_2-4_WL_Bruise_A244A_2026-03-06_DSC_3868,0.36051559473719363,0.21989571451849438,0.5343496337358938,0.2720217698044749,5051,9922,2699.0,2352.0,7223.0,False,0.5090707518645434,232,4.175000000000001
mzehra2,2,test,hliu36,232_A_2-4_WL_Bruise_A244A_2026-03-06_DSC_3869,0.5574925590718581,0.38647465049688395,1.0,0.38647465049688395,4589,11874,4589.0,0.0,7285.0,False,0.38647465049688395,232,4.175000000000001
mzehra2,2,test,hliu36,232_A_2-4_WL_Bruise_A244A_2026-03-06_DSC_3870,0.0,0.0,0.0,0.0,356,7123,0.0,356.0,7123.0,True,0.04997894145725116,232,4.175000000000001
mzehra2,2,test,hliu36,232_A_2-4_WL_Bruise_OC_A244A_2026-03-06_DSC_3876,0.6041489935991363,0.43281767955801104,1.0,0.43281767955801104,3917,9050,3917.0000000000005,-4.547473508864641e-13,5133.0,False,0.43281767955801104,232,4.175000000000001
mzehra2,2,test,hliu36,232_A_2-4_WL_Bruise_OC_A244A_2026-03-06_DSC_3877,0.7439186200796107,0.5922535211267606,0.8952250608272506,0.6363636363636364,6576,9251,5887.0,689.0,3364.0,False,0.7108420711274457,232,4.175000000000001
mzehra2,2,test,hliu36,233_B_2-4_WL_Bruise_A244A_2026-03-06_DSC_4197,0.6010571630973789,0.42965098161421006,0.9549783549783549,0.43853371501272265,5775,12576,5515.0,260.0,7061.0,False,0.4592080152671756,233,4.175000000000001
mzehra2,2,test,hliu36,233_B_2-4_WL_Bruise_A244A_2026-03-06_DSC_4199,0.37382899628252786,0.2298829553767374,1.0,0.2298829553767374,3771,16404,3771.0,0.0,12633.0,False,0.2298829553767374,233,4.175000000000001
mzehra2,2,test,hliu36,233_B_2-4_WL_Bruise_OC_A244A_2026-03-06_DSC_4201,0.3537775635618749,0.21490264968525838,1.0,0.21490264968525838,4404,20493,4404.0,0.0,16089.0,False,0.21490264968525838,233,4.175000000000001
mzehra2,2,test,hliu36,235_A_2-4_WL_Bruise_A244A_2026-03-08_DSC_4349,0.6857751937984496,0.5218096558232813,0.9809280922548096,0.5271578821916992,18037,33563,17693.0,344.0,15870.0,False,0.5374072639513751,235,4.175000000000001
mzehra2,2,test,hliu36,235_A_2-4_WL_Bruise_A244A_2026-03-08_DSC_4350,0.5482577310400143,0.3776550030693677,0.9787346873839954,0.38077946728836987,18857,48469,18456.0,401.0,30013.0,False,0.3890527966328994,235,4.175000000000001
mzehra2,2,test,hliu36,235_A_2-4_WL_Bruise_A244A_2026-03-08_DSC_4351,0.700916748103681,0.5395472130677748,0.9691783025545332,0.5489667237671757,15541,27437,15062.0,479.0,12375.0,False,0.5664249006815614,235,4.175000000000001
mzehra2,2,test,hliu36,235_A_2-4_WL_Bruise_OC_A244A_2026-03-08_DSC_4353,0.6168574023614896,0.44598250636967773,0.9944942306565923,0.44708639439660847,17073,37977,16979.0,94.0,20998.0,False,0.44956157674381864,235,4.175000000000001
mzehra2,2,test,hliu36,235_A_2-4_WL_Bruise_OC_A244A_2026-03-08_DSC_4354,0.5978179009365646,0.4263482619952625,0.9693155488759472,0.432181148090239,15969,35816,15479.0,490.0,20337.0,False,0.44586218449854814,235,4.175000000000001
mzehra2,2,test,hliu36,236_C_2-4_WL_Bruise_A244A_2026-03-08_DSC_4462,0.240576563536578,0.13673602303499813,0.9430260047281324,0.13787501728190238,4230,28932,3989.0,241.0,24943.0,False,0.14620489423475735,236,4.175000000000001
mzehra2,2,test,hliu36,236_C_2-4_WL_Bruise_A244A_2026-03-08_DSC_4463,0.13666490338239412,0.07334424367923582,0.5964149918522542,0.07717448603057459,3682,28455,2196.0,1486.0,26259.0,False,0.12939729397293973,236,4.175000000000001
mzehra2,2,test,hliu36,236_C_2-4_WL_Bruise_A244A_2026-03-08_DSC_4464,0.0,0.0,0.0,0.0,3727,35344,0.0,3727.0,35344.0,True,0.10544929832503395,236,4.175000000000001
mzehra2,2,test,hliu36,236_C_2-4_WL_Bruise_OC_A244A_2026-03-08_DSC_4467,0.057810206372506695,0.02976547738134934,0.4931860036832412,0.030704671054140202,2715,43609,1339.0,1376.0,42270.0,False,0.062257790822995256,236,4.175000000000001
mzehra2,2,test,hliu36,236_C_2-4_WL_Bruise_OC_A244A_2026-03-08_DSC_4468,0.06386491791021527,0.03298577588981142,0.5039331366764995,0.03409279893563945,2034,30065,1025.0,1009.0,29040.0,False,0.06765341759521037,236,4.175000000000001
mzehra2,2,test,hliu36,236_E_2-4_WL_Bruise_OC_A244A_2026-02-26_DSC_5722,0.4982589771490751,0.3317875516266937,0.9939222921640981,0.3324620634574893,4607,13773,4579.0,28.0,9194.0,False,0.3344950265011254,236,4.175000000000001
mzehra2,2,test,hliu36,237_AC_2-5_WL_Bruise_A244A_2026-02-16_DSC_7084,0.35016186892991513,0.212240135765804,0.9997501873594804,0.21225139220365952,8006,37710,8004.0,2.0,29706.0,False,0.21230442853354548,237,4.175000000000001
mzehra2,2,test,hliu36,237_AC_2-5_WL_Bruise_A244A_2026-02-16_DSC_7085,0.4635510897096891,0.30170289855072463,1.0,0.30170289855072463,8327,27600,8327.0,0.0,19273.0,False,0.30170289855072463,237,4.175000000000001
mzehra2,2,test,hliu36,237_AC_2-5_WL_Bruise_A244A_2026-02-16_DSC_7086,0.43268810725314455,0.2760701997193549,1.0,0.2760701997193549,14362,52023,14362.0,0.0,37661.0,False,0.2760701997193549,237,4.175000000000001
mzehra2,2,test,hliu36,237_AC_2-5_WL_Bruise_OC_A244A_2026-02-16_DSC_7088,0.6135567783891946,0.4425401407180227,1.0,0.4425401407180227,17171,38801,17171.0,0.0,21630.0,False,0.4425401407180227,237,4.175000000000001
mzehra2,2,test,hliu36,237_AC_2-5_WL_Bruise_OC_A244A_2026-02-16_DSC_7089,0.6221537219500559,0.4515407356113671,0.9984687868080094,0.4518536286346313,16980,37521,16954.0,26.0,20567.0,False,0.4525465739186056,237,4.175000000000001
mzehra2,2,test,hliu36,237_AD_2-5_WL_Bruise_A244A_2026-02-16_DSC_7116,0.729133739745616,0.5737297169252635,0.9945590801765732,0.5755361492306779,9741,16833,9688.0,53.0,7145.0,False,0.5786847264302264,237,4.175000000000001
mzehra2,2,test,hliu36,237_AD_2-5_WL_Bruise_A244A_2026-02-16_DSC_7117,0.7329763300484806,0.5785024758665533,0.8800791355957998,0.6280067329098116,13142,18417,11566.0,1576.0,6851.0,False,0.7135798447086931,237,4.175000000000001
mzehra2,2,test,hliu36,237_AD_2-5_WL_Bruise_A244A_2026-02-16_DSC_7118,0.8042675420599097,0.6726149622512011,0.9869987181834828,0.6786276361347183,10922,15885,10780.0,142.0,5105.0,False,0.6875668870003148,237,4.175000000000001
mzehra2,2,test,hliu36,237_AD_2-5_WL_Bruise_OC_A244A_2026-02-16_DSC_7120,0.7901346452615226,0.6530765115034778,0.988260059914177,0.6581827985980049,12351,18545,12206.0,145.0,6339.0,False,0.666001617686708,237,4.175000000000001
mzehra2,2,test,hliu36,237_AD_2-5_WL_Bruise_OC_A244A_2026-02-16_DSC_7121,0.7177046145709375,0.5597030315528975,0.9791647875890683,0.5664492564570832,11087,19165,10856.0,231.0,8309.0,False,0.5785024784763892,237,4.175000000000001
mzehra2,2,test,hliu36,237_AE_2-5_WL_Bruise_A244A_2026-02-16_DSC_7217,0.6629470957457407,0.49582712369597615,0.9122566493007952,0.5206572769953052,3647,6390,3327.0,320.0,3063.0,False,0.570735524256651,237,4.175000000000001
mzehra2,2,test,hliu36,237_AE_2-5_WL_Bruise_A244A_2026-02-16_DSC_7218,0.7123259412068076,0.5531880807433515,0.9792966534316506,0.5597341546441886,3526,6169,3453.0,73.0,2716.0,False,0.5715675149943265,237,4.175000000000001
mzehra2,2,test,hliu36,237_AE_2-5_WL_Bruise_A244A_2026-02-16_DSC_7219,0.510371102017779,0.34261627356256513,1.0,0.34261627356256513,3617,10557,3617.0,0.0,6940.0,False,0.34261627356256513,237,4.175000000000001
mzehra2,2,test,hliu36,237_AE_2-5_WL_Bruise_OC_A244A_2026-02-16_DSC_7221,0.6114963784866697,0.44039955604883463,1.0,0.44039955604883463,3968,9010,3967.9999999999995,4.547473508864641e-13,5042.0,False,0.44039955604883463,237,4.175000000000001
mzehra2,2,test,hliu36,237_AE_2-5_WL_Bruise_OC_A244A_2026-02-16_DSC_7222,0.3151218105809428,0.18702943189596166,0.3624606201293318,0.278719877597858,6031,7843,2186.0,3845.0,5657.0,False,0.7689659569042459,237,4.175000000000001
mzehra2,2,test,hliu36,237_B_2-4_WL_Bruise_A244A_2026-03-08_DSC_4584,0.7149110286421163,0.5563124768604221,0.9728714794431855,0.5650784099883419,15445,26591,15026.0,419.0,11565.0,False,0.5808356210747997,237,4.175000000000001
mzehra2,2,test,hliu36,237_B_2-4_WL_Bruise_A244A_2026-03-08_DSC_4587,0.6376101568334578,0.4680085953602596,0.948959630090699,0.48009357146070447,11246,22229,10672.0,574.0,11557.0,False,0.5059156957128076,237,4.175000000000001
mzehra2,2,test,hliu36,237_B_2-4_WL_Bruise_A244A_2026-03-08_DSC_4588,0.7348475705423737,0.5808371809058649,0.9253495440729483,0.609391889186917,16450,24979,15222.0,1228.0,9757.0,False,0.6585531846751271,237,4.175000000000001
mzehra2,2,test,hliu36,237_B_2-4_WL_Bruise_OC_A244A_2026-03-08_DSC_4591,0.676197757390418,0.5107996765872252,0.9686769859813084,0.5193783275916066,13696,25544,13267.0,429.0,12277.0,False,0.536172878170999,237,4.175000000000001
mzehra2,2,test,hliu36,237_B_2-4_WL_Bruise_OC_A244A_2026-03-08_DSC_4592,0.6277646627397951,0.4574759486905398,0.9411077515118197,0.47095842360466317,14552,29079,13695.000000000002,856.9999999999982,15383.999999999998,False,0.5004298634753602,237,4.175000000000001
mzehra2,2,test,hliu36,237_C_2-4_WL_Bruise_A244A_2026-03-08_DSC_4608,0.7166042446941323,0.5583657587548638,0.8324873096446701,0.6290410958904109,6895,9125,5740.0,1155.0,3385.0,False,0.7556164383561644,237,4.175000000000001
mzehra2,2,test,hliu36,237_C_2-4_WL_Bruise_A244A_2026-03-08_DSC_4609,0.48137290826920726,0.3169790074800933,1.0,0.3169790074800933,3941,12433,3941.0,0.0,8492.0,False,0.3169790074800933,237,4.175000000000001
mzehra2,2,test,hliu36,237_C_2-4_WL_Bruise_A244A_2026-03-08_DSC_4610,0.7309099400638281,0.5759322865554465,0.7902044938146933,0.6798928390413439,11883,13811,9390.0,2493.0,4421.0,False,0.860401129534429,237,4.175000000000001
mzehra2,2,test,hliu36,237_C_2-4_WL_Bruise_OC_A244A_2026-03-08_DSC_4613,0.46493474814001706,0.3028762116637534,0.8298984034833091,0.3229231377421359,6890,17707,5718.0,1172.0,11989.0,False,0.3891116507595866,237,4.175000000000001
mzehra2,2,test,hliu36,237_C_2-4_WL_Bruise_OC_A244A_2026-03-08_DSC_4615,0.5534499514091351,0.3825999328182734,0.8503172825681224,0.41022870520439403,5358,11106,4556.0,802.0,6550.0,False,0.48244192328471097,237,4.175000000000001
mzehra2,2,test,hliu36,237_E_2-4_WL_Bruise_A244A_2026-03-08_DSC_4651,0.8402821251199867,0.7245573628904564,0.9026270958486506,0.7859931292941912,11153,12808,10067.0,1086.0,2741.0,False,0.8707838850718301,237,4.175000000000001
mzehra2,2,test,hliu36,237_E_2-4_WL_Bruise_A244A_2026-03-08_DSC_4652,0.8328892678247896,0.7136334581316774,0.8916143753565317,0.7814218578142186,8765,10001,7815.0,950.0,2186.0,False,0.8764123587641236,237,4.175000000000001
mzehra2,2,test,hliu36,237_E_2-4_WL_Bruise_A244A_2026-03-08_DSC_4653,0.8184704184704185,0.6927210552027357,0.9607046070460704,0.7129210658622424,5904,7956,5672.0,232.0,2284.0,False,0.7420814479638009,237,4.175000000000001
mzehra2,2,test,hliu36,237_E_2-4_WL_Bruise_OC_A244A_2026-03-08_DSC_4656,0.8451485148514851,0.7318244170096022,0.9041095890410958,0.7934068657826249,7081,8069,6402.0,679.0,1667.0,False,0.8775560788201759,237,4.175000000000001
mzehra2,2,test,hliu36,237_E_2-4_WL_Bruise_OC_A244A_2026-03-08_DSC_4657,0.8738864142538976,0.7760197775030903,0.930074074074074,0.824100813861906,6750,7618,6278.0,472.0,1340.0,False,0.8860593331583093,237,4.175000000000001
mzehra2,2,test,hliu36,237_J_2-4_WL_Bruise_A244A_2026-02-26_DSC_5578,0.8005041663749037,0.6673671920607122,0.9935685729184773,0.6702626641651032,11506,17056,11432.0,74.0,5624.0,False,0.6746013133208255,237,4.175000000000001
mzehra2,2,test,hliu36,237_J_2-4_WL_Bruise_A244A_2026-02-26_DSC_5579,0.6632435134275457,0.4961588143313618,0.8725490196078431,0.5349263358498864,8364,13643,7297.999999999999,1066.000000000001,6345.000000000001,False,0.6130616433335777,237,4.175000000000001
mzehra2,2,test,hliu36,237_J_2-4_WL_Bruise_A244A_2026-02-26_DSC_5580,0.8067003212482791,0.6760249211599108,0.9943432514990383,0.6786348544513937,8839,12951,8789.0,50.0,4162.0,False,0.6824955601884024,237,4.175000000000001
mzehra2,2,test,hliu36,237_J_2-4_WL_Bruise_OC_A244A_2026-02-26_DSC_5582,0.8310143712118324,0.7108850192395487,0.9874977350969378,0.7173412306679829,11038,15195,10900.0,138.0,4295.0,False,0.726423165514972,237,4.175000000000001
mzehra2,2,test,hliu36,237_J_2-4_WL_Bruise_OC_A244A_2026-02-26_DSC_5583,0.6949418084153984,0.5324987137712228,0.8736634777715251,0.5769230769230769,7108,10764,6210.0,898.0,4554.0,False,0.6603493125232256,237,4.175000000000001
mzehra2,2,test,hliu36,237_N_2-4_WL_Bruise_A244A_2026-02-26_DSC_5858,0.7363599348534202,0.5827291767359433,0.9751954704772176,0.5914963205233034,3709,6115,3617.0,92.0,2498.0,False,0.6065412919051513,237,4.175000000000001
mzehra2,2,test,hliu36,237_N_2-4_WL_Bruise_A244A_2026-02-26_DSC_5859,0.5465785546791729,0.37606336168964505,1.0,0.37606336168964505,2564,6818,2564.0000000000005,-4.547473508864641e-13,4254.0,False,0.37606336168964505,237,4.175000000000001
mzehra2,2,test,hliu36,237_N_2-4_WL_Bruise_A244A_2026-02-26_DSC_5860,0.7645782086528722,0.6188802998360272,0.9439085387638443,0.6425097276264592,2799,4112,2642.0,157.0,1470.0,False,0.6806906614785992,237,4.175000000000001
mzehra2,2,test,hliu36,237_N_2-4_WL_Bruise_OC_A244A_2026-02-26_DSC_5862,0.6354821996891422,0.4657192449555218,0.7160967472894079,0.5711814795103779,5995,7516,4293.0,1702.0,3223.0,False,0.7976317189994678,237,4.175000000000001
mzehra2,2,test,hliu36,237_N_2-4_WL_Bruise_OC_A244A_2026-02-26_DSC_5863,0.7448551448551448,0.5934415791149316,0.998393144081414,0.5940089228808159,3734,6276,3728.0,6.0,2548.0,False,0.5949649458253665,237,4.175000000000001
mzehra2,2,test,hliu36,237_S_2-4_WL_Bruise_A244A_2026-02-27_DSC_6307,0.5938552923852547,0.4223287184948527,0.9984055052030882,0.4226137615004796,11916,28151,11897.0,19.0,16254.0,False,0.42328869311924977,237,4.175000000000001
mzehra2,2,test,hliu36,237_S_2-4_WL_Bruise_A244A_2026-02-27_DSC_6308,0.6841380892304163,0.5199163252854528,0.993835388203932,0.5215984610003498,12004,22872,11930.0,74.0,10942.0,False,0.524833857992305,237,4.175000000000001
mzehra2,2,test,hliu36,237_S_2-4_WL_Bruise_A244A_2026-02-27_DSC_6309,0.682571741142809,0.5181092302778665,0.9933864053888549,0.5199025703480546,8165,15601,8111.0,54.0,7490.0,False,0.523363886930325,237,4.175000000000001
mzehra2,2,test,hliu36,237_S_2-4_WL_Bruise_OC_A244A_2026-02-27_DSC_6311,0.6861636933133597,0.5222596527597824,0.9617293376598588,0.5333439187043506,10478,18894,10077.0,401.0,8817.0,False,0.5545675875939452,237,4.175000000000001
mzehra2,2,test,hliu36,237_S_2-4_WL_Bruise_OC_A244A_2026-02-27_DSC_6312,0.5877838436585173,0.41621379348983134,0.9811146328578975,0.41957528521405174,7572,17706,7429.000000000001,142.9999999999991,10277.0,False,0.42765164351067436,237,4.175000000000001
mzehra2,2,test,hliu36,237_Z_2-5_WL_Bruise_A244A_2026-02-16_DSC_7025,0.6514531572953136,0.48307788551767283,1.0,0.48307788551767283,15444,31970,15444.0,0.0,16526.0,False,0.48307788551767283,237,4.175000000000001
mzehra2,2,test,hliu36,237_Z_2-5_WL_Bruise_A244A_2026-02-16_DSC_7026,0.7483929379809868,0.5979456018518519,1.0,0.5979456018518519,12399,20736,12399.0,0.0,8337.0,False,0.5979456018518519,237,4.175000000000001
mzehra2,2,test,hliu36,237_Z_2-5_WL_Bruise_A244A_2026-02-16_DSC_7027,0.6528326586022157,0.4845965594184122,1.0,0.4845965594184122,13465,27786,13465.0,0.0,14321.0,False,0.4845965594184122,237,4.175000000000001
mzehra2,2,test,hliu36,237_Z_2-5_WL_Bruise_OC_A244A_2026-02-16_DSC_7030,0.6481858176829557,0.479493281075028,1.0,0.479493281075028,13702,28576,13702.0,0.0,14874.0,False,0.479493281075028,237,4.175000000000001
mzehra2,2,test,hliu36,247_A_2-4_WL_Bruise_A244A_2026-02-27_DSC_6202,0.8849892008639308,0.7937046004842615,0.9378218577150487,0.8377917873573011,5243,5869,4917.0,326.0,952.0,False,0.8933378769807463,247,4.175000000000001
mzehra2,2,test,hliu36,247_A_2-4_WL_Bruise_A244A_2026-02-27_DSC_6203,0.8458149779735683,0.732824427480916,0.9075114971895759,0.7919732441471572,3914,4485,3552.0,362.0,933.0,False,0.8726867335562988,247,4.175000000000001
mzehra2,2,test,hliu36,247_A_2-4_WL_Bruise_A244A_2026-02-27_DSC_6204,0.8791133258871037,0.7843017016710103,0.9926270857586341,0.7888974556669237,5154,6485,5116.0,38.0,1369.0,False,0.7947571318427139,247,4.175000000000001
mzehra2,2,test,hliu36,247_A_2-4_WL_Bruise_OC_A244A_2026-02-27_DSC_6206,0.8944131658726722,0.8089940457536823,0.963965646004481,0.8342220067862336,5356,6189,5163.0,193.0,1026.0,False,0.8654063661334626,247,4.175000000000001
mzehra2,2,test,hliu36,247_A_2-4_WL_Bruise_OC_A244A_2026-02-27_DSC_6207,0.8545656397446573,0.7460625151441725,0.8961001164144354,0.816710875331565,3436,3770,3079.0,357.0,691.0,False,0.9114058355437665,247,4.175000000000001
mzehra2,2,test,hliu36,250_A_2-4_WL_Bruise_A244A_2026-02-27_DSC_6537,0.9144603728098497,0.8424016497461929,0.9933130699088146,0.8472061580185857,21385,25073,21242.0,143.0,3831.0,False,0.852909504247597,250,4.175000000000001
mzehra2,2,test,hliu36,250_A_2-4_WL_Bruise_A244A_2026-02-27_DSC_6538,0.9417273933839181,0.8898722195929958,0.9503664392216326,0.9332439944411356,19785,20148,18803.0,982.0,1345.0,False,0.9819833234067897,250,4.175000000000001
mzehra2,2,test,hliu36,250_A_2-4_WL_Bruise_OC_A244A_2026-02-27_DSC_6541,0.9039383274677393,0.8247148405247546,0.9950191853600945,0.8281336363078057,27104,32566,26969.0,135.0,5597.0,False,0.8322790640545354,250,4.175000000000001
mzehra2,2,test,hliu36,250_A_2-4_WL_Bruise_OC_A244A_2026-02-27_DSC_6542,0.9264054367929804,0.862900641025641,0.9823937237730341,0.8764547896150403,21924,24574,21538.0,386.0,3036.0,False,0.8921624481158948,250,4.175000000000001
mzehra2,2,test,hliu36,250_A_2-4_WL_Bruise_OC_A244A_2026-02-27_DSC_6543,0.9433873064649568,0.892841163310962,0.9771085812216918,0.911915914543585,24507,26259,23946.0,561.0,2313.0,False,0.9332800182794471,250,4.175000000000001
mzehra2,2,test,hliu36,254_A_2-5_WL_Bruise_A244A_2026-02-16_DSC_6925,0.7618048268625394,0.6152542372881356,0.6291161178509532,0.9654255319148937,1731,1128,1089.0,642.0,39.0,False,1.5345744680851063,254,4.175000000000001
mzehra2,2,test,hliu36,254_A_2-5_WL_Bruise_A244A_2026-02-16_DSC_6926,0.7184397163120567,0.5605976757055894,0.5605976757055894,1.0,1807,1013,1013.0,794.0,0.0,False,1.7838104639684107,254,4.175000000000001
mzehra2,2,test,hliu36,254_A_2-5_WL_Bruise_A244A_2026-02-16_DSC_6927,0.6570576540755467,0.48926720947446334,0.48926720947446334,1.0,1351,661,661.0,690.0,0.0,False,2.043872919818457,254,4.175000000000001
mzehra2,2,test,hliu36,254_A_2-5_WL_Bruise_OC_A244A_2026-02-16_DSC_6930,0.7574257425742574,0.6095617529880478,0.6845637583892618,0.8476454293628809,1341,1083,918.0,423.0,165.0,False,1.2382271468144044,254,4.175000000000001
mzehra2,2,test,hliu36,254_A_2-5_WL_Bruise_OC_A244A_2026-02-16_DSC_6931,0.6147393648891551,0.4437716262975779,0.9015817223198594,0.46636363636363637,569,1100,513.0,56.0,587.0,False,0.5172727272727272,254,4.175000000000001
mzehra2,2,test,hliu36,254_B_2-5_WL_Bruise_A244A_2026-02-16_DSC_6954,0.12042946823578786,0.0640728646254896,1.0,0.0640728646254896,6887,107487,6887.0,0.0,100600.0,False,0.0640728646254896,254,4.175000000000001
mzehra2,2,test,hliu36,254_B_2-5_WL_Bruise_A244A_2026-02-16_DSC_6955,0.10960389912881448,0.05797932987605282,1.0,0.05797932987605282,7882,135945,7882.0,0.0,128063.0,False,0.05797932987605282,254,4.175000000000001
mzehra2,2,test,hliu36,254_B_2-5_WL_Bruise_A244A_2026-02-16_DSC_6956,0.12619396389961623,0.0673463322608572,0.997511961722488,0.06735764687637313,5225,77378,5212.0,13.0,72166.0,False,0.06752565328646386,254,4.175000000000001
mzehra2,2,test,hliu36,254_B_2-5_WL_Bruise_OC_A244A_2026-02-16_DSC_6960,0.11283133009631457,0.0597886833835966,0.9991189427312775,0.05979183583081125,5675,94829,5670.0,5.0,89159.0,False,0.05984456231743454,254,4.175000000000001
mzehra2,2,test,hliu36,254_B_2-5_WL_Bruise_OC_A244A_2026-02-16_DSC_6961,0.09197878919312188,0.0482063766755639,1.0,0.0482063766755639,3287,68186,3287.0000000000005,-4.547473508864641e-13,64899.0,False,0.0482063766755639,254,4.175000000000001
mzehra2,2,test,hliu36,260_A_2-5_WL_Bruise_A244A_2026-02-17_DSC_7634,0.6815901196449248,0.5169789227166276,0.5700451904454487,0.8474088291746641,3098,2084,1766.0,1332.0,318.0,False,1.4865642994241843,260,4.175000000000001
mzehra2,2,test,hliu36,260_A_2-5_WL_Bruise_A244A_2026-02-17_DSC_7635,0.641284061216872,0.47197802197802197,0.6930213795885438,0.5967349774227162,2479,2879,1718.0,761.0,1161.0,False,0.8610628690517541,260,4.175000000000001
mzehra2,2,test,hliu36,260_A_2-5_WL_Bruise_A244A_2026-02-17_DSC_7636,0.5289290110791958,0.3595536959553696,0.43038397328881467,0.6860031931878658,2995,1879,1289.0,1706.0,590.0,False,1.5939329430548164,260,4.175000000000001
mzehra2,2,test,hliu36,260_A_2-5_WL_Bruise_OC_A244A_2026-02-17_DSC_7638,0.46511627906976744,0.30303030303030304,0.401980774832508,0.5517792882846861,3433,2501,1380.0,2053.0,1121.0,False,1.3726509396241504,260,4.175000000000001
mzehra2,2,test,hliu36,260_A_2-5_WL_Bruise_OC_A244A_2026-02-17_DSC_7639,0.5465674110835401,0.37605281129068974,0.43854526148128486,0.7251975417032485,3767,2278,1652.0,2115.0,626.0,False,1.6536435469710271,260,4.175000000000001
mzehra2,2,test,hliu36,285_F_2-6_WL_Bruise_A244A_2026-04-06_DSC_2339,0.2713944766450733,0.15700197238658778,0.7803921568627451,0.164259182831201,1530,7269,1194.0,336.0,6075.0,False,0.21048287247214198,285,4.175000000000001
mzehra2,2,test,hliu36,285_F_2-6_WL_Bruise_A244A_2026-04-06_DSC_2340,0.35924802910855064,0.21895328208160852,0.5054607508532423,0.2786453433678269,2930,5315,1481.0,1449.0,3834.0,False,0.5512699905926622,285,4.175000000000001
mzehra2,2,test,hliu36,285_F_2-6_WL_Bruise_OC_A244A_2026-04-06_DSC_2343,0.6373152709359606,0.46769091730682333,0.4715261958997722,0.9829059829059829,2195,1053,1035.0,1160.0,18.0,False,2.084520417853751,285,4.175000000000001
mzehra2,2,test,hliu36,285_F_2-6_WL_Bruise_OC_A244A_2026-04-06_DSC_2344,0.6119033387413543,0.4408218503937008,0.6941108097636575,0.5471064284623607,5162,6549,3583.0,1579.0,2966.0,False,0.7882119407543137,285,4.175000000000001
mzehra2,2,test,hliu36,285_G_2-6_WL_Bruise_A244A_2026-05-29_DSC_3860,0.8532944213716467,0.7441268598277212,0.9738662567255957,0.7592888533759489,3903,5006,3801.0,102.0,1205.0,False,0.7796644027167399,285,4.175000000000001
mzehra2,2,test,hliu36,285_G_2-6_WL_Bruise_A244A_2026-05-29_DSC_3861,0.8212045911726423,0.6966472595864285,0.9439608269858542,0.7267015706806282,3676,4775,3470.0,206.0,1305.0,False,0.7698429319371728,285,4.175000000000001
mzehra2,2,test,hliu36,285_G_2-6_WL_Bruise_A244A_2026-05-29_DSC_3862,0.8909183155758498,0.8032936870997255,0.994619088077032,0.8067999081093499,3531,4353,3512.0,19.0,841.0,False,0.8111647139903515,285,4.175000000000001
mzehra2,2,test,hliu36,285_G_2-6_WL_Bruise_OC_A244A_2026-05-29_DSC_3864,0.779272632583977,0.6383674630261661,0.9991097262408191,0.6387307911212293,4493,7028,4489.0,4.0,2539.0,False,0.6392999430848036,285,4.175000000000001
mzehra2,2,test,hliu36,285_G_2-6_WL_Bruise_OC_A244A_2026-05-29_DSC_3865,0.8192726258022509,0.6938711202142744,1.0,0.6938711202142744,4404,6347,4404.0,0.0,1943.0,False,0.6938711202142744,285,4.175000000000001
mzehra2,2,test,mzehra2,170_F_2-4_WL_Bruise_A244A_2026-03-05_DSC_1856,0.7367691881407592,0.5832419390217153,0.7004741833508957,0.777030976037405,3796,3422,2659.0,1137.0,763.0,False,1.109292811221508,170,4.175000000000001
mzehra2,2,test,mzehra2,170_F_2-4_WL_Bruise_OC_A244A_2026-03-05_DSC_1860,0.6250289151052509,0.45457604306864063,0.4871979805265056,0.8716129032258064,5546,3100,2702.0,2844.0,398.0,False,1.7890322580645162,170,4.175000000000001
mzehra2,2,test,mzehra2,182_Q_2-6_WL_Bruise_A244A_2026-04-06_DSC_2484,0.22826365734803797,0.1288361320208454,1.0,0.1288361320208454,1780,13816,1780.0,0.0,12036.0,False,0.1288361320208454,182,4.175000000000001
mzehra2,2,test,mzehra2,182_Q_2-6_WL_Bruise_A244A_2026-04-06_DSC_2485,0.23943196829590488,0.13599699868692552,0.2639242810338551,0.21909942580840133,2747,3309,725.0,2022.0,2584.0,False,0.8301601692354186,182,4.175000000000001
mzehra2,2,test,mzehra2,182_Q_2-6_WL_Bruise_A244A_2026-04-06_DSC_2486,0.4466571834992888,0.2875457875457875,0.7491479209270621,0.3181818181818182,1467,3454,1099.0,368.0,2355.0,False,0.4247249565720903,182,4.175000000000001
mzehra2,2,test,mzehra2,182_Q_2-6_WL_Bruise_OC_A244A_2026-04-06_DSC_2488,0.4667296681305242,0.3044014212167356,0.524684414448194,0.42030436523828596,8001,9988,4198.0,3803.0,5790.0,False,0.8010612735282339,182,4.175000000000001
mzehra2,2,test,mzehra2,20_D_2-6_WL_Bruise_A244A_2026-04-04_DSC_0400,0.9192506159639254,0.8505677907777013,0.9789108910891089,0.8664446586626939,10100,11411,9887.0,213.0,1524.0,False,0.8851108579440891,20,4.175000000000001
mzehra2,2,test,mzehra2,20_D_2-6_WL_Bruise_OC_A244A_2026-04-04_DSC_0403,0.9062484898274779,0.8285689038130164,0.9873117826682111,0.837486602357985,18994,22392,18753.0,241.0,3639.0,False,0.8482493747767059,20,4.175000000000001
mzehra2,2,test,mzehra2,20_D_2-6_WL_Bruise_OC_A244A_2026-04-04_DSC_0404,0.8687550750032053,0.7679637325273895,0.9892452187454377,0.7744295020762696,20549,26249,20328.0,221.0,5921.0,False,0.7828488704331593,20,4.175000000000001
mzehra2,2,test,mzehra2,226_A_2-4_WL_Bruise_A244A_2026-03-06_DSC_3569,0.71171875,0.5524560339599758,0.6348432055749129,0.8097777777777778,2870,2250,1822.0,1048.0,428.0,False,1.2755555555555556,226,4.175000000000001
mzehra2,2,test,mzehra2,226_A_2-4_WL_Bruise_A244A_2026-03-06_DSC_3570,0.691526828257717,0.5284990500316656,0.5486522024983563,0.9350140056022409,3042,1785,1669.0,1373.0,116.0,False,1.7042016806722688,226,4.175000000000001
mzehra2,2,test,mzehra2,226_A_2-4_WL_Bruise_A244A_2026-03-06_DSC_3571,0.5013105255897365,0.33449926362297494,0.649856938483548,0.4080395239164608,2796,4453,1817.0,979.0,2636.0,False,0.6278913092297328,226,4.175000000000001
mzehra2,2,test,mzehra2,226_A_2-4_WL_Bruise_OC_A244A_2026-03-06_DSC_3573,0.7598757212605415,0.6127415891195419,0.6682279469164715,0.8806584362139918,2562,1944,1712.0,850.0,232.0,False,1.3179012345679013,226,4.175000000000001
mzehra2,2,test,mzehra2,226_A_2-4_WL_Bruise_OC_A244A_2026-03-06_DSC_3574,0.8411801632140615,0.7258938244853738,0.9510290986515259,0.7540799099606078,2818,3554,2680.0,138.0,874.0,False,0.7929093978615644,226,4.175000000000001
mzehra2,2,test,mzehra2,226_C_2-4_WL_Bruise_A244A_2026-03-06_DSC_3610,0.8801608579088472,0.7859707924347618,0.9593804792518995,0.8130262506191184,3422,4038,3283.0,139.0,755.0,False,0.8474492322932144,226,4.175000000000001
mzehra2,2,test,mzehra2,226_C_2-4_WL_Bruise_A244A_2026-03-06_DSC_3611,0.8676023730285053,0.7661640684896499,0.9655394524959743,0.7877036258539148,3105,3806,2998.0,107.0,808.0,False,0.8158171308460326,226,4.175000000000001
mzehra2,2,test,mzehra2,226_C_2-4_WL_Bruise_A244A_2026-03-06_DSC_3612,0.9059144676979072,0.8280106453759148,0.9050909090909091,0.9067395264116576,2750,2745,2489.0,261.0,256.0,False,1.0018214936247722,226,4.175000000000001
mzehra2,2,test,mzehra2,226_C_2-4_WL_Bruise_OC_A244A_2026-03-06_DSC_3614,0.9222050489438434,0.8556405353728489,0.9683527184203408,0.8802557167445292,3697,4067,3580.0,117.0,487.0,False,0.9090238505040571,226,4.175000000000001
mzehra2,2,test,mzehra2,226_C_2-4_WL_Bruise_OC_A244A_2026-03-06_DSC_3615,0.8213900446910156,0.6969142259414226,0.9925512104283054,0.7005783385909569,2685,3804,2665.0,20.0,1139.0,False,0.7058359621451105,226,4.175000000000001
mzehra2,2,test,mzehra2,228_B_2-4_WL_Bruise_A244A_2026-03-06_DSC_3718,0.896125584502338,0.8118003025718609,0.9820644216691069,0.824017199017199,2732,3256,2683.0,49.0,573.0,False,0.8390663390663391,228,4.175000000000001
mzehra2,2,test,mzehra2,228_B_2-4_WL_Bruise_A244A_2026-03-06_DSC_3719,0.8091143594153053,0.6794223826714801,0.6934414148857775,0.9711042311661506,2714,1938,1882.0000000000002,831.9999999999998,55.99999999999977,False,1.4004127966976265,228,4.175000000000001
mzehra2,2,test,mzehra2,228_B_2-4_WL_Bruise_A244A_2026-03-06_DSC_3720,0.8428949691085613,0.7284515636918383,0.8384547848990342,0.8473824312333629,2278,2254,1910.0,368.0,344.0,False,1.0106477373558118,228,4.175000000000001
mzehra2,2,test,mzehra2,228_B_2-4_WL_Bruise_A244A_2026-03-06_DSC_3721,0.8177966101694916,0.6917562724014337,0.6952867006904834,0.9927132447492499,3331,2333,2316.0,1015.0,17.0,False,1.4277753964852122,228,4.175000000000001
mzehra2,2,test,mzehra2,228_B_2-4_WL_Bruise_OC_A244A_2026-03-06_DSC_3723,0.8338092518560822,0.7149853085210578,0.7304869913275517,0.9711751662971175,2998,2255,2190.0,808.0,65.0,False,1.329490022172949,228,4.175000000000001
mzehra2,2,test,mzehra2,228_B_2-4_WL_Bruise_OC_A244A_2026-03-06_DSC_3724,0.7787690911840315,0.6376919266963843,0.9252605102407474,0.6723237597911227,2783,3830,2575.0,208.0,1255.0,False,0.7266318537859008,228,4.175000000000001
mzehra2,2,test,mzehra2,232_A_2-4_WL_Bruise_A244A_2026-03-06_DSC_3868,0.5564843563410556,0.385506287227002,0.4612947931102752,0.7011736382786639,5051,3323,2330.0,2721.0,993.0,False,1.5200120373156787,232,4.175000000000001
mzehra2,2,test,mzehra2,232_A_2-4_WL_Bruise_A244A_2026-03-06_DSC_3869,0.7101621194147885,0.5505824647455548,0.5870560034865984,0.8985990660440294,4589,2998,2694.0,1895.0,304.0,False,1.5306871247498333,232,4.175000000000001
mzehra2,2,test,mzehra2,232_A_2-4_WL_Bruise_A244A_2026-03-06_DSC_3870,0.0,0.0,0.0,0.0,356,4524,0.0,356.0,4524.0,True,0.07869142351900972,232,4.175000000000001
mzehra2,2,test,mzehra2,232_A_2-4_WL_Bruise_OC_A244A_2026-03-06_DSC_3876,0.780329859354447,0.6397876223660196,0.9844268572887414,0.6463291987931612,3917,5966,3856.0,61.0,2110.0,False,0.6565538048944016,232,4.175000000000001
mzehra2,2,test,mzehra2,232_A_2-4_WL_Bruise_OC_A244A_2026-03-06_DSC_3877,0.7954114196998447,0.6603179149362738,0.7011861313868614,0.9188919888401754,6576,5018,4611.0,1965.0,407.0,False,1.3104822638501394,232,4.175000000000001
mzehra2,2,test,mzehra2,233_B_2-4_WL_Bruise_A244A_2026-03-06_DSC_4197,0.6330058723450963,0.4630640757989401,0.9986147186147186,0.46336172264181263,5775,12446,5767.0,8.0,6679.0,False,0.46400449943757033,233,4.175000000000001
mzehra2,2,test,mzehra2,233_B_2-4_WL_Bruise_A244A_2026-03-06_DSC_4199,0.3995785591992625,0.24967083607636603,0.8045611243701936,0.26579062636881295,3771,11415,3034.0,737.0,8381.0,False,0.33035479632063075,233,4.175000000000001
mzehra2,2,test,mzehra2,233_B_2-4_WL_Bruise_OC_A244A_2026-03-06_DSC_4201,0.453579243513598,0.2933090762078027,0.9884196185286104,0.29432048681541584,4404,14790,4353.0,51.0,10437.0,False,0.2977687626774848,233,4.175000000000001
mzehra2,2,test,mzehra2,235_A_2-4_WL_Bruise_A244A_2026-03-08_DSC_4349,0.6946550123762376,0.5321620100145181,0.9957864389865277,0.5333630289532294,18037,33675,17961.0,76.0,15714.0,False,0.5356198960653303,235,4.175000000000001
mzehra2,2,test,mzehra2,235_A_2-4_WL_Bruise_A244A_2026-03-08_DSC_4350,0.6203677510608203,0.449661677260611,0.9303706846263987,0.4653210619844575,18857,37703,17544.0,1313.0,20159.0,False,0.5001458769859163,235,4.175000000000001
mzehra2,2,test,mzehra2,235_A_2-4_WL_Bruise_A244A_2026-03-08_DSC_4351,0.8150913632180886,0.6878938492943996,0.9974261630525706,0.6891170978927714,15541,22494,15501.0,40.0,6993.0,False,0.6908953498710767,235,4.175000000000001
mzehra2,2,test,mzehra2,235_A_2-4_WL_Bruise_OC_A244A_2026-03-08_DSC_4353,0.715939111837967,0.5575585382580582,1.0,0.5575585382580582,17073,30621,17073.0,0.0,13548.0,False,0.5575585382580582,235,4.175000000000001
mzehra2,2,test,mzehra2,235_A_2-4_WL_Bruise_OC_A244A_2026-03-08_DSC_4354,0.5624713609286697,0.39127662965520904,0.9224121735863235,0.40459252341582663,15969,36407,14730.000000000002,1238.9999999999982,21677.0,False,0.4386244403548768,235,4.175000000000001
mzehra2,2,test,mzehra2,236_C_2-4_WL_Bruise_A244A_2026-03-08_DSC_4462,0.14525830569453033,0.0783172698066315,0.3054373522458629,0.09528726307249798,4230,13559,1292.0,2938.0,12267.0,False,0.3119699092853455,236,4.175000000000001
mzehra2,2,test,mzehra2,236_C_2-4_WL_Bruise_A244A_2026-03-08_DSC_4463,0.1210043253507754,0.0643984054797597,0.31151548071700164,0.07508510081173082,3682,15276,1147.0,2535.0,14129.0,False,0.241031683686829,236,4.175000000000001
mzehra2,2,test,mzehra2,236_C_2-4_WL_Bruise_A244A_2026-03-08_DSC_4464,0.0,0.0,0.0,0.0,3727,11326,0.0,3727.0,11326.0,True,0.32906586614868444,236,4.175000000000001
mzehra2,2,test,mzehra2,236_C_2-4_WL_Bruise_OC_A244A_2026-03-08_DSC_4467,0.0,0.0,0.0,0.0,2715,10556,0.0,2715.0,10556.0,True,0.25719969685486926,236,4.175000000000001
mzehra2,2,test,mzehra2,236_C_2-4_WL_Bruise_OC_A244A_2026-03-08_DSC_4468,0.008731652239367707,0.004384970136841309,0.028515240904621434,0.005155097324682251,2034,11251,58.0,1976.0,11193.0,False,0.18078393031730514,236,4.175000000000001
mzehra2,2,test,mzehra2,236_E_2-4_WL_Bruise_OC_A244A_2026-02-26_DSC_5722,0.64245510586974,0.4732477788746298,0.5202952029520295,0.8395796847635727,4607,2855,2397.0,2210.0,458.0,False,1.613660245183888,236,4.175000000000001
mzehra2,2,test,mzehra2,237_AC_2-5_WL_Bruise_A244A_2026-02-16_DSC_7084,0.43675675675675674,0.2793914246196404,0.9587809143142643,0.2827880931329207,8006,27144,7676.0,330.0,19468.0,False,0.29494547597995874,237,4.175000000000001
mzehra2,2,test,mzehra2,237_AC_2-5_WL_Bruise_A244A_2026-02-16_DSC_7085,0.5479645517777072,0.3773768419005009,0.9319082502702054,0.3880776155231046,8327,19996,7760.000000000001,566.9999999999991,12236.0,False,0.4164332866573315,237,4.175000000000001
mzehra2,2,test,mzehra2,237_AC_2-5_WL_Bruise_A244A_2026-02-16_DSC_7086,0.6055348679756263,0.43424167020695514,0.9963793343545467,0.43492796790468663,14362,32902,14310.0,52.0,18592.0,False,0.4365084189410978,237,4.175000000000001
mzehra2,2,test,mzehra2,237_AC_2-5_WL_Bruise_OC_A244A_2026-02-16_DSC_7088,0.7271879833054384,0.5713239455374679,0.9994758604624076,0.5714951714951715,17171,30030,17162.0,9.0,12868.0,False,0.5717948717948718,237,4.175000000000001
mzehra2,2,test,mzehra2,237_AC_2-5_WL_Bruise_OC_A244A_2026-02-16_DSC_7089,0.6360725315952025,0.4663536341409202,0.9885159010600707,0.4688940414001173,16980,35797,16785.0,195.0,19012.0,False,0.47434142525909995,237,4.175000000000001
mzehra2,2,test,mzehra2,237_AD_2-5_WL_Bruise_A244A_2026-02-16_DSC_7116,0.7266443958069347,0.5706531572281527,0.9713581767785648,0.5804195804195804,9741,16302,9462.0,279.0,6840.0,False,0.597534044902466,237,4.175000000000001
mzehra2,2,test,mzehra2,237_AD_2-5_WL_Bruise_A244A_2026-02-16_DSC_7117,0.7778277692792225,0.6364305698718893,0.9866078222492771,0.6419765311679952,13142,20197,12966.0,176.0,7231.0,False,0.6506906966381145,237,4.175000000000001
mzehra2,2,test,mzehra2,237_AD_2-5_WL_Bruise_A244A_2026-02-16_DSC_7118,0.8189859762675297,0.6934599926927293,0.8688884819630104,0.7745042030523137,10922,12253,9490.0,1432.0,2763.0,False,0.8913735411735901,237,4.175000000000001
mzehra2,2,test,mzehra2,237_AD_2-5_WL_Bruise_OC_A244A_2026-02-16_DSC_7120,0.8104059386076372,0.6812457836743873,0.981135130758643,0.6902876673312447,12351,17555,12118.0,233.0,5437.0,False,0.7035602392480774,237,4.175000000000001
mzehra2,2,test,mzehra2,237_AD_2-5_WL_Bruise_OC_A244A_2026-02-16_DSC_7121,0.7528449744463374,0.6036498743306743,0.9964823667358167,0.6049389475989706,11087,18263,11048.0,39.0,7215.0,False,0.6070744127470843,237,4.175000000000001
mzehra2,2,test,mzehra2,237_AE_2-5_WL_Bruise_A244A_2026-02-16_DSC_7217,0.6753680693327765,0.5098533816805928,0.8867562380038387,0.545362563237774,3647,5930,3234.0,413.0,2696.0,False,0.6150084317032041,237,4.175000000000001
mzehra2,2,test,mzehra2,237_AE_2-5_WL_Bruise_A244A_2026-02-16_DSC_7218,0.9148239148239148,0.8430188679245283,0.9503686897334089,0.8818421052631579,3526,3800,3351.0,175.0,449.0,False,0.9278947368421052,237,4.175000000000001
mzehra2,2,test,mzehra2,237_AE_2-5_WL_Bruise_A244A_2026-02-16_DSC_7219,0.8029230947685884,0.6707364341085271,0.9568703345313796,0.6916466826538769,3617,5004,3461.0,156.0,1543.0,False,0.7228217426059153,237,4.175000000000001
mzehra2,2,test,mzehra2,237_AE_2-5_WL_Bruise_OC_A244A_2026-02-16_DSC_7221,0.8436919716002185,0.7296429246174192,0.9732862903225806,0.744553691922113,3968,5187,3862.0,106.0,1325.0,False,0.764989396568344,237,4.175000000000001
mzehra2,2,test,mzehra2,237_AE_2-5_WL_Bruise_OC_A244A_2026-02-16_DSC_7222,0.4448786507610037,0.2860732707313847,0.35864699054883104,0.5857026807473599,6031,3693,2163.0,3868.0,1530.0,False,1.6330896290278907,237,4.175000000000001
mzehra2,2,test,mzehra2,237_B_2-4_WL_Bruise_A244A_2026-03-08_DSC_4584,0.7438943894389439,0.5922228060956385,0.9485917772741987,0.6118605136771769,15445,23945,14651.0,794.0,9294.0,False,0.6450198371267488,237,4.175000000000001
mzehra2,2,test,mzehra2,237_B_2-4_WL_Bruise_A244A_2026-03-08_DSC_4587,0.6557021619277705,0.4877655407584904,0.9412235461497421,0.5030893536121673,11246,21040,10585.0,661.0,10455.0,False,0.5345057034220533,237,4.175000000000001
mzehra2,2,test,mzehra2,237_B_2-4_WL_Bruise_A244A_2026-03-08_DSC_4588,0.7792171060074669,0.6382929428664103,0.837386018237082,0.7286046757643077,16450,18906,13774.999999999998,2675.000000000002,5131.000000000002,False,0.8700941500052893,237,4.175000000000001
mzehra2,2,test,mzehra2,237_B_2-4_WL_Bruise_OC_A244A_2026-03-08_DSC_4591,0.611094355381296,0.43998262786890724,0.9615946261682243,0.4478525521134424,13696,29407,13170.0,526.0,16237.0,False,0.4657394497908661,237,4.175000000000001
mzehra2,2,test,mzehra2,237_B_2-4_WL_Bruise_OC_A244A_2026-03-08_DSC_4592,0.764997427077973,0.6194298245614035,0.970519516217702,0.6313083903267623,14552,22371,14122.999999999998,429.0000000000018,8248.000000000002,False,0.6504850029055473,237,4.175000000000001
mzehra2,2,test,mzehra2,237_C_2-4_WL_Bruise_A244A_2026-03-08_DSC_4608,0.6095476920219188,0.438380869681384,0.951849166062364,0.44832297288066125,6895,14639,6563.0,332.0,8076.0,False,0.4710021176309857,237,4.175000000000001
mzehra2,2,test,mzehra2,237_C_2-4_WL_Bruise_A244A_2026-03-08_DSC_4609,0.6578370318393123,0.4901320088877271,0.9515351433646283,0.5026809651474531,3941,7460,3750.0,191.0,3710.0,False,0.52828418230563,237,4.175000000000001
mzehra2,2,test,mzehra2,237_C_2-4_WL_Bruise_A244A_2026-03-08_DSC_4610,0.6922190740106485,0.5293081281843721,0.9354540099301523,0.5493723435801127,11883,20234,11116.0,767.0,9118.0,False,0.587278837600079,237,4.175000000000001
mzehra2,2,test,mzehra2,237_C_2-4_WL_Bruise_OC_A244A_2026-03-08_DSC_4613,0.5547308173850831,0.38382525833797415,0.9002902757619738,0.40086596872172675,6890,15474,6202.999999999999,687.0000000000009,9271.0,False,0.44526302184309163,237,4.175000000000001
mzehra2,2,test,mzehra2,237_C_2-4_WL_Bruise_OC_A244A_2026-03-08_DSC_4615,0.620979020979021,0.45030425963488846,0.8286674132138858,0.4965332140460747,5358,8942,4440.0,918.0,4502.0,False,0.5991948110042497,237,4.175000000000001
mzehra2,2,test,mzehra2,237_E_2-4_WL_Bruise_A244A_2026-03-08_DSC_4651,0.8762697904273817,0.7797866275755355,0.8585134044651663,0.8947761891412017,11153,10701,9575.0,1578.0,1126.0,False,1.042239043080086,237,4.175000000000001
mzehra2,2,test,mzehra2,237_E_2-4_WL_Bruise_A244A_2026-03-08_DSC_4652,0.796966805604379,0.6624645182835198,0.9053051911009697,0.7117868675995694,8765,11148,7935.0,830.0,3213.0,False,0.7862396842482957,237,4.175000000000001
mzehra2,2,test,mzehra2,237_E_2-4_WL_Bruise_A244A_2026-03-08_DSC_4653,0.7841498753285262,0.6449395854118168,0.9854336043360433,0.651147174034695,5904,8935,5818.0,86.0,3117.0,False,0.6607722439843313,237,4.175000000000001
mzehra2,2,test,mzehra2,237_E_2-4_WL_Bruise_OC_A244A_2026-03-08_DSC_4656,0.886074234624763,0.7954517815882282,0.9237395848044062,0.8513601457763894,7081,7683,6541.0,540.0,1142.0,False,0.9216451906807237,237,4.175000000000001
mzehra2,2,test,mzehra2,237_E_2-4_WL_Bruise_OC_A244A_2026-03-08_DSC_4657,0.8676371478635935,0.7662183073443638,0.9536296296296296,0.7958704253214639,6750,8088,6437.0,313.0,1651.0,False,0.8345697329376854,237,4.175000000000001
mzehra2,2,test,mzehra2,237_J_2-4_WL_Bruise_A244A_2026-02-26_DSC_5578,0.7775681836044958,0.6360830707902012,0.859812271858161,0.7096843615494979,11506,13940,9893.0,1613.0,4047.0,False,0.8253945480631277,237,4.175000000000001
mzehra2,2,test,mzehra2,237_J_2-4_WL_Bruise_A244A_2026-02-26_DSC_5579,0.660457774269929,0.4930473721423521,0.7503586800573888,0.589794192275162,8364,10641,6276.000000000001,2087.999999999999,4364.999999999999,False,0.786016351846631,237,4.175000000000001
mzehra2,2,test,mzehra2,237_J_2-4_WL_Bruise_A244A_2026-02-26_DSC_5580,0.8086055618896545,0.6787051676791213,0.9227288154768639,0.7196047291335804,8839,11334,8156.0,683.0,3178.0,False,0.7798658902417505,237,4.175000000000001
mzehra2,2,test,mzehra2,237_J_2-4_WL_Bruise_OC_A244A_2026-02-26_DSC_5582,0.8995073891625616,0.8173679498657117,0.9098568581264722,0.8893907190931633,11038,11292,10043.0,995.0,1249.0,False,0.9775061990789939,237,4.175000000000001
mzehra2,2,test,mzehra2,237_J_2-4_WL_Bruise_OC_A244A_2026-02-26_DSC_5583,0.7432247304782894,0.5913744075829384,0.8777433877321328,0.6444582171263299,7108,9681,6239.0,869.0,3442.0,False,0.7342216713149468,237,4.175000000000001
mzehra2,2,test,mzehra2,237_N_2-4_WL_Bruise_A244A_2026-02-26_DSC_5858,0.4411858871742332,0.2830266184686165,0.9288217848476679,0.2893013100436681,3709,11908,3445.0,264.0,8463.0,False,0.31147127981189116,237,4.175000000000001
mzehra2,2,test,mzehra2,237_N_2-4_WL_Bruise_A244A_2026-02-26_DSC_5859,0.6994939132813569,0.5378628523348759,0.9972698907956318,0.5386559932589003,2564,4747,2557.0,7.0,2190.0,False,0.5401306088055614,237,4.175000000000001
mzehra2,2,test,mzehra2,237_N_2-4_WL_Bruise_A244A_2026-02-26_DSC_5860,0.8308585082778631,0.7106569343065693,0.8695962843872812,0.7954248366013071,2799,3060,2434.0,365.0,626.0,False,0.9147058823529411,237,4.175000000000001
mzehra2,2,test,mzehra2,237_N_2-4_WL_Bruise_OC_A244A_2026-02-26_DSC_5862,0.659193857965451,0.49163994502977554,0.7160967472894079,0.6106685633001423,5995,7030,4293.0,1702.0,2737.0,False,0.852773826458037,237,4.175000000000001
mzehra2,2,test,mzehra2,237_N_2-4_WL_Bruise_OC_A244A_2026-02-26_DSC_5863,0.8495798319327731,0.7384952520087655,0.8122656668452062,0.8904873752201996,3734,3406,3033.0,701.0,373.0,False,1.0963006459189666,237,4.175000000000001
mzehra2,2,test,mzehra2,237_S_2-4_WL_Bruise_A244A_2026-02-27_DSC_6307,0.6967367570962821,0.5346093821720371,0.9774253105068815,0.5412929311707022,11916,21517,11647.0,269.0,9870.0,False,0.5537946739787145,237,4.175000000000001
mzehra2,2,test,mzehra2,237_S_2-4_WL_Bruise_A244A_2026-02-27_DSC_6308,0.7388325914701519,0.5858322903629537,0.9748417194268577,0.5948253952117115,12004,19673,11702.0,302.0,7971.0,False,0.6101763838763788,237,4.175000000000001
mzehra2,2,test,mzehra2,237_S_2-4_WL_Bruise_A244A_2026-02-27_DSC_6309,0.6595484554568425,0.49203453727350116,0.991059399877526,0.49422830269345874,8165,16373,8092.000000000001,72.99999999999909,8281.0,False,0.4986868625175594,237,4.175000000000001
mzehra2,2,test,mzehra2,237_S_2-4_WL_Bruise_OC_A244A_2026-02-27_DSC_6311,0.6769427523306297,0.5116503866503866,0.9598205764458866,0.5228489732258903,10478,19235,10057.0,421.0,9178.0,False,0.54473615804523,237,4.175000000000001
mzehra2,2,test,mzehra2,237_S_2-4_WL_Bruise_OC_A244A_2026-02-27_DSC_6312,0.6678238625982094,0.5013029762721163,0.9653988378235605,0.5104748603351955,7572,14320,7310.0,262.0,7010.0,False,0.5287709497206704,237,4.175000000000001
mzehra2,2,test,mzehra2,237_Z_2-5_WL_Bruise_A244A_2026-02-16_DSC_7025,0.8049683171648068,0.6735957955985172,0.9294871794871795,0.7098704381366828,15444,20222,14355.0,1089.0,5867.0,False,0.7637226782711898,237,4.175000000000001
mzehra2,2,test,mzehra2,237_Z_2-5_WL_Bruise_A244A_2026-02-16_DSC_7026,0.8408034982235584,0.7253330189791347,0.9924993951125091,0.7293308836602856,12399,16873,12306.0,93.0,4567.0,False,0.7348426480175428,237,4.175000000000001
mzehra2,2,test,mzehra2,237_Z_2-5_WL_Bruise_A244A_2026-02-16_DSC_7027,0.7614123729510605,0.6147424343041458,0.9624953583364277,0.6298294211984254,13465,20577,12960.0,505.0,7617.0,False,0.6543713855275307,237,4.175000000000001
mzehra2,2,test,mzehra2,237_Z_2-5_WL_Bruise_OC_A244A_2026-02-16_DSC_7030,0.8231241854403277,0.6994146495807625,0.9679608816231207,0.7159900669401857,13702,18524,13263.0,439.0,5261.0,False,0.739689052040596,237,4.175000000000001
mzehra2,2,test,mzehra2,247_A_2-4_WL_Bruise_A244A_2026-02-27_DSC_6202,0.873510825650057,0.7754276255287843,0.8041197787526225,0.9560090702947845,5243,4410,4216.0,1027.0,194.0,False,1.1888888888888889,247,4.175000000000001
mzehra2,2,test,mzehra2,247_A_2-4_WL_Bruise_A244A_2026-02-27_DSC_6203,0.9025510204081633,0.8224081822408182,0.9039345937659683,0.9011716760061131,3914,3926,3538.0,376.0,388.0,False,0.9969434538970963,247,4.175000000000001
mzehra2,2,test,mzehra2,247_A_2-4_WL_Bruise_A244A_2026-02-27_DSC_6204,0.8680388674119737,0.7668451172235555,0.805975941016686,0.940457323975549,5154,4417,4154.0,1000.0,263.0,False,1.1668553316730812,247,4.175000000000001
mzehra2,2,test,mzehra2,247_A_2-4_WL_Bruise_OC_A244A_2026-02-27_DSC_6206,0.8680958918576407,0.7669341295017728,0.7673637042569081,0.9992706053975201,5356,4113,4110.0,1246.0,3.0,False,1.3022124969608557,247,4.175000000000001
mzehra2,2,test,mzehra2,247_A_2-4_WL_Bruise_OC_A244A_2026-02-27_DSC_6207,0.8617437980559989,0.7570736681111394,0.8643771827706636,0.8591264101822389,3436,3457,2970.0,466.0,487.0,False,0.9939253688168933,247,4.175000000000001
mzehra2,2,test,mzehra2,250_A_2-4_WL_Bruise_A244A_2026-02-27_DSC_6537,0.9316209034543844,0.8719946940805836,0.9836801496375964,0.884794952681388,21385,23775,21036.0,349.0,2739.0,False,0.8994742376445847,250,4.175000000000001
mzehra2,2,test,mzehra2,250_A_2-4_WL_Bruise_A244A_2026-02-27_DSC_6538,0.9105936433496622,0.8358622453328787,0.9912054586808188,0.8421075231879079,19785,23288,19611.0,174.0,3677.0,False,0.8495791824115424,250,4.175000000000001
mzehra2,2,test,mzehra2,250_A_2-4_WL_Bruise_OC_A244A_2026-02-27_DSC_6541,0.9006403290254626,0.8192408297341688,0.9937647579693034,0.8234736616833287,27104,32709,26935.0,169.0,5774.0,False,0.8286404353541839,250,4.175000000000001
mzehra2,2,test,mzehra2,250_A_2-4_WL_Bruise_OC_A244A_2026-02-27_DSC_6542,0.9314615665314359,0.8717155484130172,0.9896460499908776,0.8797388801037992,21924,24663,21697.0,227.0,2966.0,False,0.8889429509791996,250,4.175000000000001
mzehra2,2,test,mzehra2,250_A_2-4_WL_Bruise_OC_A244A_2026-02-27_DSC_6543,0.9405710229513369,0.8878094174576586,0.9732321377565594,0.9100309054141708,24507,26209,23851.0,656.0,2358.0,False,0.9350604754092106,250,4.175000000000001
mzehra2,2,test,mzehra2,254_A_2-5_WL_Bruise_A244A_2026-02-16_DSC_6925,0.7130111524163569,0.5540150202195263,0.5540150202195263,1.0,1731,959,959.0000000000001,771.9999999999999,-1.1368683772161603e-13,False,1.8050052137643378,254,4.175000000000001
mzehra2,2,test,mzehra2,254_A_2-5_WL_Bruise_A244A_2026-02-16_DSC_6926,0.8162337662337662,0.689522764673615,0.6956281128942999,0.9874312647289867,1807,1273,1257.0,550.0,16.0,False,1.4194815396700706,254,4.175000000000001
mzehra2,2,test,mzehra2,254_A_2-5_WL_Bruise_A244A_2026-02-16_DSC_6927,0.7762681159420289,0.6343449296817173,0.6343449296817173,1.0,1351,857,857.0,494.0,0.0,False,1.5764294049008167,254,4.175000000000001
mzehra2,2,test,mzehra2,254_A_2-5_WL_Bruise_OC_A244A_2026-02-16_DSC_6930,0.726027397260274,0.5698924731182796,0.5928411633109619,0.9363957597173145,1341,849,795.0,546.0,54.0,False,1.5795053003533568,254,4.175000000000001
mzehra2,2,test,mzehra2,254_A_2-5_WL_Bruise_OC_A244A_2026-02-16_DSC_6931,0.7986906710310966,0.6648501362397821,0.8576449912126538,0.7473200612557427,569,653,488.0,81.0,165.0,False,0.8713629402756509,254,4.175000000000001
mzehra2,2,test,mzehra2,254_B_2-5_WL_Bruise_A244A_2026-02-16_DSC_6954,0.1292783764680822,0.06910615392578023,0.9693625671555104,0.06925742266116149,6887,96394,6675.999999999999,211.0000000000009,89718.0,False,0.07144635558229766,254,4.175000000000001
mzehra2,2,test,mzehra2,254_B_2-5_WL_Bruise_A244A_2026-02-16_DSC_6955,0.11240951471456585,0.059551854912834934,0.9781781273788379,0.059631076221044896,7882,129295,7710.0,172.0,121585.0,False,0.06096136741559999,254,4.175000000000001
mzehra2,2,test,mzehra2,254_B_2-5_WL_Bruise_A244A_2026-02-16_DSC_6956,0.1135266497322381,0.06017930214393136,0.9879425837320575,0.060223534078446925,5225,85714,5162.0,63.0,80552.0,False,0.06095853652845509,254,4.175000000000001
mzehra2,2,test,mzehra2,254_B_2-5_WL_Bruise_OC_A244A_2026-02-16_DSC_6960,0.12162282063794863,0.06474888109493275,0.9661674008810572,0.06489602196735669,5675,84489,5483.0,192.0,79006.0,False,0.06716850714294169,254,4.175000000000001
mzehra2,2,test,mzehra2,254_B_2-5_WL_Bruise_OC_A244A_2026-02-16_DSC_6961,0.08392454047081586,0.04380022720578954,0.9501064800730149,0.04390120471765748,3287,71137,3123.0,164.0,68014.0,False,0.04620661540407945,254,4.175000000000001
mzehra2,2,test,mzehra2,260_A_2-5_WL_Bruise_A244A_2026-02-17_DSC_7634,0.7187621895722273,0.5609904607266085,0.8921885087153002,0.6017853254953189,3098,4593,2764.0,334.0,1829.0,False,0.6745046810363596,260,4.175000000000001
mzehra2,2,test,mzehra2,260_A_2-5_WL_Bruise_A244A_2026-02-17_DSC_7635,0.7298528381219341,0.5746206896551724,0.8402581686163776,0.6450913595540415,2479,3229,2083.0,396.0,1146.0,False,0.7677299473521214,260,4.175000000000001
mzehra2,2,test,mzehra2,260_A_2-5_WL_Bruise_A244A_2026-02-17_DSC_7636,0.8135277691591685,0.6856694560669456,0.8754590984974958,0.7597797739785569,2995,3451,2622.0,373.0,829.0,False,0.867864387134164,260,4.175000000000001
mzehra2,2,test,mzehra2,260_A_2-5_WL_Bruise_OC_A244A_2026-02-17_DSC_7638,0.855296431581905,0.7471772214040255,0.88668802796388,0.8260515603799186,3433,3685,3044.0,389.0,641.0,False,0.9316146540027137,260,4.175000000000001
mzehra2,2,test,mzehra2,260_A_2-5_WL_Bruise_OC_A244A_2026-02-17_DSC_7639,0.8384726706000223,0.72187080697719,0.9997345367666578,0.7220092024539877,3767,5216,3766.0,1.0,1450.0,False,0.7222009202453987,260,4.175000000000001
mzehra2,2,test,mzehra2,285_F_2-6_WL_Bruise_A244A_2026-04-06_DSC_2339,0.41234665611396915,0.2597208374875374,0.681045751633987,0.2956867196367764,1530,3524,1042.0,488.0,2482.0,False,0.43416572077185017,285,4.175000000000001
mzehra2,2,test,mzehra2,285_F_2-6_WL_Bruise_A244A_2026-04-06_DSC_2340,0.39635636525216617,0.24715987808257134,0.6088737201365187,0.2938076416337286,2930,6072,1784.0,1146.0,4288.0,False,0.48254281949934125,285,4.175000000000001
mzehra2,2,test,mzehra2,285_F_2-6_WL_Bruise_OC_A244A_2026-04-06_DSC_2343,0.627292508548337,0.4569746376811594,0.4596810933940774,0.987279843444227,2195,1022,1009.0,1186.0,13.0,False,2.147749510763209,285,4.175000000000001
mzehra2,2,test,mzehra2,285_F_2-6_WL_Bruise_OC_A244A_2026-04-06_DSC_2344,0.6497201934933131,0.48117448721551,0.6635025184037195,0.6364987920460881,5162,5381,3425.0,1737.0,1956.0,False,0.9593012451217245,285,4.175000000000001
mzehra2,2,test,mzehra2,285_G_2-6_WL_Bruise_A244A_2026-05-29_DSC_3860,0.8617886178861789,0.7571428571428571,0.8690750704586215,0.854623330813807,3903,3969,3392.0,511.0,577.0,False,0.983371126228269,285,4.175000000000001
mzehra2,2,test,mzehra2,285_G_2-6_WL_Bruise_A244A_2026-05-29_DSC_3861,0.8569515135279936,0.7497070541363956,0.8702393906420022,0.8440633245382586,3676,3790,3199.0,477.0,591.0,False,0.9699208443271767,285,4.175000000000001
mzehra2,2,test,mzehra2,285_G_2-6_WL_Bruise_A244A_2026-05-29_DSC_3862,0.831858407079646,0.7121212121212122,0.9184367034834324,0.760196905766526,3531,4266,3243.0,288.0,1023.0,False,0.8277074542897328,285,4.175000000000001
mzehra2,2,test,mzehra2,285_G_2-6_WL_Bruise_OC_A244A_2026-05-29_DSC_3864,0.909377297070251,0.8338147506258424,0.9637213443133764,0.8608349900596421,4493,5030,4330.0,163.0,700.0,False,0.8932405566600398,285,4.175000000000001
mzehra2,2,test,mzehra2,285_G_2-6_WL_Bruise_OC_A244A_2026-05-29_DSC_3865,0.90919195287318,0.8335031587528021,0.9287011807447775,0.8904855214456782,4404,4593,4090.0,314.0,503.0,False,0.9588504245591117,285,4.175000000000001
mzehra2,2,test,nmousta5,170_F_2-4_WL_Bruise_A244A_2026-03-05_DSC_1856,0.7821656050955414,0.6422594142259415,0.7278714436248683,0.8452126032425819,3796,3269,2763.0,1033.0,506.0,False,1.161211379626797,170,4.175000000000001
mzehra2,2,test,nmousta5,170_F_2-4_WL_Bruise_OC_A244A_2026-03-05_DSC_1860,0.5415860735009671,0.3713527851458886,0.5553552109628561,0.5284831846259437,5546,5828,3080.0,2466.0,2748.0,False,0.9516129032258065,170,4.175000000000001
mzehra2,2,test,nmousta5,182_Q_2-6_WL_Bruise_A244A_2026-04-06_DSC_2484,0.26816909929668004,0.1548471615720524,0.9960674157303371,0.15494188586909027,1780,11443,1773.0,7.0,9670.0,False,0.15555361356287686,182,4.175000000000001
mzehra2,2,test,nmousta5,182_Q_2-6_WL_Bruise_A244A_2026-04-06_DSC_2485,0.2159458664313033,0.12104221635883905,0.26720058245358574,0.181189829671686,2747,4051,734.0,2013.0,3317.0,False,0.6781041718094297,182,4.175000000000001
mzehra2,2,test,nmousta5,182_Q_2-6_WL_Bruise_A244A_2026-04-06_DSC_2486,0.2993077407174323,0.17599171107164002,0.8104976141785958,0.18354430379746836,1467,6478,1189.0,278.0,5289.0,False,0.2264587835751775,182,4.175000000000001
mzehra2,2,test,nmousta5,182_Q_2-6_WL_Bruise_OC_A244A_2026-04-06_DSC_2488,0.4387637867647059,0.28103613216572226,0.4773153355830521,0.4059742744764537,8001,9407,3819.0,4182.0,5588.0,False,0.8505368342723504,182,4.175000000000001
mzehra2,2,test,nmousta5,20_D_2-6_WL_Bruise_A244A_2026-04-04_DSC_0400,0.9575978700325412,0.9186453504871819,0.9614851485148515,0.9537418974661167,10100,10182,9711.0,389.0,471.0,False,0.9919465723826361,20,4.175000000000001
mzehra2,2,test,nmousta5,20_D_2-6_WL_Bruise_OC_A244A_2026-04-04_DSC_0403,0.9010009532888466,0.8198377932948779,0.995209013372644,0.8230863014891578,18994,22966,18903.0,91.0,4063.0,False,0.8270486806583646,20,4.175000000000001
mzehra2,2,test,nmousta5,20_D_2-6_WL_Bruise_OC_A244A_2026-04-04_DSC_0404,0.92157659488013,0.854559155990957,0.9933330089055429,0.8594888205819192,20549,23749,20412.0,137.0,3337.0,False,0.8652574845256642,20,4.175000000000001
mzehra2,2,test,nmousta5,226_A_2-4_WL_Bruise_A244A_2026-03-06_DSC_3569,0.7446555819477435,0.5931882686849574,0.6554006968641115,0.8620531622364803,2870,2182,1881.0,989.0,301.0,False,1.315307057745188,226,4.175000000000001
mzehra2,2,test,nmousta5,226_A_2-4_WL_Bruise_A244A_2026-03-06_DSC_3570,0.7254582484725051,0.5691914349632471,0.5854700854700855,0.9534261241970021,3042,1868,1781.0,1261.0,87.0,False,1.6284796573875804,226,4.175000000000001
mzehra2,2,test,nmousta5,226_A_2-4_WL_Bruise_A244A_2026-03-06_DSC_3571,0.5666920731707317,0.39537357085881414,0.5318311874105865,0.6064437194127243,2796,2452,1487.0,1309.0,965.0,False,1.1402936378466557,226,4.175000000000001
mzehra2,2,test,nmousta5,226_A_2-4_WL_Bruise_OC_A244A_2026-03-06_DSC_3573,0.7611940298507462,0.6144578313253012,0.6768149882903981,0.8696088264794383,2562,1994,1734.0,828.0,260.0,False,1.2848545636910733,226,4.175000000000001
mzehra2,2,test,nmousta5,226_A_2-4_WL_Bruise_OC_A244A_2026-03-06_DSC_3574,0.6915422885572139,0.5285171102661597,0.5919091554293825,0.8315054835493519,2818,2006,1668.0,1150.0,338.0,False,1.4047856430707877,226,4.175000000000001
mzehra2,2,test,nmousta5,226_C_2-4_WL_Bruise_A244A_2026-03-06_DSC_3610,0.6870813397129186,0.5233236151603499,0.5245470485096435,0.9955629506378258,3422,1803,1795.0,1627.0,8.0,False,1.8979478646699945,226,4.175000000000001
mzehra2,2,test,nmousta5,226_C_2-4_WL_Bruise_A244A_2026-03-06_DSC_3611,0.7810742679852628,0.6407890550429526,0.6486312399355878,0.9814814814814815,3105,2052,2014.0000000000002,1090.9999999999998,37.99999999999977,False,1.513157894736842,226,4.175000000000001
mzehra2,2,test,nmousta5,226_C_2-4_WL_Bruise_A244A_2026-03-06_DSC_3612,0.7521290900941282,0.6027298850574713,0.6101818181818182,0.9801401869158879,2750,1712,1678.0,1072.0,34.0,False,1.6063084112149533,226,4.175000000000001
mzehra2,2,test,nmousta5,226_C_2-4_WL_Bruise_OC_A244A_2026-03-06_DSC_3614,0.6910240646407869,0.5279119699409555,0.5320530159588855,0.9854709418837675,3697,1996,1967.0,1730.0,29.0,False,1.8522044088176353,226,4.175000000000001
mzehra2,2,test,nmousta5,226_C_2-4_WL_Bruise_OC_A244A_2026-03-06_DSC_3615,0.7797961896322552,0.6390704429920117,0.6554934823091247,0.9622744669218152,2685,1829,1760.0,925.0,69.0,False,1.4680153089119738,226,4.175000000000001
mzehra2,2,test,nmousta5,228_B_2-4_WL_Bruise_A244A_2026-03-06_DSC_3718,0.8006128255635806,0.6675182481751825,0.6694729136163983,0.9956450734893849,2732,1837,1828.9999999999998,903.0000000000002,8.000000000000227,False,1.487207403375068,228,4.175000000000001
mzehra2,2,test,nmousta5,228_B_2-4_WL_Bruise_A244A_2026-03-06_DSC_3719,0.8142734307824592,0.6867295141406816,0.6978629329403095,0.977296181630547,2714,1938,1894.0,820.0,44.0,False,1.4004127966976265,228,4.175000000000001
mzehra2,2,test,nmousta5,228_B_2-4_WL_Bruise_A244A_2026-03-06_DSC_3720,0.8452525252525253,0.7319804058782365,0.9183494293239683,0.7829341317365269,2278,2672,2092.0,186.0,580.0,False,0.8525449101796407,228,4.175000000000001
mzehra2,2,test,nmousta5,228_B_2-4_WL_Bruise_A244A_2026-03-06_DSC_3721,0.875998816217816,0.7793575566087414,0.8886220354247973,0.8637292092208929,3331,3427,2960.0,371.0,467.0,False,0.9719871607820251,228,4.175000000000001
mzehra2,2,test,nmousta5,228_B_2-4_WL_Bruise_OC_A244A_2026-03-06_DSC_3723,0.7083153813011633,0.5483655770513676,0.5483655770513676,1.0,2998,1644,1644.0,1354.0,0.0,False,1.8236009732360097,228,4.175000000000001
mzehra2,2,test,nmousta5,228_B_2-4_WL_Bruise_OC_A244A_2026-03-06_DSC_3724,0.882225290984415,0.7892693258030357,0.8034495149119655,0.9781277340332458,2783,2286,2236.0,547.0,50.0,False,1.2174103237095364,228,4.175000000000001
mzehra2,2,test,nmousta5,232_A_2-4_WL_Bruise_A244A_2026-03-06_DSC_3868,0.5058569955955393,0.33855995985950826,0.5343496337358938,0.4802491103202847,5051,5620,2699.0,2352.0,2921.0,False,0.8987544483985765,232,4.175000000000001
mzehra2,2,test,nmousta5,232_A_2-4_WL_Bruise_A244A_2026-03-06_DSC_3869,0.7978349634412686,0.6636650868878357,0.91544998910438,0.7070010097610232,4589,5942,4201.0,388.0,1741.0,False,0.7722988892628745,232,4.175000000000001
mzehra2,2,test,nmousta5,232_A_2-4_WL_Bruise_A244A_2026-03-06_DSC_3870,0.0,0.0,0.0,0.0,356,5901,0.0,356.0,5901.0,True,0.06032875783765464,232,4.175000000000001
mzehra2,2,test,nmousta5,232_A_2-4_WL_Bruise_OC_A244A_2026-03-06_DSC_3876,0.7024119071101945,0.5413211719181868,1.0,0.5413211719181868,3917,7236,3916.9999999999995,4.547473508864641e-13,3319.0000000000005,False,0.5413211719181868,232,4.175000000000001
mzehra2,2,test,nmousta5,232_A_2-4_WL_Bruise_OC_A244A_2026-03-06_DSC_3877,0.8345268931890903,0.716041312589881,0.8328771289537713,0.8361832061068702,6576,6550,5477.0,1099.0,1073.0,False,1.003969465648855,232,4.175000000000001
mzehra2,2,test,nmousta5,233_B_2-4_WL_Bruise_A244A_2026-03-06_DSC_4197,0.6514333194848358,0.48305606900800985,0.9503030303030303,0.49557522123893805,5775,11074,5488.0,287.0,5586.0,False,0.5214917825537294,233,4.175000000000001
mzehra2,2,test,nmousta5,233_B_2-4_WL_Bruise_A244A_2026-03-06_DSC_4199,0.5179640718562875,0.34949494949494947,0.6881463802704852,0.4152664426308209,3771,6249,2595.0,1176.0,3654.0,False,0.6034565530484878,233,4.175000000000001
mzehra2,2,test,nmousta5,233_B_2-4_WL_Bruise_OC_A244A_2026-03-06_DSC_4201,0.5191740412979351,0.350597609561753,0.7593097184377838,0.39443264920971927,4404,8478,3344.0,1060.0,5134.0,False,0.5194621372965322,233,4.175000000000001
mzehra2,2,test,nmousta5,235_A_2-4_WL_Bruise_A244A_2026-03-08_DSC_4349,0.6983202099737533,0.5364761866354801,0.7375395021345013,0.6630613567263122,18037,20063,13303.0,4734.0,6760.0,False,0.8990180930070278,235,4.175000000000001
mzehra2,2,test,nmousta5,235_A_2-4_WL_Bruise_A244A_2026-03-08_DSC_4350,0.6446521025381993,0.4756358893133327,0.8121652436760884,0.534424398925219,18857,28657,15315.0,3542.0,13342.0,False,0.6580242174686813,235,4.175000000000001
mzehra2,2,test,nmousta5,235_A_2-4_WL_Bruise_A244A_2026-03-08_DSC_4351,0.8888740572649002,0.7999759730898607,0.8569590116466121,0.9232582322357019,15541,14425,13318.0,2223.0,1107.0,False,1.0773656845753898,235,4.175000000000001
mzehra2,2,test,nmousta5,235_A_2-4_WL_Bruise_OC_A244A_2026-03-08_DSC_4353,0.8075521360599311,0.6772221750573054,0.9344579160077315,0.7109942510807077,17073,22439,15954.0,1119.0,6485.0,False,0.7608627835465038,235,4.175000000000001
mzehra2,2,test,nmousta5,235_A_2-4_WL_Bruise_OC_A244A_2026-03-08_DSC_4354,0.6000475144028034,0.42861991430147217,0.6326632851149101,0.570629765602937,15969,17705,10103.0,5866.0,7602.0,False,0.9019486020898051,235,4.175000000000001
mzehra2,2,test,nmousta5,236_C_2-4_WL_Bruise_A244A_2026-03-08_DSC_4462,0.4314424635332253,0.2750568299235379,0.31465721040189126,0.6860824742268041,4230,1940,1331.0,2899.0,609.0,False,2.1804123711340204,236,4.175000000000001
mzehra2,2,test,nmousta5,236_C_2-4_WL_Bruise_A244A_2026-03-08_DSC_4463,0.5050585201348938,0.33784501061571126,0.3457360130363933,0.9367181751287712,3682,1359,1273.0,2409.0,86.0,False,2.7093451066961003,236,4.175000000000001
mzehra2,2,test,nmousta5,236_C_2-4_WL_Bruise_A244A_2026-03-08_DSC_4464,0.0,0.0,0.0,0.0,3727,1900,0.0,3727.0,1900.0,True,1.961578947368421,236,4.175000000000001
mzehra2,2,test,nmousta5,236_C_2-4_WL_Bruise_OC_A244A_2026-03-08_DSC_4467,0.0,0.0,0.0,0.0,2715,1718,0.0,2715.0,1718.0,True,1.580325960419092,236,4.175000000000001
mzehra2,2,test,nmousta5,236_C_2-4_WL_Bruise_OC_A244A_2026-03-08_DSC_4468,0.0,0.0,0.0,0.0,2034,1729,0.0,2034.0,1729.0,True,1.1764025448235975,236,4.175000000000001
mzehra2,2,test,nmousta5,236_E_2-4_WL_Bruise_OC_A244A_2026-02-26_DSC_5722,0.382089552238806,0.23616236162361623,0.23616236162361623,1.0,4607,1088,1088.0,3519.0,0.0,False,4.234375,236,4.175000000000001
mzehra2,2,test,nmousta5,237_AC_2-5_WL_Bruise_A244A_2026-02-16_DSC_7084,0.41188634882864505,0.2593557133173986,0.9080689482887834,0.2663491481956402,8006,27295,7269.999999999999,736.0000000000009,20025.0,False,0.29331379373511635,237,4.175000000000001
mzehra2,2,test,nmousta5,237_AC_2-5_WL_Bruise_A244A_2026-02-16_DSC_7085,0.5460473878704442,0.37556064985547694,0.9050078059325087,0.3909727626459144,8327,19275,7536.0,791.0,11739.0,False,0.43201037613488974,237,4.175000000000001
mzehra2,2,test,nmousta5,237_AC_2-5_WL_Bruise_A244A_2026-02-16_DSC_7086,0.6236354797365978,0.4531034261310728,0.9825233254421389,0.45678492813673444,14362,30892,14111.0,251.0,16781.0,False,0.4649100090638353,237,4.175000000000001
mzehra2,2,test,nmousta5,237_AC_2-5_WL_Bruise_OC_A244A_2026-02-16_DSC_7088,0.7792213712618526,0.6382986668658277,0.9954574573408654,0.6401632897644283,17171,26701,17093.0,78.0,9608.0,False,0.6430845286693382,237,4.175000000000001
mzehra2,2,test,nmousta5,237_AC_2-5_WL_Bruise_OC_A244A_2026-02-16_DSC_7089,0.7348050521691378,0.5807840550019098,0.9850412249705536,0.5859520056051848,16980,28545,16726.0,254.0,11819.0,False,0.5948502364687336,237,4.175000000000001
mzehra2,2,test,nmousta5,237_AD_2-5_WL_Bruise_A244A_2026-02-16_DSC_7116,0.781620044619873,0.6415240509895063,0.9351195975772508,0.6714085649001253,9741,13567,9109.0,632.0,4458.0,False,0.7179921869241542,237,4.175000000000001
mzehra2,2,test,nmousta5,237_AD_2-5_WL_Bruise_A244A_2026-02-16_DSC_7117,0.8150906095551894,0.6878927757076915,0.9411809465834728,0.7187935843793585,13142,17208,12369.0,773.0,4839.0,False,0.7637145513714552,237,4.175000000000001
mzehra2,2,test,nmousta5,237_AD_2-5_WL_Bruise_A244A_2026-02-16_DSC_7118,0.822700744616623,0.6988034188034188,0.9357260574986266,0.7340372046254399,10922,13923,10220.0,702.0,3703.0,False,0.7844573726926668,237,4.175000000000001
mzehra2,2,test,nmousta5,237_AD_2-5_WL_Bruise_OC_A244A_2026-02-16_DSC_7120,0.8166535956626999,0.6901221761180267,0.9695571208809003,0.7054076343072573,12351,16976,11975.0,376.0,5001.0,False,0.7275565504241281,237,4.175000000000001
mzehra2,2,test,nmousta5,237_AD_2-5_WL_Bruise_OC_A244A_2026-02-16_DSC_7121,0.8199439422052031,0.6948347383915429,0.936682601244701,0.7290789104184218,11087,14244,10385.0,702.0,3859.0,False,0.7783628194327437,237,4.175000000000001
mzehra2,2,test,nmousta5,237_AE_2-5_WL_Bruise_A244A_2026-02-16_DSC_7217,0.8836473843721175,0.7915486307837583,0.9193857965451055,0.8505834601725013,3647,3942,3353.0,294.0,589.0,False,0.9251648909183156,237,4.175000000000001
mzehra2,2,test,nmousta5,237_AE_2-5_WL_Bruise_A244A_2026-02-16_DSC_7218,0.8337303477846594,0.7148692810457516,0.9926262053318208,0.7186858316221766,3526,4870,3500.0,26.0,1370.0,False,0.7240246406570842,237,4.175000000000001
mzehra2,2,test,nmousta5,237_AE_2-5_WL_Bruise_A244A_2026-02-16_DSC_7219,0.7400213447171825,0.58732847704557,0.9585291678186342,0.6026420997740309,3617,5753,3467.0,150.0,2286.0,False,0.628715452807231,237,4.175000000000001
mzehra2,2,test,nmousta5,237_AE_2-5_WL_Bruise_OC_A244A_2026-02-16_DSC_7221,0.7766438716465018,0.6348469212246302,0.9301915322580645,0.6666064655950876,3968,5537,3691.0,277.0,1846.0,False,0.7166335560772982,237,4.175000000000001
mzehra2,2,test,nmousta5,237_AE_2-5_WL_Bruise_OC_A244A_2026-02-16_DSC_7222,0.41855893050231,0.2646693187468921,0.3530094511689604,0.5140028971511347,6031,4142,2129.0,3902.0,2013.0,False,1.456059874456784,237,4.175000000000001
mzehra2,2,test,nmousta5,237_B_2-4_WL_Bruise_A244A_2026-03-08_DSC_4584,0.8173999928630054,0.6911888955944478,0.74153447717708,0.91055811734775,15445,12578,11453.0,3992.0,1125.0,False,1.2279376689457784,237,4.175000000000001
mzehra2,2,test,nmousta5,237_B_2-4_WL_Bruise_A244A_2026-03-08_DSC_4587,0.8133729050279329,0.6854494629983816,0.8285612662279922,0.7987313560774901,11246,11666,9318.0,1928.0,2348.0,False,0.9639979427395852,237,4.175000000000001
mzehra2,2,test,nmousta5,237_B_2-4_WL_Bruise_A244A_2026-03-08_DSC_4588,0.7066352802707077,0.5463542259128654,0.583951367781155,0.8945799962749116,16450,10738,9606.0,6844.0,1132.0,False,1.5319426336375488,237,4.175000000000001
mzehra2,2,test,nmousta5,237_B_2-4_WL_Bruise_OC_A244A_2026-03-08_DSC_4591,0.799127553374439,0.665455815578065,0.6955315420560748,0.9389847215377033,13696,10145,9526.0,4170.0,619.0,False,1.3500246426811238,237,4.175000000000001
mzehra2,2,test,nmousta5,237_B_2-4_WL_Bruise_OC_A244A_2026-03-08_DSC_4592,0.7551090209491236,0.6065663850539186,0.6068581638262782,0.9992079656030777,14552,8838,8831.0,5721.0,7.0,False,1.6465263634306404,237,4.175000000000001
mzehra2,2,test,nmousta5,237_C_2-4_WL_Bruise_A244A_2026-03-08_DSC_4608,0.6983565769658875,0.5365191146881287,0.7734590282813633,0.6365481021723561,6895,8378,5333.0,1562.0,3045.0,False,0.8229887801384579,237,4.175000000000001
mzehra2,2,test,nmousta5,237_C_2-4_WL_Bruise_A244A_2026-03-08_DSC_4609,0.7445466491458607,0.5930500314004605,0.7188530829738645,0.7721449986372309,3941,3669,2833.0,1108.0,836.0,False,1.0741346415917143,237,4.175000000000001
mzehra2,2,test,nmousta5,237_C_2-4_WL_Bruise_A244A_2026-03-08_DSC_4610,0.7779374635851621,0.6365774585213909,0.8427164857359253,0.7224065791372096,11883,13862,10014.0,1869.0,3848.0,False,0.8572356081373539,237,4.175000000000001
mzehra2,2,test,nmousta5,237_C_2-4_WL_Bruise_OC_A244A_2026-03-08_DSC_4613,0.5894418060430863,0.41787840343515176,0.6214804063860667,0.560544573897107,6890,7639,4282.0,2608.0,3357.0,False,0.9019505170833879,237,4.175000000000001
mzehra2,2,test,nmousta5,237_C_2-4_WL_Bruise_OC_A244A_2026-03-08_DSC_4615,0.7137809187279152,0.554945054945055,0.6220604703247481,0.8372268274302939,5358,3981,3333.0,2025.0,648.0,False,1.3458929917106255,237,4.175000000000001
mzehra2,2,test,nmousta5,237_E_2-4_WL_Bruise_A244A_2026-03-08_DSC_4651,0.7124834379860591,0.5533780760626398,0.5544696494216803,0.9964550435062842,11153,6206,6184.0,4969.0,22.0,False,1.7971318079278118,237,4.175000000000001
mzehra2,2,test,nmousta5,237_E_2-4_WL_Bruise_A244A_2026-03-08_DSC_4652,0.6983400114481969,0.5364995602462621,0.5567598402738163,0.93648052197275,8765,5211,4880.0,3885.0,331.0,False,1.6820188063711379,237,4.175000000000001
mzehra2,2,test,nmousta5,237_E_2-4_WL_Bruise_A244A_2026-03-08_DSC_4653,0.7112375533428165,0.5518763796909493,0.5928184281842819,0.8887760284408329,5904,3938,3500.0,2404.0,438.0,False,1.4992381919756221,237,4.175000000000001
mzehra2,2,test,nmousta5,237_E_2-4_WL_Bruise_OC_A244A_2026-03-08_DSC_4656,0.6888585720782173,0.5253884572697003,0.5348114673068776,0.9675523760858457,7081,3914,3786.9999999999995,3294.0000000000005,127.00000000000045,False,1.809146653040368,237,4.175000000000001
mzehra2,2,test,nmousta5,237_E_2-4_WL_Bruise_OC_A244A_2026-03-08_DSC_4657,0.7754666666666666,0.6332752613240418,0.6462222222222223,0.9693333333333334,6750,4500,4362.0,2388.0,138.0,False,1.5,237,4.175000000000001
mzehra2,2,test,nmousta5,237_J_2-4_WL_Bruise_A244A_2026-02-26_DSC_5578,0.8521276595744681,0.742354031510658,0.9050060837823745,0.805087366630586,11506,12934,10413.0,1093.0,2521.0,False,0.8895933199319622,237,4.175000000000001
mzehra2,2,test,nmousta5,237_J_2-4_WL_Bruise_A244A_2026-02-26_DSC_5579,0.7471494190759255,0.59635955831608,0.826518412242946,0.6816881964303323,8364,10141,6913.0,1451.0,3228.0,False,0.824770732669362,237,4.175000000000001
mzehra2,2,test,nmousta5,237_J_2-4_WL_Bruise_A244A_2026-02-26_DSC_5580,0.8258474978634508,0.7033562474727052,0.9839348342572689,0.711527448253293,8839,12223,8697.0,142.0,3526.0,False,0.7231448907796777,237,4.175000000000001
mzehra2,2,test,nmousta5,237_J_2-4_WL_Bruise_OC_A244A_2026-02-26_DSC_5582,0.905550581915846,0.8274028629856851,0.9163797789454612,0.8949743408246328,11038,11302,10115.0,923.0,1187.0,False,0.9766413024243497,237,4.175000000000001
mzehra2,2,test,nmousta5,237_J_2-4_WL_Bruise_OC_A244A_2026-02-26_DSC_5583,0.7122941885147152,0.5531497816982981,0.8733821046707935,0.6013755691175046,7108,10323,6208.0,900.0,4115.0,False,0.6885595272692047,237,4.175000000000001
mzehra2,2,test,nmousta5,237_N_2-4_WL_Bruise_A244A_2026-02-26_DSC_5858,0.8032807257362993,0.6712357217030114,0.8713939067133999,0.7450437989857077,3709,4338,3232.0,477.0,1106.0,False,0.855002305209774,237,4.175000000000001
mzehra2,2,test,nmousta5,237_N_2-4_WL_Bruise_A244A_2026-02-26_DSC_5859,0.7843564973511997,0.6452191745706229,0.9816692667706708,0.6530877010897769,2564,3854,2517.0,47.0,1337.0,False,0.6652828230409964,237,4.175000000000001
mzehra2,2,test,nmousta5,237_N_2-4_WL_Bruise_A244A_2026-02-26_DSC_5860,0.8251041046995836,0.7022784810126582,0.991068238656663,0.7067515923566879,2799,3925,2774.0,25.0,1151.0,False,0.7131210191082803,237,4.175000000000001
mzehra2,2,test,nmousta5,237_N_2-4_WL_Bruise_OC_A244A_2026-02-26_DSC_5862,0.6849174311926606,0.5208170554749414,0.7783152627189325,0.6115334207077326,5995,7630,4666.0,1329.0,2964.0,False,0.7857142857142857,237,4.175000000000001
mzehra2,2,test,nmousta5,237_N_2-4_WL_Bruise_OC_A244A_2026-02-26_DSC_5863,0.7437860513896172,0.5920854900651193,0.9496518478843063,0.61127391828995,3734,5801,3546.0,188.0,2255.0,False,0.6436821237717635,237,4.175000000000001
mzehra2,2,test,nmousta5,237_S_2-4_WL_Bruise_A244A_2026-02-27_DSC_6307,0.7755989463561483,0.6334517142466876,0.7783652232292716,0.7728522623114741,11916,12001,9275.0,2641.0,2726.0,False,0.9929172568952588,237,4.175000000000001
mzehra2,2,test,nmousta5,237_S_2-4_WL_Bruise_A244A_2026-02-27_DSC_6308,0.8222813843948392,0.6981985115114419,0.8362212595801399,0.8087986463620981,12004,12411,10038.0,1966.0,2373.0,False,0.9672065103537185,237,4.175000000000001
mzehra2,2,test,nmousta5,237_S_2-4_WL_Bruise_A244A_2026-02-27_DSC_6309,0.7365483773127085,0.5829652391012099,0.7435394978567055,0.7296875,8165,8320,6071.0,2094.0,2249.0,False,0.9813701923076923,237,4.175000000000001
mzehra2,2,test,nmousta5,237_S_2-4_WL_Bruise_OC_A244A_2026-02-27_DSC_6311,0.7923451696440328,0.6561023478956167,0.8614239358656232,0.7335229581470947,10478,12305,9026.0,1452.0,3279.0,False,0.851523770824868,237,4.175000000000001
mzehra2,2,test,nmousta5,237_S_2-4_WL_Bruise_OC_A244A_2026-02-27_DSC_6312,0.7291958859280038,0.5738066770900395,0.8239566825145272,0.6539832285115303,7572,9540,6239.0,1333.0,3301.0,False,0.7937106918238994,237,4.175000000000001
mzehra2,2,test,nmousta5,237_Z_2-5_WL_Bruise_A244A_2026-02-16_DSC_7025,0.8166047450487084,0.690052407791951,0.9037166537166537,0.7448102887027056,15444,18739,13957.0,1487.0,4782.0,False,0.8241635092587651,237,4.175000000000001
mzehra2,2,test,nmousta5,237_Z_2-5_WL_Bruise_A244A_2026-02-16_DSC_7026,0.8930064770025417,0.8066953043993482,0.8784579401564643,0.9080450187578157,12399,11995,10892.0,1507.0,1103.0,False,1.0336807002917883,237,4.175000000000001
mzehra2,2,test,nmousta5,237_Z_2-5_WL_Bruise_A244A_2026-02-16_DSC_7027,0.8297080890233907,0.7089753259347054,0.9773486817675455,0.7208194117324862,13465,18257,13160.0,305.0,5097.0,False,0.7375253327490825,237,4.175000000000001
mzehra2,2,test,nmousta5,237_Z_2-5_WL_Bruise_OC_A244A_2026-02-16_DSC_7030,0.866745243306954,0.7648282420064186,0.9392059553349876,0.8046645407365722,13702,15993,12869.0,833.0,3124.0,False,0.8567498280497717,237,4.175000000000001
mzehra2,2,test,nmousta5,247_A_2-4_WL_Bruise_A244A_2026-02-27_DSC_6202,0.9070200869745288,0.8298597953770368,0.8353995803929049,0.9920724801812004,5243,4415,4380.0,863.0,35.0,False,1.1875424688561722,247,4.175000000000001
mzehra2,2,test,nmousta5,247_A_2-4_WL_Bruise_A244A_2026-02-27_DSC_6203,0.8808040770101925,0.786997217303314,0.7948390393459377,0.9876190476190476,3914,3150,3111.0,803.0,39.0,False,1.2425396825396826,247,4.175000000000001
mzehra2,2,test,nmousta5,247_A_2-4_WL_Bruise_A244A_2026-02-27_DSC_6204,0.8995992406665261,0.8175196473068813,0.8275126115638339,0.9854436229205176,5154,4328,4265.0,889.0,63.0,False,1.1908502772643252,247,4.175000000000001
mzehra2,2,test,nmousta5,247_A_2-4_WL_Bruise_OC_A244A_2026-02-27_DSC_6206,0.8705245628642798,0.7707335053446369,0.780806572068708,0.9835371589840075,5356,4252,4182.0,1174.0,70.0,False,1.2596425211665099,247,4.175000000000001
mzehra2,2,test,nmousta5,247_A_2-4_WL_Bruise_OC_A244A_2026-02-27_DSC_6207,0.8880023640661938,0.7985649747541855,0.8745634458672875,0.9018607442977191,3436,3332,3005.0,431.0,327.0,False,1.0312124849939976,247,4.175000000000001
mzehra2,2,test,nmousta5,250_A_2-4_WL_Bruise_A244A_2026-02-27_DSC_6537,0.9266777538642145,0.8633732853301737,0.8859013327098434,0.9713890170742963,21385,19503,18945.0,2440.0,558.0,False,1.0964979746705634,250,4.175000000000001
mzehra2,2,test,nmousta5,250_A_2-4_WL_Bruise_A244A_2026-02-27_DSC_6538,0.9269562975377079,0.8638569849584314,0.9085670962850645,0.9461052631578948,19785,19000,17976.0,1809.0,1024.0,False,1.0413157894736842,250,4.175000000000001
mzehra2,2,test,nmousta5,250_A_2-4_WL_Bruise_OC_A244A_2026-02-27_DSC_6541,0.932631658940649,0.8737673988110071,0.9055858913813459,0.9613426288579038,27104,25532,24545.0,2559.0,987.0,False,1.0615697947673508,250,4.175000000000001
mzehra2,2,test,nmousta5,250_A_2-4_WL_Bruise_OC_A244A_2026-02-27_DSC_6542,0.9361017830960602,0.8798790788654752,0.9027549717204889,0.9720066791081426,21924,20362,19792.0,2132.0,570.0,False,1.076711521461546,250,4.175000000000001
mzehra2,2,test,nmousta5,250_A_2-4_WL_Bruise_OC_A244A_2026-02-27_DSC_6543,0.9519120915643631,0.9082368796575234,0.9349573591218835,0.9694931031564695,24507,23634,22913.0,1594.0,721.0,False,1.0369383092155369,250,4.175000000000001
mzehra2,2,test,nmousta5,254_A_2-5_WL_Bruise_A244A_2026-02-16_DSC_6925,0.5496439044826141,0.37897169266320047,0.37897169266320047,1.0,1731,656,656.0,1075.0,0.0,False,2.638719512195122,254,4.175000000000001
mzehra2,2,test,nmousta5,254_A_2-5_WL_Bruise_A244A_2026-02-16_DSC_6926,0.5871774824081314,0.4156059767570559,0.4156059767570559,1.0,1807,751,751.0,1056.0,0.0,False,2.4061251664447405,254,4.175000000000001
mzehra2,2,test,nmousta5,254_A_2-5_WL_Bruise_A244A_2026-02-16_DSC_6927,0.39453357100415926,0.2457438934122872,0.2457438934122872,1.0,1351,332,332.0,1019.0,0.0,False,4.069277108433735,254,4.175000000000001
mzehra2,2,test,nmousta5,254_A_2-5_WL_Bruise_OC_A244A_2026-02-16_DSC_6930,0.3978494623655914,0.2483221476510067,0.2483221476510067,1.0,1341,333,333.0,1008.0,0.0,False,4.027027027027027,254,4.175000000000001
mzehra2,2,test,nmousta5,254_A_2-5_WL_Bruise_OC_A244A_2026-02-16_DSC_6931,0.6405622489959839,0.4711964549483013,0.5606326889279437,0.747072599531616,569,427,319.0,250.0,108.0,False,1.3325526932084308,254,4.175000000000001
mzehra2,2,test,nmousta5,254_B_2-5_WL_Bruise_A244A_2026-02-16_DSC_6954,0.12863418920238212,0.06873813150810709,0.9565848700450124,0.06895324618234722,6887,95543,6588.0,299.0,88955.0,False,0.07208272714903237,254,4.175000000000001
mzehra2,2,test,nmousta5,254_B_2-5_WL_Bruise_A244A_2026-02-16_DSC_6955,0.12906175389877575,0.06898236976432683,0.9670134483633596,0.06914507584004645,7882,110232,7621.999999999999,260.0000000000009,102610.0,False,0.07150373757166703,254,4.175000000000001
mzehra2,2,test,nmousta5,254_B_2-5_WL_Bruise_A244A_2026-02-16_DSC_6956,0.13293370479422212,0.0711992418992122,0.963444976076555,0.07139210347174949,5225,70512,5034.0,191.0,65478.0,False,0.07410086226457908,254,4.175000000000001
mzehra2,2,test,nmousta5,254_B_2-5_WL_Bruise_OC_A244A_2026-02-16_DSC_6960,0.1152804724644479,0.06116585029242412,0.9527753303964758,0.06135185122147712,5675,88131,5407.0,268.0,82724.0,False,0.06439277893136354,254,4.175000000000001
mzehra2,2,test,nmousta5,254_B_2-5_WL_Bruise_OC_A244A_2026-02-16_DSC_6961,0.09987134126728851,0.052560304697418535,0.9446303620322483,0.052722734450613824,3287,58893,3105.0,182.0,55788.0,False,0.0558130847469139,254,4.175000000000001
mzehra2,2,test,nmousta5,260_A_2-5_WL_Bruise_A244A_2026-02-17_DSC_7634,0.53514526710403,0.3653230966090851,0.36862491930277597,0.976068376068376,3098,1170,1142.0,1956.0,28.0,False,2.647863247863248,260,4.175000000000001
mzehra2,2,test,nmousta5,260_A_2-5_WL_Bruise_A244A_2026-02-17_DSC_7635,0.5757250268528464,0.4042232277526395,0.43243243243243246,0.8610441767068273,2479,1245,1072.0,1407.0,173.0,False,1.9911646586345382,260,4.175000000000001
mzehra2,2,test,nmousta5,260_A_2-5_WL_Bruise_A244A_2026-02-17_DSC_7636,0.4437052200614125,0.2851035843472542,0.28948247078464107,0.9496166484118291,2995,913,867.0,2128.0,46.0,False,3.2803943044906902,260,4.175000000000001
mzehra2,2,test,nmousta5,260_A_2-5_WL_Bruise_OC_A244A_2026-02-17_DSC_7638,0.41090825051999075,0.2585805700988947,0.25895718030876785,0.9944071588366891,3433,894,889.0,2544.0,5.0,False,3.8400447427293063,260,4.175000000000001
mzehra2,2,test,nmousta5,260_A_2-5_WL_Bruise_OC_A244A_2026-02-17_DSC_7639,0.5011895321173672,0.3343915343915344,0.33554552694451817,0.9898198903680501,3767,1277,1264.0,2503.0,13.0,False,2.9498825371965545,260,4.175000000000001
mzehra2,2,test,nmousta5,285_F_2-6_WL_Bruise_A244A_2026-04-06_DSC_2339,0.6438213914849429,0.47473200612557426,0.8104575163398693,0.5340223944875108,1530,2322,1240.0,290.0,1082.0,False,0.6589147286821705,285,4.175000000000001
mzehra2,2,test,nmousta5,285_F_2-6_WL_Bruise_A244A_2026-04-06_DSC_2340,0.49138661395086136,0.32572070385623364,0.5938566552901023,0.4190751445086705,2930,4152,1740.0,1190.0,2412.0,False,0.7056840077071291,285,4.175000000000001
mzehra2,2,test,nmousta5,285_F_2-6_WL_Bruise_OC_A244A_2026-04-06_DSC_2343,0.684870437447757,0.5207627118644068,0.5599088838268793,0.8816355810616929,2195,1394,1229.0,966.0,165.0,False,1.5746054519368724,285,4.175000000000001
mzehra2,2,test,nmousta5,285_F_2-6_WL_Bruise_OC_A244A_2026-04-06_DSC_2344,0.5714669893774371,0.40003765060240964,0.41166214645486243,0.9340659340659341,5162,2275,2125.0,3037.0,150.0,False,2.269010989010989,285,4.175000000000001
mzehra2,2,test,nmousta5,285_G_2-6_WL_Bruise_A244A_2026-05-29_DSC_3860,0.7462255986152515,0.5951833103236692,0.9941070971047912,0.5972906403940886,3903,6496,3880.0,23.0,2616.0,False,0.6008312807881774,285,4.175000000000001
mzehra2,2,test,nmousta5,285_G_2-6_WL_Bruise_A244A_2026-05-29_DSC_3861,0.8016470588235294,0.6689573924995091,0.926822633297062,0.7062603648424544,3676,4824,3407.0,269.0,1417.0,False,0.7620232172470979,285,4.175000000000001
mzehra2,2,test,nmousta5,285_G_2-6_WL_Bruise_A244A_2026-05-29_DSC_3862,0.8260439831974302,0.7036413386655441,0.9467572925516851,0.732632040324348,3531,4563,3343.0,188.0,1220.0,False,0.7738330046022354,285,4.175000000000001
mzehra2,2,test,nmousta5,285_G_2-6_WL_Bruise_OC_A244A_2026-05-29_DSC_3864,0.8730913135807463,0.7747666905958364,0.9608279545960383,0.8000370644922165,4493,5396,4317.0,176.0,1079.0,False,0.8326538176426983,285,4.175000000000001
mzehra2,2,test,nmousta5,285_G_2-6_WL_Bruise_OC_A244A_2026-05-29_DSC_3865,0.8088139987038238,0.6789989118607181,0.8501362397820164,0.7713226205191595,4404,4854,3744.0,660.0,1110.0,False,0.907292954264524,285,4.175000000000001
