train_masks,fold,split,eval_masks,stem,dice,iou,precision,recall,pred_positive_pixels,gt_positive_pixels,tp_pixels,fp_pixels,fn_pixels,complete_miss,pred_gt_ratio,subject,cut
hliu36,4,cv_val,hliu36,110_G_2-4_WL_Bruise_A244A_2026-03-06_DSC_3991,0.7409423371321653,0.5884895974061065,0.8835699797160244,0.6379613356766256,4930,6828,4356.0,574.0,2472.0,False,0.7220269478617457,110,-1.2249999999999996
hliu36,4,cv_val,hliu36,110_G_2-4_WL_Bruise_A244A_2026-03-06_DSC_3992,0.7906261095987691,0.6537482873360736,0.8643892339544513,0.7284623773173392,3864,4585,3340.0,524.0,1245.0,False,0.8427480916030534,110,-1.2249999999999996
hliu36,4,cv_val,hliu36,110_G_2-4_WL_Bruise_A244A_2026-03-06_DSC_3993,0.7970269774270509,0.6625476735316552,0.9053575151136126,0.7118505163088018,4797,6101,4343.0,454.0,1758.0,False,0.7862645467956073,110,-1.2249999999999996
hliu36,4,cv_val,hliu36,110_G_2-4_WL_Bruise_OC_A244A_2026-03-06_DSC_3995,0.8583201267828843,0.7518045530260966,0.9226575809199319,0.8023703703703704,5870,6750,5416.0,454.0,1334.0,False,0.8696296296296296,110,-1.2249999999999996
hliu36,4,cv_val,hliu36,110_G_2-4_WL_Bruise_OC_A244A_2026-03-06_DSC_3996,0.7454764776839565,0.5942307692307692,0.7621076233183857,0.7295556986477785,4460,4659,3399.0,1061.0,1260.0,False,0.9572869714531015,110,-1.2249999999999996
hliu36,4,cv_val,hliu36,137_E_2-3_WL_Bruise_A244B_2026-02-17_DSC_0142,0.7693577050012693,0.6251676121712223,0.6763754045307443,0.8919793966151582,8961,6795,6061.0,2900.0,734.0,False,1.3187637969094923,137,-1.2249999999999996
hliu36,4,cv_val,hliu36,137_E_2-3_WL_Bruise_A244B_2026-02-17_DSC_0143,0.0,0.0,0.0,0.0,5495,5585,0.0,5495.0,5585.0,True,0.9838854073410922,137,-1.2249999999999996
hliu36,4,cv_val,hliu36,137_E_2-3_WL_Bruise_A244B_2026-02-17_DSC_0144,0.0,0.0,0.0,0.0,4821,6213,0.0,4821.0,6213.0,True,0.7759536455818445,137,-1.2249999999999996
hliu36,4,cv_val,hliu36,137_E_2-3_WL_Bruise_OC_A244B_2026-02-17_DSC_0146,0.5976064656512279,0.4261332151169234,0.8845180584311019,0.45123811759183197,4347,8521,3845.0,502.0,4676.0,False,0.5101513906818449,137,-1.2249999999999996
hliu36,4,cv_val,hliu36,137_E_2-3_WL_Bruise_OC_A244B_2026-02-17_DSC_0147,0.0,0.0,0.0,0.0,198,6194,0.0,198.0,6194.0,True,0.03196641911527284,137,-1.2249999999999996
hliu36,4,cv_val,hliu36,137_F_2-3_WL_Bruise_A244B_2026-02-25_DSC_0461,0.9111052952979151,0.8367248838327191,0.8935660506502395,0.9293468588716853,5844,5619,5222.0,622.0,397.0,False,1.040042712226375,137,-1.2249999999999996
hliu36,4,cv_val,hliu36,137_F_2-3_WL_Bruise_A244B_2026-02-25_DSC_0462,0.8624885215794307,0.7582240161453078,0.8005540166204986,0.9348096541428216,4693,4019,3757.0,936.0,262.0,False,1.1677034088081613,137,-1.2249999999999996
hliu36,4,cv_val,hliu36,137_F_2-3_WL_Bruise_A244B_2026-02-25_DSC_0463,0.9017857142857143,0.8211382113821138,0.9572570154246423,0.8523911964256164,5381,6043,5151.0,230.0,892.0,False,0.8904517623696839,137,-1.2249999999999996
hliu36,4,cv_val,hliu36,137_F_2-3_WL_Bruise_OC_A244B_2026-02-25_DSC_0465,0.9081727300834793,0.8317915801397017,0.9184907233687721,0.8980839788014676,4797,4906,4406.0,391.0,500.0,False,0.97778230737872,137,-1.2249999999999996
hliu36,4,cv_val,hliu36,137_F_2-3_WL_Bruise_OC_A244B_2026-02-25_DSC_0466,0.7479413156649314,0.5973692168128213,0.6357200321802091,0.9082758620689655,6215,4350,3951.0,2264.0,399.0,False,1.428735632183908,137,-1.2249999999999996
hliu36,4,cv_val,hliu36,137_G_2-3_WL_Bruise_A244B_2026-02-25_DSC_0480,0.575107296137339,0.4036144578313253,0.44419889502762433,0.8154158215010142,11765,6409,5226.0,6539.0,1183.0,False,1.8356997971602433,137,-1.2249999999999996
hliu36,4,cv_val,hliu36,137_G_2-3_WL_Bruise_A244B_2026-02-25_DSC_0481,0.130326193899947,0.06970531088082901,0.13348837209302325,0.1273103652225344,6450,6763,860.9999999999999,5589.0,5902.0,False,0.9537187638621913,137,-1.2249999999999996
hliu36,4,cv_val,hliu36,137_G_2-3_WL_Bruise_A244B_2026-02-25_DSC_0482,0.0,0.0,0.0,0.0,5553,5876,0.0,5553.0,5876.0,True,0.9450306330837305,137,-1.2249999999999996
hliu36,4,cv_val,hliu36,137_G_2-3_WL_Bruise_OC_A244B_2026-02-25_DSC_0484,0.5753152464654184,0.40381933268962555,0.5947227050086902,0.5571343990526939,6329,6756,3764.0,2565.0,2992.0,False,0.9367969212551805,137,-1.2249999999999996
hliu36,4,cv_val,hliu36,137_G_2-3_WL_Bruise_OC_A244B_2026-02-25_DSC_0485,0.688064410836688,0.5244650854204678,0.8279654359780048,0.5886075949367089,3819,5372,3161.9999999999995,657.0000000000005,2210.0000000000005,False,0.7109084139985108,137,-1.2249999999999996
hliu36,4,cv_val,hliu36,137_I_2-4_WL_Bruise_A244A_2026-03-03_DSC_7390,0.6556678003959592,0.48772751302771694,0.6214395688991532,0.6938863221231332,10392,9307,6458.0,3934.0,2849.0,False,1.1165789190931557,137,-1.2249999999999996
hliu36,4,cv_val,hliu36,137_I_2-4_WL_Bruise_OC_A244A_2026-03-03_DSC_7394,0.5084964256416267,0.34092873418716113,0.40642562757587114,0.6790297339593114,10676,6390,4339.0,6337.0,2051.0,False,1.670735524256651,137,-1.2249999999999996
hliu36,4,cv_val,hliu36,137_J_2-4_WL_Bruise_A244A_2026-03-04_DSC_8258,0.8038590901044432,0.6720438064229688,0.7103081495385578,0.9257900101936799,6393,4905,4541.0,1852.0,364.0,False,1.3033639143730886,137,-1.2249999999999996
hliu36,4,cv_val,hliu36,189_B_2-4_WL_Bruise_A244A_2026-03-05_DSC_9809,0.6409375275354657,0.4716026970954357,0.5102413019079686,0.8616441601516228,7128,4221,3637.0000000000005,3490.9999999999995,583.9999999999995,False,1.6886993603411513,189,-1.2249999999999996
hliu36,4,cv_val,hliu36,189_B_2-4_WL_Bruise_A244A_2026-03-05_DSC_9810,0.8453574631124154,0.7321378141767863,0.7781779978988443,0.925231977159172,6663,5604,5185.0,1478.0,419.0,False,1.1889721627408993,189,-1.2249999999999996
hliu36,4,cv_val,hliu36,189_B_2-4_WL_Bruise_A244A_2026-03-05_DSC_9811,0.5419490158115521,0.37169414628748476,0.39690417109771947,0.8540554284261378,8463,3933,3359.0,5104.0,574.0,False,2.1517925247902365,189,-1.2249999999999996
hliu36,4,cv_val,hliu36,189_B_2-4_WL_Bruise_OC_A244A_2026-03-05_DSC_9813,0.8042565947242206,0.6725996490348458,0.7326597487711632,0.8913621262458472,3662,3010,2683.0,979.0,327.0,False,1.216611295681063,189,-1.2249999999999996
hliu36,4,cv_val,hliu36,189_B_2-4_WL_Bruise_OC_A244A_2026-03-05_DSC_9814,0.8069233064756789,0.6763381690845423,0.685250886974151,0.9811320754716981,3946,2756,2704.0,1242.0,52.0,False,1.4317851959361394,189,-1.2249999999999996
hliu36,4,cv_val,hliu36,224_E_2-4_WL_Bruise_A244A_2026-03-08_DSC_4536,0.8848359240069085,0.7934580597199852,0.9711122905451512,0.8126387919548252,13189,15761,12808.0,381.0,2953.0,False,0.8368123850009517,224,-1.2249999999999996
hliu36,4,cv_val,hliu36,224_E_2-4_WL_Bruise_A244A_2026-03-08_DSC_4537,0.9418337670289301,0.890062201649067,0.9179471878263464,0.966996699669967,13406,12726,12306.0,1100.0,420.0,False,1.0534339148200533,224,-1.2249999999999996
hliu36,4,cv_val,hliu36,224_E_2-4_WL_Bruise_A244A_2026-03-08_DSC_4538,0.9124565516126425,0.839006986769734,0.9659421530035941,0.8645833333333334,11686,13056,11288.0,398.0,1768.0,False,0.8950674019607843,224,-1.2249999999999996
hliu36,4,cv_val,hliu36,224_E_2-4_WL_Bruise_OC_A244A_2026-03-08_DSC_4542,0.9005834829443446,0.8191467646458461,0.8766794101583834,0.9258276617833661,9155,8669,8025.999999999999,1129.000000000001,643.0000000000009,False,1.0560618295074402,224,-1.2249999999999996
hliu36,4,cv_val,hliu36,224_E_2-4_WL_Bruise_OC_A244A_2026-03-08_DSC_4543,0.9050777810390372,0.8266137679605404,0.9094019110534387,0.9007945781724702,8477,8558,7709.0,768.0,849.0,False,0.9905351717691049,224,-1.2249999999999996
hliu36,4,cv_val,hliu36,266_B_2-6_WL_Bruise_A244A_2026-05-29_DSC_4275,0.8662228363270946,0.7640150675825393,0.9882487818859272,0.7710196779964222,3489,4472,3448.0,41.0,1024.0,False,0.7801878354203936,266,-1.2249999999999996
hliu36,4,cv_val,hliu36,266_B_2-6_WL_Bruise_A244A_2026-05-29_DSC_4277,0.8950445434298441,0.8100277147896195,0.9414348462664714,0.8530114088617671,3415,3769,3215.0,200.0,554.0,False,0.9060758821968692,266,-1.2249999999999996
hliu36,4,cv_val,hliu36,266_B_2-6_WL_Bruise_OC_A244A_2026-05-29_DSC_4281,0.8949984782388151,0.8099522585383768,0.9977380683103371,0.8114422369389257,4421,5436,4411.0,10.0,1025.0,False,0.8132818248712288,266,-1.2249999999999996
hliu36,4,cv_val,hliu36,266_C_2-6_WL_Bruise_A244A_2026-05-29_DSC_4298,0.8062892300043503,0.6754477301124532,0.8648180242634316,0.7551804423748545,15002,17180,12974.0,2028.0,4206.0,False,0.8732246798603027,266,-1.2249999999999996
hliu36,4,cv_val,hliu36,266_C_2-6_WL_Bruise_A244A_2026-05-29_DSC_4299,0.8538587848932676,0.7449856733524355,0.85199344620426,0.8557323093801427,14648,14584,12480.0,2168.0,2104.0,False,1.004388370817334,266,-1.2249999999999996
hliu36,4,cv_val,hliu36,266_C_2-6_WL_Bruise_A244A_2026-05-29_DSC_4300,0.7039557502874367,0.5431571880694351,0.7914337618781442,0.6338910963120488,14312,17869,11327.0,2985.0,6542.0,False,0.8009401757233198,266,-1.2249999999999996
hliu36,4,cv_val,hliu36,266_C_2-6_WL_Bruise_OC_A244A_2026-05-29_DSC_4303,0.85366335655353,0.7446881868723871,0.8189487653443291,0.8914512717329619,21099,19383,17279.0,3820.0,2104.0,False,1.0885311871227363,266,-1.2249999999999996
hliu36,4,cv_val,hliu36,266_C_2-6_WL_Bruise_OC_A244A_2026-05-29_DSC_4304,0.8243696507055286,0.701215013035565,0.8511972293545113,0.799181476705724,16747,17837,14255.0,2492.0,3582.0,False,0.9388910691259741,266,-1.2249999999999996
hliu36,4,cv_val,hliu36,269_A_2-6_WL_Bruise_A244A_2026-03-09_DSC_9352,0.9133273588528997,0.8404806786050896,0.8601398601398601,0.9735262008733624,4147,3664,3567.0,580.0,97.0,False,1.1318231441048034,269,-1.2249999999999996
hliu36,4,cv_val,hliu36,269_A_2-6_WL_Bruise_A244A_2026-03-09_DSC_9353,0.9309026756836225,0.8707370737073707,0.9273579379027533,0.9344746162927982,3414,3388,3166.0,248.0,222.0,False,1.0076741440377803,269,-1.2249999999999996
hliu36,4,cv_val,hliu36,269_A_2-6_WL_Bruise_A244A_2026-03-09_DSC_9354,0.9172589513209065,0.8471637354471142,0.9473684210526315,0.8890044190278139,3610,3847,3420.0,190.0,427.0,False,0.938393553418248,269,-1.2249999999999996
hliu36,4,cv_val,hliu36,269_A_2-6_WL_Bruise_OC_A244A_2026-03-09_DSC_9356,0.9106726736057169,0.8359954363947518,0.9176581089542893,0.9037927844588344,3194,3243,2931.0,263.0,312.0,False,0.9848905334566759,269,-1.2249999999999996
hliu36,4,cv_val,hliu36,269_A_2-6_WL_Bruise_OC_A244A_2026-03-09_DSC_9357,0.800461656835086,0.66730810348514,1.0,0.66730810348514,3121,4677,3121.0,0.0,1556.0,False,0.66730810348514,269,-1.2249999999999996
hliu36,4,cv_val,hliu36,269_D_2-6_WL_Bruise_A244A_2026-04-04_DSC_0997,0.23483397190293742,0.13303789454644116,0.3090985501155705,0.1893422576908225,4759,7769,1471.0,3288.0,6298.0,False,0.6125627493885957,269,-1.2249999999999996
hliu36,4,cv_val,hliu36,269_D_2-6_WL_Bruise_A244A_2026-04-04_DSC_0998,0.6327828609685338,0.4628254305068147,0.4988564391273751,0.8650091519219036,11368,6556,5670.999999999999,5697.000000000001,885.0000000000009,False,1.7339841366687003,269,-1.2249999999999996
hliu36,4,cv_val,hliu36,269_D_2-6_WL_Bruise_A244A_2026-04-04_DSC_0999,0.19661816751867872,0.10902747492368077,0.1901863826550019,0.2035002035002035,5258,4914,1000.0,4258.0,3914.0,False,1.07000407000407,269,-1.2249999999999996
hliu36,4,cv_val,hliu36,269_D_2-6_WL_Bruise_OC_A244A_2026-04-04_DSC_1001,0.3053309900410076,0.18017146017699115,0.20985665968755032,0.560189165950129,6209,2326,1303.0,4906.0,1023.0,False,2.6693895098882203,269,-1.2249999999999996
hliu36,4,cv_val,hliu36,269_D_2-6_WL_Bruise_OC_A244A_2026-04-04_DSC_1002,0.4730587285104419,0.30980807012241196,0.32779021426287175,0.8495648570244508,6254,2413,2050.0,4204.0,363.0,False,2.591794446746788,269,-1.2249999999999996
hliu36,4,cv_val,hliu36,269_I_2-6_WL_Bruise_A244A_2026-04-06_DSC_1668,0.7789102312818502,0.6378812199036918,0.9864713913367258,0.6435106469111813,8057,12351,7948.0,109.0,4403.0,False,0.6523358432515586,269,-1.2249999999999996
hliu36,4,cv_val,hliu36,269_I_2-6_WL_Bruise_A244A_2026-04-06_DSC_1669,0.35508406725380304,0.21586760769043564,0.21592015579357351,0.9988738738738738,8216,1776,1774.0,6442.0,2.0,False,4.626126126126126,269,-1.2249999999999996
hliu36,4,cv_val,hliu36,269_I_2-6_WL_Bruise_A244A_2026-04-06_DSC_1670,0.6944390370514567,0.5319085487077535,0.6071023371908327,0.8111262695164468,8814,6597,5351.0,3463.0,1246.0,False,1.33606184629377,269,-1.2249999999999996
hliu36,4,cv_val,hliu36,269_I_2-6_WL_Bruise_OC_A244A_2026-04-06_DSC_1672,0.8529995787953547,0.74367852271535,0.8726914553065748,0.8341767682711545,8122,8497,7088.0,1034.0,1409.0,False,0.9558667765093563,269,-1.2249999999999996
hliu36,4,cv_val,hliu36,269_I_2-6_WL_Bruise_OC_A244A_2026-04-06_DSC_1673,0.7642937853107344,0.6185076810534016,0.91504329004329,0.6561893674815678,9240,12885,8455.0,785.0,4430.0,False,0.7171129220023282,269,-1.2249999999999996
hliu36,4,cv_val,hliu36,276_A_2-6_WL_Bruise_A244A_2026-04-04_DSC_0338,0.7277836318932209,0.5720596355604638,0.6201736007183478,0.8805779855503613,3341,2353,2072.0,1269.0,281.0,False,1.419889502762431,276,-1.2249999999999996
hliu36,4,cv_val,hliu36,276_A_2-6_WL_Bruise_A244A_2026-04-04_DSC_0339,0.6453475460803908,0.4763934426229508,0.49845626072041166,0.9149874055415617,2915,1588,1452.9999999999998,1462.0000000000002,135.00000000000023,False,1.8356423173803527,276,-1.2249999999999996
hliu36,4,cv_val,hliu36,276_A_2-6_WL_Bruise_A244A_2026-04-04_DSC_0340,0.5311055812300035,0.361568247821878,0.36852491366551554,0.950381679389313,4054,1572,1493.9999999999998,2560.0,78.00000000000023,False,2.578880407124682,276,-1.2249999999999996
hliu36,4,cv_val,hliu36,276_A_2-6_WL_Bruise_OC_A244A_2026-04-04_DSC_0342,0.6835850956696878,0.5192778457772338,0.5668002672010688,0.8609842719431761,2994,1971,1697.0,1297.0,274.0,False,1.5190258751902588,276,-1.2249999999999996
hliu36,4,cv_val,hliu36,276_A_2-6_WL_Bruise_OC_A244A_2026-04-04_DSC_0343,0.6996135855196258,0.5380043791054113,0.5910652920962199,0.8570004982561036,2910,2007,1720.0,1190.0,287.0,False,1.4499252615844545,276,-1.2249999999999996
hliu36,4,cv_val,hliu36,283_A_2-6_WL_Bruise_A244A_2026-04-06_DSC_1464,0.2782753326509724,0.16162591959574943,0.173348210727664,0.7050243111831442,12547,3085,2175.0,10372.0,910.0,False,4.06709886547812,283,-1.2249999999999996
hliu36,4,cv_val,hliu36,283_A_2-6_WL_Bruise_A244A_2026-04-06_DSC_1465,0.0,0.0,0.0,0.0,17163,756,0.0,17163.0,756.0,True,22.702380952380953,283,-1.2249999999999996
hliu36,4,cv_val,hliu36,283_A_2-6_WL_Bruise_OC_A244A_2026-04-06_DSC_1467,0.7300162353165887,0.5748232816964957,0.6571526822558459,0.8210526315789474,5816,4655,3822.0,1994.0,833.0,False,1.249409237379162,283,-1.2249999999999996
hliu36,4,cv_val,hliu36,283_A_2-6_WL_Bruise_OC_A244A_2026-04-06_DSC_1468,0.6540594340964027,0.4859497147686457,0.5063848524878908,0.923323966278603,9084,4982,4600.0,4484.0,382.0,False,1.823364110798876,283,-1.2249999999999996
hliu36,4,cv_val,hliu36,284_B_2-6_WL_Bruise_A244A_2026-04-06_DSC_1524,0.0,0.0,0.0,0.0,24275,1697,0.0,24275.0,1697.0,True,14.304655274012964,284,-1.2249999999999996
hliu36,4,cv_val,hliu36,52_J_2-4_WL_Bruise_A244A_2026-03-08_DSC_4692,0.3700104791845289,0.22700175336060782,0.385393927366541,0.3558079882740931,5039,5458,1942.0,3097.0,3516.0,False,0.9232319530963723,52,-1.2249999999999996
hliu36,4,cv_val,hliu36,52_J_2-4_WL_Bruise_A244A_2026-03-08_DSC_4693,0.5164761264290518,0.34814143245693563,0.6262230919765166,0.43945983062485694,3066,4369,1920.0000000000002,1145.9999999999998,2449.0,False,0.7017624170290684,52,-1.2249999999999996
hliu36,4,cv_val,hliu36,52_J_2-4_WL_Bruise_A244A_2026-03-08_DSC_4694,0.4741911048587815,0.3107801418439716,0.6787484510532837,0.36437718277066355,3228,6013,2191.0,1037.0,3822.0,False,0.5368368534841177,52,-1.2249999999999996
hliu36,4,cv_val,hliu36,52_J_2-4_WL_Bruise_OC_A244A_2026-03-08_DSC_4697,0.45372460496614,0.2934306569343066,0.5406455469216975,0.3908815903197926,3346,4628,1809.0,1537.0,2819.0,False,0.722990492653414,52,-1.2249999999999996
hliu36,4,cv_val,hliu36,52_K_2-4_WL_Bruise_A244A_2026-03-08_DSC_4711,0.7899686520376176,0.6528497409326425,0.7338991512730904,0.8553141970519783,6009,5156,4410.0,1599.0,746.0,False,1.1654383242823894,52,-1.2249999999999996
hliu36,4,cv_val,hliu36,52_K_2-4_WL_Bruise_A244A_2026-03-08_DSC_4712,0.7156159868149979,0.5571666880533812,0.600304161482096,0.8857609139126887,7233,4902,4342.0,2891.0,560.0,False,1.4755201958384332,52,-1.2249999999999996
hliu36,4,test,hliu36,170_F_2-4_WL_Bruise_A244A_2026-03-05_DSC_1856,0.796195401237418,0.6613992022092666,0.6944265463917526,0.9329149534732741,6208,4621,4311.0,1897.0,310.0,False,1.3434321575416577,170,-1.2249999999999996
hliu36,4,test,hliu36,170_F_2-4_WL_Bruise_OC_A244A_2026-03-05_DSC_1860,0.7827143001720474,0.6429996674426338,0.8021157436216553,0.7642292490118577,4821,5060,3867.0,954.0,1193.0,False,0.9527667984189724,170,-1.2249999999999996
hliu36,4,test,hliu36,182_Q_2-6_WL_Bruise_A244A_2026-04-06_DSC_2484,0.5693963158854641,0.39801121876593576,0.5435236768802229,0.5978552278820375,2872,2611,1561.0,1311.0,1050.0,False,1.0999617004978934,182,-1.2249999999999996
hliu36,4,test,hliu36,182_Q_2-6_WL_Bruise_A244A_2026-04-06_DSC_2485,0.156533245120741,0.08491243181165661,0.08817172244167847,0.6967020023557126,13417,1698,1183.0,12234.0,515.0,False,7.901648998822144,182,-1.2249999999999996
hliu36,4,test,hliu36,182_Q_2-6_WL_Bruise_A244A_2026-04-06_DSC_2486,0.5933589187385283,0.42182680901542113,0.8823821339950372,0.4469582704876823,2015,3978,1778.0,237.0,2200.0,False,0.5065359477124183,182,-1.2249999999999996
hliu36,4,test,hliu36,182_Q_2-6_WL_Bruise_OC_A244A_2026-04-06_DSC_2488,0.7380172920339125,0.5848077690568045,0.6257651245551601,0.8993453355155483,7025,4888,4396.0,2629.0,492.0,False,1.4371931260229132,182,-1.2249999999999996
hliu36,4,test,hliu36,20_D_2-6_WL_Bruise_A244A_2026-04-04_DSC_0400,0.9491781916011602,0.9032722617809424,0.9299069269417676,0.9692651098901099,12141,11648,11290.0,851.0,358.0,False,1.0423248626373627,20,-1.2249999999999996
hliu36,4,test,hliu36,20_D_2-6_WL_Bruise_OC_A244A_2026-04-04_DSC_0403,0.9470556033471494,0.899435531788473,0.9216484645534457,0.9739032530459608,26279,24869,24220.0,2059.0,649.0,False,1.0566970927660944,20,-1.2249999999999996
hliu36,4,test,hliu36,20_D_2-6_WL_Bruise_OC_A244A_2026-04-04_DSC_0404,0.9297795446331767,0.8687738493229324,0.9038116985772001,0.9572837209302325,28465,26875,25727.0,2738.0,1148.0,False,1.0591627906976744,20,-1.2249999999999996
hliu36,4,test,hliu36,226_A_2-4_WL_Bruise_A244A_2026-03-06_DSC_3569,0.5676001931434089,0.3962582167537502,0.3962582167537502,1.0,5933,2351,2351.0,3582.0,0.0,False,2.5236069757549977,226,-1.2249999999999996
hliu36,4,test,hliu36,226_A_2-4_WL_Bruise_A244A_2026-03-06_DSC_3570,0.6799662826636695,0.5151128139633887,0.5596669750231268,0.8661417322834646,4324,2794,2420.0,1904.0,374.0,False,1.5476020042949177,226,-1.2249999999999996
hliu36,4,test,hliu36,226_A_2-4_WL_Bruise_A244A_2026-03-06_DSC_3571,0.1932904759332289,0.10698481042937448,0.10698481042937448,1.0,16722,1789,1789.0,14933.0,0.0,False,9.347121296813862,226,-1.2249999999999996
hliu36,4,test,hliu36,226_A_2-4_WL_Bruise_OC_A244A_2026-03-06_DSC_3573,0.6627551644053294,0.49561243144424133,0.5142261001517451,0.9319353729804056,5272,2909,2711.0,2561.0,198.0,False,1.8123066345823307,226,-1.2249999999999996
hliu36,4,test,hliu36,226_A_2-4_WL_Bruise_OC_A244A_2026-03-06_DSC_3574,0.7442721592224022,0.5927018061186878,0.6250728862973761,0.9196454103517301,5145,3497,3216.0,1929.0,281.0,False,1.4712610809265085,226,-1.2249999999999996
hliu36,4,test,hliu36,226_C_2-4_WL_Bruise_A244A_2026-03-06_DSC_3610,0.847571679344646,0.7354658542777355,0.751881650661822,0.9711699631243714,3853,2983,2897.0,956.0,86.0,False,1.2916526986255448,226,-1.2249999999999996
hliu36,4,test,hliu36,226_C_2-4_WL_Bruise_A244A_2026-03-06_DSC_3611,0.8410089503661513,0.7256388654872227,0.7305626236923947,0.99079754601227,3537,2608,2584.0,953.0,24.0,False,1.3562116564417177,226,-1.2249999999999996
hliu36,4,test,hliu36,226_C_2-4_WL_Bruise_A244A_2026-03-06_DSC_3612,0.7568042142230026,0.6087570621468926,0.644630571343105,0.9162414965986394,3343,2352,2155.0,1188.0,197.0,False,1.4213435374149659,226,-1.2249999999999996
hliu36,4,test,hliu36,226_C_2-4_WL_Bruise_OC_A244A_2026-03-06_DSC_3614,0.8945074106364429,0.8091482649842271,0.9545454545454546,0.8415748769627373,3762,4267,3591.0,171.0,676.0,False,0.88164987110382,226,-1.2249999999999996
hliu36,4,test,hliu36,226_C_2-4_WL_Bruise_OC_A244A_2026-03-06_DSC_3615,0.86500794070937,0.7621268656716418,0.8224832214765101,0.9121697059918125,2980,2687,2451.0,529.0,236.0,False,1.1090435429847414,226,-1.2249999999999996
hliu36,4,test,hliu36,228_B_2-4_WL_Bruise_A244A_2026-03-06_DSC_3718,0.8091735179575941,0.6795058139534884,0.7404963041182682,0.8918918918918919,3788,3145,2805.0,983.0,340.0,False,1.2044515103338633,228,-1.2249999999999996
hliu36,4,test,hliu36,228_B_2-4_WL_Bruise_A244A_2026-03-06_DSC_3719,0.8178357803153888,0.6918123275068997,0.7094339622641509,0.9653401797175867,4240,3116,3008.0,1232.0,108.0,False,1.3607188703465982,228,-1.2249999999999996
hliu36,4,test,hliu36,228_B_2-4_WL_Bruise_A244A_2026-03-06_DSC_3720,0.9201236375467707,0.8520638746610425,0.925392670157068,0.9149142672274345,3056,3091,2828.0,228.0,263.0,False,0.9886768036234228,228,-1.2249999999999996
hliu36,4,test,hliu36,228_B_2-4_WL_Bruise_A244A_2026-03-06_DSC_3721,0.775264294645902,0.6330053833302395,0.66640609732265,0.9266304347826086,5117,3680,3410.0,1707.0,270.0,False,1.3904891304347826,228,-1.2249999999999996
hliu36,4,test,hliu36,228_B_2-4_WL_Bruise_OC_A244A_2026-03-06_DSC_3723,0.879708097928437,0.7852490018911537,0.9821287779237845,0.7966318482199958,3805,4691,3737.0,68.0,954.0,False,0.8111276913238116,228,-1.2249999999999996
hliu36,4,test,hliu36,228_B_2-4_WL_Bruise_OC_A244A_2026-03-06_DSC_3724,0.9397953040337146,0.8864281658148779,0.9333333333333333,0.9463473779933314,3345,3299,3122.0,223.0,177.0,False,1.0139436192785694,228,-1.2249999999999996
hliu36,4,test,hliu36,232_A_2-4_WL_Bruise_A244A_2026-03-06_DSC_3868,0.3457597411352299,0.20901422225844574,0.25974880988554644,0.5169320701471477,19746,9922,5129.0,14617.0,4793.0,False,1.9901229590808305,232,-1.2249999999999996
hliu36,4,test,hliu36,232_A_2-4_WL_Bruise_A244A_2026-03-06_DSC_3869,0.8195403385983164,0.6942552680073713,0.9345340811044004,0.7297456627926562,9272,11874,8665.0,607.0,3209.0,False,0.7808657571163887,232,-1.2249999999999996
hliu36,4,test,hliu36,232_A_2-4_WL_Bruise_A244A_2026-03-06_DSC_3870,0.0,0.0,0.0,0.0,5335,7123,0.0,5335.0,7123.0,True,0.748982170433806,232,-1.2249999999999996
hliu36,4,test,hliu36,232_A_2-4_WL_Bruise_OC_A244A_2026-03-06_DSC_3876,0.8030737804581489,0.6709467696058513,0.7172270002606203,0.9122651933701658,11511,9050,8256.0,3255.0,794.0,False,1.2719337016574586,232,-1.2249999999999996
hliu36,4,test,hliu36,232_A_2-4_WL_Bruise_OC_A244A_2026-03-06_DSC_3877,0.757703081232493,0.6099210822998873,0.6668584107157531,0.8772024645984218,12169,9251,8115.0,4054.0,1136.0,False,1.3154253594206031,232,-1.2249999999999996
hliu36,4,test,hliu36,233_B_2-4_WL_Bruise_A244A_2026-03-06_DSC_4197,0.6074300254452927,0.4361935389562929,0.843652813118462,0.47455470737913485,7074,12576,5968.000000000001,1105.999999999999,6607.999999999999,False,0.5625,233,-1.2249999999999996
hliu36,4,test,hliu36,233_B_2-4_WL_Bruise_A244A_2026-03-06_DSC_4199,0.49745820929700024,0.3310777859058766,1.0,0.3310777859058766,5431,16404,5431.0,0.0,10973.0,False,0.3310777859058766,233,-1.2249999999999996
hliu36,4,test,hliu36,233_B_2-4_WL_Bruise_OC_A244A_2026-03-06_DSC_4201,0.4402329032994634,0.2822427170253257,1.0,0.2822427170253257,5784,20493,5784.0,0.0,14709.0,False,0.2822427170253257,233,-1.2249999999999996
hliu36,4,test,hliu36,235_A_2-4_WL_Bruise_A244A_2026-03-08_DSC_4349,0.8135756906839582,0.6857375428804,0.9658109159398928,0.7027977236838185,24423,33563,23588.0,835.0,9975.0,False,0.7276763102225665,235,-1.2249999999999996
hliu36,4,test,hliu36,235_A_2-4_WL_Bruise_A244A_2026-03-08_DSC_4350,0.6940250389554564,0.5314229289666947,0.9945332050048123,0.5329798427861107,25975,48469,25833.0,142.0,22636.0,False,0.5359095504342982,235,-1.2249999999999996
hliu36,4,test,hliu36,235_A_2-4_WL_Bruise_A244A_2026-03-08_DSC_4351,0.6421164327400762,0.4728803324690086,0.9489628626416708,0.48522068739293656,14029,27437,13313.0,716.0,14124.0,False,0.5113168349309327,235,-1.2249999999999996
hliu36,4,test,hliu36,235_A_2-4_WL_Bruise_OC_A244A_2026-03-08_DSC_4353,0.692654233888105,0.5298171699045539,0.9772618248105152,0.5364299444400559,20846,37977,20372.0,474.0,17605.0,False,0.5489111830844985,235,-1.2249999999999996
hliu36,4,test,hliu36,235_A_2-4_WL_Bruise_OC_A244A_2026-03-08_DSC_4354,0.7107755662319836,0.551320272572402,0.9220085470085471,0.5782890328344874,22464,35816,20712.0,1752.0,15104.0,False,0.6272057181148091,235,-1.2249999999999996
hliu36,4,test,hliu36,236_C_2-4_WL_Bruise_A244A_2026-03-08_DSC_4462,0.3221431932028893,0.19199683304192922,0.8082210804054992,0.20116134384072998,7201,28932,5820.0,1381.0,23112.0,False,0.2488939582469238,236,-1.2249999999999996
hliu36,4,test,hliu36,236_C_2-4_WL_Bruise_A244A_2026-03-08_DSC_4463,0.16131124344083486,0.08773167446931315,0.5004572891896836,0.09615181866104375,5467,28455,2736.0,2731.0,25719.0,False,0.1921279212792128,236,-1.2249999999999996
hliu36,4,test,hliu36,236_C_2-4_WL_Bruise_A244A_2026-03-08_DSC_4464,0.0,0.0,0.0,0.0,1093,35344,0.0,1093.0,35344.0,True,0.030924626527840653,236,-1.2249999999999996
hliu36,4,test,hliu36,236_C_2-4_WL_Bruise_OC_A244A_2026-03-08_DSC_4467,0.02090835679521596,0.010564622849580945,0.2167420814479638,0.010983971198605792,2210,43609,479.0,1731.0,43130.0,False,0.0506776124194547,236,-1.2249999999999996
hliu36,4,test,hliu36,236_C_2-4_WL_Bruise_OC_A244A_2026-03-08_DSC_4468,0.054715399186411204,0.02812719494285167,0.41206735266604305,0.029303176451022785,2138,30065,881.0,1257.0,29184.0,False,0.07111258938965574,236,-1.2249999999999996
hliu36,4,test,hliu36,236_E_2-4_WL_Bruise_OC_A244A_2026-02-26_DSC_5722,0.7442823854319496,0.5927147766323024,0.91734921816828,0.6261526174399187,9401,13773,8624.0,777.0,5149.0,False,0.6825673419008205,236,-1.2249999999999996
hliu36,4,test,hliu36,237_AC_2-5_WL_Bruise_A244A_2026-02-16_DSC_7084,0.5385087921369884,0.36846529711553616,0.9752468363231818,0.37194378149032087,14382,37710,14026.0,356.0,23684.0,False,0.38138424821002387,237,-1.2249999999999996
hliu36,4,test,hliu36,237_AC_2-5_WL_Bruise_A244A_2026-02-16_DSC_7085,0.6606282520716901,0.49323741007194244,0.9856239217941346,0.49681159420289855,13912,27600,13711.999999999998,200.00000000000182,13888.000000000002,False,0.5040579710144928,237,-1.2249999999999996
hliu36,4,test,hliu36,237_AC_2-5_WL_Bruise_A244A_2026-02-16_DSC_7086,0.6687053765642194,0.5022970609153644,1.0,0.5022970609153644,26131,52023,26131.0,0.0,25892.0,False,0.5022970609153644,237,-1.2249999999999996
hliu36,4,test,hliu36,237_AC_2-5_WL_Bruise_OC_A244A_2026-02-16_DSC_7088,0.7532242262660007,0.6041376822795899,0.9994459125394255,0.6043400943274658,23462,38801,23449.0,13.0,15352.0,False,0.604675137238731,237,-1.2249999999999996
hliu36,4,test,hliu36,237_AC_2-5_WL_Bruise_OC_A244A_2026-02-16_DSC_7089,0.8199785177228787,0.694884398325141,0.9663640637997758,0.7121078862503665,27649,37521,26719.0,930.0,10802.0,False,0.7368940060232936,237,-1.2249999999999996
hliu36,4,test,hliu36,237_AD_2-5_WL_Bruise_A244A_2026-02-16_DSC_7116,0.5884748523722256,0.4169070975187536,0.9356384356384356,0.42921642012713124,7722,16833,7225.0,497.0,9608.0,False,0.45874175726252003,237,-1.2249999999999996
hliu36,4,test,hliu36,237_AD_2-5_WL_Bruise_A244A_2026-02-16_DSC_7117,0.8533788216769452,0.7442552412340931,0.8258329947175945,0.8828256502144758,19688,18417,16258.999999999998,3429.000000000002,2158.000000000002,False,1.069012325568768,237,-1.2249999999999996
hliu36,4,test,hliu36,237_AD_2-5_WL_Bruise_A244A_2026-02-16_DSC_7118,0.8463079464379855,0.7335648571254494,0.9579885423297263,0.7579477494491659,12568,15885,12040.0,528.0,3845.0,False,0.7911866540761725,237,-1.2249999999999996
hliu36,4,test,hliu36,237_AD_2-5_WL_Bruise_OC_A244A_2026-02-16_DSC_7120,0.8615466226570788,0.7567693502459228,0.9499577565477351,0.7881908870315449,15387,18545,14617.0,770.0,3928.0,False,0.829711512537072,237,-1.2249999999999996
hliu36,4,test,hliu36,237_AD_2-5_WL_Bruise_OC_A244A_2026-02-16_DSC_7121,0.8147214217098944,0.6873670347482524,0.959213967625645,0.708061570571354,14147,19165,13570.0,577.0,5595.0,False,0.7381685363944691,237,-1.2249999999999996
hliu36,4,test,hliu36,237_AE_2-5_WL_Bruise_A244A_2026-02-16_DSC_7217,0.7932537120723047,0.657349204226294,0.8188937020993002,0.769170579029734,6002,6390,4915.0,1087.0,1475.0,False,0.9392801251956181,237,-1.2249999999999996
hliu36,4,test,hliu36,237_AE_2-5_WL_Bruise_A244A_2026-02-16_DSC_7218,0.8201320132013201,0.6951048951048951,0.9438700147710487,0.7250769978926892,4739,6169,4473.0,266.0,1696.0,False,0.7681958177986707,237,-1.2249999999999996
hliu36,4,test,hliu36,237_AE_2-5_WL_Bruise_A244A_2026-02-16_DSC_7219,0.664188207958176,0.49721690728822404,0.8586662661459897,0.5415364213318178,6658,10557,5717.0,941.0,4840.0,False,0.630671592308421,237,-1.2249999999999996
hliu36,4,test,hliu36,237_AE_2-5_WL_Bruise_OC_A244A_2026-02-16_DSC_7221,0.8451070077361793,0.7317621748484255,0.8602138176801931,0.8305216426193118,8699,9010,7483.0,1216.0,1527.0,False,0.9654827968923418,237,-1.2249999999999996
hliu36,4,test,hliu36,237_AE_2-5_WL_Bruise_OC_A244A_2026-02-16_DSC_7222,0.4014086938507751,0.25110151187904967,0.2752367424242424,0.7411704704832335,21120,7843,5813.0,15307.0,2030.0,False,2.6928471248246844,237,-1.2249999999999996
hliu36,4,test,hliu36,237_B_2-4_WL_Bruise_A244A_2026-03-08_DSC_4584,0.875089280248148,0.7779188738117698,0.9566749955381045,0.8063254484600053,22412,26591,21441.0,971.0,5150.0,False,0.8428415629348276,237,-1.2249999999999996
hliu36,4,test,hliu36,237_B_2-4_WL_Bruise_A244A_2026-03-08_DSC_4587,0.7601051861089273,0.6130400559734126,0.9564060581252558,0.6306626478923928,14658,22229,14019.0,639.0,8210.0,False,0.6594088802915111,237,-1.2249999999999996
hliu36,4,test,hliu36,237_B_2-4_WL_Bruise_A244A_2026-03-08_DSC_4588,0.8234137388568432,0.6998328690807799,0.9063928038866709,0.7543536570719405,20789,24979,18843.0,1946.0,6136.0,False,0.8322590976420193,237,-1.2249999999999996
hliu36,4,test,hliu36,237_B_2-4_WL_Bruise_OC_A244A_2026-03-08_DSC_4591,0.7705793403270013,0.6267824883729869,0.9718116805721096,0.6383886626996556,16780,25544,16307.0,473.0,9237.0,False,0.6569057312871908,237,-1.2249999999999996
hliu36,4,test,hliu36,237_B_2-4_WL_Bruise_OC_A244A_2026-03-08_DSC_4592,0.7401856979964163,0.5875355572795449,0.9073029501322817,0.6250558822517969,20033,29079,18176.0,1857.0,10903.0,False,0.688916400151312,237,-1.2249999999999996
hliu36,4,test,hliu36,237_C_2-4_WL_Bruise_A244A_2026-03-08_DSC_4608,0.8127984718242598,0.6846339501206757,0.7878819051537908,0.8393424657534246,9721,9125,7659.0,2062.0,1466.0,False,1.0653150684931507,237,-1.2249999999999996
hliu36,4,test,hliu36,237_C_2-4_WL_Bruise_A244A_2026-03-08_DSC_4609,0.5270702523397701,0.35783801174294216,1.0,0.35783801174294216,4449,12433,4449.0,0.0,7984.0,False,0.35783801174294216,237,-1.2249999999999996
hliu36,4,test,hliu36,237_C_2-4_WL_Bruise_A244A_2026-03-08_DSC_4610,0.7775456191670149,0.636052871467639,0.7490103991949011,0.8083411773224242,14905,13811,11164.0,3741.0,2647.0,False,1.079212222141771,237,-1.2249999999999996
hliu36,4,test,hliu36,237_C_2-4_WL_Bruise_OC_A244A_2026-03-08_DSC_4613,0.565971400561171,0.39467232437529465,0.7049856830048846,0.4727508894787372,11874,17707,8371.0,3503.0,9336.0,False,0.670582255605128,237,-1.2249999999999996
hliu36,4,test,hliu36,237_C_2-4_WL_Bruise_OC_A244A_2026-03-08_DSC_4615,0.6528204869687957,0.48458314623559345,0.7416103539113503,0.5830181883666486,8731,11106,6475.0,2256.0,4631.0,False,0.7861516297496849,237,-1.2249999999999996
hliu36,4,test,hliu36,237_E_2-4_WL_Bruise_A244A_2026-03-08_DSC_4651,0.8736773250221247,0.7756900792566275,0.8613155299294439,0.8863991255465334,13181,12808,11353.0,1828.0,1455.0,False,1.0291224234853216,237,-1.2249999999999996
hliu36,4,test,hliu36,237_E_2-4_WL_Bruise_A244A_2026-03-08_DSC_4652,0.8728538956328288,0.7743928602076718,0.8452603971524916,0.9023097690230977,10676,10001,9024.0,1652.0,977.0,False,1.0674932506749326,237,-1.2249999999999996
hliu36,4,test,hliu36,237_E_2-4_WL_Bruise_A244A_2026-03-08_DSC_4653,0.8778933445560031,0.7823617659665667,0.8414198455687449,0.9176721970839617,8677,7956,7301.0,1376.0,655.0,False,1.0906234288587229,237,-1.2249999999999996
hliu36,4,test,hliu36,237_E_2-4_WL_Bruise_OC_A244A_2026-03-08_DSC_4656,0.8717818320513635,0.7727067838629704,0.8949360480292352,0.8497955136943859,7662,8069,6857.0,805.0,1212.0,False,0.9495600446151939,237,-1.2249999999999996
hliu36,4,test,hliu36,237_E_2-4_WL_Bruise_OC_A244A_2026-03-08_DSC_4657,0.8845808191038644,0.79304788213628,0.8655778894472361,0.9044368600682594,7960,7618,6890.0,1070.0,728.0,False,1.044893672880021,237,-1.2249999999999996
hliu36,4,test,hliu36,237_J_2-4_WL_Bruise_A244A_2026-02-26_DSC_5578,0.899228237116539,0.8169070714178017,0.8512175962293794,0.9529784240150094,19095,17056,16254.0,2841.0,802.0,False,1.119547373358349,237,-1.2249999999999996
hliu36,4,test,hliu36,237_J_2-4_WL_Bruise_A244A_2026-02-26_DSC_5579,0.8348659137792385,0.7165406313767855,0.7981682043053884,0.8751007842849813,14958,13643,11939.0,3019.0,1704.0,False,1.0963864252730338,237,-1.2249999999999996
hliu36,4,test,hliu36,237_J_2-4_WL_Bruise_A244A_2026-02-26_DSC_5580,0.8972446110590441,0.8136388360076149,0.8719761002623142,0.9240213110956683,13724,12951,11967.0,1757.0,984.0,False,1.0596865106941549,237,-1.2249999999999996
hliu36,4,test,hliu36,237_J_2-4_WL_Bruise_OC_A244A_2026-02-26_DSC_5582,0.8755628325828899,0.7786676374226429,0.9088591459528362,0.8446199407699901,14121,15195,12834.0,1287.0,2361.0,False,0.9293188548864758,237,-1.2249999999999996
hliu36,4,test,hliu36,237_J_2-4_WL_Bruise_OC_A244A_2026-02-26_DSC_5583,0.8522711894988497,0.7425719226536708,0.8283209118807541,0.8776477146042363,11405,10764,9447.0,1958.0,1317.0,False,1.059550353028614,237,-1.2249999999999996
hliu36,4,test,hliu36,237_N_2-4_WL_Bruise_A244A_2026-02-26_DSC_5858,0.8638631503920171,0.7603513174404015,0.8375307125307125,0.8919051512673754,6512,6115,5454.0,1058.0,661.0,False,1.0649223221586264,237,-1.2249999999999996
hliu36,4,test,hliu36,237_N_2-4_WL_Bruise_A244A_2026-02-26_DSC_5859,0.9523111859937001,0.9089637812893302,0.9512659154105079,0.9533587562334995,6833,6818,6500.0,333.0,318.0,False,1.0022000586682311,237,-1.2249999999999996
hliu36,4,test,hliu36,237_N_2-4_WL_Bruise_A244A_2026-02-26_DSC_5860,0.7034773023349032,0.5425877260782191,0.5982614624169081,0.8535992217898832,5867,4112,3509.9999999999995,2357.0000000000005,602.0000000000005,False,1.4267996108949417,237,-1.2249999999999996
hliu36,4,test,hliu36,237_N_2-4_WL_Bruise_OC_A244A_2026-02-26_DSC_5862,0.7810118543607113,0.640705044716506,0.6484182776801406,0.9817722192655668,11380,7516,7379.0,4001.0,137.0,False,1.5141032464076636,237,-1.2249999999999996
hliu36,4,test,hliu36,237_N_2-4_WL_Bruise_OC_A244A_2026-02-26_DSC_5863,0.7959892016968763,0.66111467008328,0.6670976082740788,0.9866156787762906,9282,6276,6192.0,3090.0,84.0,False,1.4789674952198852,237,-1.2249999999999996
hliu36,4,test,hliu36,237_S_2-4_WL_Bruise_A244A_2026-02-27_DSC_6307,0.748699645258874,0.598337275636566,0.9664569052702551,0.6110262512876985,17798,28151,17201.0,597.0,10950.0,False,0.6322333132037938,237,-1.2249999999999996
hliu36,4,test,hliu36,237_S_2-4_WL_Bruise_A244A_2026-02-27_DSC_6308,0.7524126099077847,0.6030941125913193,0.9724223946784922,0.613588667366212,14432,22872,14034.0,398.0,8838.0,False,0.6309898565932144,237,-1.2249999999999996
hliu36,4,test,hliu36,237_S_2-4_WL_Bruise_A244A_2026-02-27_DSC_6309,0.8976463406362342,0.8142997784888014,0.953114872164206,0.8482789564771489,13885,15601,13234.0,651.0,2367.0,False,0.890007050830075,237,-1.2249999999999996
hliu36,4,test,hliu36,237_S_2-4_WL_Bruise_OC_A244A_2026-02-27_DSC_6311,0.830903448679665,0.7107226924425302,0.9297038784067087,0.7510850005292685,15264,18894,14191.0,1073.0,4703.0,False,0.807875516036837,237,-1.2249999999999996
hliu36,4,test,hliu36,237_S_2-4_WL_Bruise_OC_A244A_2026-02-27_DSC_6312,0.8143593684952125,0.686851771823682,0.9403890244804378,0.7181181520388569,13521,17706,12715.0,806.0,4991.0,False,0.7636394442561844,237,-1.2249999999999996
hliu36,4,test,hliu36,237_Z_2-5_WL_Bruise_A244A_2026-02-16_DSC_7025,0.8124187618375608,0.6840953155294265,0.9996344361177115,0.6842664998436033,21884,31970,21876.0,8.0,10094.0,False,0.6845167344385361,237,-1.2249999999999996
hliu36,4,test,hliu36,237_Z_2-5_WL_Bruise_A244A_2026-02-16_DSC_7026,0.882636139937948,0.7899272309459977,0.9908719673312515,0.7957175925925926,16652,20736,16500.0,152.0,4236.0,False,0.8030478395061729,237,-1.2249999999999996
hliu36,4,test,hliu36,237_Z_2-5_WL_Bruise_A244A_2026-02-16_DSC_7027,0.8956872576285793,0.8110811577752554,0.9825541423169474,0.8229324120060462,23272,27786,22866.0,406.0,4920.0,False,0.8375440869502627,237,-1.2249999999999996
hliu36,4,test,hliu36,237_Z_2-5_WL_Bruise_OC_A244A_2026-02-16_DSC_7030,0.8241528034504005,0.7009012785579543,0.9975141692353584,0.7021276595744681,20114,28576,20064.0,50.0,8512.0,False,0.7038773796192609,237,-1.2249999999999996
hliu36,4,test,hliu36,247_A_2-4_WL_Bruise_A244A_2026-02-27_DSC_6202,0.8845915841584159,0.7930651872399446,0.8100297492562686,0.9742715965241098,7059,5869,5718.0,1341.0,151.0,False,1.2027602658033736,247,-1.2249999999999996
hliu36,4,test,hliu36,247_A_2-4_WL_Bruise_A244A_2026-02-27_DSC_6203,0.8328889836834809,0.7136330409356725,0.7982420278004906,0.8706800445930881,4892,4485,3905.0,987.0,580.0,False,1.0907469342251952,247,-1.2249999999999996
hliu36,4,test,hliu36,247_A_2-4_WL_Bruise_A244A_2026-02-27_DSC_6204,0.9242155577827461,0.8591084993550236,0.9241443108233117,0.9242868157286045,6486,6485,5994.0,492.0,491.0,False,1.0001542020046261,247,-1.2249999999999996
hliu36,4,test,hliu36,247_A_2-4_WL_Bruise_OC_A244A_2026-02-27_DSC_6206,0.9230395727118232,0.8570784490532011,0.9246108949416343,0.9214735821619001,6168,6189,5703.0,465.0,486.0,False,0.9966068831798351,247,-1.2249999999999996
hliu36,4,test,hliu36,247_A_2-4_WL_Bruise_OC_A244A_2026-02-27_DSC_6207,0.8864645439553469,0.7960811118705855,0.849501580354972,0.926790450928382,4113,3770,3494.0,619.0,276.0,False,1.0909814323607427,247,-1.2249999999999996
hliu36,4,test,hliu36,250_A_2-4_WL_Bruise_A244A_2026-02-27_DSC_6537,0.9580857114837698,0.9195436918790708,0.9425748687866625,0.9741155824991026,25912,25073,24424.0,1488.0,649.0,False,1.0334622901128705,250,-1.2249999999999996
hliu36,4,test,hliu36,250_A_2-4_WL_Bruise_A244A_2026-02-27_DSC_6538,0.8981167440199929,0.8150743185776194,0.8158342792281499,0.9988584474885844,24668,20148,20125.0,4543.0,23.0,False,1.2243398848520946,250,-1.2249999999999996
hliu36,4,test,hliu36,250_A_2-4_WL_Bruise_OC_A244A_2026-02-27_DSC_6541,0.9356737253046256,0.8791230166448996,0.9024188487649039,0.97147331572806,35058,32566,31637.0,3421.0,929.0,False,1.0765215255174108,250,-1.2249999999999996
hliu36,4,test,hliu36,250_A_2-4_WL_Bruise_OC_A244A_2026-02-27_DSC_6542,0.9278208176727775,0.8653598511947346,0.8773482265902662,0.9844551151623667,27574,24574,24192.0,3382.0,382.0,False,1.1220802474159681,250,-1.2249999999999996
hliu36,4,test,hliu36,250_A_2-4_WL_Bruise_OC_A244A_2026-02-27_DSC_6543,0.9287007655210743,0.8668920275788206,0.8774051490514905,0.9863665790776496,29520,26259,25901.0,3619.0,358.0,False,1.1241859933737004,250,-1.2249999999999996
hliu36,4,test,hliu36,254_A_2-5_WL_Bruise_A244A_2026-02-16_DSC_6925,0.7733333333333333,0.6304347826086957,0.6399535423925667,0.9769503546099291,1722,1128,1102.0,620.0,26.0,False,1.5265957446808511,254,-1.2249999999999996
hliu36,4,test,hliu36,254_A_2-5_WL_Bruise_A244A_2026-02-16_DSC_6926,0.7184397163120567,0.5605976757055894,0.5605976757055894,1.0,1807,1013,1013.0,794.0,0.0,False,1.7838104639684107,254,-1.2249999999999996
hliu36,4,test,hliu36,254_A_2-5_WL_Bruise_A244A_2026-02-16_DSC_6927,0.6613306653326664,0.4940209267563528,0.4940209267563528,1.0,1338,661,661.0,677.0,0.0,False,2.0242057488653553,254,-1.2249999999999996
hliu36,4,test,hliu36,254_A_2-5_WL_Bruise_OC_A244A_2026-02-16_DSC_6930,0.7781274586939417,0.6368319381841597,0.6778615490061686,0.9132040627885504,1459,1083,988.9999999999999,470.0000000000001,94.00000000000011,False,1.3471837488457987,254,-1.2249999999999996
hliu36,4,test,hliu36,254_A_2-5_WL_Bruise_OC_A244A_2026-02-16_DSC_6931,0.0695828407363621,0.03604549431321085,0.03708815939506691,0.5618181818181818,16663,1100,618.0,16045.0,482.0,False,15.148181818181818,254,-1.2249999999999996
hliu36,4,test,hliu36,254_B_2-5_WL_Bruise_A244A_2026-02-16_DSC_6954,0.30211018358676034,0.17793273784099983,0.9891091153091772,0.17828202480299943,19374,107487,19163.0,211.0,88324.0,False,0.18024505289011694,254,-1.2249999999999996
hliu36,4,test,hliu36,254_B_2-5_WL_Bruise_A244A_2026-02-16_DSC_6955,0.24748576119862487,0.1412175466077193,0.9662443031001152,0.14191768730001103,19967,135945,19293.0,674.0,116652.0,False,0.14687557468093715,254,-1.2249999999999996
hliu36,4,test,hliu36,254_B_2-5_WL_Bruise_A244A_2026-02-16_DSC_6956,0.2825601697350101,0.16452405770245404,0.9747636474534919,0.16522784253922304,13116,77378,12785.000000000002,330.9999999999982,64593.0,False,0.169505544211533,254,-1.2249999999999996
hliu36,4,test,hliu36,254_B_2-5_WL_Bruise_OC_A244A_2026-02-16_DSC_6960,0.2735389315198022,0.15843909631892147,0.9923477801965829,0.15863290765483132,15159,94829,15043.000000000002,115.99999999999818,79786.0,False,0.15985616214449166,254,-1.2249999999999996
hliu36,4,test,hliu36,254_B_2-5_WL_Bruise_OC_A244A_2026-02-16_DSC_6961,0.29373500531770175,0.1721508711912562,0.936888608393815,0.17417065086674685,12676,68186,11876.0,800.0,56310.0,False,0.18590326459977122,254,-1.2249999999999996
hliu36,4,test,hliu36,260_A_2-5_WL_Bruise_A244A_2026-02-17_DSC_7634,0.8303201916793727,0.7098696461824954,0.7602712405265257,0.9145873320537428,2507,2084,1906.0,601.0,178.0,False,1.2029750479846448,260,-1.2249999999999996
hliu36,4,test,hliu36,260_A_2-5_WL_Bruise_A244A_2026-02-17_DSC_7635,0.8183523301110951,0.6925518925518925,0.6999012833168805,0.9850642584230636,4052,2879,2836.0,1216.0,43.0,False,1.407433136505731,260,-1.2249999999999996
hliu36,4,test,hliu36,260_A_2-5_WL_Bruise_A244A_2026-02-17_DSC_7636,0.6104111405835544,0.4392746361250298,0.44329400433421623,0.979776476849388,4153,1879,1841.0,2312.0,38.0,False,2.2102182011708353,260,-1.2249999999999996
hliu36,4,test,hliu36,260_A_2-5_WL_Bruise_OC_A244A_2026-02-17_DSC_7638,0.5095640569395018,0.3418892702581704,0.3529502387921738,0.9160335865653738,6491,2501,2291.0,4200.0,210.0,False,2.595361855257897,260,-1.2249999999999996
hliu36,4,test,hliu36,260_A_2-5_WL_Bruise_OC_A244A_2026-02-17_DSC_7639,0.751435325903411,0.6018393291858264,0.6105927552140505,0.9767339771729587,3644,2278,2225.0,1419.0,53.0,False,1.5996488147497805,260,-1.2249999999999996
hliu36,4,test,hliu36,285_F_2-6_WL_Bruise_A244A_2026-04-06_DSC_2339,0.2674600689007203,0.15437454808387563,0.5545454545454546,0.1762278167560875,2310,7269,1281.0,1029.0,5988.0,False,0.31778786628146927,285,-1.2249999999999996
hliu36,4,test,hliu36,285_F_2-6_WL_Bruise_A244A_2026-04-06_DSC_2340,0.44092774009880265,0.2828141783029001,0.3972540736270368,0.49539040451552213,6628,5315,2633.0,3995.0,2682.0,False,1.2470366886171214,285,-1.2249999999999996
hliu36,4,test,hliu36,285_F_2-6_WL_Bruise_OC_A244A_2026-04-06_DSC_2343,0.7146250424160163,0.5559662090813094,0.5559662090813094,1.0,1894,1053,1053.0,841.0,0.0,False,1.798670465337132,285,-1.2249999999999996
hliu36,4,test,hliu36,285_F_2-6_WL_Bruise_OC_A244A_2026-04-06_DSC_2344,0.36047666335650447,0.21986674742580253,0.3366008742879852,0.3879981676591846,7549,6549,2541.0,5008.0,4008.0,False,1.1526950679493053,285,-1.2249999999999996
hliu36,4,test,hliu36,285_G_2-6_WL_Bruise_A244A_2026-05-29_DSC_3860,0.8727678571428571,0.7742574257425743,0.8868041237113402,0.8591689972033559,4850,5006,4301.0,549.0,705.0,False,0.968837395125849,285,-1.2249999999999996
hliu36,4,test,hliu36,285_G_2-6_WL_Bruise_A244A_2026-05-29_DSC_3861,0.8392156862745098,0.722972972972973,0.874460839954597,0.8067015706806283,4405,4775,3852.0,553.0,923.0,False,0.9225130890052357,285,-1.2249999999999996
hliu36,4,test,hliu36,285_G_2-6_WL_Bruise_A244A_2026-05-29_DSC_3862,0.9383639247677317,0.8838847385272145,0.9257768835233624,0.9512979554330346,4473,4353,4141.0,332.0,212.0,False,1.0275671950379048,285,-1.2249999999999996
hliu36,4,test,hliu36,285_G_2-6_WL_Bruise_OC_A244A_2026-05-29_DSC_3864,0.8895188476861784,0.8010211121843521,0.9636454183266933,0.8259817871371656,6024,7028,5805.0,219.0,1223.0,False,0.8571428571428571,285,-1.2249999999999996
hliu36,4,test,hliu36,285_G_2-6_WL_Bruise_OC_A244A_2026-05-29_DSC_3865,0.895035811311435,0.8100134108180599,0.9372413793103448,0.8564676224988184,5800,6347,5436.0,364.0,911.0,False,0.9138175515991808,285,-1.2249999999999996
hliu36,4,test,mzehra2,170_F_2-4_WL_Bruise_A244A_2026-03-05_DSC_1856,0.6326064382139148,0.462636695018226,0.49065721649484534,0.8901227352425483,6208,3422,3046.0,3162.0,376.0,False,1.8141437755698422,170,-1.2249999999999996
hliu36,4,test,mzehra2,170_F_2-4_WL_Bruise_OC_A244A_2026-03-05_DSC_1860,0.681984597904305,0.5174329501915709,0.5602572080481228,0.8712903225806452,4821,3100,2701.0,2120.0,399.0,False,1.5551612903225807,170,-1.2249999999999996
hliu36,4,test,mzehra2,182_Q_2-6_WL_Bruise_A244A_2026-04-06_DSC_2484,0.3343720038350911,0.20074830910922434,0.9714484679665738,0.20193977996525767,2872,13816,2790.0,82.0,11026.0,False,0.20787492762015056,182,-1.2249999999999996
hliu36,4,test,mzehra2,182_Q_2-6_WL_Bruise_A244A_2026-04-06_DSC_2485,0.25194308262585197,0.1441275053013202,0.15703957665648058,0.6367482623148988,13417,3309,2107.0,11310.0,1202.0,False,4.054699304925959,182,-1.2249999999999996
hliu36,4,test,mzehra2,182_Q_2-6_WL_Bruise_A244A_2026-04-06_DSC_2486,0.47979520936185777,0.31561222035121483,0.6511166253101737,0.3798494499131442,2015,3454,1312.0,703.0,2142.0,False,0.5833815865662999,182,-1.2249999999999996
hliu36,4,test,mzehra2,182_Q_2-6_WL_Bruise_OC_A244A_2026-04-06_DSC_2488,0.5502850761182625,0.37958157638663637,0.6663345195729538,0.46866239487384864,7025,9988,4681.0,2344.0,5307.0,False,0.7033440128153785,182,-1.2249999999999996
hliu36,4,test,mzehra2,20_D_2-6_WL_Bruise_A244A_2026-04-04_DSC_0400,0.9183933423913043,0.8491010442019313,0.8907832962688411,0.9477696959074577,12141,11411,10815.0,1326.0,596.0,False,1.0639733590395233,20,-1.2249999999999996
hliu36,4,test,mzehra2,20_D_2-6_WL_Bruise_OC_A244A_2026-04-04_DSC_0403,0.9005362536212529,0.8190686201225893,0.8339358423075459,0.9786977491961415,26279,22392,21915.0,4364.0,477.0,False,1.1735887817077528,20,-1.2249999999999996
hliu36,4,test,mzehra2,20_D_2-6_WL_Bruise_OC_A244A_2026-04-04_DSC_0404,0.9177175859926161,0.8479465009456904,0.8819954329878799,0.9564554840184388,28465,26249,25106.0,3359.0,1143.0,False,1.084422263705284,20,-1.2249999999999996
hliu36,4,test,mzehra2,226_A_2-4_WL_Bruise_A244A_2026-03-06_DSC_3569,0.46242209458633754,0.30074709903036084,0.3188943199056127,0.8408888888888889,5933,2250,1892.0,4041.0,358.0,False,2.636888888888889,226,-1.2249999999999996
hliu36,4,test,mzehra2,226_A_2-4_WL_Bruise_A244A_2026-03-06_DSC_3570,0.5519724995907678,0.38118923807370564,0.38991674375578167,0.9445378151260504,4324,1785,1686.0000000000002,2638.0,98.99999999999977,False,2.422408963585434,226,-1.2249999999999996
hliu36,4,test,mzehra2,226_A_2-4_WL_Bruise_A244A_2026-03-06_DSC_3571,0.31499409681227863,0.18693946188340807,0.19943786628393734,0.7489333033909724,16722,4453,3335.0,13387.0,1118.0,False,3.7552211991915563,226,-1.2249999999999996
hliu36,4,test,mzehra2,226_A_2-4_WL_Bruise_OC_A244A_2026-03-06_DSC_3573,0.5180155210643016,0.3495417991397045,0.3545144157814871,0.9614197530864198,5272,1944,1869.0000000000002,3403.0,74.99999999999977,False,2.711934156378601,226,-1.2249999999999996
hliu36,4,test,mzehra2,226_A_2-4_WL_Bruise_OC_A244A_2026-03-06_DSC_3574,0.7959535578802162,0.6610654955126981,0.6728862973760933,0.9741136747326955,5145,3554,3462.0,1683.0,92.0,False,1.447664603263928,226,-1.2249999999999996
hliu36,4,test,mzehra2,226_C_2-4_WL_Bruise_A244A_2026-03-06_DSC_3610,0.897478139652769,0.8140229885057472,0.9190241370360758,0.8769192669638435,3853,4038,3541.0,312.0,497.0,False,0.9541852402179297,226,-1.2249999999999996
hliu36,4,test,mzehra2,226_C_2-4_WL_Bruise_A244A_2026-03-06_DSC_3611,0.900449407599074,0.8189249442655437,0.9346904156064462,0.8686284813452444,3537,3806,3306.0,231.0,500.0,False,0.9293221229637415,226,-1.2249999999999996
hliu36,4,test,mzehra2,226_C_2-4_WL_Bruise_A244A_2026-03-06_DSC_3612,0.8850197109067017,0.793753682969947,0.8058629973078073,0.9814207650273225,3343,2745,2694.0,649.0,51.0,False,1.2178506375227687,226,-1.2249999999999996
hliu36,4,test,mzehra2,226_C_2-4_WL_Bruise_OC_A244A_2026-03-06_DSC_3614,0.8992208455741474,0.8168948711998143,0.935672514619883,0.865502827637079,3762,4067,3520.0,242.0,547.0,False,0.9250061470371281,226,-1.2249999999999996
hliu36,4,test,mzehra2,226_C_2-4_WL_Bruise_OC_A244A_2026-03-06_DSC_3615,0.870872641509434,0.7712793733681462,0.991275167785235,0.7765509989484752,2980,3804,2954.0,26.0,850.0,False,0.7833859095688749,226,-1.2249999999999996
hliu36,4,test,mzehra2,228_B_2-4_WL_Bruise_A244A_2026-03-06_DSC_3718,0.9196479273140261,0.8512483574244415,0.8550686378035903,0.9947788697788698,3788,3256,3239.0,549.0,17.0,False,1.1633906633906634,228,-1.2249999999999996
hliu36,4,test,mzehra2,228_B_2-4_WL_Bruise_A244A_2026-03-06_DSC_3719,0.6134671414697314,0.4424468830259164,0.44693396226415094,0.97781217750258,4240,1938,1895.0000000000002,2345.0,42.99999999999977,False,2.1878224974200204,228,-1.2249999999999996
hliu36,4,test,mzehra2,228_B_2-4_WL_Bruise_A244A_2026-03-06_DSC_3720,0.7958568738229755,0.6609321238661245,0.6914267015706806,0.9374445430346051,3056,2254,2113.0,943.0,141.0,False,1.3558118899733806,228,-1.2249999999999996
hliu36,4,test,mzehra2,228_B_2-4_WL_Bruise_A244A_2026-03-06_DSC_3721,0.6263087248322148,0.4559312096931796,0.4559312096931796,1.0,5117,2333,2333.0,2784.0,0.0,False,2.193313330475782,228,-1.2249999999999996
hliu36,4,test,mzehra2,228_B_2-4_WL_Bruise_OC_A244A_2026-03-06_DSC_3723,0.7356435643564356,0.581832419733751,0.58580814717477,0.9884700665188471,3805,2255,2229.0,1576.0,26.0,False,1.687361419068736,228,-1.2249999999999996
hliu36,4,test,mzehra2,228_B_2-4_WL_Bruise_OC_A244A_2026-03-06_DSC_3724,0.8,0.6666666666666666,0.8579970104633782,0.7493472584856397,3345,3830,2870.0,475.0,960.0,False,0.8733681462140992,228,-1.2249999999999996
hliu36,4,test,mzehra2,232_A_2-4_WL_Bruise_A244A_2026-03-06_DSC_3868,0.26494429754215615,0.15270074451606455,0.1547655221310645,0.9196509178453205,19746,3323,3056.0,16690.0,267.0,False,5.942220884742702,232,-1.2249999999999996
hliu36,4,test,mzehra2,232_A_2-4_WL_Bruise_A244A_2026-03-06_DSC_3869,0.4886715566422168,0.3233390854184642,0.3233390854184642,1.0,9272,2998,2998.0,6274.0,0.0,False,3.092728485657105,232,-1.2249999999999996
hliu36,4,test,mzehra2,232_A_2-4_WL_Bruise_A244A_2026-03-06_DSC_3870,0.0,0.0,0.0,0.0,5335,4524,0.0,5335.0,4524.0,True,1.179266136162688,232,-1.2249999999999996
hliu36,4,test,mzehra2,232_A_2-4_WL_Bruise_OC_A244A_2026-03-06_DSC_3876,0.67631744578589,0.5109362842569378,0.5134219442272608,0.9906134763660744,11511,5966,5910.0,5601.0,56.0,False,1.9294334562520952,232,-1.2249999999999996
hliu36,4,test,mzehra2,232_A_2-4_WL_Bruise_OC_A244A_2026-03-06_DSC_3877,0.583929714318962,0.412359273563974,0.412359273563974,1.0,12169,5018,5018.0,7151.0,0.0,False,2.4250697489039457,232,-1.2249999999999996
hliu36,4,test,mzehra2,233_B_2-4_WL_Bruise_A244A_2026-03-06_DSC_4197,0.700922131147541,0.5395535925546179,0.9670624823296579,0.5496545074722803,7074,12446,6841.0,233.0,5605.0,False,0.5683753816487225,233,-1.2249999999999996
hliu36,4,test,mzehra2,233_B_2-4_WL_Bruise_A244A_2026-03-06_DSC_4199,0.5506351656179509,0.3799148099606815,0.8539863745166636,0.40630749014454665,5431,11415,4638.0,793.0,6777.0,False,0.47577748576434514,233,-1.2249999999999996
hliu36,4,test,mzehra2,233_B_2-4_WL_Bruise_OC_A244A_2026-03-06_DSC_4201,0.5080198308544766,0.3405003909304144,0.9035269709543569,0.3533468559837728,5784,14790,5226.0,558.0,9564.0,False,0.39107505070993914,233,-1.2249999999999996
hliu36,4,test,mzehra2,235_A_2-4_WL_Bruise_A244A_2026-03-08_DSC_4349,0.7920410341147716,0.6556853804502707,0.9420628096466446,0.6832368225686711,24423,33675,23008.0,1415.0,10667.0,False,0.7252561247216036,235,-1.2249999999999996
hliu36,4,test,mzehra2,235_A_2-4_WL_Bruise_A244A_2026-03-08_DSC_4350,0.7755896856057037,0.6334393597373281,0.9506833493743985,0.6549611436755696,25975,37703,24694.0,1281.0,13009.0,False,0.6889372198498793,235,-1.2249999999999996
hliu36,4,test,mzehra2,235_A_2-4_WL_Bruise_A244A_2026-03-08_DSC_4351,0.7406839525778277,0.5881636735226334,0.9641456981965928,0.601315906463946,14029,22494,13526.0,503.0,8968.0,False,0.6236774250911354,235,-1.2249999999999996
hliu36,4,test,mzehra2,235_A_2-4_WL_Bruise_OC_A244A_2026-03-08_DSC_4353,0.782481978743661,0.6426861574798123,0.9659407080495059,0.6575879298520623,20846,30621,20136.0,710.0,10485.0,False,0.6807746317886417,235,-1.2249999999999996
hliu36,4,test,mzehra2,235_A_2-4_WL_Bruise_OC_A244A_2026-03-08_DSC_4354,0.6967437278116559,0.5346175903237579,0.9129718660968661,0.5633257340621309,22464,36407,20509.0,1955.0,15898.0,False,0.6170241986431181,235,-1.2249999999999996
hliu36,4,test,mzehra2,236_C_2-4_WL_Bruise_A244A_2026-03-08_DSC_4462,0.24017341040462428,0.13647561175890952,0.3462019164004999,0.18386311674902278,7201,13559,2493.0,4708.0,11066.0,False,0.5310863633011284,236,-1.2249999999999996
hliu36,4,test,mzehra2,236_C_2-4_WL_Bruise_A244A_2026-03-08_DSC_4463,0.13701007568818396,0.07354311147914294,0.2599231754161332,0.0930217334380728,5467,15276,1421.0,4046.0,13855.0,False,0.3578816444095313,236,-1.2249999999999996
hliu36,4,test,mzehra2,236_C_2-4_WL_Bruise_A244A_2026-03-08_DSC_4464,0.0,0.0,0.0,0.0,1093,11326,0.0,1093.0,11326.0,True,0.0965036199894049,236,-1.2249999999999996
hliu36,4,test,mzehra2,236_C_2-4_WL_Bruise_OC_A244A_2026-03-08_DSC_4467,0.0,0.0,0.0,0.0,2210,10556,0.0,2210.0,10556.0,True,0.20935960591133004,236,-1.2249999999999996
hliu36,4,test,mzehra2,236_C_2-4_WL_Bruise_OC_A244A_2026-03-08_DSC_4468,0.013593248188811712,0.006843134305910663,0.042563143124415344,0.008088169940449738,2138,11251,91.0,2047.0,11160.0,False,0.19002755310639055,236,-1.2249999999999996
hliu36,4,test,mzehra2,236_E_2-4_WL_Bruise_OC_A244A_2026-02-26_DSC_5722,0.4433746736292428,0.28483069504140895,0.2890118072545474,0.9516637478108582,9401,2855,2717.0,6684.0,138.0,False,3.2928196147110333,236,-1.2249999999999996
hliu36,4,test,mzehra2,237_AC_2-5_WL_Bruise_A244A_2026-02-16_DSC_7084,0.6229350286567452,0.45236429770565195,0.8993185926853011,0.47649572649572647,14382,27144,12934.000000000002,1447.9999999999982,14209.999999999998,False,0.5298408488063661,237,-1.2249999999999996
hliu36,4,test,mzehra2,237_AC_2-5_WL_Bruise_A244A_2026-02-16_DSC_7085,0.6889819511619677,0.5255320106177171,0.839634847613571,0.5841668333666733,13912,19996,11681.0,2231.0,8315.0,False,0.6957391478295659,237,-1.2249999999999996
hliu36,4,test,mzehra2,237_AC_2-5_WL_Bruise_A244A_2026-02-16_DSC_7086,0.8122575508613826,0.6838667351246506,0.9174926332708278,0.7286791076530302,26131,32902,23975.0,2156.0,8927.0,False,0.7942070390857698,237,-1.2249999999999996
hliu36,4,test,mzehra2,237_AC_2-5_WL_Bruise_OC_A244A_2026-02-16_DSC_7088,0.8548568010169745,0.7465064646728484,0.9745119768135709,0.7613719613719614,23462,30030,22864.0,598.0,7166.0,False,0.7812853812853813,237,-1.2249999999999996
hliu36,4,test,mzehra2,237_AC_2-5_WL_Bruise_OC_A244A_2026-02-16_DSC_7089,0.8125334930492072,0.6842580302628086,0.9322579478462151,0.7200603402519764,27649,35797,25776.0,1873.0,10021.0,False,0.7723831606000503,237,-1.2249999999999996
hliu36,4,test,mzehra2,237_AD_2-5_WL_Bruise_A244A_2026-02-16_DSC_7116,0.5989010989010989,0.42745098039215684,0.9316239316239316,0.44129554655870445,7722,16302,7194.0,528.0,9108.0,False,0.47368421052631576,237,-1.2249999999999996
hliu36,4,test,mzehra2,237_AD_2-5_WL_Bruise_A244A_2026-02-16_DSC_7117,0.9042497179390748,0.8252333882482152,0.9159386428281187,0.8928553745605783,19688,20197,18033.0,1655.0,2164.0,False,0.9747982373619845,237,-1.2249999999999996
hliu36,4,test,mzehra2,237_AD_2-5_WL_Bruise_A244A_2026-02-16_DSC_7118,0.8470246968292978,0.7346425326717451,0.8364099299809039,0.857912347996409,12568,12253,10512.0,2056.0,1741.0,False,1.0257079898800294,237,-1.2249999999999996
hliu36,4,test,mzehra2,237_AD_2-5_WL_Bruise_OC_A244A_2026-02-16_DSC_7120,0.8726246129561047,0.7740319887985352,0.9341002144667576,0.8187410994018798,15387,17555,14373.0,1014.0,3182.0,False,0.8765024209626887,237,-1.2249999999999996
hliu36,4,test,mzehra2,237_AD_2-5_WL_Bruise_OC_A244A_2026-02-16_DSC_7121,0.8351126195618637,0.7169041690946655,0.9565985721354351,0.7410064063954444,14147,18263,13533.0,614.0,4730.0,False,0.7746262935990801,237,-1.2249999999999996
hliu36,4,test,mzehra2,237_AE_2-5_WL_Bruise_A244A_2026-02-16_DSC_7217,0.7971840429098224,0.6627647714604237,0.7924025324891703,0.8020236087689714,6002,5930,4756.0,1246.0,1174.0,False,1.012141652613828,237,-1.2249999999999996
hliu36,4,test,mzehra2,237_AE_2-5_WL_Bruise_A244A_2026-02-16_DSC_7218,0.8867548893313034,0.7965495476541132,0.7989027220932686,0.9963157894736843,4739,3800,3786.0,953.0,14.0,False,1.2471052631578947,237,-1.2249999999999996
hliu36,4,test,mzehra2,237_AE_2-5_WL_Bruise_A244A_2026-02-16_DSC_7219,0.8393071514320014,0.7231087470449172,0.735055572243917,0.978017585931255,6658,5004,4894.0,1764.0,110.0,False,1.3305355715427658,237,-1.2249999999999996
hliu36,4,test,mzehra2,237_AE_2-5_WL_Bruise_OC_A244A_2026-02-16_DSC_7221,0.7434826443900331,0.5917010545621275,0.5934015404069434,0.995180258338153,8699,5187,5162.0,3537.0,25.0,False,1.677077308656256,237,-1.2249999999999996
hliu36,4,test,mzehra2,237_AE_2-5_WL_Bruise_OC_A244A_2026-02-16_DSC_7222,0.297666545762302,0.17485795454545455,0.17485795454545455,1.0,21120,3693,3693.0,17427.0,0.0,False,5.718927701056052,237,-1.2249999999999996
hliu36,4,test,mzehra2,237_B_2-4_WL_Bruise_A244A_2026-03-08_DSC_4584,0.889099812326078,0.8003417608450814,0.9195074067463859,0.8606389642931719,22412,23945,20608.0,1804.0,3337.0,False,0.9359782835665066,237,-1.2249999999999996
hliu36,4,test,mzehra2,237_B_2-4_WL_Bruise_A244A_2026-03-08_DSC_4587,0.752367079388201,0.603035610040864,0.9161550006822213,0.6382604562737643,14658,21040,13429.0,1229.0,7611.0,False,0.6966730038022814,237,-1.2249999999999996
hliu36,4,test,mzehra2,237_B_2-4_WL_Bruise_A244A_2026-03-08_DSC_4588,0.8615694671873032,0.7568046027882275,0.8225503872240127,0.904474769914313,20789,18906,17100.0,3689.0,1806.0,False,1.0995980112133714,237,-1.2249999999999996
hliu36,4,test,mzehra2,237_B_2-4_WL_Bruise_OC_A244A_2026-03-08_DSC_4591,0.6811873470890077,0.5165156291042816,0.9374851013110846,0.5349406603869827,16780,29407,15731.0,1049.0,13676.0,False,0.5706124392151528,237,-1.2249999999999996
hliu36,4,test,mzehra2,237_B_2-4_WL_Bruise_OC_A244A_2026-03-08_DSC_4592,0.8471370625412696,0.7348116025037843,0.8965706584136175,0.8028697867775245,20033,22371,17961.0,2072.0,4410.0,False,0.8954896964820527,237,-1.2249999999999996
hliu36,4,test,mzehra2,237_C_2-4_WL_Bruise_A244A_2026-03-08_DSC_4608,0.6936781609195403,0.5310162780466344,0.8691492644789631,0.5771569096249743,9721,14639,8449.0,1272.0,6190.0,False,0.664048090716579,237,-1.2249999999999996
hliu36,4,test,mzehra2,237_C_2-4_WL_Bruise_A244A_2026-03-08_DSC_4609,0.6862037114787136,0.5223060207081682,0.9184086311530681,0.5477211796246649,4449,7460,4086.0000000000005,362.99999999999955,3373.9999999999995,False,0.5963806970509383,237,-1.2249999999999996
hliu36,4,test,mzehra2,237_C_2-4_WL_Bruise_A244A_2026-03-08_DSC_4610,0.7410000284584081,0.5885623869801085,0.8734652801073465,0.6434219630325195,14905,20234,13019.0,1886.0,7215.0,False,0.7366314124740536,237,-1.2249999999999996
hliu36,4,test,mzehra2,237_C_2-4_WL_Bruise_OC_A244A_2026-03-08_DSC_4613,0.5937545707181512,0.422226844869728,0.6837628431867947,0.52468657102236,11874,15474,8118.999999999999,3755.000000000001,7355.000000000001,False,0.7673516867002714,237,-1.2249999999999996
hliu36,4,test,mzehra2,237_C_2-4_WL_Bruise_OC_A244A_2026-03-08_DSC_4615,0.6484467832286539,0.47977895001255966,0.6562822128049479,0.6407962424513531,8731,8942,5730.0,3001.0,3212.0,False,0.9764034891523149,237,-1.2249999999999996
hliu36,4,test,mzehra2,237_E_2-4_WL_Bruise_A244A_2026-03-08_DSC_4651,0.8583033246796751,0.7517787720971173,0.777558607085957,0.957760956919914,13181,10701,10249.0,2932.0,452.0,False,1.231754041678348,237,-1.2249999999999996
hliu36,4,test,mzehra2,237_E_2-4_WL_Bruise_A244A_2026-03-08_DSC_4652,0.8629948680351907,0.7590070121705489,0.8820719370550768,0.8447255113024758,10676,11148,9417.0,1259.0,1731.0,False,0.9576605669178327,237,-1.2249999999999996
hliu36,4,test,mzehra2,237_E_2-4_WL_Bruise_A244A_2026-03-08_DSC_4653,0.838859868271633,0.7224449877750612,0.8513311052206984,0.8267487409065473,8677,8935,7387.0,1290.0,1548.0,False,0.9711247901510912,237,-1.2249999999999996
hliu36,4,test,mzehra2,237_E_2-4_WL_Bruise_OC_A244A_2026-03-08_DSC_4656,0.9123492994460737,0.8388256440982624,0.9135995823544767,0.9111024339450735,7662,7683,7000.0,662.0,683.0,False,0.9972666926981648,237,-1.2249999999999996
hliu36,4,test,mzehra2,237_E_2-4_WL_Bruise_OC_A244A_2026-03-08_DSC_4657,0.8955633100697906,0.8108779056646355,0.9027638190954774,0.8884767556874382,7960,8088,7186.0,774.0,902.0,False,0.9841740850642928,237,-1.2249999999999996
hliu36,4,test,mzehra2,237_J_2-4_WL_Bruise_A244A_2026-02-26_DSC_5578,0.7780233086120781,0.6366924296472454,0.6730034040324693,0.9218794835007174,19095,13940,12851.0,6244.0,1089.0,False,1.3697991391678623,237,-1.2249999999999996
hliu36,4,test,mzehra2,237_J_2-4_WL_Bruise_A244A_2026-02-26_DSC_5579,0.6948708933942732,0.5324154444777013,0.5945982083166199,0.8358237007800019,14958,10641,8894.0,6064.0,1747.0,False,1.4056949534818157,237,-1.2249999999999996
hliu36,4,test,mzehra2,237_J_2-4_WL_Bruise_A244A_2026-02-26_DSC_5580,0.7208077260755048,0.5634866163349348,0.6580443019527834,0.7968060702311629,13724,11334,9031.0,4693.0,2303.0,False,1.2108699488265395,237,-1.2249999999999996
hliu36,4,test,mzehra2,237_J_2-4_WL_Bruise_OC_A244A_2026-02-26_DSC_5582,0.8564907724393027,0.7490020646937371,0.7706961263366617,0.9637796670208998,14121,11292,10883.0,3238.0,409.0,False,1.2505313496280552,237,-1.2249999999999996
hliu36,4,test,mzehra2,237_J_2-4_WL_Bruise_OC_A244A_2026-02-26_DSC_5583,0.8503272313383288,0.7396254434452603,0.7860587461639632,0.9260406982749716,11405,9681,8965.0,2440.0,716.0,False,1.1780807767792583,237,-1.2249999999999996
hliu36,4,test,mzehra2,237_N_2-4_WL_Bruise_A244A_2026-02-26_DSC_5858,0.47350705754614547,0.310192759086706,0.6696867321867321,0.36622438696674503,6512,11908,4361.0,2151.0,7547.0,False,0.5468592542828351,237,-1.2249999999999996
hliu36,4,test,mzehra2,237_N_2-4_WL_Bruise_A244A_2026-02-26_DSC_5859,0.8198618307426597,0.6947168154544124,0.6947168154544124,1.0,6833,4747,4747.0,2086.0,0.0,False,1.4394354329049925,237,-1.2249999999999996
hliu36,4,test,mzehra2,237_N_2-4_WL_Bruise_A244A_2026-02-26_DSC_5860,0.6848885403831074,0.5207836456558773,0.5210499403442986,0.9990196078431373,5867,3060,3057.0,2810.0,3.0,False,1.9173202614379086,237,-1.2249999999999996
hliu36,4,test,mzehra2,237_N_2-4_WL_Bruise_OC_A244A_2026-02-26_DSC_5862,0.7411189570885388,0.5887124611667242,0.5994727592267135,0.9704125177809388,11380,7030,6822.0,4558.0,208.0,False,1.6187766714082503,237,-1.2249999999999996
hliu36,4,test,mzehra2,237_N_2-4_WL_Bruise_OC_A244A_2026-02-26_DSC_5863,0.5368852459016393,0.36694677871148457,0.36694677871148457,1.0,9282,3406,3406.0,5876.0,0.0,False,2.7251908396946565,237,-1.2249999999999996
hliu36,4,test,mzehra2,237_S_2-4_WL_Bruise_A244A_2026-02-27_DSC_6307,0.8652677095256264,0.7625302609163453,0.9556691763119451,0.7904912394850583,17798,21517,17009.0,789.0,4508.0,False,0.8271599200632058,237,-1.2249999999999996
hliu36,4,test,mzehra2,237_S_2-4_WL_Bruise_A244A_2026-02-27_DSC_6308,0.7993549332942383,0.6657712220377063,0.9444983370288248,0.6928785645300666,14432,19673,13631.0,801.0,6042.0,False,0.7335942662532405,237,-1.2249999999999996
hliu36,4,test,mzehra2,237_S_2-4_WL_Bruise_A244A_2026-02-27_DSC_6309,0.8806266111441602,0.7867139061116032,0.9595246669067339,0.8137177059793562,13885,16373,13323.0,562.0,3050.0,False,0.8480425090087339,237,-1.2249999999999996
hliu36,4,test,mzehra2,237_S_2-4_WL_Bruise_OC_A244A_2026-02-27_DSC_6311,0.8239659120554219,0.7006309770284925,0.931145178197065,0.7389134390434104,15264,19235,14213.0,1051.0,5022.0,False,0.7935534182479854,237,-1.2249999999999996
hliu36,4,test,mzehra2,237_S_2-4_WL_Bruise_OC_A244A_2026-02-27_DSC_6312,0.875974282532955,0.7793187192433054,0.9018563715701501,0.851536312849162,13521,14320,12194.0,1327.0,2126.0,False,0.9442039106145251,237,-1.2249999999999996
hliu36,4,test,mzehra2,237_Z_2-5_WL_Bruise_A244A_2026-02-16_DSC_7025,0.8744596969553032,0.7769243754220122,0.8412538841162494,0.9103946197210958,21884,20222,18410.0,3474.0,1812.0,False,1.0821877163485314,237,-1.2249999999999996
hliu36,4,test,mzehra2,237_Z_2-5_WL_Bruise_A244A_2026-02-16_DSC_7026,0.9273079791200597,0.8644680496079195,0.9334614460725439,0.9212351093462929,16652,16873,15544.0,1108.0,1329.0,False,0.9869021513660878,237,-1.2249999999999996
hliu36,4,test,mzehra2,237_Z_2-5_WL_Bruise_A244A_2026-02-16_DSC_7027,0.9041027161394787,0.8249885545428061,0.8517531797868684,0.9633085483792584,23272,20577,19822.0,3450.0,755.0,False,1.1309714730038392,237,-1.2249999999999996
hliu36,4,test,mzehra2,237_Z_2-5_WL_Bruise_OC_A244A_2026-02-16_DSC_7030,0.9050675500802319,0.8265967002316457,0.8692950183951477,0.9439106024616714,20114,18524,17485.0,2629.0,1039.0,False,1.0858345929604838,237,-1.2249999999999996
hliu36,4,test,mzehra2,247_A_2-4_WL_Bruise_A244A_2026-02-27_DSC_6202,0.7596128694742349,0.6123998312948123,0.6170845728856779,0.9877551020408163,7059,4410,4356.0,2703.0,54.0,False,1.6006802721088436,247,-1.2249999999999996
hliu36,4,test,mzehra2,247_A_2-4_WL_Bruise_A244A_2026-02-27_DSC_6203,0.8555227942844182,0.7475227903289734,0.7710547833197057,0.9607743250127356,4892,3926,3772.0,1120.0,154.0,False,1.2460519612837493,247,-1.2249999999999996
hliu36,4,test,mzehra2,247_A_2-4_WL_Bruise_A244A_2026-02-27_DSC_6204,0.8062001284050261,0.6753226797787338,0.6776133209990749,0.9950192438306543,6486,4417,4395.0,2091.0,22.0,False,1.4684174779261943,247,-1.2249999999999996
hliu36,4,test,mzehra2,247_A_2-4_WL_Bruise_OC_A244A_2026-02-27_DSC_6206,0.8001167201634082,0.666828793774319,0.666828793774319,1.0,6168,4113,4113.0,2055.0,0.0,False,1.49963530269876,247,-1.2249999999999996
hliu36,4,test,mzehra2,247_A_2-4_WL_Bruise_OC_A244A_2026-02-27_DSC_6207,0.851783355350066,0.7418315692590888,0.7838560661317773,0.9326005206826729,4113,3457,3224.0,889.0,233.0,False,1.1897599074341916,247,-1.2249999999999996
hliu36,4,test,mzehra2,250_A_2-4_WL_Bruise_A244A_2026-02-27_DSC_6537,0.9420975305411878,0.8905334449433072,0.903249459709787,0.9844374342797055,25912,23775,23405.0,2507.0,370.0,False,1.0898843322818086,250,-1.2249999999999996
hliu36,4,test,mzehra2,250_A_2-4_WL_Bruise_A244A_2026-02-27_DSC_6538,0.9386103928601218,0.8843222003929273,0.9123560888600616,0.9664204740638955,24668,23288,22506.0,2162.0,782.0,False,1.0592579869460665,250,-1.2249999999999996
hliu36,4,test,mzehra2,250_A_2-4_WL_Bruise_OC_A244A_2026-02-27_DSC_6541,0.9285050245694807,0.8665509833085441,0.8973985966113298,0.9618453636613776,35058,32709,31461.0,3597.0,1248.0,False,1.071815096762359,250,-1.2249999999999996
hliu36,4,test,mzehra2,250_A_2-4_WL_Bruise_OC_A244A_2026-02-27_DSC_6542,0.9305664567260754,0.8701489331232994,0.8814462899833176,0.9854843287515712,27574,24663,24305.0,3269.0,358.0,False,1.1180310586708835,250,-1.2249999999999996
hliu36,4,test,mzehra2,250_A_2-4_WL_Bruise_OC_A244A_2026-02-27_DSC_6543,0.9284214681763534,0.8664054388961452,0.8763550135501355,0.9870655118470755,29520,26209,25870.0,3650.0,339.0,False,1.1263306497767942,250,-1.2249999999999996
hliu36,4,test,mzehra2,254_A_2-5_WL_Bruise_A244A_2026-02-16_DSC_6925,0.7154046997389034,0.556910569105691,0.556910569105691,1.0,1722,959,959.0,763.0,0.0,False,1.7956204379562044,254,-1.2249999999999996
hliu36,4,test,mzehra2,254_A_2-5_WL_Bruise_A244A_2026-02-16_DSC_6926,0.8227272727272728,0.6988416988416989,0.7011621472053127,0.99528672427337,1807,1273,1267.0,540.0,6.0,False,1.4194815396700706,254,-1.2249999999999996
hliu36,4,test,mzehra2,254_A_2-5_WL_Bruise_A244A_2026-02-16_DSC_6927,0.780865603644647,0.64050822122571,0.64050822122571,1.0,1338,857,857.0,481.0,0.0,False,1.561260210035006,254,-1.2249999999999996
hliu36,4,test,mzehra2,254_A_2-5_WL_Bruise_OC_A244A_2026-02-16_DSC_6930,0.7097053726169844,0.5500335795836132,0.5613433858807403,0.9646643109540636,1459,849,819.0,640.0,30.0,False,1.71849234393404,254,-1.2249999999999996
hliu36,4,test,mzehra2,254_A_2-5_WL_Bruise_OC_A244A_2026-02-16_DSC_6931,0.06398706398706398,0.03305094857415583,0.03324731440917002,0.8483920367534457,16663,653,554.0,16109.0,99.0,False,25.51761102603369,254,-1.2249999999999996
hliu36,4,test,mzehra2,254_B_2-5_WL_Bruise_A244A_2026-02-16_DSC_6954,0.3025533826273236,0.1782402931148542,0.9039434293382884,0.18168143245430213,19374,96394,17513.0,1861.0,78881.0,False,0.2009876133369297,254,-1.2249999999999996
hliu36,4,test,mzehra2,254_B_2-5_WL_Bruise_A244A_2026-02-16_DSC_6955,0.24810065522370062,0.14161809921527235,0.9273300946561827,0.14320739394408136,19967,129295,18516.0,1451.0,110779.0,False,0.15442979233535714,254,-1.2249999999999996
hliu36,4,test,mzehra2,254_B_2-5_WL_Bruise_A244A_2026-02-16_DSC_6956,0.24953961347768897,0.14255656134753003,0.9401494358035987,0.143862146207154,13116,85714,12331.0,785.0,73383.0,False,0.1530205100683669,254,-1.2249999999999996
hliu36,4,test,mzehra2,254_B_2-5_WL_Bruise_OC_A244A_2026-02-16_DSC_6960,0.27546965317919075,0.159736042735938,0.9054027310508609,0.16244718247345807,15159,84489,13725.0,1434.0,70764.0,False,0.17941980612860844,254,-1.2249999999999996
hliu36,4,test,mzehra2,254_B_2-5_WL_Bruise_OC_A244A_2026-02-16_DSC_6961,0.25077255318387365,0.1433618902106297,0.8290470179867466,0.14772902990005202,12676,71137,10509.000000000002,2166.999999999998,60628.0,False,0.1781913772017375,254,-1.2249999999999996
hliu36,4,test,mzehra2,260_A_2-5_WL_Bruise_A244A_2026-02-17_DSC_7634,0.5735211267605633,0.4020537124802528,0.812126047068209,0.44328325713041583,2507,4593,2035.9999999999998,471.0000000000002,2557.0,False,0.545830611800566,260,-1.2249999999999996
hliu36,4,test,mzehra2,260_A_2-5_WL_Bruise_A244A_2026-02-17_DSC_7635,0.5062491416014284,0.3389113644722324,0.45483711747285294,0.5707649427067204,4052,3229,1843.0000000000002,2209.0,1385.9999999999998,False,1.2548776711056056,260,-1.2249999999999996
hliu36,4,test,mzehra2,260_A_2-5_WL_Bruise_A244A_2026-02-17_DSC_7636,0.7753813782219884,0.6331615120274914,0.7098483024319768,0.8542451463343959,4153,3451,2948.0,1205.0,503.0,False,1.2034192987539845,260,-1.2249999999999996
hliu36,4,test,mzehra2,260_A_2-5_WL_Bruise_OC_A244A_2026-02-17_DSC_7638,0.7108883647798742,0.5514560146363775,0.5572330919735018,0.9815468113975576,6491,3685,3616.9999999999995,2874.0000000000005,68.00000000000045,False,1.7614654002713703,260,-1.2249999999999996
hliu36,4,test,mzehra2,260_A_2-5_WL_Bruise_OC_A244A_2026-02-17_DSC_7639,0.6126410835214446,0.4415880247315327,0.7447859495060373,0.5203220858895705,3644,5216,2713.9999999999995,930.0000000000005,2502.0000000000005,False,0.6986196319018405,260,-1.2249999999999996
hliu36,4,test,mzehra2,285_F_2-6_WL_Bruise_A244A_2026-04-06_DSC_2339,0.4374357216318135,0.27994734532689775,0.5523809523809524,0.3620885357548241,2310,3524,1276.0,1034.0,2248.0,False,0.6555051078320091,285,-1.2249999999999996
hliu36,4,test,mzehra2,285_F_2-6_WL_Bruise_A244A_2026-04-06_DSC_2340,0.4552755905511811,0.2947293302069528,0.4361798430899215,0.47611989459815546,6628,6072,2891.0,3737.0,3181.0,False,1.0915678524374177,285,-1.2249999999999996
hliu36,4,test,mzehra2,285_F_2-6_WL_Bruise_OC_A244A_2026-04-06_DSC_2343,0.700960219478738,0.5395987328405492,0.5395987328405492,1.0,1894,1022,1022.0,872.0,0.0,False,1.8532289628180039,285,-1.2249999999999996
hliu36,4,test,mzehra2,285_F_2-6_WL_Bruise_OC_A244A_2026-04-06_DSC_2344,0.3659706109822119,0.22396819386595987,0.3134189958934958,0.43969522393607136,7549,5381,2366.0,5183.0,3015.0,False,1.4028990893885895,285,-1.2249999999999996
hliu36,4,test,mzehra2,285_G_2-6_WL_Bruise_A244A_2026-05-29_DSC_3860,0.8443134142192993,0.7305729984301413,0.7676288659793814,0.9380196523053665,4850,3969,3723.0,1127.0,246.0,False,1.2219702695893173,285,-1.2249999999999996
hliu36,4,test,mzehra2,285_G_2-6_WL_Bruise_A244A_2026-05-29_DSC_3861,0.8053691275167785,0.6741573033707865,0.7491486946651532,0.8707124010554089,4405,3790,3300.0,1105.0,490.0,False,1.1622691292875988,285,-1.2249999999999996
hliu36,4,test,mzehra2,285_G_2-6_WL_Bruise_A244A_2026-05-29_DSC_3862,0.8866002975168784,0.7963001027749229,0.8660854012966689,0.9081106422878574,4473,4266,3874.0,599.0,392.0,False,1.0485232067510548,285,-1.2249999999999996
hliu36,4,test,mzehra2,285_G_2-6_WL_Bruise_OC_A244A_2026-05-29_DSC_3864,0.8755201736927809,0.7786001609010459,0.8032868525896414,0.962027833001988,6024,5030,4839.0,1185.0,191.0,False,1.1976143141153082,285,-1.2249999999999996
hliu36,4,test,mzehra2,285_G_2-6_WL_Bruise_OC_A244A_2026-05-29_DSC_3865,0.8505725007216396,0.7399966515988615,0.7620689655172413,0.9623339865011975,5800,4593,4420.0,1380.0,173.0,False,1.2627912040060962,285,-1.2249999999999996
hliu36,4,test,nmousta5,170_F_2-4_WL_Bruise_A244A_2026-03-05_DSC_1856,0.6164398016249868,0.44554606467358143,0.47052190721649484,0.8935454267360049,6208,3269,2921.0,3287.0,348.0,False,1.8990516977669012,170,-1.2249999999999996
hliu36,4,test,nmousta5,170_F_2-4_WL_Bruise_OC_A244A_2026-03-05_DSC_1860,0.6763076345196732,0.5109250851305335,0.7469404687824103,0.617879203843514,4821,5828,3601.0,1220.0,2227.0,False,0.827213452299245,170,-1.2249999999999996
hliu36,4,test,nmousta5,182_Q_2-6_WL_Bruise_A244A_2026-04-06_DSC_2484,0.3633950401676563,0.22204200102441524,0.9056406685236769,0.2273005330769903,2872,11443,2601.0,271.0,8842.0,False,0.2509831337935856,182,-1.2249999999999996
hliu36,4,test,nmousta5,182_Q_2-6_WL_Bruise_A244A_2026-04-06_DSC_2485,0.3296313258529883,0.19734046199191171,0.21457851978832823,0.7106887188348556,13417,4051,2879.0,10538.0,1172.0,False,3.3120217230313505,182,-1.2249999999999996
hliu36,4,test,nmousta5,182_Q_2-6_WL_Bruise_A244A_2026-04-06_DSC_2486,0.3833745437419051,0.23714493809176984,0.8079404466501241,0.2513121333744983,2015,6478,1628.0,387.0,4850.0,False,0.3110527940722445,182,-1.2249999999999996
hliu36,4,test,nmousta5,182_Q_2-6_WL_Bruise_OC_A244A_2026-04-06_DSC_2488,0.508763388510224,0.34116878876918055,0.5950177935943061,0.44434995216328266,7025,9407,4180.0,2845.0,5227.0,False,0.746784309556713,182,-1.2249999999999996
hliu36,4,test,nmousta5,20_D_2-6_WL_Bruise_A244A_2026-04-04_DSC_0400,0.8925323657214532,0.8059218509829302,0.8205254921340911,0.978393242977804,12141,10182,9962.0,2179.0,220.0,False,1.1923983500294637,20,-1.2249999999999996
hliu36,4,test,nmousta5,20_D_2-6_WL_Bruise_OC_A244A_2026-04-04_DSC_0403,0.8972687582495685,0.8136785503830288,0.8407093116176415,0.961987285552556,26279,22966,22093.0,4186.0,873.0,False,1.144256727336062,20,-1.2249999999999996
hliu36,4,test,nmousta5,20_D_2-6_WL_Bruise_OC_A244A_2026-04-04_DSC_0404,0.9054659669820355,0.8272615923009624,0.8304584577551379,0.9953682260305697,28465,23749,23639.0,4826.0,110.0,False,1.1985767821803024,20,-1.2249999999999996
hliu36,4,test,nmousta5,226_A_2-4_WL_Bruise_A244A_2026-03-06_DSC_3569,0.4645717806531115,0.3025682182985554,0.31771447834147987,0.8638863428047663,5933,2182,1885.0,4048.0,297.0,False,2.719065077910174,226,-1.2249999999999996
hliu36,4,test,nmousta5,226_A_2-4_WL_Bruise_A244A_2026-03-06_DSC_3570,0.5917312661498708,0.42018348623853213,0.42368177613321,0.9807280513918629,4324,1868,1832.0,2492.0,36.0,False,2.314775160599572,226,-1.2249999999999996
hliu36,4,test,nmousta5,226_A_2-4_WL_Bruise_A244A_2026-03-06_DSC_3571,0.20548659643266923,0.11450825389444315,0.1178088745365387,0.8034257748776509,16722,2452,1969.9999999999998,14752.0,482.0000000000002,False,6.819738988580751,226,-1.2249999999999996
hliu36,4,test,nmousta5,226_A_2-4_WL_Bruise_OC_A244A_2026-03-06_DSC_3573,0.5403248004404074,0.37016782953045446,0.3723444613050076,0.9844533600802408,5272,1994,1963.0000000000002,3309.0,30.999999999999773,False,2.6439317953861585,226,-1.2249999999999996
hliu36,4,test,nmousta5,226_A_2-4_WL_Bruise_OC_A244A_2026-03-06_DSC_3574,0.4804922388477136,0.3162157187557519,0.3339164237123421,0.8564307078763709,5145,2006,1718.0,3427.0,288.0,False,2.564805583250249,226,-1.2249999999999996
hliu36,4,test,nmousta5,226_C_2-4_WL_Bruise_A244A_2026-03-06_DSC_3610,0.6375530410183875,0.4679470542434467,0.4679470542434467,1.0,3853,1803,1802.9999999999998,2050.0,2.2737367544323206e-13,False,2.136993899057127,226,-1.2249999999999996
hliu36,4,test,nmousta5,226_C_2-4_WL_Bruise_A244A_2026-03-06_DSC_3611,0.7342995169082126,0.5801526717557252,0.5801526717557252,1.0,3537,2052,2052.0,1485.0,0.0,False,1.7236842105263157,226,-1.2249999999999996
hliu36,4,test,nmousta5,226_C_2-4_WL_Bruise_A244A_2026-03-06_DSC_3612,0.677349159248269,0.5121148668860305,0.5121148668860305,1.0,3343,1712,1711.9999999999998,1631.0000000000002,2.2737367544323206e-13,False,1.9526869158878504,226,-1.2249999999999996
hliu36,4,test,nmousta5,226_C_2-4_WL_Bruise_OC_A244A_2026-03-06_DSC_3614,0.6877387981938173,0.5240868184224458,0.5263157894736842,0.9919839679358717,3762,1996,1980.0,1782.0,16.0,False,1.8847695390781563,226,-1.2249999999999996
hliu36,4,test,nmousta5,226_C_2-4_WL_Bruise_OC_A244A_2026-03-06_DSC_3615,0.7544187980869204,0.6056761268781302,0.6087248322147651,0.9917987971569163,2980,1829,1814.0,1166.0,15.0,False,1.6293056314926189,226,-1.2249999999999996
hliu36,4,test,nmousta5,228_B_2-4_WL_Bruise_A244A_2026-03-06_DSC_3718,0.6531555555555556,0.48495248152059134,0.48495248152059134,1.0,3788,1837,1837.0000000000002,1950.9999999999998,-2.2737367544323206e-13,False,2.0620577027762654,228,-1.2249999999999996
hliu36,4,test,nmousta5,228_B_2-4_WL_Bruise_A244A_2026-03-06_DSC_3719,0.627387504046617,0.4570754716981132,0.4570754716981132,1.0,4240,1938,1938.0,2302.0,0.0,False,2.1878224974200204,228,-1.2249999999999996
hliu36,4,test,nmousta5,228_B_2-4_WL_Bruise_A244A_2026-03-06_DSC_3720,0.8509078212290503,0.7405044059556366,0.7974476439790575,0.9120508982035929,3056,2672,2437.0,619.0,235.0,False,1.1437125748502994,228,-1.2249999999999996
hliu36,4,test,nmousta5,228_B_2-4_WL_Bruise_A244A_2026-03-06_DSC_3721,0.7696629213483146,0.6255707762557078,0.6425640023451241,0.9594397432156405,5117,3427,3288.0,1829.0,139.0,False,1.4931426903997667,228,-1.2249999999999996
hliu36,4,test,nmousta5,228_B_2-4_WL_Bruise_OC_A244A_2026-03-06_DSC_3723,0.6034134703615343,0.43206307490144547,0.43206307490144547,1.0,3805,1644,1644.0,2161.0,0.0,False,2.314476885644769,228,-1.2249999999999996
hliu36,4,test,nmousta5,228_B_2-4_WL_Bruise_OC_A244A_2026-03-06_DSC_3724,0.8098028769312733,0.6803939122649956,0.6816143497757847,0.9973753280839895,3345,2286,2280.0,1065.0,6.0,False,1.463254593175853,228,-1.2249999999999996
hliu36,4,test,nmousta5,232_A_2-4_WL_Bruise_A244A_2026-03-06_DSC_3868,0.3677363399826539,0.2252922422954304,0.23619973665552518,0.8298932384341637,19746,5620,4664.0,15082.0,956.0,False,3.513523131672598,232,-1.2249999999999996
hliu36,4,test,nmousta5,232_A_2-4_WL_Bruise_A244A_2026-03-06_DSC_3869,0.7795451557775733,0.6387333046100818,0.6395599654874892,0.997980477953551,9272,5942,5930.0,3342.0,12.0,False,1.5604173678895994,232,-1.2249999999999996
hliu36,4,test,nmousta5,232_A_2-4_WL_Bruise_A244A_2026-03-06_DSC_3870,0.0,0.0,0.0,0.0,5335,5901,0.0,5335.0,5901.0,True,0.9040840535502457,232,-1.2249999999999996
hliu36,4,test,nmousta5,232_A_2-4_WL_Bruise_OC_A244A_2026-03-06_DSC_3876,0.7417720168560303,0.5895370527386807,0.6040309269394493,0.960889994472084,11511,7236,6953.0,4558.0,283.0,False,1.5907960199004976,232,-1.2249999999999996
hliu36,4,test,nmousta5,232_A_2-4_WL_Bruise_OC_A244A_2026-03-06_DSC_3877,0.6974731556172873,0.5354769912230334,0.5364450653299367,0.9966412213740458,12169,6550,6528.0,5641.0,22.0,False,1.8578625954198473,232,-1.2249999999999996
hliu36,4,test,nmousta5,233_B_2-4_WL_Bruise_A244A_2026-03-06_DSC_4197,0.6747851002865329,0.5091891891891892,0.8655640373197625,0.5529167419180061,7074,11074,6123.0,951.0,4951.0,False,0.6387935705255554,233,-1.2249999999999996
hliu36,4,test,nmousta5,233_B_2-4_WL_Bruise_A244A_2026-03-06_DSC_4199,0.5595890410958904,0.38849262957679503,0.6017308046400295,0.52296367418787,5431,6249,3267.9999999999995,2163.0000000000005,2981.0000000000005,False,0.8690990558489359,233,-1.2249999999999996
hliu36,4,test,nmousta5,233_B_2-4_WL_Bruise_OC_A244A_2026-03-06_DSC_4201,0.5513953162249334,0.38063891577928366,0.6798063623789765,0.46378862939372495,5784,8478,3932.0000000000005,1851.9999999999995,4546.0,False,0.6822363765038925,233,-1.2249999999999996
hliu36,4,test,nmousta5,235_A_2-4_WL_Bruise_A244A_2026-03-08_DSC_4349,0.8290248617542597,0.7079781924287798,0.75502600008189,0.9191048198175746,24423,20063,18440.0,5983.0,1623.0,False,1.2173154563126152,235,-1.2249999999999996
hliu36,4,test,nmousta5,235_A_2-4_WL_Bruise_A244A_2026-03-08_DSC_4350,0.7588592766144384,0.611420818216677,0.7980365736284889,0.7233485710297658,25975,28657,20729.0,5246.0,7928.0,False,0.9064103011480615,235,-1.2249999999999996
hliu36,4,test,nmousta5,235_A_2-4_WL_Bruise_A244A_2026-03-08_DSC_4351,0.7828776270471638,0.6432201432201432,0.7939268657780312,0.7721317157712305,14029,14425,11138.0,2891.0,3287.0,False,0.9725476603119584,235,-1.2249999999999996
hliu36,4,test,nmousta5,235_A_2-4_WL_Bruise_OC_A244A_2026-03-08_DSC_4353,0.8249971121635671,0.7021234762092017,0.8565192363043269,0.7957128214269799,20846,22439,17855.0,2991.0,4584.0,False,0.9290075315299255,235,-1.2249999999999996
hliu36,4,test,nmousta5,235_A_2-4_WL_Bruise_OC_A244A_2026-03-08_DSC_4354,0.8273544275436282,0.7055451766304348,0.7397168803418803,0.9385484326461452,22464,17705,16617.0,5847.0,1088.0,False,1.2687941259531206,235,-1.2249999999999996
hliu36,4,test,nmousta5,236_C_2-4_WL_Bruise_A244A_2026-03-08_DSC_4462,0.4106771687999125,0.258397577092511,0.2606582419108457,0.9675257731958763,7201,1940,1877.0,5324.0,63.0,False,3.711855670103093,236,-1.2249999999999996
hliu36,4,test,nmousta5,236_C_2-4_WL_Bruise_A244A_2026-03-08_DSC_4463,0.39818341634925286,0.24858240351198096,0.24858240351198096,1.0,5467,1359,1359.0,4108.0,0.0,False,4.022810890360559,236,-1.2249999999999996
hliu36,4,test,nmousta5,236_C_2-4_WL_Bruise_A244A_2026-03-08_DSC_4464,0.0,0.0,0.0,0.0,1093,1900,0.0,1093.0,1900.0,True,0.5752631578947368,236,-1.2249999999999996
hliu36,4,test,nmousta5,236_C_2-4_WL_Bruise_OC_A244A_2026-03-08_DSC_4467,0.0,0.0,0.0,0.0,2210,1718,0.0,2210.0,1718.0,True,1.2863795110593714,236,-1.2249999999999996
hliu36,4,test,nmousta5,236_C_2-4_WL_Bruise_OC_A244A_2026-03-08_DSC_4468,0.0,0.0,0.0,0.0,2138,1729,0.0,2138.0,1729.0,True,1.2365529207634471,236,-1.2249999999999996
hliu36,4,test,nmousta5,236_E_2-4_WL_Bruise_OC_A244A_2026-02-26_DSC_5722,0.20745542949756887,0.11573236889692586,0.11573236889692586,1.0,9401,1088,1088.0,8313.0,0.0,False,8.640625,236,-1.2249999999999996
hliu36,4,test,nmousta5,237_AC_2-5_WL_Bruise_A244A_2026-02-16_DSC_7084,0.6067615231422607,0.43550442599800226,0.8791544986789042,0.463235024729804,14382,27295,12644.0,1738.0,14651.0,False,0.5269096904194908,237,-1.2249999999999996
hliu36,4,test,nmousta5,237_AC_2-5_WL_Bruise_A244A_2026-02-16_DSC_7085,0.7374574381534938,0.5841050119331742,0.8796003450258769,0.634863813229572,13912,19275,12237.0,1675.0,7038.0,False,0.7217639429312581,237,-1.2249999999999996
hliu36,4,test,nmousta5,237_AC_2-5_WL_Bruise_A244A_2026-02-16_DSC_7086,0.8313838275783456,0.7114259131426514,0.9071218093452221,0.7673183995856533,26131,30892,23704.0,2427.0,7188.0,False,0.8458824291078596,237,-1.2249999999999996
hliu36,4,test,nmousta5,237_AC_2-5_WL_Bruise_OC_A244A_2026-02-16_DSC_7088,0.8847556964296394,0.7933290433290433,0.9458272952007502,0.8310924684468747,23462,26701,22191.0,1271.0,4510.0,False,0.8786936818845736,237,-1.2249999999999996
hliu36,4,test,nmousta5,237_AC_2-5_WL_Bruise_OC_A244A_2026-02-16_DSC_7089,0.8598782788198028,0.7541986639195855,0.8738109877391588,0.8463829041863724,27649,28545,24160.0,3489.0,4385.0,False,0.968610965142757,237,-1.2249999999999996
hliu36,4,test,nmousta5,237_AD_2-5_WL_Bruise_A244A_2026-02-16_DSC_7116,0.6352576447930857,0.4654780753080471,0.8756798756798757,0.49841527235203065,7722,13567,6762.0,960.0,6805.0,False,0.569175204540429,237,-1.2249999999999996
hliu36,4,test,nmousta5,237_AD_2-5_WL_Bruise_A244A_2026-02-16_DSC_7117,0.8764635732870771,0.7800935977227771,0.8212616822429907,0.9396211064621106,19688,17208,16168.999999999998,3519.000000000002,1039.0000000000018,False,1.1441190144119013,237,-1.2249999999999996
hliu36,4,test,nmousta5,237_AD_2-5_WL_Bruise_A244A_2026-02-16_DSC_7118,0.8511569967158658,0.7408819083919301,0.897040101845958,0.8097392803275156,12568,13923,11274.0,1294.0,2649.0,False,0.9026790203260792,237,-1.2249999999999996
hliu36,4,test,nmousta5,237_AD_2-5_WL_Bruise_OC_A244A_2026-02-16_DSC_7120,0.8838488397243766,0.7918719893693594,0.9294859296808995,0.842483506126296,15387,16976,14302.0,1085.0,2674.0,False,0.9063972667295005,237,-1.2249999999999996
hliu36,4,test,nmousta5,237_AD_2-5_WL_Bruise_OC_A244A_2026-02-16_DSC_7121,0.8866189989785496,0.7963302752293578,0.8896585848589807,0.8836001123279977,14147,14244,12586.0,1561.0,1658.0,False,0.9931901151361977,237,-1.2249999999999996
hliu36,4,test,nmousta5,237_AE_2-5_WL_Bruise_A244A_2026-02-16_DSC_7217,0.7928399034593725,0.6567810729756748,0.6567810729756748,1.0,6002,3942,3942.0,2060.0,0.0,False,1.5225773718924405,237,-1.2249999999999996
hliu36,4,test,nmousta5,237_AE_2-5_WL_Bruise_A244A_2026-02-16_DSC_7218,0.9414090956395046,0.8893039716869838,0.954420763874235,0.9287474332648871,4739,4870,4523.0,216.0,347.0,False,0.9731006160164271,237,-1.2249999999999996
hliu36,4,test,nmousta5,237_AE_2-5_WL_Bruise_A244A_2026-02-16_DSC_7219,0.8107324147933285,0.6817073170731708,0.7556323220186242,0.8745002607335304,6658,5753,5031.0,1627.0,722.0,False,1.1573092299669738,237,-1.2249999999999996
hliu36,4,test,nmousta5,237_AE_2-5_WL_Bruise_OC_A244A_2026-02-16_DSC_7221,0.7701601573475696,0.6262280100525474,0.6301873778595241,0.9900668231894528,8699,5537,5482.0,3217.0,55.0,False,1.571067364999097,237,-1.2249999999999996
hliu36,4,test,nmousta5,237_AE_2-5_WL_Bruise_OC_A244A_2026-02-16_DSC_7222,0.30567651017338293,0.18041213027428624,0.1828125,0.9321583775953646,21120,4142,3861.0,17259.0,281.0,False,5.098985997102849,237,-1.2249999999999996
hliu36,4,test,nmousta5,237_B_2-4_WL_Bruise_A244A_2026-03-08_DSC_4584,0.7184909974278365,0.5606601248884924,0.5608602534356595,0.9993639688344729,22412,12578,12570.0,9842.0,8.0,False,1.781841310224201,237,-1.2249999999999996
hliu36,4,test,nmousta5,237_B_2-4_WL_Bruise_A244A_2026-03-08_DSC_4587,0.7988907460872208,0.6651274590423176,0.7173557101923864,0.9013372192696726,14658,11666,10515.0,4143.0,1151.0,False,1.2564717983884794,237,-1.2249999999999996
hliu36,4,test,nmousta5,237_B_2-4_WL_Bruise_A244A_2026-03-08_DSC_4588,0.681130459606052,0.5164502164502165,0.5164750589253932,0.9999068727882288,20789,10738,10737.0,10052.0,1.0,False,1.936021605513131,237,-1.2249999999999996
hliu36,4,test,nmousta5,237_B_2-4_WL_Bruise_OC_A244A_2026-03-08_DSC_4591,0.7372330547818013,0.5838235294117647,0.5914779499404053,0.9783144406111385,16780,10145,9925.0,6855.0,220.0,False,1.654016757023164,237,-1.2249999999999996
hliu36,4,test,nmousta5,237_B_2-4_WL_Bruise_OC_A244A_2026-03-08_DSC_4592,0.61224065671435,0.44117206609094994,0.44117206609094994,1.0,20033,8838,8838.0,11195.0,0.0,False,2.2666892962208642,237,-1.2249999999999996
hliu36,4,test,nmousta5,237_C_2-4_WL_Bruise_A244A_2026-03-08_DSC_4608,0.7065583733907951,0.546262281076463,0.6577512601584199,0.7631893053234662,9721,8378,6394.0,3327.0,1984.0,False,1.1603007877775124,237,-1.2249999999999996
hliu36,4,test,nmousta5,237_C_2-4_WL_Bruise_A244A_2026-03-08_DSC_4609,0.7191426459719142,0.5614541257934218,0.6561024949426838,0.7955846279640229,4449,3669,2919.0,1530.0,750.0,False,1.2125919869174162,237,-1.2249999999999996
hliu36,4,test,nmousta5,237_C_2-4_WL_Bruise_A244A_2026-03-08_DSC_4610,0.8081482253971565,0.6780610161581987,0.7798725259979873,0.8385514355792815,14905,13862,11624.0,3281.0,2238.0,False,1.0752416678689944,237,-1.2249999999999996
hliu36,4,test,nmousta5,237_C_2-4_WL_Bruise_OC_A244A_2026-03-08_DSC_4613,0.5663916363450008,0.39508114677915207,0.4653865588681152,0.7233931142819741,11874,7639,5526.0,6348.0,2113.0,False,1.5543919361172929,237,-1.2249999999999996
hliu36,4,test,nmousta5,237_C_2-4_WL_Bruise_OC_A244A_2026-03-08_DSC_4615,0.5829137822529893,0.41134673032086155,0.42435001718016263,0.9306706857573473,8731,3981,3705.0,5026.0,276.0,False,2.193167545842753,237,-1.2249999999999996
hliu36,4,test,nmousta5,237_E_2-4_WL_Bruise_A244A_2026-03-08_DSC_4651,0.6402228297312632,0.4708292238828617,0.4708292238828617,1.0,13181,6206,6206.0,6975.0,0.0,False,2.1239123428939735,237,-1.2249999999999996
hliu36,4,test,nmousta5,237_E_2-4_WL_Bruise_A244A_2026-03-08_DSC_4652,0.6550009441681879,0.48698989142643206,0.48735481453727986,0.9984647860295529,10676,5211,5203.0,5473.0,8.0,False,2.0487430435616965,237,-1.2249999999999996
hliu36,4,test,nmousta5,237_E_2-4_WL_Bruise_A244A_2026-03-08_DSC_4653,0.6194213238208482,0.4486678915939366,0.4502708309323499,0.9921279837480955,8677,3938,3907.0000000000005,4770.0,30.999999999999545,False,2.203402742508888,237,-1.2249999999999996
hliu36,4,test,nmousta5,237_E_2-4_WL_Bruise_OC_A244A_2026-03-08_DSC_4656,0.6629232895646164,0.49580049101951157,0.5007830853563039,0.9803270311701584,7662,3914,3837.0,3825.0,77.0,False,1.9575881451200818,237,-1.2249999999999996
hliu36,4,test,nmousta5,237_E_2-4_WL_Bruise_OC_A244A_2026-03-08_DSC_4657,0.7211878009630819,0.5639512991088239,0.5644472361809045,0.9984444444444445,7960,4500,4493.0,3467.0,7.0,False,1.768888888888889,237,-1.2249999999999996
hliu36,4,test,nmousta5,237_J_2-4_WL_Bruise_A244A_2026-02-26_DSC_5578,0.8001498641855819,0.6668748373666407,0.6710657240115213,0.9907221277253749,19095,12934,12814.0,6281.0,120.0,False,1.4763414256997063,237,-1.2249999999999996
hliu36,4,test,nmousta5,237_J_2-4_WL_Bruise_A244A_2026-02-26_DSC_5579,0.7737360054185426,0.6309701735005523,0.6491509560101618,0.9574992604279657,14958,10141,9710.0,5248.0,431.0,False,1.4750024652401144,237,-1.2249999999999996
hliu36,4,test,nmousta5,237_J_2-4_WL_Bruise_A244A_2026-02-26_DSC_5580,0.8183605041045208,0.6925636007827789,0.7736082774701253,0.8686083612861,13724,12223,10617.0,3107.0,1606.0,False,1.1228012762824184,237,-1.2249999999999996
hliu36,4,test,nmousta5,237_J_2-4_WL_Bruise_OC_A244A_2026-02-26_DSC_5582,0.8664595051724816,0.7643833715039211,0.7799730897245237,0.9745177844629269,14121,11302,11014.0,3107.0,288.0,False,1.2494248805521146,237,-1.2249999999999996
hliu36,4,test,nmousta5,237_J_2-4_WL_Bruise_OC_A244A_2026-02-26_DSC_5583,0.8493188512518409,0.7381009519238461,0.8090311266988163,0.8938293131841519,11405,10323,9227.0,2178.0,1096.0,False,1.1048144919112661,237,-1.2249999999999996
hliu36,4,test,nmousta5,237_N_2-4_WL_Bruise_A244A_2026-02-26_DSC_5858,0.79963133640553,0.6661547911547911,0.6661547911547911,1.0,6512,4338,4338.0,2174.0,0.0,False,1.5011526048870447,237,-1.2249999999999996
hliu36,4,test,nmousta5,237_N_2-4_WL_Bruise_A244A_2026-02-26_DSC_5859,0.7068400860858988,0.5465991316931983,0.5527586711546905,0.980020757654385,6833,3854,3777.0,3056.0,77.0,False,1.7729631551634666,237,-1.2249999999999996
hliu36,4,test,nmousta5,237_N_2-4_WL_Bruise_A244A_2026-02-26_DSC_5860,0.7787990196078431,0.6377320622177621,0.6499062553264019,0.9714649681528662,5867,3925,3813.0,2054.0,112.0,False,1.4947770700636942,237,-1.2249999999999996
hliu36,4,test,nmousta5,237_N_2-4_WL_Bruise_OC_A244A_2026-02-26_DSC_5862,0.7546554445028932,0.6059812452479514,0.6303163444639719,0.9401048492791612,11380,7630,7173.0,4207.0,457.0,False,1.491480996068152,237,-1.2249999999999996
hliu36,4,test,nmousta5,237_N_2-4_WL_Bruise_OC_A244A_2026-02-26_DSC_5863,0.749585626201684,0.5994697773064687,0.6090282266752854,0.9744871573866575,9282,5801,5653.0,3629.0,148.0,False,1.6000689536286847,237,-1.2249999999999996
hliu36,4,test,nmousta5,237_S_2-4_WL_Bruise_A244A_2026-02-27_DSC_6307,0.7684150474848149,0.6239237057220709,0.6432745252275537,0.9540038330139156,17798,12001,11449.0,6349.0,552.0,False,1.4830430797433547,237,-1.2249999999999996
hliu36,4,test,nmousta5,237_S_2-4_WL_Bruise_A244A_2026-02-27_DSC_6308,0.8223372946391982,0.6982791345058839,0.7647588691796009,0.8892917573120619,14432,12411,11037.0,3395.0,1374.0,False,1.1628394166465232,237,-1.2249999999999996
hliu36,4,test,nmousta5,237_S_2-4_WL_Bruise_A244A_2026-02-27_DSC_6309,0.7223598288673723,0.5653859710962285,0.5776017284839755,0.9639423076923077,13885,8320,8020.000000000001,5864.999999999999,299.9999999999991,False,1.6688701923076923,237,-1.2249999999999996
hliu36,4,test,nmousta5,237_S_2-4_WL_Bruise_OC_A244A_2026-02-27_DSC_6311,0.8345605571475208,0.7160908807967632,0.7536687631027253,0.9349045103616416,15264,12305,11504.0,3760.0,801.0,False,1.2404713531084925,237,-1.2249999999999996
hliu36,4,test,nmousta5,237_S_2-4_WL_Bruise_OC_A244A_2026-02-27_DSC_6312,0.785568709075929,0.646861386845676,0.6699208638414319,0.9494758909853249,13521,9540,9058.0,4463.0,482.0,False,1.4172955974842767,237,-1.2249999999999996
hliu36,4,test,nmousta5,237_Z_2-5_WL_Bruise_A244A_2026-02-16_DSC_7025,0.8464170543780617,0.7337288207929665,0.7855967830378359,0.9174449010085917,21884,18739,17192.0,4692.0,1547.0,False,1.167831794652863,237,-1.2249999999999996
hliu36,4,test,nmousta5,237_Z_2-5_WL_Bruise_A244A_2026-02-16_DSC_7026,0.8294062205466541,0.7085346215780999,0.7134278164785011,0.9904126719466444,16652,11995,11880.0,4772.0,115.0,False,1.3882451021258857,237,-1.2249999999999996
hliu36,4,test,nmousta5,237_Z_2-5_WL_Bruise_A244A_2026-02-16_DSC_7027,0.8784704664210552,0.783278941944349,0.7838174630457202,0.9991236238155228,23272,18257,18241.0,5031.0,16.0,False,1.2746891603220682,237,-1.2249999999999996
hliu36,4,test,nmousta5,237_Z_2-5_WL_Bruise_OC_A244A_2026-02-16_DSC_7030,0.8700252028692498,0.7699509803921568,0.7808988764044944,0.9821171762646158,20114,15993,15707.000000000002,4406.999999999998,285.9999999999982,False,1.2576752329144,237,-1.2249999999999996
hliu36,4,test,nmousta5,247_A_2-4_WL_Bruise_A244A_2026-02-27_DSC_6202,0.7695659752483877,0.6254426972659017,0.6254426972659017,1.0,7059,4415,4415.0,2644.0,0.0,False,1.5988674971687429,247,-1.2249999999999996
hliu36,4,test,nmousta5,247_A_2-4_WL_Bruise_A244A_2026-02-27_DSC_6203,0.7791594130813231,0.6382155225096761,0.6404333605887162,0.9946031746031746,4892,3150,3133.0,1759.0,17.0,False,1.553015873015873,247,-1.2249999999999996
hliu36,4,test,nmousta5,247_A_2-4_WL_Bruise_A244A_2026-02-27_DSC_6204,0.8004438690586277,0.6672833795868024,0.6672833795868024,1.0,6486,4328,4328.0,2158.0,0.0,False,1.4986136783733826,247,-1.2249999999999996
hliu36,4,test,nmousta5,247_A_2-4_WL_Bruise_OC_A244A_2026-02-27_DSC_6206,0.8143953934740883,0.6869030273595597,0.687905317769131,0.9978833490122295,6168,4252,4243.0,1925.0,9.0,False,1.4506114769520226,247,-1.2249999999999996
hliu36,4,test,nmousta5,247_A_2-4_WL_Bruise_OC_A244A_2026-02-27_DSC_6207,0.8639355271994628,0.7604634665405533,0.7819110138584975,0.9651860744297719,4113,3332,3216.0,897.0,116.0,False,1.2343937575030013,247,-1.2249999999999996
hliu36,4,test,nmousta5,250_A_2-4_WL_Bruise_A244A_2026-02-27_DSC_6537,0.8587030716723549,0.7523923444976076,0.7525084902747762,0.9997949033482029,25912,19503,19499.0,6413.0,4.0,False,1.3286161103419987,250,-1.2249999999999996
hliu36,4,test,nmousta5,250_A_2-4_WL_Bruise_A244A_2026-02-27_DSC_6538,0.8629660163048457,0.7589623781519375,0.7638235771039403,0.9916842105263158,24668,19000,18842.0,5826.0,158.0,False,1.2983157894736843,250,-1.2249999999999996
hliu36,4,test,nmousta5,250_A_2-4_WL_Bruise_OC_A244A_2026-02-27_DSC_6541,0.8416900478626836,0.7266535578923371,0.727337554909008,0.998707504308319,35058,25532,25499.0,9559.0,33.0,False,1.37310042299859,250,-1.2249999999999996
hliu36,4,test,nmousta5,250_A_2-4_WL_Bruise_OC_A244A_2026-02-27_DSC_6542,0.8495493991989319,0.7384492637992311,0.7384492637992311,1.0,27574,20362,20362.0,7212.0,0.0,False,1.354189175915922,250,-1.2249999999999996
hliu36,4,test,nmousta5,250_A_2-4_WL_Bruise_OC_A244A_2026-02-27_DSC_6543,0.8854272491251834,0.7944095604618189,0.7971544715447154,0.9956841838029957,29520,23634,23532.0,5988.0,102.0,False,1.249047981721249,250,-1.2249999999999996
hliu36,4,test,nmousta5,254_A_2-5_WL_Bruise_A244A_2026-02-16_DSC_6925,0.5517241379310345,0.38095238095238093,0.38095238095238093,1.0,1722,656,656.0,1066.0,0.0,False,2.625,254,-1.2249999999999996
hliu36,4,test,nmousta5,254_A_2-5_WL_Bruise_A244A_2026-02-16_DSC_6926,0.5871774824081314,0.4156059767570559,0.4156059767570559,1.0,1807,751,751.0,1056.0,0.0,False,2.4061251664447405,254,-1.2249999999999996
hliu36,4,test,nmousta5,254_A_2-5_WL_Bruise_A244A_2026-02-16_DSC_6927,0.3976047904191617,0.24813153961136025,0.24813153961136025,1.0,1338,332,332.0,1006.0,0.0,False,4.030120481927711,254,-1.2249999999999996
hliu36,4,test,nmousta5,254_A_2-5_WL_Bruise_OC_A244A_2026-02-16_DSC_6930,0.3716517857142857,0.22823851953392735,0.22823851953392735,1.0,1459,333,333.0,1126.0,0.0,False,4.381381381381382,254,-1.2249999999999996
hliu36,4,test,nmousta5,254_A_2-5_WL_Bruise_OC_A244A_2026-02-16_DSC_6931,0.044353423054417786,0.022679672072287715,0.02274500390085819,0.8875878220140515,16663,427,379.0,16284.0,48.0,False,39.023419203747075,254,-1.2249999999999996
hliu36,4,test,nmousta5,254_B_2-5_WL_Bruise_A244A_2026-02-16_DSC_6954,0.29069676375122916,0.1700674038324475,0.8621348198616703,0.17482180798174643,19374,95543,16703.0,2671.0,78840.0,False,0.20277780685136534,254,-1.2249999999999996
hliu36,4,test,nmousta5,254_B_2-5_WL_Bruise_A244A_2026-02-16_DSC_6955,0.2657009654452031,0.15320366335405927,0.8662793609455601,0.15691450758400463,19967,110232,17297.0,2670.0,92935.0,False,0.18113614921256985,254,-1.2249999999999996
hliu36,4,test,nmousta5,254_B_2-5_WL_Bruise_A244A_2026-02-16_DSC_6956,0.29042904290429045,0.16988416988416988,0.9258920402561757,0.17222600408441116,13116,70512,12144.0,972.0,58368.0,False,0.18601089176310415,254,-1.2249999999999996
hliu36,4,test,nmousta5,254_B_2-5_WL_Bruise_OC_A244A_2026-02-16_DSC_6960,0.2682157033594733,0.15487823967441133,0.9137805923873606,0.15717511431845774,15159,88131,13852.0,1307.0,74279.0,False,0.17200531027674712,254,-1.2249999999999996
hliu36,4,test,nmousta5,254_B_2-5_WL_Bruise_OC_A244A_2026-02-16_DSC_6961,0.29328340482611187,0.1718407178177293,0.8279425686336384,0.17820454043774303,12676,58893,10495.0,2181.0,48398.0,False,0.21523780415329496,254,-1.2249999999999996
hliu36,4,test,nmousta5,260_A_2-5_WL_Bruise_A244A_2026-02-17_DSC_7634,0.6363883600761491,0.46669325887514956,0.46669325887514956,1.0,2507,1170,1170.0,1337.0,0.0,False,2.1427350427350427,260,-1.2249999999999996
hliu36,4,test,nmousta5,260_A_2-5_WL_Bruise_A244A_2026-02-17_DSC_7635,0.4700774023031905,0.30725567620927935,0.30725567620927935,1.0,4052,1245,1245.0,2807.0,0.0,False,3.254618473895582,260,-1.2249999999999996
hliu36,4,test,nmousta5,260_A_2-5_WL_Bruise_A244A_2026-02-17_DSC_7636,0.35846821950256613,0.2183742183742184,0.21863712978569708,0.9945235487404163,4153,913,908.0,3245.0,5.0,False,4.548740416210296,260,-1.2249999999999996
hliu36,4,test,nmousta5,260_A_2-5_WL_Bruise_OC_A244A_2026-02-17_DSC_7638,0.24211238997968856,0.13772916345709443,0.13772916345709443,1.0,6491,894,894.0,5597.0,0.0,False,7.260626398210291,260,-1.2249999999999996
hliu36,4,test,nmousta5,260_A_2-5_WL_Bruise_OC_A244A_2026-02-17_DSC_7639,0.5190002032107295,0.3504390779363337,0.3504390779363337,1.0,3644,1277,1277.0,2367.0,0.0,False,2.8535630383711825,260,-1.2249999999999996
hliu36,4,test,nmousta5,285_F_2-6_WL_Bruise_A244A_2026-04-06_DSC_2339,0.6403281519861831,0.47094315655763735,0.641991341991342,0.6386735572782084,2310,2322,1483.0,827.0,839.0,False,0.9948320413436692,285,-1.2249999999999996
hliu36,4,test,nmousta5,285_F_2-6_WL_Bruise_A244A_2026-04-06_DSC_2340,0.5575139146567718,0.3864951768488746,0.45337960168980085,0.723747591522158,6628,4152,3005.0,3623.0,1147.0,False,1.5963391136801541,285,-1.2249999999999996
hliu36,4,test,nmousta5,285_F_2-6_WL_Bruise_OC_A244A_2026-04-06_DSC_2343,0.8144768856447688,0.6870189840944074,0.7069693769799367,0.960545193687231,1894,1394,1339.0,555.0,55.0,False,1.3586800573888091,285,-1.2249999999999996
hliu36,4,test,nmousta5,285_F_2-6_WL_Bruise_OC_A244A_2026-04-06_DSC_2344,0.4181596091205212,0.26435006435006436,0.27208901841303484,0.9028571428571428,7549,2275,2054.0,5495.0,221.0,False,3.3182417582417583,285,-1.2249999999999996
hliu36,4,test,nmousta5,285_G_2-6_WL_Bruise_A244A_2026-05-29_DSC_3860,0.7971091133439098,0.6626611957796014,0.9323711340206186,0.6961206896551724,4850,6496,4522.0,328.0,1974.0,False,0.7466133004926109,285,-1.2249999999999996
hliu36,4,test,nmousta5,285_G_2-6_WL_Bruise_A244A_2026-05-29_DSC_3861,0.8009535160905841,0.6679920477137177,0.8390465380249716,0.7661691542288557,4405,4824,3696.0,709.0,1128.0,False,0.9131426202321725,285,-1.2249999999999996
hliu36,4,test,nmousta5,285_G_2-6_WL_Bruise_A244A_2026-05-29_DSC_3862,0.8842408145196989,0.7925014878000397,0.8931365973619495,0.8755204909051063,4473,4563,3995.0,478.0,568.0,False,0.980276134122288,285,-1.2249999999999996
hliu36,4,test,nmousta5,285_G_2-6_WL_Bruise_OC_A244A_2026-05-29_DSC_3864,0.8756567425569177,0.778816199376947,0.8300132802124834,0.9266123054114158,6024,5396,5000.0,1024.0,396.0,False,1.1163825055596739,285,-1.2249999999999996
hliu36,4,test,nmousta5,285_G_2-6_WL_Bruise_OC_A244A_2026-05-29_DSC_3865,0.817533320818472,0.691379584060962,0.7508620689655172,0.8971981870622168,5800,4854,4355.0,1445.0,499.0,False,1.1948908117016894,285,-1.2249999999999996
