train_masks,fold,split,eval_masks,stem,dice,iou,precision,recall,pred_positive_pixels,gt_positive_pixels,tp_pixels,fp_pixels,fn_pixels,complete_miss,pred_gt_ratio,subject,cut
mzehra2,3,cv_val,mzehra2,172_A_2-4_WL_Bruise_A244A_2026-03-04_DSC_8298,0.8347764203534574,0.7164087947882736,0.9794043974394656,0.7273666804464655,3593,4838,3519.0,74.0,1319.0,False,0.7426622571310458,172,-0.14999999999999947
mzehra2,3,cv_val,mzehra2,172_A_2-4_WL_Bruise_A244A_2026-03-04_DSC_8299,0.9262720664589823,0.8626692456479691,0.9666233203294322,0.8891547049441786,2307,2508,2230.0,77.0,278.0,False,0.9198564593301436,172,-0.14999999999999947
mzehra2,3,cv_val,mzehra2,172_A_2-4_WL_Bruise_A244A_2026-03-04_DSC_8300,0.8884776201247515,0.7993339911198816,0.9620008906041264,0.8253948038716251,6737,7852,6481.0,256.0,1371.0,False,0.8579979623025981,172,-0.14999999999999947
mzehra2,3,cv_val,mzehra2,172_A_2-4_WL_Bruise_OC_A244A_2026-03-04_DSC_8302,0.8633706363788208,0.7595885378398236,0.9658071748878924,0.780579885231048,5352,6622,5169.0,183.0,1453.0,False,0.8082150407731803,172,-0.14999999999999947
mzehra2,3,cv_val,mzehra2,172_A_2-4_WL_Bruise_OC_A244A_2026-03-04_DSC_8303,0.40049607275733773,0.25038767703918124,0.42655864741106025,0.3774349384447561,5678,6417,2422.0,3256.0,3995.0,False,0.8848371513168147,172,-0.14999999999999947
mzehra2,3,cv_val,mzehra2,222_A_2-4_WL_Bruise_A244A_2026-03-06_DSC_3371,0.6776067219308634,0.512409381663113,0.9178124045218454,0.5370519352820238,6546,11187,6008.0,538.0,5179.0,False,0.5851434700992223,222,-0.14999999999999947
mzehra2,3,cv_val,mzehra2,222_A_2-4_WL_Bruise_A244A_2026-03-06_DSC_3372,0.4595378426419684,0.2983116725373497,0.9366895499618612,0.30445022932936655,2622,8067,2456.0,166.0,5611.0,False,0.3250278914094459,222,-0.14999999999999947
mzehra2,3,cv_val,mzehra2,222_A_2-4_WL_Bruise_A244A_2026-03-06_DSC_3373,0.6358231452018087,0.46608556871892454,0.9114151962549514,0.488201633125442,8331,15553,7593.0,738.0,7960.0,False,0.5356522857326561,222,-0.14999999999999947
mzehra2,3,cv_val,mzehra2,222_A_2-4_WL_Bruise_OC_A244A_2026-03-06_DSC_3375,0.5964456003467707,0.4249536751080914,0.9137999734360472,0.4426999549578534,7529,15541,6880.000000000001,648.9999999999991,8661.0,False,0.48446045942989513,222,-0.14999999999999947
mzehra2,3,cv_val,mzehra2,222_A_2-4_WL_Bruise_OC_A244A_2026-03-06_DSC_3376,0.6013309894525364,0.4299308735074962,0.9052930056710775,0.45017860500094004,5290,10638,4789.0,501.0,5849.0,False,0.4972739236698628,222,-0.14999999999999947
mzehra2,3,cv_val,mzehra2,270_A_2-6_WL_Bruise_A244A_2026-03-26_DSC_9757,0.6986041702567637,0.5368114406779662,0.6547157622739018,0.7487994089397857,3096,2707,2026.9999999999998,1069.0000000000002,680.0000000000002,False,1.143701514591799,270,-0.14999999999999947
mzehra2,3,cv_val,mzehra2,270_A_2-6_WL_Bruise_A244A_2026-03-26_DSC_9758,0.8599172810645568,0.7542586750788643,0.8634886240520043,0.8563753581661891,2769,2792,2391.0,378.0,401.0,False,0.9917621776504298,270,-0.14999999999999947
mzehra2,3,cv_val,mzehra2,270_A_2-6_WL_Bruise_A244A_2026-03-26_DSC_9759,0.7556008146639511,0.6072013093289689,0.7256723716381418,0.7881040892193308,2045,1883,1484.0,561.0,399.0,False,1.086032926181625,270,-0.14999999999999947
mzehra2,3,cv_val,mzehra2,270_A_2-6_WL_Bruise_OC_A244A_2026-03-26_DSC_9761,0.8236757909704941,0.7002115442731943,0.8505873715124816,0.7984148862853204,2724,2902,2317.0,407.0,585.0,False,0.9386629910406616,270,-0.14999999999999947
mzehra2,3,cv_val,mzehra2,270_A_2-6_WL_Bruise_OC_A244A_2026-03-26_DSC_9762,0.8166764075589324,0.6901547579848535,0.7403744259978806,0.9105125977410947,2831,2302,2096.0,735.0,206.0,False,1.2298001737619462,270,-0.14999999999999947
mzehra2,3,cv_val,mzehra2,286_A_2-6_WL_Bruise_A244A_2026-04-06_DSC_2239,0.892351782195952,0.805627425614489,0.9838072669826224,0.8164536217633562,2532,3051,2491.0,41.0,560.0,False,0.8298918387413963,286,-0.14999999999999947
mzehra2,3,cv_val,mzehra2,286_A_2-6_WL_Bruise_A244A_2026-04-06_DSC_2240,0.8603117505995204,0.7548658600736454,0.9151785714285714,0.8116515837104072,1568,1768,1435.0,133.0,333.0,False,0.8868778280542986,286,-0.14999999999999947
mzehra2,3,cv_val,mzehra2,286_A_2-6_WL_Bruise_A244A_2026-04-06_DSC_2241,0.8780976220275344,0.7826863007585899,0.9309978768577495,0.8308858360966367,1884,2111,1754.0,130.0,357.0,False,0.8924680246328754,286,-0.14999999999999947
mzehra2,3,cv_val,mzehra2,286_A_2-6_WL_Bruise_OC_A244A_2026-04-06_DSC_2243,0.8878323648529671,0.7982900569981001,0.8132258064516129,0.9775106630476929,3100,2579,2521.0,579.0,58.0,False,1.202016285381931,286,-0.14999999999999947
mzehra2,3,cv_val,mzehra2,286_A_2-6_WL_Bruise_OC_A244A_2026-04-06_DSC_2244,0.8997749697074606,0.8178099433606042,0.8373067010309279,0.9723157500935279,3104,2673,2599.0,505.0,74.0,False,1.161242050130939,286,-0.14999999999999947
mzehra2,3,cv_val,mzehra2,286_B_2-6_WL_Bruise_A244A_2026-04-06_DSC_2260,0.7589088228065863,0.6114851485148515,0.6166134185303515,0.9865814696485623,2504,1565,1544.0,960.0,21.0,False,1.6,286,-0.14999999999999947
mzehra2,3,cv_val,mzehra2,286_B_2-6_WL_Bruise_A244A_2026-04-06_DSC_2261,0.8339376359680928,0.7151741293532339,0.791465932553338,0.8812260536398467,2906,2610,2300.0,606.0,310.0,False,1.1134099616858237,286,-0.14999999999999947
mzehra2,3,cv_val,mzehra2,286_B_2-6_WL_Bruise_OC_A244A_2026-04-06_DSC_2263,0.8605166051660517,0.7551813471502591,0.8887195121951219,0.8340486409155937,1968,2097,1749.0,219.0,348.0,False,0.9384835479256081,286,-0.14999999999999947
mzehra2,3,cv_val,mzehra2,286_B_2-6_WL_Bruise_OC_A244A_2026-04-06_DSC_2264,0.7678936605316974,0.6232365145228216,0.6232365145228216,1.0,2410,1502,1502.0,908.0,0.0,False,1.6045272969374167,286,-0.14999999999999947
mzehra2,3,cv_val,mzehra2,299_A_2-6_WL_Bruise_A244A_2026-05-29_DSC_3916,0.7289972899728997,0.5735607675906184,0.576017130620985,0.992619926199262,934,542,538.0,396.0,4.0,False,1.7232472324723247,299,-0.14999999999999947
mzehra2,3,cv_val,mzehra2,299_A_2-6_WL_Bruise_A244A_2026-05-29_DSC_3917,0.7302180685358255,0.5750736015701668,0.5813492063492064,0.981574539363484,1008,597,586.0,422.0,11.0,False,1.6884422110552764,299,-0.14999999999999947
mzehra2,3,cv_val,mzehra2,299_A_2-6_WL_Bruise_A244A_2026-05-29_DSC_3918,0.720422004521477,0.5630153121319199,0.5676959619952494,0.9855670103092784,842,485,478.0,364.0,7.0,False,1.7360824742268042,299,-0.14999999999999947
mzehra2,3,cv_val,mzehra2,299_A_2-6_WL_Bruise_OC_A244A_2026-05-29_DSC_3920,0.7466666666666667,0.5957446808510638,0.6081871345029239,0.9667994687915007,1197,753,728.0,469.0,25.0,False,1.5896414342629481,299,-0.14999999999999947
mzehra2,3,cv_val,mzehra2,299_A_2-6_WL_Bruise_OC_A244A_2026-05-29_DSC_3921,0.6803770351328192,0.5155844155844156,0.5182767624020888,0.9900249376558603,1532,802,794.0,738.0,8.0,False,1.9102244389027432,299,-0.14999999999999947
mzehra2,3,cv_val,mzehra2,29_L_2-4_WL_Bruise_A244A_2026-03-05_DSC_1644,0.6736165828232014,0.5078596234692012,0.7397497337593184,0.6183375987537554,7512,8987,5557.0,1955.0,3430.0,False,0.835874040280405,29,-0.14999999999999947
mzehra2,3,cv_val,mzehra2,29_L_2-4_WL_Bruise_A244A_2026-03-05_DSC_1645,0.6402077151335311,0.4708128750681942,0.7958807254841684,0.5354705274043433,6506,9670,5178.0,1328.0,4492.0,False,0.6728024819027921,29,-0.14999999999999947
mzehra2,3,cv_val,mzehra2,29_L_2-4_WL_Bruise_A244A_2026-03-05_DSC_1646,0.5947738128687834,0.4232584179796849,0.8998469648019044,0.44418331374853115,5881,11914,5292.0,589.0,6622.0,False,0.49362095014268925,29,-0.14999999999999947
mzehra2,3,cv_val,mzehra2,29_L_2-4_WL_Bruise_OC_A244A_2026-03-05_DSC_1648,0.6588306731436503,0.49123601319448934,0.8853013171698333,0.5246252676659529,8579,14477,7595.000000000001,983.9999999999991,6881.999999999999,False,0.5925951509290599,29,-0.14999999999999947
mzehra2,3,cv_val,mzehra2,29_L_2-4_WL_Bruise_OC_A244A_2026-03-05_DSC_1649,0.7091456126612538,0.5493614303959131,0.75378953824586,0.6694941634241245,11413,12850,8603.0,2810.0,4247.0,False,0.8881712062256809,29,-0.14999999999999947
mzehra2,3,cv_val,mzehra2,64_J_2-4_WL_Bruise_A244A_2026-02-26_DSC_5396,0.8525009736827464,0.7429208688906129,0.8533080864335041,0.8516953863257365,8978,8995,7661.0,1317.0,1334.0,False,0.9981100611450806,64,-0.14999999999999947
mzehra2,3,cv_val,mzehra2,64_J_2-4_WL_Bruise_A244A_2026-02-26_DSC_5397,0.8188869233909375,0.6933179723502304,0.7956107879428873,0.8435660218671153,7564,7134,6018.0,1546.0,1116.0,False,1.0602747406784412,64,-0.14999999999999947
mzehra2,3,cv_val,mzehra2,64_J_2-4_WL_Bruise_A244A_2026-02-26_DSC_5398,0.7767921795800145,0.6350451383750185,0.6792781383568149,0.906996406679349,6317,4731,4291.0,2026.0,440.0,False,1.3352356795603466,64,-0.14999999999999947
mzehra2,3,cv_val,mzehra2,64_J_2-4_WL_Bruise_OC_A244A_2026-02-26_DSC_5400,0.85868572770198,0.7523657142857143,0.8192951015531661,0.902055357632228,20088,18245,16458.0,3630.0,1787.0,False,1.1010139764318991,64,-0.14999999999999947
mzehra2,3,cv_val,mzehra2,64_J_2-4_WL_Bruise_OC_A244A_2026-02-26_DSC_5401,0.839458413926499,0.7233333333333334,0.7807949626131444,0.9076530945689825,17787,15301,13888.0,3899.0,1413.0,False,1.162473040977714,64,-0.14999999999999947
mzehra2,3,cv_val,mzehra2,64_J_2-4_WL_Bruise_OC_A244A_2026-02-26_DSC_5402,0.8604632860253417,0.7550992218794603,0.9234754209133397,0.8055009823182712,17759,20360,16400.0,1359.0,3960.0,False,0.8722495088408644,64,-0.14999999999999947
mzehra2,3,cv_val,mzehra2,64_K_2-4_WL_Bruise_A244A_2026-02-26_DSC_5419,0.6776748971193416,0.5124873570372676,0.5814795197740112,0.8120069033530573,11328,8112,6587.0,4741.0,1525.0,False,1.3964497041420119,64,-0.14999999999999947
mzehra2,3,cv_val,mzehra2,64_K_2-4_WL_Bruise_A244A_2026-02-26_DSC_5420,0.8002624887211878,0.6670313140981813,0.7153541575010999,0.9080416976917349,6819,5372,4878.0,1941.0,494.0,False,1.2693596425912137,64,-0.14999999999999947
mzehra2,3,cv_val,mzehra2,64_K_2-4_WL_Bruise_A244A_2026-02-26_DSC_5421,0.7594199227408017,0.6121490556406329,0.8631063768533179,0.6779737675260064,6947,8844,5996.0,951.0,2848.0,False,0.7855042966983266,64,-0.14999999999999947
mzehra2,3,cv_val,mzehra2,64_K_2-4_WL_Bruise_OC_A244A_2026-02-26_DSC_5424,0.7933579335793358,0.6574923547400612,0.7505007153075822,0.8414063001218964,17475,15587,13115.0,4360.0,2472.0,False,1.1211265798421761,64,-0.14999999999999947
mzehra2,3,cv_val,mzehra2,64_K_2-4_WL_Bruise_OC_A244A_2026-02-26_DSC_5425,0.7669590177005262,0.6220061041849878,0.6808992581686392,0.8779205607476636,17659,13696,12024.0,5635.0,1672.0,False,1.2893545560747663,64,-0.14999999999999947
mzehra2,3,cv_val,mzehra2,64_L_2-4_WL_Bruise_A244A_2026-02-26_DSC_5440,0.6432028156621206,0.47405966277561606,0.4746753246753247,0.9972714870395635,1540,733,731.0,809.0,2.0,False,2.100954979536153,64,-0.14999999999999947
mzehra2,3,cv_val,mzehra2,64_L_2-4_WL_Bruise_A244A_2026-02-26_DSC_5441,0.6322207958921694,0.4622243078366964,0.4758454106280193,0.9416826003824091,2070,1046,984.9999999999999,1085.0,61.000000000000114,False,1.9789674952198852,64,-0.14999999999999947
mzehra2,3,cv_val,mzehra2,64_L_2-4_WL_Bruise_A244A_2026-02-26_DSC_5442,0.6004654771140419,0.42904656319290463,0.4657039711191336,0.8449781659388647,1662,916,774.0,888.0,142.0,False,1.814410480349345,64,-0.14999999999999947
mzehra2,3,cv_val,mzehra2,64_L_2-4_WL_Bruise_OC_A244A_2026-02-26_DSC_5444,0.866913123844732,0.765089722675367,0.8220858895705522,0.916911045943304,1141,1023,938.0,203.0,85.0,False,1.115347018572825,64,-0.14999999999999947
mzehra2,3,cv_val,mzehra2,64_N_2-5_WL_Bruise_A244A_2026-04-02_DSC_7973,0.0,0.0,0.0,0.0,32,2884,0.0,32.0,2884.0,True,0.011095700416088766,64,-0.14999999999999947
mzehra2,3,cv_val,mzehra2,64_N_2-5_WL_Bruise_A244A_2026-04-02_DSC_7974,0.1149718028015281,0.060992086469793476,0.1025974025974026,0.1307405875051717,3080,2417,316.0,2764.0,2101.0,False,1.2743069921390153,64,-0.14999999999999947
mzehra2,3,cv_val,mzehra2,64_N_2-5_WL_Bruise_A244A_2026-04-02_DSC_7975,0.006331340133661625,0.003175723359209598,0.016129032258064516,0.003938730853391685,558,2285,9.0,549.0,2276.0,False,0.24420131291028446,64,-0.14999999999999947
mzehra2,3,cv_val,mzehra2,64_N_2-5_WL_Bruise_OC_A244A_2026-04-02_DSC_7978,0.22978931896129348,0.12980902297259894,0.9305555555555556,0.131078814980436,504,3578,469.0,35.0,3109.0,False,0.14086081609837897,64,-0.14999999999999947
mzehra2,3,cv_val,mzehra2,64_N_2-5_WL_Bruise_OC_A244A_2026-04-02_DSC_7979,0.0,0.0,0.0,0.0,6103,2867,0.0,6103.0,2867.0,True,2.1287059644227417,64,-0.14999999999999947
mzehra2,3,cv_val,mzehra2,97_AA_2-5_WL_Bruise_A244A_2026-02-06_DSC_6710,0.6673435579543633,0.5007618894859251,0.6519106285237002,0.6835249042145594,9578,9135,6244.0,3334.0,2891.0,False,1.0484948002189383,97,-0.14999999999999947
mzehra2,3,cv_val,mzehra2,97_AA_2-5_WL_Bruise_A244A_2026-02-06_DSC_6711,0.5792361966625602,0.4076935204162068,0.43495080312841644,0.8667672197083962,11891,5967,5172.0,6719.0,795.0,False,1.9927936986760517,97,-0.14999999999999947
mzehra2,3,cv_val,mzehra2,97_AA_2-5_WL_Bruise_A244A_2026-02-06_DSC_6712,0.5886172123221439,0.41705001468141334,0.5138068250331604,0.6889248181083266,8293,6185,4261.0,4032.0,1924.0,False,1.3408245755860955,97,-0.14999999999999947
mzehra2,3,cv_val,mzehra2,97_AA_2-5_WL_Bruise_OC_A244A_2026-02-06_DSC_6715,0.7666862783552331,0.6216474080356197,0.7158203125,0.8253342716396903,8192,7105,5864.0,2328.0,1241.0,False,1.152990851513019,97,-0.14999999999999947
mzehra2,3,cv_val,mzehra2,97_AA_2-5_WL_Bruise_OC_A244A_2026-02-06_DSC_6716,0.7541853559921663,0.6053752535496958,0.7365498519249754,0.7726860841423948,8104,7725,5969.0,2135.0,1756.0,False,1.049061488673139,97,-0.14999999999999947
mzehra2,3,cv_val,mzehra2,97_AB_2-5_WL_Bruise_A244A_2026-02-06_DSC_6730,0.9550368892394785,0.913943161634103,0.9578369322412509,0.9522531692421579,10744,10807,10291.0,453.0,516.0,False,0.9941704450818913,97,-0.14999999999999947
mzehra2,3,cv_val,mzehra2,97_AB_2-5_WL_Bruise_A244A_2026-02-06_DSC_6731,0.9323651873667107,0.8732997241510511,0.9412548697970063,0.9236418511066399,9754,9940,9181.0,573.0,759.0,False,0.9812877263581489,97,-0.14999999999999947
mzehra2,3,cv_val,mzehra2,97_AB_2-5_WL_Bruise_A244A_2026-02-06_DSC_6732,0.8684580934101087,0.7674997172905123,0.8273802267463123,0.9138279251380099,8203,7427,6787.0,1416.0,640.0,False,1.1044836407701628,97,-0.14999999999999947
mzehra2,3,cv_val,mzehra2,97_AB_2-5_WL_Bruise_OC_A244A_2026-02-06_DSC_6734,0.9467721128498514,0.8989242730855256,0.9516292704927275,0.9419642857142857,8869,8960,8440.0,429.0,520.0,False,0.98984375,97,-0.14999999999999947
mzehra2,3,cv_val,mzehra2,97_AB_2-5_WL_Bruise_OC_A244A_2026-02-06_DSC_6735,0.9227214689609047,0.856530082402077,0.977205408886027,0.8739921677032941,7765,8682,7588.0,177.0,1094.0,False,0.8943791753052293,97,-0.14999999999999947
mzehra2,3,cv_val,mzehra2,97_AD_2-5_WL_Bruise_A244A_2026-04-02_DSC_7828,0.4987175833570818,0.3321943811693242,0.3388845855925639,0.9439050701186623,2582,927,875.0,1707.0,52.0,False,2.785329018338727,97,-0.14999999999999947
mzehra2,3,cv_val,mzehra2,97_AD_2-5_WL_Bruise_A244A_2026-04-02_DSC_7829,0.4318972437784319,0.27542662116040956,0.30134428678117997,0.7620396600566572,2678,1059,807.0,1871.0,252.0,False,2.5288007554296508,97,-0.14999999999999947
mzehra2,3,cv_val,mzehra2,97_AD_2-5_WL_Bruise_OC_A244A_2026-04-02_DSC_7832,0.3585434173669468,0.21843003412969283,0.2186539118551418,0.995334370139969,2927,643,640.0,2287.0,3.0,False,4.552099533437014,97,-0.14999999999999947
mzehra2,3,cv_val,mzehra2,99_E_2-6_WL_Bruise_A244A_2026-03-09_DSC_9162,0.8080333854981743,0.6778993435448578,0.9600247908273939,0.6975906327403738,3227,4441,3098.0,129.0,1343.0,False,0.7266381445620356,99,-0.14999999999999947
mzehra2,3,cv_val,mzehra2,99_E_2-6_WL_Bruise_A244A_2026-03-09_DSC_9163,0.8860331416976666,0.7953855494839102,0.9248146840804801,0.8503732554365466,2833,3081,2620.0,213.0,461.0,False,0.9195066536838689,99,-0.14999999999999947
mzehra2,3,cv_val,mzehra2,99_E_2-6_WL_Bruise_A244A_2026-03-09_DSC_9164,0.8671810868494501,0.7655072463768116,0.9237495627841903,0.8171410891089109,2859,3232,2641.0,218.0,591.0,False,0.8845915841584159,99,-0.14999999999999947
mzehra2,3,cv_val,mzehra2,99_E_2-6_WL_Bruise_OC_A244A_2026-03-09_DSC_9166,0.7657292920450816,0.6203900709219858,1.0,0.6203900709219858,3499,5640,3499.0,0.0,2141.0,False,0.6203900709219858,99,-0.14999999999999947
mzehra2,3,cv_val,mzehra2,99_E_2-6_WL_Bruise_OC_A244A_2026-03-09_DSC_9167,0.8768,0.7806267806267806,0.9927536231884058,0.7851002865329513,3036,3839,3014.0,22.0,825.0,False,0.7908309455587392,99,-0.14999999999999947
mzehra2,3,test,hliu36,170_F_2-4_WL_Bruise_A244A_2026-03-05_DSC_1856,0.797148725383593,0.6627159501807955,0.9023522975929978,0.7139147370698983,3656,4621,3299.0,357.0,1322.0,False,0.7911707422635793,170,-0.14999999999999947
mzehra2,3,test,hliu36,170_F_2-4_WL_Bruise_OC_A244A_2026-03-05_DSC_1860,0.7178159059026654,0.5598384110419121,0.7905871167102448,0.6573122529644269,4207,5060,3326.0,881.0,1734.0,False,0.8314229249011857,170,-0.14999999999999947
mzehra2,3,test,hliu36,182_Q_2-6_WL_Bruise_A244A_2026-04-06_DSC_2484,0.6108966108966108,0.4397776405188388,0.6942954656265237,0.5453849099961701,2051,2611,1423.9999999999998,627.0000000000002,1187.0000000000002,False,0.7855227882037533,182,-0.14999999999999947
mzehra2,3,test,hliu36,182_Q_2-6_WL_Bruise_A244A_2026-04-06_DSC_2485,0.47393087287639135,0.3105566218809981,0.47144522144522144,0.47644287396937574,1716,1698,809.0,907.0,889.0,False,1.010600706713781,182,-0.14999999999999947
mzehra2,3,test,hliu36,182_Q_2-6_WL_Bruise_A244A_2026-04-06_DSC_2486,0.41812315138478084,0.26432092469828317,0.44942196531791906,0.39089994972347913,3460,3978,1555.0,1905.0,2423.0,False,0.8697838109602816,182,-0.14999999999999947
mzehra2,3,test,hliu36,182_Q_2-6_WL_Bruise_OC_A244A_2026-04-06_DSC_2488,0.6783728933203917,0.5132861530244358,0.5964313421256788,0.7864157119476268,6445,4888,3844.0,2601.0,1044.0,False,1.3185351882160392,182,-0.14999999999999947
mzehra2,3,test,hliu36,20_D_2-6_WL_Bruise_A244A_2026-04-04_DSC_0400,0.9215525114155251,0.854517740706241,0.9842957471712837,0.8663289835164835,10252,11648,10091.0,161.0,1557.0,False,0.8801510989010989,20,-0.14999999999999947
mzehra2,3,test,hliu36,20_D_2-6_WL_Bruise_OC_A244A_2026-04-04_DSC_0403,0.9262497583191905,0.8626305469969189,0.9943726937269373,0.8668623587599019,21680,24869,21558.0,122.0,3311.0,False,0.8717680646588122,20,-0.14999999999999947
mzehra2,3,test,hliu36,20_D_2-6_WL_Bruise_OC_A244A_2026-04-04_DSC_0404,0.9117498942449086,0.8378128239301051,0.9939827828531272,0.8420837209302325,22768,26875,22631.0,137.0,4244.0,False,0.8471813953488372,20,-0.14999999999999947
mzehra2,3,test,hliu36,226_A_2-4_WL_Bruise_A244A_2026-03-06_DSC_3569,0.8446771378708552,0.7311178247734139,0.7761938702779758,0.9264142917907273,2806,2351,2178.0,628.0,173.0,False,1.193534666099532,226,-0.14999999999999947
mzehra2,3,test,hliu36,226_A_2-4_WL_Bruise_A244A_2026-03-06_DSC_3570,0.7208219617916198,0.563504016064257,0.653566229985444,0.8035075161059413,3435,2794,2245.0,1190.0,549.0,False,1.2294201861130996,226,-0.14999999999999947
mzehra2,3,test,hliu36,226_A_2-4_WL_Bruise_A244A_2026-03-06_DSC_3571,0.510426392779334,0.34266610948600085,0.35367694630148805,0.9167132476243711,4637,1789,1640.0000000000002,2997.0,148.99999999999977,False,2.591950810508664,226,-0.14999999999999947
mzehra2,3,test,hliu36,226_A_2-4_WL_Bruise_OC_A244A_2026-03-06_DSC_3573,0.8401055408970977,0.724294813466788,0.8602305475504323,0.8209006531454108,2776,2909,2388.0,388.0,521.0,False,0.9542798212444139,226,-0.14999999999999947
mzehra2,3,test,hliu36,226_A_2-4_WL_Bruise_OC_A244A_2026-03-06_DSC_3574,0.7877571500250878,0.6498344370860927,0.9488315874294924,0.6734343723191307,2482,3497,2355.0,127.0,1142.0,False,0.7097512153274235,226,-0.14999999999999947
mzehra2,3,test,hliu36,226_C_2-4_WL_Bruise_A244A_2026-03-06_DSC_3610,0.8695376820772641,0.769187675070028,0.8238823882388239,0.9205497820985585,3333,2983,2746.0,587.0,237.0,False,1.1173315454240698,226,-0.14999999999999947
mzehra2,3,test,hliu36,226_C_2-4_WL_Bruise_A244A_2026-03-06_DSC_3611,0.8283038501560874,0.7069271758436945,0.7561747941735275,0.9156441717791411,3158,2608,2388.0,770.0,220.0,False,1.2108895705521472,226,-0.14999999999999947
mzehra2,3,test,hliu36,226_C_2-4_WL_Bruise_A244A_2026-03-06_DSC_3612,0.8015596142006978,0.6688356164383562,0.7746925823086077,0.8303571428571429,2521,2352,1953.0,568.0,399.0,False,1.0718537414965987,226,-0.14999999999999947
mzehra2,3,test,hliu36,226_C_2-4_WL_Bruise_OC_A244A_2026-03-06_DSC_3614,0.8955223880597015,0.8108108108108109,0.963302752293578,0.8366533864541833,3706,4267,3570.0,136.0,697.0,False,0.8685258964143426,226,-0.14999999999999947
mzehra2,3,test,hliu36,226_C_2-4_WL_Bruise_OC_A244A_2026-03-06_DSC_3615,0.871077504725898,0.7716008037508373,0.8851325393776411,0.8574618533680685,2603,2687,2304.0,299.0,383.0,False,0.9687383699292892,226,-0.14999999999999947
mzehra2,3,test,hliu36,228_B_2-4_WL_Bruise_A244A_2026-03-06_DSC_3718,0.8289405684754522,0.707855251544572,0.9045112781954887,0.7650238473767885,2660,3145,2406.0,254.0,739.0,False,0.8457869634340223,228,-0.14999999999999947
mzehra2,3,test,hliu36,228_B_2-4_WL_Bruise_A244A_2026-03-06_DSC_3719,0.7993079584775087,0.6657060518731989,0.9966442953020134,0.667201540436457,2086,3116,2079.0,7.0,1037.0,False,0.6694480102695763,228,-0.14999999999999947
mzehra2,3,test,hliu36,228_B_2-4_WL_Bruise_A244A_2026-03-06_DSC_3720,0.7603769801483858,0.6133937237140085,1.0,0.6133937237140085,1896,3091,1896.0,0.0,1195.0,False,0.6133937237140085,228,-0.14999999999999947
mzehra2,3,test,hliu36,228_B_2-4_WL_Bruise_A244A_2026-03-06_DSC_3721,0.8306862451303566,0.7104049205535623,0.9258517034068137,0.7532608695652174,2994,3680,2772.0,222.0,908.0,False,0.8135869565217392,228,-0.14999999999999947
mzehra2,3,test,hliu36,228_B_2-4_WL_Bruise_OC_A244A_2026-03-06_DSC_3723,0.7528911338561743,0.6037092304412706,1.0,0.6037092304412706,2832,4691,2832.0,0.0,1859.0,False,0.6037092304412706,228,-0.14999999999999947
mzehra2,3,test,hliu36,228_B_2-4_WL_Bruise_OC_A244A_2026-03-06_DSC_3724,0.8852185518852186,0.7940736306495061,0.9844155844155844,0.8041830857835708,2695,3299,2653.0,42.0,646.0,False,0.816914216429221,228,-0.14999999999999947
mzehra2,3,test,hliu36,232_A_2-4_WL_Bruise_A244A_2026-03-06_DSC_3868,0.4078574576591324,0.256168933881683,0.5433652071800034,0.32644628099173556,5961,9922,3239.0,2722.0,6683.0,False,0.6007861318282605,232,-0.14999999999999947
mzehra2,3,test,hliu36,232_A_2-4_WL_Bruise_A244A_2026-03-06_DSC_3869,0.7008165487207403,0.5394284756557446,0.9909174876847291,0.5421088091628768,6496,11874,6436.999999999999,59.00000000000091,5437.000000000001,False,0.5470776486440964,232,-0.14999999999999947
mzehra2,3,test,hliu36,232_A_2-4_WL_Bruise_A244A_2026-03-06_DSC_3870,0.0,0.0,0.0,0.0,1246,7123,0.0,1246.0,7123.0,True,0.17492629510037905,232,-0.14999999999999947
mzehra2,3,test,hliu36,232_A_2-4_WL_Bruise_OC_A244A_2026-03-06_DSC_3876,0.6424660616515413,0.47325966850828727,1.0,0.47325966850828727,4283,9050,4283.0,0.0,4767.0,False,0.47325966850828727,232,-0.14999999999999947
mzehra2,3,test,hliu36,232_A_2-4_WL_Bruise_OC_A244A_2026-03-06_DSC_3877,0.7849679616694568,0.6460471303686811,0.8422943508424182,0.7349475732353259,8072,9251,6799.0,1273.0,2452.0,False,0.8725543184520592,232,-0.14999999999999947
mzehra2,3,test,hliu36,233_B_2-4_WL_Bruise_A244A_2026-03-06_DSC_4197,0.5595671856022966,0.3884715621646482,0.9151318165402672,0.4029898218829516,5538,12576,5068.0,470.0,7508.0,False,0.44036259541984735,233,-0.14999999999999947
mzehra2,3,test,hliu36,233_B_2-4_WL_Bruise_A244A_2026-03-06_DSC_4199,0.33309623005792094,0.19982930992440867,1.0,0.19982930992440867,3278,16404,3278.0,0.0,13126.0,False,0.19982930992440867,233,-0.14999999999999947
mzehra2,3,test,hliu36,233_B_2-4_WL_Bruise_OC_A244A_2026-03-06_DSC_4201,0.3351206434316354,0.20128824476650564,1.0,0.20128824476650564,4125,20493,4125.0,0.0,16368.0,False,0.20128824476650564,233,-0.14999999999999947
mzehra2,3,test,hliu36,235_A_2-4_WL_Bruise_A244A_2026-03-08_DSC_4349,0.7263343642676887,0.5702708339540565,1.0,0.5702708339540565,19140,33563,19140.0,0.0,14423.0,False,0.5702708339540565,235,-0.14999999999999947
mzehra2,3,test,hliu36,235_A_2-4_WL_Bruise_A244A_2026-03-08_DSC_4350,0.7134287155257081,0.5545193835234893,1.0,0.5545193835234893,26877,48469,26877.0,0.0,21592.0,False,0.5545193835234893,235,-0.14999999999999947
mzehra2,3,test,hliu36,235_A_2-4_WL_Bruise_A244A_2026-03-08_DSC_4351,0.727601851427524,0.5718350441202953,0.9797593335390312,0.5786711375150344,16205,27437,15877.0,328.0,11560.0,False,0.5906257972810438,235,-0.14999999999999947
mzehra2,3,test,hliu36,235_A_2-4_WL_Bruise_OC_A244A_2026-03-08_DSC_4353,0.7170980616695576,0.5589656077710685,0.9947206129695384,0.5606288016430998,21404,37977,21291.0,113.0,16686.0,False,0.5636042868051716,235,-0.14999999999999947
mzehra2,3,test,hliu36,235_A_2-4_WL_Bruise_OC_A244A_2026-03-08_DSC_4354,0.7205213328415099,0.5631366519315779,0.9713473833767464,0.5726490953763681,21115,35816,20510.0,605.0,15306.0,False,0.58954098726826,235,-0.14999999999999947
mzehra2,3,test,hliu36,236_C_2-4_WL_Bruise_A244A_2026-03-08_DSC_4462,0.36995180322419813,0.22695758564437193,0.9313807531380753,0.23081708834508502,7170,28932,6678.0,492.0,22254.0,False,0.24782248029863127,236,-0.14999999999999947
mzehra2,3,test,hliu36,236_C_2-4_WL_Bruise_A244A_2026-03-08_DSC_4463,0.15415821501014199,0.08351648351648351,0.6880222841225627,0.08680372518010894,3590,28455,2470.0,1120.0,25985.0,False,0.126164118784045,236,-0.14999999999999947
mzehra2,3,test,hliu36,236_C_2-4_WL_Bruise_A244A_2026-03-08_DSC_4464,0.08361708337386906,0.04363276391603422,0.2978170478170478,0.048636260751471254,5772,35344,1719.0,4053.0,33625.0,False,0.1633091896785876,236,-0.14999999999999947
mzehra2,3,test,hliu36,236_C_2-4_WL_Bruise_OC_A244A_2026-03-08_DSC_4467,0.06483651138293527,0.0335044102290653,0.5185694635488308,0.03458001788621615,2908,43609,1508.0,1400.0,42101.0,False,0.06668348276731867,236,-0.14999999999999947
mzehra2,3,test,hliu36,236_C_2-4_WL_Bruise_OC_A244A_2026-03-08_DSC_4468,0.15437057236861607,0.08364115247486589,0.7091503267973857,0.08661233993015134,3672,30065,2604.0,1068.0,27461.0,False,0.12213537335772492,236,-0.14999999999999947
mzehra2,3,test,hliu36,236_E_2-4_WL_Bruise_OC_A244A_2026-02-26_DSC_5722,0.46387959866220735,0.3019812758545613,0.9985601151907847,0.3021128294489218,4167,13773,4161.0,6.0,9612.0,False,0.30254846438684385,236,-0.14999999999999947
mzehra2,3,test,hliu36,237_AC_2-5_WL_Bruise_A244A_2026-02-16_DSC_7084,0.6083237374568186,0.43711583924349884,0.9788247750132345,0.44128878281622913,17001,37710,16641.0,360.0,21069.0,False,0.45083532219570405,237,-0.14999999999999947
mzehra2,3,test,hliu36,237_AC_2-5_WL_Bruise_A244A_2026-02-16_DSC_7085,0.573407482305359,0.401942022822312,0.9483277591973244,0.41094202898550725,11960,27600,11342.0,618.0,16258.0,False,0.43333333333333335,237,-0.14999999999999947
mzehra2,3,test,hliu36,237_AC_2-5_WL_Bruise_A244A_2026-02-16_DSC_7086,0.7391878627776499,0.5862791457624512,1.0,0.5862791457624512,30500,52023,30500.000000000004,-3.637978807091713e-12,21522.999999999996,False,0.5862791457624512,237,-0.14999999999999947
mzehra2,3,test,hliu36,237_AC_2-5_WL_Bruise_OC_A244A_2026-02-16_DSC_7088,0.7868104391311143,0.6485469909315746,0.9994045019651435,0.6487977113991907,25189,38801,25174.0,15.0,13627.0,False,0.6491842993737275,237,-0.14999999999999947
mzehra2,3,test,hliu36,237_AC_2-5_WL_Bruise_OC_A244A_2026-02-16_DSC_7089,0.8159732005885852,0.6891509558687432,0.9886954212662645,0.6946243437008609,26361,37521,26063.0,298.0,11458.0,False,0.702566562724874,237,-0.14999999999999947
mzehra2,3,test,hliu36,237_AD_2-5_WL_Bruise_A244A_2026-02-16_DSC_7116,0.525553811268097,0.3564415000591506,0.9880308247253649,0.35798728687696785,6099,16833,6026.0,73.0,10807.0,False,0.3623240064159686,237,-0.14999999999999947
mzehra2,3,test,hliu36,237_AD_2-5_WL_Bruise_A244A_2026-02-16_DSC_7117,0.8023410193188284,0.669924437808244,0.800757166035695,0.8039311505674105,18490,18417,14806.0,3684.0,3611.0,False,1.003963729163273,237,-0.14999999999999947
mzehra2,3,test,hliu36,237_AD_2-5_WL_Bruise_A244A_2026-02-16_DSC_7118,0.720148052784036,0.5626807494027412,0.9976591238434958,0.5634246144161158,8971,15885,8950.0,21.0,6935.0,False,0.5647466163046899,237,-0.14999999999999947
mzehra2,3,test,hliu36,237_AD_2-5_WL_Bruise_OC_A244A_2026-02-16_DSC_7120,0.7025266003535161,0.5414574206646009,0.9832169188979434,0.5465084928552171,10308,18545,10135.0,173.0,8410.0,False,0.5558371528713939,237,-0.14999999999999947
mzehra2,3,test,hliu36,237_AD_2-5_WL_Bruise_OC_A244A_2026-02-16_DSC_7121,0.857284222100055,0.7502164918695275,0.9058379320360151,0.8136707539786069,17215,19165,15594.0,1621.0,3571.0,False,0.8982520219149491,237,-0.14999999999999947
mzehra2,3,test,hliu36,237_AE_2-5_WL_Bruise_A244A_2026-02-16_DSC_7217,0.7352195121951219,0.5813020672631903,0.9761658031088083,0.5896713615023474,3860,6390,3768.0,92.0,2622.0,False,0.6040688575899843,237,-0.14999999999999947
mzehra2,3,test,hliu36,237_AE_2-5_WL_Bruise_A244A_2026-02-16_DSC_7218,0.5888139082694728,0.4172475279623926,1.0,0.4172475279623926,2574,6169,2574.0000000000005,-4.547473508864641e-13,3594.9999999999995,False,0.4172475279623926,237,-0.14999999999999947
mzehra2,3,test,hliu36,237_AE_2-5_WL_Bruise_A244A_2026-02-16_DSC_7219,0.5297681219970755,0.3603296391020176,1.0,0.3603296391020176,3804,10557,3804.0000000000005,-4.547473508864641e-13,6753.0,False,0.3603296391020176,237,-0.14999999999999947
mzehra2,3,test,hliu36,237_AE_2-5_WL_Bruise_OC_A244A_2026-02-16_DSC_7221,0.5135507579237483,0.34548825710754016,0.8277393879565647,0.3722530521642619,4052,9010,3354.0,698.0,5656.0,False,0.4497225305216426,237,-0.14999999999999947
mzehra2,3,test,hliu36,237_AE_2-5_WL_Bruise_OC_A244A_2026-02-16_DSC_7222,0.25727837749427546,0.14763022055373065,0.3587229190421893,0.2005610098176718,4385,7843,1573.0000000000002,2812.0,6270.0,False,0.5590972842024735,237,-0.14999999999999947
mzehra2,3,test,hliu36,237_B_2-4_WL_Bruise_A244A_2026-03-08_DSC_4584,0.8427898249429625,0.728294516509434,0.9731632854047666,0.7432213906961002,20308,26591,19763.0,545.0,6828.0,False,0.7637170471212065,237,-0.14999999999999947
mzehra2,3,test,hliu36,237_B_2-4_WL_Bruise_A244A_2026-03-08_DSC_4587,0.8014636696288552,0.668702023726448,0.9563969808496039,0.6897296324620991,16031,22229,15332.0,699.0,6897.0,False,0.7211750416123083,237,-0.14999999999999947
mzehra2,3,test,hliu36,237_B_2-4_WL_Bruise_A244A_2026-03-08_DSC_4588,0.7630459444129325,0.6168749283503382,0.9313448335544914,0.6462628608030746,17333,24979,16143.0,1190.0,8836.0,False,0.693902878417871,237,-0.14999999999999947
mzehra2,3,test,hliu36,237_B_2-4_WL_Bruise_OC_A244A_2026-03-08_DSC_4591,0.6912182741116751,0.5281386960400264,0.9827511547344111,0.5330801753836517,13856,25544,13617.0,239.0,11927.0,False,0.5424365800187911,237,-0.14999999999999947
mzehra2,3,test,hliu36,237_B_2-4_WL_Bruise_OC_A244A_2026-03-08_DSC_4592,0.6773393064980125,0.5121036028557198,0.9370518896585247,0.530348361360432,16458,29079,15421.999999999998,1036.0000000000018,13657.000000000002,False,0.5659754461982874,237,-0.14999999999999947
mzehra2,3,test,hliu36,237_C_2-4_WL_Bruise_A244A_2026-03-08_DSC_4608,0.7541836674353971,0.605373077653313,0.8190341638838942,0.6988493150684931,7786,9125,6377.0,1409.0,2748.0,False,0.8532602739726027,237,-0.14999999999999947
mzehra2,3,test,hliu36,237_C_2-4_WL_Bruise_A244A_2026-03-08_DSC_4609,0.3914871595834142,0.24338454114051314,1.0,0.24338454114051314,3026,12433,3026.0,0.0,9407.0,False,0.24338454114051314,237,-0.14999999999999947
mzehra2,3,test,hliu36,237_C_2-4_WL_Bruise_A244A_2026-03-08_DSC_4610,0.7577312341861119,0.6099575671852899,0.7361556845339706,0.7806096589674897,14645,13811,10781.0,3864.0,3030.0,False,1.0603866483237998,237,-0.14999999999999947
mzehra2,3,test,hliu36,237_C_2-4_WL_Bruise_OC_A244A_2026-03-08_DSC_4613,0.45483043602165857,0.29435632607893764,0.8147607934655776,0.3154684588016039,6856,17707,5586.0,1270.0,12121.0,False,0.387191506183995,237,-0.14999999999999947
mzehra2,3,test,hliu36,237_C_2-4_WL_Bruise_OC_A244A_2026-03-08_DSC_4615,0.5153250676568696,0.34709622721492156,0.855948149696843,0.3686295696020169,4783,11106,4094.0000000000005,688.9999999999995,7012.0,False,0.4306681073293715,237,-0.14999999999999947
mzehra2,3,test,hliu36,237_E_2-4_WL_Bruise_A244A_2026-03-08_DSC_4651,0.8536585365853658,0.7446808510638298,0.9106194690265487,0.8034041224234854,11300,12808,10290.0,1010.0,2518.0,False,0.882261086820737,237,-0.14999999999999947
mzehra2,3,test,hliu36,237_E_2-4_WL_Bruise_A244A_2026-03-08_DSC_4652,0.8559494484309735,0.7481744991574611,0.9214804565894155,0.7991200879912009,8673,10001,7992.0,681.0,2009.0,False,0.8672132786721328,237,-0.14999999999999947
mzehra2,3,test,hliu36,237_E_2-4_WL_Bruise_A244A_2026-03-08_DSC_4653,0.850454955893589,0.7398187311178248,0.9504735289551312,0.769482151835093,6441,7956,6122.0,319.0,1834.0,False,0.8095776772247361,237,-0.14999999999999947
mzehra2,3,test,hliu36,237_E_2-4_WL_Bruise_OC_A244A_2026-03-08_DSC_4656,0.8589086127547666,0.7527079972343858,0.9147178266349251,0.8095179080431281,7141,8069,6532.0,609.0,1537.0,False,0.8849919444788698,237,-0.14999999999999947
mzehra2,3,test,hliu36,237_E_2-4_WL_Bruise_OC_A244A_2026-03-08_DSC_4657,0.8448088224624537,0.7313151614118829,0.9443633414436334,0.7642425833552113,6165,7618,5822.0,343.0,1796.0,False,0.8092675242845891,237,-0.14999999999999947
mzehra2,3,test,hliu36,237_J_2-4_WL_Bruise_A244A_2026-02-26_DSC_5578,0.7911450597637739,0.6544582260706764,0.9967920156834789,0.6558395872420263,11222,17056,11186.0,36.0,5870.0,False,0.6579502814258912,237,-0.14999999999999947
mzehra2,3,test,hliu36,237_J_2-4_WL_Bruise_A244A_2026-02-26_DSC_5579,0.740678192080352,0.5881564088085828,0.9407315421088281,0.6107894158176355,8858,13643,8333.0,525.0,5310.0,False,0.6492706882650443,237,-0.14999999999999947
mzehra2,3,test,hliu36,237_J_2-4_WL_Bruise_A244A_2026-02-26_DSC_5580,0.8094453596924767,0.6798892988929889,0.9935962251432423,0.6828816307621033,8901,12951,8844.0,57.0,4107.0,False,0.6872828353022933,237,-0.14999999999999947
mzehra2,3,test,hliu36,237_J_2-4_WL_Bruise_OC_A244A_2026-02-26_DSC_5582,0.8393028579868548,0.7231023732264427,0.9560864810296963,0.7479434024350116,11887,15195,11365.0,522.0,3830.0,False,0.7822968081605791,237,-0.14999999999999947
mzehra2,3,test,hliu36,237_J_2-4_WL_Bruise_OC_A244A_2026-02-26_DSC_5583,0.650785370660175,0.4823438439728499,0.8651564185544768,0.521553325901152,6489,10764,5614.0,875.0,5150.0,False,0.6028428093645485,237,-0.14999999999999947
mzehra2,3,test,hliu36,237_N_2-4_WL_Bruise_A244A_2026-02-26_DSC_5858,0.7966303452064829,0.6619996956323239,0.9051186017478152,0.7113654946852003,4806,6115,4350.0,456.0,1765.0,False,0.7859362224039248,237,-0.14999999999999947
mzehra2,3,test,hliu36,237_N_2-4_WL_Bruise_A244A_2026-02-26_DSC_5859,0.752103915111599,0.6026975516786395,0.9992707826932425,0.602962745673218,4114,6818,4111.0,3.0,2707.0,False,0.6034027574068642,237,-0.14999999999999947
mzehra2,3,test,hliu36,237_N_2-4_WL_Bruise_A244A_2026-02-26_DSC_5860,0.7790262172284644,0.6380368098159509,0.9554770318021202,0.6575875486381323,2830,4112,2704.0,126.0,1408.0,False,0.6882295719844358,237,-0.14999999999999947
mzehra2,3,test,hliu36,237_N_2-4_WL_Bruise_OC_A244A_2026-02-26_DSC_5862,0.6998425628037511,0.5382752448141518,0.7207105597067531,0.6801490154337414,7093,7516,5112.0,1981.0,2404.0,False,0.9437200638637573,237,-0.14999999999999947
mzehra2,3,test,hliu36,237_N_2-4_WL_Bruise_OC_A244A_2026-02-26_DSC_5863,0.8602095578839765,0.7547085201793722,0.9242174629324547,0.8044933078393881,5463,6276,5049.0,414.0,1227.0,False,0.8704588910133844,237,-0.14999999999999947
mzehra2,3,test,hliu36,237_S_2-4_WL_Bruise_A244A_2026-02-27_DSC_6307,0.6174766813942072,0.4466302109225197,0.9991262213043133,0.44680473162587475,12589,28151,12578.0,11.0,15573.0,False,0.44719548151042593,237,-0.14999999999999947
mzehra2,3,test,hliu36,237_S_2-4_WL_Bruise_A244A_2026-02-27_DSC_6308,0.7457325459105251,0.5945562435500515,0.9729786784884948,0.6045383001049318,14211,22872,13827.0,384.0,9045.0,False,0.6213273871983211,237,-0.14999999999999947
mzehra2,3,test,hliu36,237_S_2-4_WL_Bruise_A244A_2026-02-27_DSC_6309,0.5835146898803046,0.4119454580372575,0.9969016266460109,0.41247355938721875,6455,15601,6435.0,20.0,9166.0,False,0.41375552849176334,237,-0.14999999999999947
mzehra2,3,test,hliu36,237_S_2-4_WL_Bruise_OC_A244A_2026-02-27_DSC_6311,0.7087209691453049,0.5488519152024051,0.9636876592646524,0.5604424685085212,10988,18894,10589.0,399.0,8305.0,False,0.5815602836879432,237,-0.14999999999999947
mzehra2,3,test,hliu36,237_S_2-4_WL_Bruise_OC_A244A_2026-02-27_DSC_6312,0.5045528932902522,0.3373926707447107,0.9815510204081632,0.33954591663842765,6125,17706,6012.0,113.0,11694.0,False,0.3459279340336609,237,-0.14999999999999947
mzehra2,3,test,hliu36,237_Z_2-5_WL_Bruise_A244A_2026-02-16_DSC_7025,0.680098259810499,0.5152643102908977,1.0,0.5152643102908977,16473,31970,16473.0,0.0,15497.0,False,0.5152643102908977,237,-0.14999999999999947
mzehra2,3,test,hliu36,237_Z_2-5_WL_Bruise_A244A_2026-02-16_DSC_7026,0.7708358032009485,0.6271219135802469,1.0,0.6271219135802469,13004,20736,13004.0,0.0,7732.0,False,0.6271219135802469,237,-0.14999999999999947
mzehra2,3,test,hliu36,237_Z_2-5_WL_Bruise_A244A_2026-02-16_DSC_7027,0.7876434399406606,0.6496796948103362,1.0,0.6496796948103362,18052,27786,18052.0,0.0,9734.0,False,0.6496796948103362,237,-0.14999999999999947
mzehra2,3,test,hliu36,237_Z_2-5_WL_Bruise_OC_A244A_2026-02-16_DSC_7030,0.6523615270343559,0.4840775475923852,1.0,0.4840775475923852,13833,28576,13833.0,0.0,14743.0,False,0.4840775475923852,237,-0.14999999999999947
mzehra2,3,test,hliu36,247_A_2-4_WL_Bruise_A244A_2026-02-27_DSC_6202,0.8407500699692135,0.7252535007242877,0.9290721649484536,0.7677628216050435,4850,5869,4506.0,344.0,1363.0,False,0.8263758732322372,247,-0.14999999999999947
mzehra2,3,test,hliu36,247_A_2-4_WL_Bruise_A244A_2026-02-27_DSC_6203,0.8166788232433747,0.6901582083418943,0.8978882651697407,0.7489409141583054,3741,4485,3359.0,382.0,1126.0,False,0.834113712374582,247,-0.14999999999999947
mzehra2,3,test,hliu36,247_A_2-4_WL_Bruise_A244A_2026-02-27_DSC_6204,0.8609490639965172,0.7558477297049381,0.9888,0.7623747108712413,5000,6485,4944.0,56.0,1541.0,False,0.7710100231303006,247,-0.14999999999999947
mzehra2,3,test,hliu36,247_A_2-4_WL_Bruise_OC_A244A_2026-02-27_DSC_6206,0.8788342178645318,0.7838575096277278,0.9912743506493507,0.7893036031669091,4928,6189,4885.0,43.0,1304.0,False,0.796251413798675,247,-0.14999999999999947
mzehra2,3,test,hliu36,247_A_2-4_WL_Bruise_OC_A244A_2026-02-27_DSC_6207,0.8656803866998681,0.7631714876033058,0.9666339548577036,0.7838196286472149,3057,3770,2955.0,102.0,815.0,False,0.8108753315649867,247,-0.14999999999999947
mzehra2,3,test,hliu36,250_A_2-4_WL_Bruise_A244A_2026-02-27_DSC_6537,0.932313948070651,0.8732098226683064,0.9939489726800632,0.8778766003270451,22145,25073,22011.0,134.0,3062.0,False,0.8832209946954892,250,-0.14999999999999947
mzehra2,3,test,hliu36,250_A_2-4_WL_Bruise_A244A_2026-02-27_DSC_6538,0.9330876370076102,0.874568211385761,0.9009612718365838,0.9675898352193766,21638,20148,19495.0,2143.0,653.0,False,1.073952749652571,250,-0.14999999999999947
mzehra2,3,test,hliu36,250_A_2-4_WL_Bruise_OC_A244A_2026-02-27_DSC_6541,0.9321377623802731,0.8729007633587786,0.9521537229783827,0.912946017318676,31225,32566,29731.0,1494.0,2835.0,False,0.9588220843824848,250,-0.14999999999999947
mzehra2,3,test,hliu36,250_A_2-4_WL_Bruise_OC_A244A_2026-02-27_DSC_6542,0.9292502188908108,0.8678500199441563,0.9777108704444345,0.8853666476764059,22253,24574,21757.0,496.0,2817.0,False,0.905550581915846,250,-0.14999999999999947
mzehra2,3,test,hliu36,250_A_2-4_WL_Bruise_OC_A244A_2026-02-27_DSC_6543,0.9479013990672884,0.9009625126646403,0.9475947632820825,0.9482082333676073,26276,26259,24899.0,1377.0,1360.0,False,1.0006473970829048,250,-0.14999999999999947
mzehra2,3,test,hliu36,254_A_2-5_WL_Bruise_A244A_2026-02-16_DSC_6925,0.864006864006864,0.7605740181268882,0.8370739817123857,0.8927304964539007,1203,1128,1007.0,196.0,121.0,False,1.0664893617021276,254,-0.14999999999999947
mzehra2,3,test,hliu36,254_A_2-5_WL_Bruise_A244A_2026-02-16_DSC_6926,0.8615384615384616,0.7567567567567568,0.7596081386586285,0.9950641658440277,1327,1013,1008.0,319.0,5.0,False,1.3099703849950641,254,-0.14999999999999947
mzehra2,3,test,hliu36,254_A_2-5_WL_Bruise_A244A_2026-02-16_DSC_6927,0.8550434201736807,0.7467911318553092,0.7655502392344498,0.9682299546142209,836,661,640.0,196.0,21.0,False,1.264750378214826,254,-0.14999999999999947
mzehra2,3,test,hliu36,254_A_2-5_WL_Bruise_OC_A244A_2026-02-16_DSC_6930,0.8167449807774455,0.6902527075812275,0.7599364069952306,0.8827331486611265,1258,1083,956.0,302.0,127.0,False,1.1615881809787627,254,-0.14999999999999947
mzehra2,3,test,hliu36,254_A_2-5_WL_Bruise_OC_A244A_2026-02-16_DSC_6931,0.5145172180958811,0.3463636363636364,0.4092373791621912,0.6927272727272727,1862,1100,762.0,1100.0,338.0,False,1.6927272727272726,254,-0.14999999999999947
mzehra2,3,test,hliu36,254_B_2-5_WL_Bruise_A244A_2026-02-16_DSC_6954,0.275621435618548,0.15983812447669551,0.9998254189944135,0.1598425856150046,17184,107487,17181.0,3.0,90306.0,False,0.15987049596695416,254,-0.14999999999999947
mzehra2,3,test,hliu36,254_B_2-5_WL_Bruise_A244A_2026-02-16_DSC_6955,0.22865322055953155,0.12908439116126,0.9896930442128977,0.12925815587185993,17755,135945,17572.0,183.0,118373.0,False,0.13060428849902533,254,-0.14999999999999947
mzehra2,3,test,hliu36,254_B_2-5_WL_Bruise_A244A_2026-02-16_DSC_6956,0.2437182510885341,0.1387694492865905,0.9938043277233216,0.13888960686500038,10814,77378,10747.0,67.0,66631.0,False,0.13975548605546798,254,-0.14999999999999947
mzehra2,3,test,hliu36,254_B_2-5_WL_Bruise_OC_A244A_2026-02-16_DSC_6960,0.2653176866271843,0.15294886249881456,0.9950640981696031,0.15306499066741186,14587,94829,14514.999999999998,72.00000000000182,80314.0,False,0.15382425207478725,254,-0.14999999999999947
mzehra2,3,test,hliu36,254_B_2-5_WL_Bruise_OC_A244A_2026-02-16_DSC_6961,0.2609802025548374,0.15007316359379572,0.9852065321805956,0.15041210805737248,10410,68186,10256.0,154.0,57930.0,False,0.15267063620097968,254,-0.14999999999999947
mzehra2,3,test,hliu36,260_A_2-5_WL_Bruise_A244A_2026-02-17_DSC_7634,0.6954740937947983,0.5331240188383045,0.6066452304394426,0.8147792706333973,2799,2084,1698.0,1101.0,386.0,False,1.3430902111324377,260,-0.14999999999999947
mzehra2,3,test,hliu36,260_A_2-5_WL_Bruise_A244A_2026-02-17_DSC_7635,0.7597514670348636,0.6125800166991372,0.7550600343053173,0.7645015630427232,2915,2879,2201.0,714.0,678.0,False,1.012504341785342,260,-0.14999999999999947
mzehra2,3,test,hliu36,260_A_2-5_WL_Bruise_A244A_2026-02-17_DSC_7636,0.6659207876482435,0.4991613552499161,0.5745173745173745,0.7919105907397552,2590,1879,1488.0,1102.0,391.0,False,1.378392762107504,260,-0.14999999999999947
mzehra2,3,test,hliu36,260_A_2-5_WL_Bruise_OC_A244A_2026-02-17_DSC_7638,0.5506986743102831,0.3799752781211372,0.49886400519311913,0.6145541783286685,3081,2501,1537.0,1544.0,964.0,False,1.231907237105158,260,-0.14999999999999947
mzehra2,3,test,hliu36,260_A_2-5_WL_Bruise_OC_A244A_2026-02-17_DSC_7639,0.6345272449499236,0.4646941819990055,0.5172986437863272,0.8204565408252853,3613,2278,1869.0,1744.0,409.0,False,1.5860403863037753,260,-0.14999999999999947
mzehra2,3,test,hliu36,285_F_2-6_WL_Bruise_A244A_2026-04-06_DSC_2339,0.3563334455290026,0.21679180887372013,0.9659367396593674,0.21846196175539964,1644,7269,1588.0,56.0,5681.0,False,0.2261659100288898,285,-0.14999999999999947
mzehra2,3,test,hliu36,285_F_2-6_WL_Bruise_A244A_2026-04-06_DSC_2340,0.43478260869565216,0.2777777777777778,0.8879860708067324,0.2878645343367827,1723,5315,1530.0,193.0,3785.0,False,0.32417685794920037,285,-0.14999999999999947
mzehra2,3,test,hliu36,285_F_2-6_WL_Bruise_OC_A244A_2026-04-06_DSC_2343,0.8583954405962297,0.7519201228878648,0.7972312703583062,0.929724596391263,1228,1053,979.0,249.0,74.0,False,1.1661918328584995,285,-0.14999999999999947
mzehra2,3,test,hliu36,285_F_2-6_WL_Bruise_OC_A244A_2026-04-06_DSC_2344,0.5747551284420624,0.4032676348547718,0.7278258834542476,0.4748816613223393,4273,6549,3110.0,1163.0,3439.0,False,0.6524660253473813,285,-0.14999999999999947
mzehra2,3,test,hliu36,285_G_2-6_WL_Bruise_A244A_2026-05-29_DSC_3860,0.7271135567783892,0.5712320691687954,0.9722408026755853,0.580703156212545,2990,5006,2907.0,83.0,2099.0,False,0.5972832600878946,285,-0.14999999999999947
mzehra2,3,test,hliu36,285_G_2-6_WL_Bruise_A244A_2026-05-29_DSC_3861,0.7633413613892762,0.6172611726117261,0.9669235709698137,0.6305759162303665,3114,4775,3011.0,103.0,1764.0,False,0.6521465968586387,285,-0.14999999999999947
mzehra2,3,test,hliu36,285_G_2-6_WL_Bruise_A244A_2026-05-29_DSC_3862,0.8613745615174744,0.7565038795070744,0.9913277511961722,0.7615437629221227,3344,4353,3315.0,29.0,1038.0,False,0.768205835056283,285,-0.14999999999999947
mzehra2,3,test,hliu36,285_G_2-6_WL_Bruise_OC_A244A_2026-05-29_DSC_3864,0.7634769151405726,0.6174384647476012,0.964588311970454,0.6317586795674445,4603,7028,4440.0,163.0,2588.0,False,0.6549516220830962,285,-0.14999999999999947
mzehra2,3,test,hliu36,285_G_2-6_WL_Bruise_OC_A244A_2026-05-29_DSC_3865,0.8280791788856305,0.7065999374413513,0.9897042716319825,0.7118323617457066,4565,6347,4518.0,47.0,1829.0,False,0.7192374350086655,285,-0.14999999999999947
mzehra2,3,test,mzehra2,170_F_2-4_WL_Bruise_A244A_2026-03-05_DSC_1856,0.7329754167844024,0.5785013380909901,0.7095185995623632,0.7580362361192285,3656,3422,2594.0,1062.0,828.0,False,1.0683810637054354,170,-0.14999999999999947
mzehra2,3,test,mzehra2,170_F_2-4_WL_Bruise_OC_A244A_2026-03-05_DSC_1860,0.7395648008758724,0.5867535287730727,0.6422628951747088,0.8716129032258064,4207,3100,2702.0,1505.0,398.0,False,1.3570967741935485,170,-0.14999999999999947
mzehra2,3,test,mzehra2,182_Q_2-6_WL_Bruise_A244A_2026-04-06_DSC_2484,0.254490451881263,0.14579722703639514,0.984397854705022,0.14613491603937465,2051,13816,2019.0000000000002,31.999999999999773,11797.0,False,0.14845107122177187,182,-0.14999999999999947
mzehra2,3,test,mzehra2,182_Q_2-6_WL_Bruise_A244A_2026-04-06_DSC_2485,0.2937313432835821,0.172148355493352,0.43006993006993005,0.2230281051677244,1716,3309,738.0,978.0,2571.0,False,0.5185856754306437,182,-0.14999999999999947
mzehra2,3,test,mzehra2,182_Q_2-6_WL_Bruise_A244A_2026-04-06_DSC_2486,0.4541509979751229,0.2937874251497006,0.45375722543352603,0.45454545454545453,3460,3454,1570.0,1890.0,1884.0,False,1.0017371163867979,182,-0.14999999999999947
mzehra2,3,test,mzehra2,182_Q_2-6_WL_Bruise_OC_A244A_2026-04-06_DSC_2488,0.5120184993610418,0.34410273188287255,0.6527540729247479,0.421205446535843,6445,9988,4207.0,2238.0,5781.0,False,0.645274329195034,182,-0.14999999999999947
mzehra2,3,test,mzehra2,20_D_2-6_WL_Bruise_A244A_2026-04-04_DSC_0400,0.9230485159026912,0.8570938705529362,0.9752243464689817,0.8761721146262378,10252,11411,9998.0,254.0,1413.0,False,0.8984313381824556,20,-0.14999999999999947
mzehra2,3,test,mzehra2,20_D_2-6_WL_Bruise_OC_A244A_2026-04-04_DSC_0403,0.9442730078054093,0.8944291609353507,0.9597785977859778,0.9292604501607717,21680,22392,20808.0,872.0,1584.0,False,0.9682029296177206,20,-0.14999999999999947
mzehra2,3,test,mzehra2,20_D_2-6_WL_Bruise_OC_A244A_2026-04-04_DSC_0404,0.9178856315155967,0.8482334753591494,0.9880534082923401,0.8570231246904644,22768,26249,22496.0,272.0,3753.0,False,0.8673854242066364,20,-0.14999999999999947
mzehra2,3,test,mzehra2,226_A_2-4_WL_Bruise_A244A_2026-03-06_DSC_3569,0.6926424050632911,0.529803328290469,0.6240199572344975,0.7782222222222223,2806,2250,1751.0,1055.0,499.0,False,1.247111111111111,226,-0.14999999999999947
mzehra2,3,test,mzehra2,226_A_2-4_WL_Bruise_A244A_2026-03-06_DSC_3570,0.6379310344827587,0.46835443037974683,0.4847161572052402,0.9327731092436975,3435,1785,1665.0000000000002,1769.9999999999998,119.99999999999977,False,1.9243697478991597,226,-0.14999999999999947
mzehra2,3,test,mzehra2,226_A_2-4_WL_Bruise_A244A_2026-03-06_DSC_3571,0.5023102310231023,0.3353900396650507,0.4923441880526202,0.5126880754547496,4637,4453,2283.0,2354.0,2170.0,False,1.0413204581181226,226,-0.14999999999999947
mzehra2,3,test,mzehra2,226_A_2-4_WL_Bruise_OC_A244A_2026-03-06_DSC_3573,0.747457627118644,0.5967523680649527,0.6354466858789626,0.9074074074074074,2776,1944,1764.0,1012.0,180.0,False,1.4279835390946503,226,-0.14999999999999947
mzehra2,3,test,mzehra2,226_A_2-4_WL_Bruise_OC_A244A_2026-03-06_DSC_3574,0.8220675944333996,0.6978902953586498,0.999597099113618,0.6980866629150253,2482,3554,2481.0,1.0,1073.0,False,0.6983680360157569,226,-0.14999999999999947
mzehra2,3,test,mzehra2,226_C_2-4_WL_Bruise_A244A_2026-03-06_DSC_3610,0.8766788766788767,0.7804347826086957,0.9693969396939695,0.8001485884101041,3333,4038,3231.0,102.0,807.0,False,0.825408618127786,226,-0.14999999999999947
mzehra2,3,test,mzehra2,226_C_2-4_WL_Bruise_A244A_2026-03-06_DSC_3611,0.8630097645031591,0.7590300580954786,0.9515516149461685,0.7895428271150815,3158,3806,3005.0,153.0,801.0,False,0.8297425118234367,226,-0.14999999999999947
mzehra2,3,test,mzehra2,226_C_2-4_WL_Bruise_A244A_2026-03-06_DSC_3612,0.9118875807064185,0.83804537521815,0.9523998413328044,0.8746812386156648,2521,2745,2401.0,120.0,344.0,False,0.9183970856102004,226,-0.14999999999999947
mzehra2,3,test,mzehra2,226_C_2-4_WL_Bruise_OC_A244A_2026-03-06_DSC_3614,0.8995239933101763,0.81739537058686,0.9433351322180248,0.8596016719940989,3706,4067,3496.0,210.0,571.0,False,0.9112367838701746,226,-0.14999999999999947
mzehra2,3,test,mzehra2,226_C_2-4_WL_Bruise_OC_A244A_2026-03-06_DSC_3615,0.806617761823006,0.6759089720115092,0.9927007299270073,0.6792849631966351,2603,3804,2584.0,19.0,1220.0,False,0.6842797055730809,226,-0.14999999999999947
mzehra2,3,test,mzehra2,228_B_2-4_WL_Bruise_A244A_2026-03-06_DSC_3718,0.8989181879648411,0.81639545594105,0.999624060150376,0.8166461916461917,2660,3256,2659.0,1.0,597.0,False,0.816953316953317,228,-0.14999999999999947
mzehra2,3,test,mzehra2,228_B_2-4_WL_Bruise_A244A_2026-03-06_DSC_3719,0.8936381709741551,0.8077268643306379,0.8619367209971237,0.9277605779153767,2086,1938,1798.0,288.0,140.0,False,1.0763673890608876,228,-0.14999999999999947
mzehra2,3,test,mzehra2,228_B_2-4_WL_Bruise_A244A_2026-03-06_DSC_3720,0.8260240963855422,0.7036124794745484,0.9040084388185654,0.7604259094942325,1896,2254,1714.0,182.0,540.0,False,0.8411712511091393,228,-0.14999999999999947
mzehra2,3,test,mzehra2,228_B_2-4_WL_Bruise_A244A_2026-03-06_DSC_3721,0.8402477942556786,0.7245063127225639,0.7474949899799599,0.9592798971281612,2994,2333,2238.0,756.0,95.0,False,1.2833261894556365,228,-0.14999999999999947
mzehra2,3,test,mzehra2,228_B_2-4_WL_Bruise_OC_A244A_2026-03-06_DSC_3723,0.8134460389227443,0.6855533465871438,0.7305790960451978,0.9175166297117516,2832,2255,2069.0,763.0,186.0,False,1.2558758314855876,228,-0.14999999999999947
mzehra2,3,test,mzehra2,228_B_2-4_WL_Bruise_OC_A244A_2026-03-06_DSC_3724,0.7537164750957854,0.6047712739793408,0.912430426716141,0.6420365535248042,2695,3830,2459.0,236.0,1371.0,False,0.7036553524804178,228,-0.14999999999999947
mzehra2,3,test,mzehra2,232_A_2-4_WL_Bruise_A244A_2026-03-06_DSC_3868,0.5932787591555364,0.4217457886676876,0.4620030196275793,0.8287691844718628,5961,3323,2754.0,3207.0,569.0,False,1.7938609690039122,232,-0.14999999999999947
mzehra2,3,test,mzehra2,232_A_2-4_WL_Bruise_A244A_2026-03-06_DSC_3869,0.6125974299557615,0.44154266626176736,0.4476600985221675,0.9699799866577719,6496,2998,2908.0,3588.0,90.0,False,2.1667778519012675,232,-0.14999999999999947
mzehra2,3,test,mzehra2,232_A_2-4_WL_Bruise_A244A_2026-03-06_DSC_3870,0.0,0.0,0.0,0.0,1246,4524,0.0,1246.0,4524.0,True,0.27541998231653403,232,-0.14999999999999947
mzehra2,3,test,mzehra2,232_A_2-4_WL_Bruise_OC_A244A_2026-03-06_DSC_3876,0.7985169284808274,0.6646093876888095,0.9554050898902638,0.685886691250419,4283,5966,4092.0000000000005,190.99999999999955,1873.9999999999995,False,0.7179014415018438,232,-0.14999999999999947
mzehra2,3,test,mzehra2,232_A_2-4_WL_Bruise_OC_A244A_2026-03-06_DSC_3877,0.7566080977845684,0.6085033177684935,0.6134786917740337,0.9868473495416501,8072,5018,4952.0,3120.0,66.0,False,1.6086090075727382,232,-0.14999999999999947
mzehra2,3,test,mzehra2,233_B_2-4_WL_Bruise_A244A_2026-03-06_DSC_4197,0.6117660142348754,0.4406793238804774,0.9933188876850849,0.44198939418287,5538,12446,5501.0,37.0,6945.0,False,0.44496223686324926,233,-0.14999999999999947
mzehra2,3,test,mzehra2,233_B_2-4_WL_Bruise_A244A_2026-03-06_DSC_4199,0.3767780575784387,0.23211740041928722,0.8444173276388042,0.2424879544459045,3278,11415,2768.0,510.0,8647.0,False,0.2871660096364433,233,-0.14999999999999947
mzehra2,3,test,mzehra2,233_B_2-4_WL_Bruise_OC_A244A_2026-03-06_DSC_4201,0.41934972244250596,0.26530202689143084,0.9614545454545455,0.26815415821501015,4125,14790,3966.0,159.0,10824.0,False,0.2789046653144016,233,-0.14999999999999947
mzehra2,3,test,mzehra2,235_A_2-4_WL_Bruise_A244A_2026-03-08_DSC_4349,0.7130550033134526,0.5540679711637487,0.98380355276907,0.5591685226429102,19140,33675,18830.0,310.0,14845.0,False,0.5683741648106905,235,-0.14999999999999947
mzehra2,3,test,mzehra2,235_A_2-4_WL_Bruise_A244A_2026-03-08_DSC_4350,0.7980179622174047,0.6639183757600742,0.9587379543847899,0.683446940561759,26877,37703,25768.0,1109.0,11935.0,False,0.7128610455401427,235,-0.14999999999999947
mzehra2,3,test,mzehra2,235_A_2-4_WL_Bruise_A244A_2026-03-08_DSC_4351,0.8302023308095816,0.70969737132759,0.991298981795742,0.7141459944874189,16205,22494,16064.0,141.0,6430.0,False,0.7204143327109451,235,-0.14999999999999947
mzehra2,3,test,mzehra2,235_A_2-4_WL_Bruise_OC_A244A_2026-03-08_DSC_4353,0.8199135031234983,0.6947910219239665,0.9964492618202205,0.6965154632441788,21404,30621,21328.0,76.0,9293.0,False,0.6989974200711929,235,-0.14999999999999947
mzehra2,3,test,mzehra2,235_A_2-4_WL_Bruise_OC_A244A_2026-03-08_DSC_4354,0.6954556517506345,0.5331023454157783,0.9472886573525929,0.5493998406899772,21115,36407,20002.0,1113.0,16405.0,False,0.5799708847199714,235,-0.14999999999999947
mzehra2,3,test,mzehra2,236_C_2-4_WL_Bruise_A244A_2026-03-08_DSC_4462,0.19537845530416326,0.1082656116338751,0.2824267782426778,0.1493472969983037,7170,13559,2025.0,5145.0,11534.0,False,0.5288000590014013,236,-0.14999999999999947
mzehra2,3,test,mzehra2,236_C_2-4_WL_Bruise_A244A_2026-03-08_DSC_4463,0.14396268419378777,0.07756454192369203,0.37827298050139274,0.08889761717727154,3590,15276,1358.0,2232.0,13918.0,False,0.23500916470280178,236,-0.14999999999999947
mzehra2,3,test,mzehra2,236_C_2-4_WL_Bruise_A244A_2026-03-08_DSC_4464,0.04608726166803135,0.023587164750957856,0.06826056826056826,0.03478721525693095,5772,11326,394.0,5378.0,10932.0,False,0.5096238742715875,236,-0.14999999999999947
mzehra2,3,test,mzehra2,236_C_2-4_WL_Bruise_OC_A244A_2026-03-08_DSC_4467,0.0,0.0,0.0,0.0,2908,10556,0.0,2908.0,10556.0,True,0.2754831375521031,236,-0.14999999999999947
mzehra2,3,test,mzehra2,236_C_2-4_WL_Bruise_OC_A244A_2026-03-08_DSC_4468,0.018494940695570596,0.00933378424078458,0.03758169934640523,0.012265576393209493,3672,11251,138.0,3534.0,11113.0,False,0.3263709892454004,236,-0.14999999999999947
mzehra2,3,test,mzehra2,236_E_2-4_WL_Bruise_OC_A244A_2026-02-26_DSC_5722,0.599544289376246,0.42810656904616634,0.5051595872330213,0.7373029772329247,4167,2855,2105.0,2062.0,750.0,False,1.4595446584938705,236,-0.14999999999999947
mzehra2,3,test,mzehra2,237_AC_2-5_WL_Bruise_A244A_2026-02-16_DSC_7084,0.7021859780269566,0.5410528520561335,0.9116522557496618,0.5709917477158857,17001,27144,15499.0,1502.0,11645.0,False,0.6263262599469496,237,-0.14999999999999947
mzehra2,3,test,mzehra2,237_AC_2-5_WL_Bruise_A244A_2026-02-16_DSC_7085,0.6106521467017149,0.4395243028965269,0.8158026755852843,0.48794758951790357,11960,19996,9757.0,2203.0,10239.0,False,0.5981196239247849,237,-0.14999999999999947
mzehra2,3,test,mzehra2,237_AC_2-5_WL_Bruise_A244A_2026-02-16_DSC_7086,0.9072269013595785,0.8302061081923676,0.9429508196721311,0.8741109962920187,30500,32902,28760.0,1740.0,4142.0,False,0.9269953194334691,237,-0.14999999999999947
mzehra2,3,test,mzehra2,237_AC_2-5_WL_Bruise_OC_A244A_2026-02-16_DSC_7088,0.8938952172259549,0.8081469596253971,0.9797927666838699,0.8218448218448219,25189,30030,24680.0,509.0,5350.0,False,0.8387945387945388,237,-0.14999999999999947
mzehra2,3,test,mzehra2,237_AC_2-5_WL_Bruise_OC_A244A_2026-02-16_DSC_7089,0.8117056533350494,0.683084671414259,0.9569819050870604,0.7047238595413023,26361,35797,25227.0,1134.0,10570.0,False,0.7364024918289243,237,-0.14999999999999947
mzehra2,3,test,mzehra2,237_AD_2-5_WL_Bruise_A244A_2026-02-16_DSC_7116,0.5253336904602474,0.35623902645758915,0.9647483193966224,0.36093730830572934,6099,16302,5884.000000000001,214.9999999999991,10418.0,False,0.3741258741258741,237,-0.14999999999999947
mzehra2,3,test,mzehra2,237_AD_2-5_WL_Bruise_A244A_2026-02-16_DSC_7117,0.883087342001189,0.7906503124276788,0.9238507301243916,0.8457691736396494,18490,20197,17082.0,1408.0,3115.0,False,0.9154824974006041,237,-0.14999999999999947
mzehra2,3,test,mzehra2,237_AD_2-5_WL_Bruise_A244A_2026-02-16_DSC_7118,0.7390689785148888,0.5861295867274494,0.8742615093077695,0.6400881416795887,8971,12253,7843.0,1128.0,4410.0,False,0.7321472292499795,237,-0.14999999999999947
mzehra2,3,test,mzehra2,237_AD_2-5_WL_Bruise_OC_A244A_2026-02-16_DSC_7120,0.721386785342569,0.5641946892718801,0.9749708963911525,0.5724864710908573,10308,17555,10050.0,258.0,7505.0,False,0.5871831387069211,237,-0.14999999999999947
mzehra2,3,test,mzehra2,237_AD_2-5_WL_Bruise_OC_A244A_2026-02-16_DSC_7121,0.8928349963357574,0.8064154786150712,0.920011617775196,0.8672178722006242,17215,18263,15838.0,1377.0,2425.0,False,0.9426162185840223,237,-0.14999999999999947
mzehra2,3,test,mzehra2,237_AE_2-5_WL_Bruise_A244A_2026-02-16_DSC_7217,0.7517875383043923,0.602291325695581,0.9533678756476683,0.6205733558178752,3860,5930,3680.0,180.0,2250.0,False,0.6509274873524452,237,-0.14999999999999947
mzehra2,3,test,mzehra2,237_AE_2-5_WL_Bruise_A244A_2026-02-16_DSC_7218,0.8076561029181047,0.6773684210526316,1.0,0.6773684210526316,2574,3800,2574.0,0.0,1226.0,False,0.6773684210526316,237,-0.14999999999999947
mzehra2,3,test,mzehra2,237_AE_2-5_WL_Bruise_A244A_2026-02-16_DSC_7219,0.8580835603996367,0.7514416384967191,0.9934279705573081,0.7551958433253397,3804,5004,3779.0,25.0,1225.0,False,0.7601918465227818,237,-0.14999999999999947
mzehra2,3,test,mzehra2,237_AE_2-5_WL_Bruise_OC_A244A_2026-02-16_DSC_7221,0.7258361294512393,0.5696568127760788,0.827492596248766,0.6464237516869096,4052,5187,3353.0,699.0,1834.0,False,0.7811837285521496,237,-0.14999999999999947
mzehra2,3,test,mzehra2,237_AE_2-5_WL_Bruise_OC_A244A_2026-02-16_DSC_7222,0.3894528348601139,0.2418139892390469,0.3587229190421893,0.42594096940157056,4385,3693,1573.0,2812.0,2120.0,False,1.1873815326292987,237,-0.14999999999999947
mzehra2,3,test,mzehra2,237_B_2-4_WL_Bruise_A244A_2026-03-08_DSC_4584,0.8563487221205343,0.7487848251333729,0.9330313177073075,0.791313426602631,20308,23945,18948.0,1360.0,4997.0,False,0.8481102526623512,237,-0.14999999999999947
mzehra2,3,test,mzehra2,237_B_2-4_WL_Bruise_A244A_2026-03-08_DSC_4587,0.7919937417388255,0.6556205618328793,0.9157257812987337,0.6977186311787072,16031,21040,14680.0,1351.0,6360.0,False,0.7619296577946768,237,-0.14999999999999947
mzehra2,3,test,mzehra2,237_B_2-4_WL_Bruise_A244A_2026-03-08_DSC_4588,0.8348464361599381,0.7165119363395226,0.8727283216984942,0.8001163651750767,17333,18906,15127.0,2206.0,3779.0,False,0.9167988998201629,237,-0.14999999999999947
mzehra2,3,test,mzehra2,237_B_2-4_WL_Bruise_OC_A244A_2026-03-08_DSC_4591,0.6275108060005086,0.45720637273064096,0.979647806004619,0.4615907777059884,13856,29407,13574.000000000002,281.9999999999982,15832.999999999998,False,0.4711803312136566,237,-0.14999999999999947
mzehra2,3,test,mzehra2,237_B_2-4_WL_Bruise_OC_A244A_2026-03-08_DSC_4592,0.8163486054237812,0.6896866840731071,0.9629967189208896,0.7084618479281213,16458,22371,15849.0,609.0,6522.0,False,0.735684591658844,237,-0.14999999999999947
mzehra2,3,test,mzehra2,237_C_2-4_WL_Bruise_A244A_2026-03-08_DSC_4608,0.6410702341137123,0.4717464067729868,0.9231954790649884,0.49101714597991664,7786,14639,7187.999999999999,598.0000000000009,7451.000000000001,False,0.5318669308012842,237,-0.14999999999999947
mzehra2,3,test,mzehra2,237_C_2-4_WL_Bruise_A244A_2026-03-08_DSC_4609,0.5710471104329582,0.3996262680192205,0.9894249834765367,0.40134048257372656,3026,7460,2994.0,32.0,4466.0,False,0.4056300268096515,237,-0.14999999999999947
mzehra2,3,test,mzehra2,237_C_2-4_WL_Bruise_A244A_2026-03-08_DSC_4610,0.7356288884429026,0.5818140589569161,0.8759986343461933,0.6340318276168825,14645,20234,12829.0,1816.0,7405.0,False,0.7237817534842345,237,-0.14999999999999947
mzehra2,3,test,mzehra2,237_C_2-4_WL_Bruise_OC_A244A_2026-03-08_DSC_4613,0.568025078369906,0.3966725043782837,0.9250291715285881,0.40984877859635516,6856,15474,6342.000000000001,513.9999999999991,9132.0,False,0.4430657877730386,237,-0.14999999999999947
mzehra2,3,test,mzehra2,237_C_2-4_WL_Bruise_OC_A244A_2026-03-08_DSC_4615,0.6195992714025501,0.4488546395017418,0.8889818105791344,0.47550883471259225,4783,8942,4252.0,531.0,4690.0,False,0.5348915231491836,237,-0.14999999999999947
mzehra2,3,test,mzehra2,237_E_2-4_WL_Bruise_A244A_2026-03-08_DSC_4651,0.8846870596791055,0.793218681229114,0.8612389380530974,0.9094477151668069,11300,10701,9732.0,1568.0,969.0,False,1.0559760770021493,237,-0.14999999999999947
mzehra2,3,test,mzehra2,237_E_2-4_WL_Bruise_A244A_2026-03-08_DSC_4652,0.8087382069522224,0.6788920887684229,0.9241323648103309,0.7189630426982418,8673,11148,8015.0,658.0,3133.0,False,0.7779870828848224,237,-0.14999999999999947
mzehra2,3,test,mzehra2,237_E_2-4_WL_Bruise_A244A_2026-03-08_DSC_4653,0.8201092611862643,0.6950722081358175,0.9788852662630027,0.7056519306099608,6441,8935,6305.0,136.0,2630.0,False,0.7208729714605484,237,-0.14999999999999947
mzehra2,3,test,mzehra2,237_E_2-4_WL_Bruise_OC_A244A_2026-03-08_DSC_4656,0.9052887209929843,0.8269657382302193,0.9396443075199552,0.8733567616816348,7141,7683,6710.0,431.0,973.0,False,0.9294546401145386,237,-0.14999999999999947
mzehra2,3,test,mzehra2,237_E_2-4_WL_Bruise_OC_A244A_2026-03-08_DSC_4657,0.8496456886269558,0.7385947792144425,0.9821573398215734,0.7486399604352126,6165,8088,6055.0,110.0,2033.0,False,0.762240356083086,237,-0.14999999999999947
mzehra2,3,test,mzehra2,237_J_2-4_WL_Bruise_A244A_2026-02-26_DSC_5578,0.8079643907479532,0.677802227112089,0.9058100160399216,0.7291965566714491,11222,13940,10165.0,1057.0,3775.0,False,0.8050215208034434,237,-0.14999999999999947
mzehra2,3,test,mzehra2,237_J_2-4_WL_Bruise_A244A_2026-02-26_DSC_5579,0.7448587107031129,0.5934461060717496,0.8198238880108376,0.6824546565172446,8858,10641,7262.0,1596.0,3379.0,False,0.8324405600977351,237,-0.14999999999999947
mzehra2,3,test,mzehra2,237_J_2-4_WL_Bruise_A244A_2026-02-26_DSC_5580,0.7622436372621695,0.61582687854348,0.8664195034265813,0.6804305629080643,8901,11334,7712.0,1189.0,3622.0,False,0.7853361566966649,237,-0.14999999999999947
mzehra2,3,test,mzehra2,237_J_2-4_WL_Bruise_OC_A244A_2026-02-26_DSC_5582,0.892359463307304,0.8056399470281218,0.8700260789097333,0.9158696422245838,11887,11292,10342.0,1545.0,950.0,False,1.0526921714488133,237,-0.14999999999999947
mzehra2,3,test,mzehra2,237_J_2-4_WL_Bruise_OC_A244A_2026-02-26_DSC_5583,0.6949907235621521,0.5325561558146147,0.8659269533055941,0.5804152463588472,6489,9681,5619.0,870.0,4062.0,False,0.6702819956616052,237,-0.14999999999999947
mzehra2,3,test,mzehra2,237_N_2-4_WL_Bruise_A244A_2026-02-26_DSC_5858,0.45028120138805794,0.29055671376727665,0.7829796088223054,0.3160060463553913,4806,11908,3763.0,1043.0,8145.0,False,0.40359422237151493,237,-0.14999999999999947
mzehra2,3,test,mzehra2,237_N_2-4_WL_Bruise_A244A_2026-02-26_DSC_5859,0.8947071436632434,0.8094751888911579,0.9635391346621293,0.8350537181377712,4114,4747,3964.0,150.0,783.0,False,0.8666526227090794,237,-0.14999999999999947
mzehra2,3,test,mzehra2,237_N_2-4_WL_Bruise_A244A_2026-02-26_DSC_5860,0.8573853989813243,0.75037147102526,0.892226148409894,0.8251633986928104,2830,3060,2525.0,305.0,535.0,False,0.9248366013071896,237,-0.14999999999999947
mzehra2,3,test,mzehra2,237_N_2-4_WL_Bruise_OC_A244A_2026-02-26_DSC_5862,0.7021171139276358,0.5409710856519367,0.6989990131115184,0.7052631578947368,7093,7030,4958.0,2135.0,2072.0,False,1.0089615931721194,237,-0.14999999999999947
mzehra2,3,test,mzehra2,237_N_2-4_WL_Bruise_OC_A244A_2026-02-26_DSC_5863,0.7448415830420566,0.5934243621990658,0.6046128500823723,0.9697592483852026,5463,3406,3303.0,2160.0,103.0,False,1.603934233705226,237,-0.14999999999999947
mzehra2,3,test,mzehra2,237_S_2-4_WL_Bruise_A244A_2026-02-27_DSC_6307,0.7227467307805078,0.5658601533446582,0.9790293113035189,0.5728029000325324,12589,21517,12324.999999999998,264.0000000000018,9192.000000000002,False,0.5850722684389088,237,-0.14999999999999947
mzehra2,3,test,mzehra2,237_S_2-4_WL_Bruise_A244A_2026-02-27_DSC_6308,0.7901664502420022,0.6531199687759184,0.9420167475898952,0.6804757789864281,14211,19673,13387.0,824.0,6286.0,False,0.7223605957403548,237,-0.14999999999999947
mzehra2,3,test,mzehra2,237_S_2-4_WL_Bruise_A244A_2026-02-27_DSC_6309,0.5623795339057298,0.39118776281309037,0.9944229279628195,0.3920478837109876,6455,16373,6419.0,36.0,9954.0,False,0.3942466255420509,237,-0.14999999999999947
mzehra2,3,test,mzehra2,237_S_2-4_WL_Bruise_OC_A244A_2026-02-27_DSC_6311,0.7003937398669887,0.5389276439737257,0.9632326174008009,0.5502469456719522,10988,19235,10584.0,404.0,8651.0,False,0.5712503249285157,237,-0.14999999999999947
mzehra2,3,test,mzehra2,237_S_2-4_WL_Bruise_OC_A244A_2026-02-27_DSC_6312,0.5695280019564686,0.3981399165697873,0.950530612244898,0.40656424581005585,6125,14320,5822.0,303.0,8498.0,False,0.42772346368715086,237,-0.14999999999999947
mzehra2,3,test,mzehra2,237_Z_2-5_WL_Bruise_A244A_2026-02-16_DSC_7025,0.8469818776400054,0.7345781139210589,0.9433618648697869,0.7684699831866284,16473,20222,15540.0,933.0,4682.0,False,0.8146078528335476,237,-0.14999999999999947
mzehra2,3,test,mzehra2,237_Z_2-5_WL_Bruise_A244A_2026-02-16_DSC_7026,0.8628041637379924,0.7587120320226042,0.9911565672100892,0.7638831268891128,13004,16873,12889.0,115.0,3984.0,False,0.77069874948142,237,-0.14999999999999947
mzehra2,3,test,mzehra2,237_Z_2-5_WL_Bruise_A244A_2026-02-16_DSC_7027,0.8801159750446556,0.7858992140545539,0.9416685131841347,0.8261165378821014,18052,20577,16999.0,1053.0,3578.0,False,0.8772901783544734,237,-0.14999999999999947
mzehra2,3,test,mzehra2,237_Z_2-5_WL_Bruise_OC_A244A_2026-02-16_DSC_7030,0.8299286089563309,0.709297411516112,0.9706498951781971,0.7248434463398834,13833,18524,13427.0,406.0,5097.0,False,0.7467609587562082,237,-0.14999999999999947
mzehra2,3,test,mzehra2,247_A_2-4_WL_Bruise_A244A_2026-02-27_DSC_6202,0.8630669546436285,0.7591185410334347,0.8239175257731959,0.9061224489795918,4850,4410,3996.0,854.0,414.0,False,1.0997732426303855,247,-0.14999999999999947
mzehra2,3,test,mzehra2,247_A_2-4_WL_Bruise_A244A_2026-02-27_DSC_6203,0.8728316160166949,0.7743577875491784,0.8944132584870356,0.8522669383596536,3741,3926,3346.0,395.0,580.0,False,0.9528782475802343,247,-0.14999999999999947
mzehra2,3,test,mzehra2,247_A_2-4_WL_Bruise_A244A_2026-02-27_DSC_6204,0.883933312095147,0.7920076117982874,0.8324,0.9422685080371292,5000,4417,4162.0,838.0,255.0,False,1.1319900384876613,247,-0.14999999999999947
mzehra2,3,test,mzehra2,247_A_2-4_WL_Bruise_OC_A244A_2026-02-27_DSC_6206,0.8972458798805442,0.8136409227683049,0.823051948051948,0.9861415025528811,4928,4113,4056.0,872.0,57.0,False,1.1981522003403842,247,-0.14999999999999947
mzehra2,3,test,mzehra2,247_A_2-4_WL_Bruise_OC_A244A_2026-02-27_DSC_6207,0.8836352471599631,0.7915291529152916,0.9414458619561662,0.8325137402371999,3057,3457,2878.0,179.0,579.0,False,0.8842927393693955,247,-0.14999999999999947
mzehra2,3,test,mzehra2,250_A_2-4_WL_Bruise_A244A_2026-02-27_DSC_6537,0.9485627177700349,0.9021581541775403,0.9834725671709189,0.9160462670872765,22145,23775,21779.0,366.0,1996.0,False,0.9314405888538381,250,-0.14999999999999947
mzehra2,3,test,mzehra2,250_A_2-4_WL_Bruise_A244A_2026-02-27_DSC_6538,0.9410586297466945,0.8886786900407786,0.9769387189204178,0.9077207145310889,21638,23288,21139.0,499.0,2149.0,False,0.9291480590862247,250,-0.14999999999999947
mzehra2,3,test,mzehra2,250_A_2-4_WL_Bruise_OC_A244A_2026-02-27_DSC_6541,0.9302405605780961,0.8695792028540515,0.9523458767013611,0.9091381576936012,31225,32709,29737.0,1488.0,2972.0,False,0.9546302240973432,250,-0.14999999999999947
mzehra2,3,test,mzehra2,250_A_2-4_WL_Bruise_OC_A244A_2026-02-27_DSC_6542,0.9421945604910904,0.8907068590311921,0.9932143980586887,0.896160240035681,22253,24663,22102.0,151.0,2561.0,False,0.9022827717633702,250,-0.14999999999999947
mzehra2,3,test,mzehra2,250_A_2-4_WL_Bruise_OC_A244A_2026-02-27_DSC_6543,0.9511670000952653,0.906881267257666,0.949954330948394,0.952382769277729,26276,26209,24961.0,1315.0,1248.0,False,1.0025563737647374,250,-0.14999999999999947
mzehra2,3,test,mzehra2,254_A_2-5_WL_Bruise_A244A_2026-02-16_DSC_6925,0.8519888991674376,0.7421434327155519,0.7655860349127181,0.9603753910323254,1203,959,921.0,282.0,38.0,False,1.254431699687174,254,-0.14999999999999947
mzehra2,3,test,mzehra2,254_A_2-5_WL_Bruise_A244A_2026-02-16_DSC_6926,0.8676923076923077,0.7663043478260869,0.8500376789751318,0.8860958366064414,1327,1273,1128.0,199.0,145.0,False,1.0424194815396701,254,-0.14999999999999947
mzehra2,3,test,mzehra2,254_A_2-5_WL_Bruise_A244A_2026-02-16_DSC_6927,0.8730064973419964,0.7746331236897275,0.8839712918660287,0.8623103850641773,836,857,739.0,97.0,118.0,False,0.9754959159859977,254,-0.14999999999999947
mzehra2,3,test,mzehra2,254_A_2-5_WL_Bruise_OC_A244A_2026-02-16_DSC_6930,0.7641196013289037,0.6182795698924731,0.6399046104928457,0.9481743227326266,1258,849,805.0,453.0,44.0,False,1.4817432273262663,254,-0.14999999999999947
mzehra2,3,test,mzehra2,254_A_2-5_WL_Bruise_OC_A244A_2026-02-16_DSC_6931,0.4739562624254473,0.310578426263679,0.3200859291084855,0.9127105666156202,1862,653,596.0,1266.0,57.0,False,2.8514548238897395,254,-0.14999999999999947
mzehra2,3,test,mzehra2,254_B_2-5_WL_Bruise_A244A_2026-02-16_DSC_6954,0.28313581855641057,0.16491451194371223,0.9356959962756052,0.16680498786231507,17184,96394,16079.0,1105.0,80315.0,False,0.1782683569516775,254,-0.14999999999999947
mzehra2,3,test,mzehra2,254_B_2-5_WL_Bruise_A244A_2026-02-16_DSC_6955,0.2306018361101666,0.1303278373496291,0.9549422697831597,0.13113422792838084,17755,129295,16955.0,800.0,112340.0,False,0.13732162883328822,254,-0.14999999999999947
mzehra2,3,test,mzehra2,254_B_2-5_WL_Bruise_A244A_2026-02-16_DSC_6956,0.2143005138405437,0.12000928235771886,0.9564453486221565,0.12066873556245188,10814,85714,10343.0,471.0,75371.0,False,0.1261637538791796,254,-0.14999999999999947
mzehra2,3,test,mzehra2,254_B_2-5_WL_Bruise_OC_A244A_2026-02-16_DSC_6960,0.2726997456498042,0.15787628408148002,0.9260985809282237,0.15989063665092498,14587,84489,13509.0,1078.0,70980.0,False,0.1726496940430115,254,-0.14999999999999947
mzehra2,3,test,mzehra2,254_B_2-5_WL_Bruise_OC_A244A_2026-02-16_DSC_6961,0.2311059879578648,0.13064999168099384,0.9051873198847262,0.13246271279362357,10410,71137,9423.0,987.0,61714.0,False,0.14633734905885826,254,-0.14999999999999947
mzehra2,3,test,mzehra2,260_A_2-5_WL_Bruise_A244A_2026-02-17_DSC_7634,0.7086038961038961,0.5487115021998743,0.9356913183279743,0.5702155453951666,2799,4593,2619.0,180.0,1974.0,False,0.6094056172436316,260,-0.14999999999999947
mzehra2,3,test,mzehra2,260_A_2-5_WL_Bruise_A244A_2026-02-17_DSC_7635,0.6813151041666666,0.5166625524561836,0.7180102915951972,0.6481882935893466,2915,3229,2093.0,822.0,1136.0,False,0.9027562712914214,260,-0.14999999999999947
mzehra2,3,test,mzehra2,260_A_2-5_WL_Bruise_A244A_2026-02-17_DSC_7636,0.7204105280582686,0.5630012936610608,0.8401544401544402,0.6305418719211823,2590,3451,2176.0,414.0,1275.0,False,0.7505070993914807,260,-0.14999999999999947
mzehra2,3,test,mzehra2,260_A_2-5_WL_Bruise_OC_A244A_2026-02-17_DSC_7638,0.8137747561336092,0.6860204335908298,0.8935410580980201,0.7470827679782903,3081,3685,2753.0,328.0,932.0,False,0.8360922659430122,260,-0.14999999999999947
mzehra2,3,test,mzehra2,260_A_2-5_WL_Bruise_OC_A244A_2026-02-17_DSC_7639,0.7989579793861139,0.6652206714447378,0.9761970661500139,0.6761886503067485,3613,5216,3527.0,86.0,1689.0,False,0.6926763803680982,260,-0.14999999999999947
mzehra2,3,test,mzehra2,285_F_2-6_WL_Bruise_A244A_2026-04-06_DSC_2339,0.5487616099071208,0.3781333333333333,0.8625304136253041,0.40238365493757094,1644,3524,1418.0,226.0,2106.0,False,0.46651532349602726,285,-0.14999999999999947
mzehra2,3,test,mzehra2,285_F_2-6_WL_Bruise_A244A_2026-04-06_DSC_2340,0.4379730596536241,0.28038764783180026,0.9907138711549622,0.2811264822134387,1723,6072,1707.0,16.0,4365.0,False,0.2837615283267457,285,-0.14999999999999947
mzehra2,3,test,mzehra2,285_F_2-6_WL_Bruise_OC_A244A_2026-04-06_DSC_2343,0.8595555555555555,0.7537022603273578,0.7874592833876222,0.9461839530332681,1228,1022,967.0,261.0,55.0,False,1.2015655577299413,285,-0.14999999999999947
mzehra2,3,test,mzehra2,285_F_2-6_WL_Bruise_OC_A244A_2026-04-06_DSC_2344,0.6138388232856847,0.4428336571513974,0.6934238240112334,0.5506411447686304,4273,5381,2963.0,1310.0,2418.0,False,0.7940903177847983,285,-0.14999999999999947
mzehra2,3,test,mzehra2,285_G_2-6_WL_Bruise_A244A_2026-05-29_DSC_3860,0.8164966230780285,0.6898980087421078,0.9501672240802675,0.7157974300831443,2990,3969,2841.0,149.0,1128.0,False,0.7533383723859914,285,-0.14999999999999947
mzehra2,3,test,mzehra2,285_G_2-6_WL_Bruise_A244A_2026-05-29_DSC_3861,0.8146002317497103,0.6871945259042033,0.9030186255619782,0.7419525065963061,3114,3790,2812.0,302.0,978.0,False,0.8216358839050132,285,-0.14999999999999947
mzehra2,3,test,mzehra2,285_G_2-6_WL_Bruise_A244A_2026-05-29_DSC_3862,0.8013140604467806,0.6684937513703135,0.9117822966507177,0.7147210501640882,3344,4266,3049.0,295.0,1217.0,False,0.7838724800750118,285,-0.14999999999999947
mzehra2,3,test,mzehra2,285_G_2-6_WL_Bruise_OC_A244A_2026-05-29_DSC_3864,0.8784387003010484,0.7832284339133654,0.9191831414295025,0.8411530815109344,4603,5030,4231.0,372.0,799.0,False,0.9151093439363817,285,-0.14999999999999947
mzehra2,3,test,mzehra2,285_G_2-6_WL_Bruise_OC_A244A_2026-05-29_DSC_3865,0.9039091504695348,0.8246662681809125,0.9066812705366922,0.9011539298933159,4565,4593,4139.0,426.0,454.0,False,0.9939037666013498,285,-0.14999999999999947
mzehra2,3,test,nmousta5,170_F_2-4_WL_Bruise_A244A_2026-03-05_DSC_1856,0.7971119133574007,0.6626650660264105,0.7549234135667396,0.8442948914040991,3656,3269,2760.0,896.0,509.0,False,1.1183848271642705,170,-0.14999999999999947
mzehra2,3,test,nmousta5,170_F_2-4_WL_Bruise_OC_A244A_2026-03-05_DSC_1860,0.6586945690084703,0.49108469539375926,0.7855954361777989,0.5670899107755663,4207,5828,3305.0,902.0,2523.0,False,0.7218599862731641,170,-0.14999999999999947
mzehra2,3,test,nmousta5,182_Q_2-6_WL_Bruise_A244A_2026-04-06_DSC_2484,0.29642804209278195,0.17400382808421785,0.9751340809361287,0.17477934108188412,2051,11443,1999.9999999999998,51.00000000000023,9443.0,False,0.17923621427947217,182,-0.14999999999999947
mzehra2,3,test,nmousta5,182_Q_2-6_WL_Bruise_A244A_2026-04-06_DSC_2485,0.2569793653546038,0.147433346597692,0.4318181818181818,0.1829177980745495,1716,4051,741.0000000000001,974.9999999999999,3310.0,False,0.4235991113305357,182,-0.14999999999999947
mzehra2,3,test,nmousta5,182_Q_2-6_WL_Bruise_A244A_2026-04-06_DSC_2486,0.3572147313342725,0.21744456694842582,0.5130057803468208,0.27400432232170424,3460,6478,1775.0,1685.0,4703.0,False,0.5341154677369558,182,-0.14999999999999947
mzehra2,3,test,nmousta5,182_Q_2-6_WL_Bruise_OC_A244A_2026-04-06_DSC_2488,0.4775422659601312,0.31366536835999004,0.5872769588828549,0.40235994472201553,6445,9407,3785.0,2660.0,5622.0,False,0.68512809609865,182,-0.14999999999999947
mzehra2,3,test,nmousta5,20_D_2-6_WL_Bruise_A244A_2026-04-04_DSC_0400,0.9563472643633161,0.9163462440213823,0.953082325399922,0.9596346493812611,10252,10182,9771.0,481.0,411.0,False,1.006874877234335,20,-0.14999999999999947
mzehra2,3,test,nmousta5,20_D_2-6_WL_Bruise_OC_A244A_2026-04-04_DSC_0403,0.9348205886305604,0.8776179661872319,0.9625461254612546,0.9086475659670817,21680,22966,20868.0,812.0,2098.0,False,0.9440041800923104,20,-0.14999999999999947
mzehra2,3,test,nmousta5,20_D_2-6_WL_Bruise_OC_A244A_2026-04-04_DSC_0404,0.9544037663649848,0.9127842427731403,0.9749648629655657,0.9346919870310328,22768,23749,22198.0,570.0,1551.0,False,0.9586929975998989,20,-0.14999999999999947
mzehra2,3,test,nmousta5,226_A_2-4_WL_Bruise_A244A_2026-03-06_DSC_3569,0.723336006415397,0.5665829145728644,0.6429080541696365,0.8267644362969753,2806,2182,1804.0,1002.0,378.0,False,1.2859761686526123,226,-0.14999999999999947
mzehra2,3,test,nmousta5,226_A_2-4_WL_Bruise_A244A_2026-03-06_DSC_3570,0.6750895719404111,0.5095360091090236,0.5211062590975255,0.9582441113490364,3435,1868,1790.0,1645.0,78.0,False,1.838865096359743,226,-0.14999999999999947
mzehra2,3,test,nmousta5,226_A_2-4_WL_Bruise_A244A_2026-03-06_DSC_3571,0.5092396670898576,0.3415972747918244,0.3892602976062109,0.7361337683523654,4637,2452,1805.0000000000002,2832.0,646.9999999999998,False,1.8911092985318108,226,-0.14999999999999947
mzehra2,3,test,nmousta5,226_A_2-4_WL_Bruise_OC_A244A_2026-03-06_DSC_3573,0.780293501048218,0.6397387418356824,0.6703890489913544,0.9332998996990973,2776,1994,1861.0,915.0,133.0,False,1.3921765295887663,226,-0.14999999999999947
mzehra2,3,test,nmousta5,226_A_2-4_WL_Bruise_OC_A244A_2026-03-06_DSC_3574,0.7116755793226381,0.5524040124524386,0.6434327155519742,0.7961116650049851,2482,2006,1597.0,885.0,409.0,False,1.2372881355932204,226,-0.14999999999999947
mzehra2,3,test,nmousta5,226_C_2-4_WL_Bruise_A244A_2026-03-06_DSC_3610,0.697429906542056,0.5354260089686098,0.5373537353735374,0.9933444259567388,3333,1803,1791.0,1542.0,12.0,False,1.848585690515807,226,-0.14999999999999947
mzehra2,3,test,nmousta5,226_C_2-4_WL_Bruise_A244A_2026-03-06_DSC_3611,0.7777351247600768,0.6363065326633166,0.6415452818239392,0.9873294346978557,3158,2052,2026.0,1132.0,26.0,False,1.5389863547758285,226,-0.14999999999999947
mzehra2,3,test,nmousta5,226_C_2-4_WL_Bruise_A244A_2026-03-06_DSC_3612,0.794235766595795,0.6586990595611285,0.666798889329631,0.981892523364486,2521,1712,1681.0,840.0,31.0,False,1.4725467289719627,226,-0.14999999999999947
mzehra2,3,test,nmousta5,226_C_2-4_WL_Bruise_OC_A244A_2026-03-06_DSC_3614,0.6832690284110838,0.5189131592967501,0.5256341068537507,0.9759519038076152,3706,1996,1948.0,1758.0,48.0,False,1.8567134268537073,226,-0.14999999999999947
mzehra2,3,test,nmousta5,226_C_2-4_WL_Bruise_OC_A244A_2026-03-06_DSC_3615,0.7906137184115524,0.6537313432835821,0.6730695351517479,0.9579004920721705,2603,1829,1752.0,851.0,77.0,False,1.4231820667031165,226,-0.14999999999999947
mzehra2,3,test,nmousta5,228_B_2-4_WL_Bruise_A244A_2026-03-06_DSC_3718,0.7854124972203691,0.6466495789088246,0.6639097744360902,0.9613500272182907,2660,1837,1766.0,894.0,71.0,False,1.448013064779532,228,-0.14999999999999947
mzehra2,3,test,nmousta5,228_B_2-4_WL_Bruise_A244A_2026-03-06_DSC_3719,0.9020874751491054,0.8216387505658669,0.8700862895493768,0.9365325077399381,2086,1938,1815.0,271.0,123.0,False,1.0763673890608876,228,-0.14999999999999947
mzehra2,3,test,nmousta5,228_B_2-4_WL_Bruise_A244A_2026-03-06_DSC_3720,0.7806479859894921,0.6402154398563734,0.9404008438818565,0.6672904191616766,1896,2672,1783.0,113.0,889.0,False,0.7095808383233533,228,-0.14999999999999947
mzehra2,3,test,nmousta5,228_B_2-4_WL_Bruise_A244A_2026-03-06_DSC_3721,0.8730727301043452,0.7747374239911553,0.9362057448229792,0.8179165450831631,2994,3427,2803.0,191.0,624.0,False,0.8736504231105924,228,-0.14999999999999947
mzehra2,3,test,nmousta5,228_B_2-4_WL_Bruise_OC_A244A_2026-03-06_DSC_3723,0.7345844504021448,0.5805084745762712,0.5805084745762712,1.0,2832,1644,1644.0,1188.0,0.0,False,1.7226277372262773,228,-0.14999999999999947
mzehra2,3,test,nmousta5,228_B_2-4_WL_Bruise_OC_A244A_2026-03-06_DSC_3724,0.8857659104597471,0.7949549549549549,0.8185528756957329,0.9650043744531933,2695,2286,2206.0,489.0,80.0,False,1.178915135608049,228,-0.14999999999999947
mzehra2,3,test,nmousta5,232_A_2-4_WL_Bruise_A244A_2026-03-06_DSC_3868,0.5569467230809084,0.3859502154140737,0.5410166079516859,0.5738434163701067,5961,5620,3225.0,2736.0,2395.0,False,1.0606761565836298,232,-0.14999999999999947
mzehra2,3,test,nmousta5,232_A_2-4_WL_Bruise_A244A_2026-03-06_DSC_3869,0.8511014632577585,0.7407977606717985,0.8148091133004927,0.8907775159878829,6496,5942,5293.0,1203.0,649.0,False,1.0932346011443959,232,-0.14999999999999947
mzehra2,3,test,nmousta5,232_A_2-4_WL_Bruise_A244A_2026-03-06_DSC_3870,0.0,0.0,0.0,0.0,1246,5901,0.0,1246.0,5901.0,True,0.2111506524317912,232,-0.14999999999999947
mzehra2,3,test,nmousta5,232_A_2-4_WL_Bruise_OC_A244A_2026-03-06_DSC_3876,0.740862922128657,0.5883894098179813,0.9962643007237917,0.589690436705362,4283,7236,4267.0,16.0,2969.0,False,0.591901603095633,232,-0.14999999999999947
mzehra2,3,test,nmousta5,232_A_2-4_WL_Bruise_OC_A244A_2026-03-06_DSC_3877,0.7959239502120093,0.6610246506872657,0.7208870168483648,0.8883969465648855,8072,6550,5819.0,2253.0,731.0,False,1.2323664122137405,232,-0.14999999999999947
mzehra2,3,test,nmousta5,233_B_2-4_WL_Bruise_A244A_2026-03-06_DSC_4197,0.6321935949915723,0.462195229293196,0.9481762369086313,0.4741737402925772,5538,11074,5251.0,287.0,5823.0,False,0.5000903016073686,233,-0.14999999999999947
mzehra2,3,test,nmousta5,233_B_2-4_WL_Bruise_A244A_2026-03-06_DSC_4199,0.4969035373149995,0.33058659217877095,0.7220866381940207,0.3787806048967835,3278,6249,2367.0,911.0,3882.0,False,0.5245639302288366,233,-0.14999999999999947
mzehra2,3,test,nmousta5,233_B_2-4_WL_Bruise_OC_A244A_2026-03-06_DSC_4201,0.49813536459573116,0.3316779374471682,0.760969696969697,0.37025241802311865,4125,8478,3139.0,986.0,5339.0,False,0.486553432413305,233,-0.14999999999999947
mzehra2,3,test,nmousta5,235_A_2-4_WL_Bruise_A244A_2026-03-08_DSC_4349,0.8505471520036731,0.7399582797035196,0.871055381400209,0.8309824054229178,19140,20063,16672.0,2468.0,3391.0,False,0.9539949160145541,235,-0.14999999999999947
mzehra2,3,test,nmousta5,235_A_2-4_WL_Bruise_A244A_2026-03-08_DSC_4350,0.7921273454100191,0.6558036912251409,0.8183577036127544,0.7675262588547301,26877,28657,21995.0,4882.0,6662.0,False,0.9378860313361482,235,-0.14999999999999947
mzehra2,3,test,nmousta5,235_A_2-4_WL_Bruise_A244A_2026-03-08_DSC_4351,0.9091740124061378,0.8334730037112414,0.8592409750077137,0.9652686308492201,16205,14425,13924.0,2281.0,501.0,False,1.1233968804159444,235,-0.14999999999999947
mzehra2,3,test,nmousta5,235_A_2-4_WL_Bruise_OC_A244A_2026-03-08_DSC_4353,0.8771753757726433,0.7812220687413667,0.8983834797234161,0.8569454966798877,21404,22439,19229.0,2175.0,3210.0,False,0.953874949864076,235,-0.14999999999999947
mzehra2,3,test,nmousta5,235_A_2-4_WL_Bruise_OC_A244A_2026-03-08_DSC_4354,0.831736218444101,0.711942141471159,0.764574946720341,0.9118328155888167,21115,17705,16144.0,4971.0,1561.0,False,1.19260096018074,235,-0.14999999999999947
mzehra2,3,test,nmousta5,236_C_2-4_WL_Bruise_A244A_2026-03-08_DSC_4462,0.3760702524698134,0.23158037042044072,0.23891213389121338,0.8829896907216495,7170,1940,1713.0,5457.0,227.0,False,3.695876288659794,236,-0.14999999999999947
mzehra2,3,test,nmousta5,236_C_2-4_WL_Bruise_A244A_2026-03-08_DSC_4463,0.5427359062436856,0.37243483083749307,0.37409470752089136,0.9882266372332598,3590,1359,1343.0,2247.0,16.0,False,2.6416482707873437,236,-0.14999999999999947
mzehra2,3,test,nmousta5,236_C_2-4_WL_Bruise_A244A_2026-03-08_DSC_4464,0.12851929092805006,0.06867251706365789,0.08541233541233541,0.2594736842105263,5772,1900,493.00000000000006,5279.0,1407.0,False,3.037894736842105,236,-0.14999999999999947
mzehra2,3,test,nmousta5,236_C_2-4_WL_Bruise_OC_A244A_2026-03-08_DSC_4467,0.0,0.0,0.0,0.0,2908,1718,0.0,2908.0,1718.0,True,1.6926658905704308,236,-0.14999999999999947
mzehra2,3,test,nmousta5,236_C_2-4_WL_Bruise_OC_A244A_2026-03-08_DSC_4468,0.0,0.0,0.0,0.0,3672,1729,0.0,3672.0,1729.0,True,2.123770965876229,236,-0.14999999999999947
mzehra2,3,test,nmousta5,236_E_2-4_WL_Bruise_OC_A244A_2026-02-26_DSC_5722,0.41408182683158895,0.2610991120710343,0.2610991120710343,1.0,4167,1088,1088.0,3079.0,0.0,False,3.8299632352941178,236,-0.14999999999999947
mzehra2,3,test,nmousta5,237_AC_2-5_WL_Bruise_A244A_2026-02-16_DSC_7084,0.6632653061224489,0.4961832061068702,0.8640668195988471,0.538193808389815,17001,27295,14690.0,2311.0,12605.0,False,0.6228613299139036,237,-0.14999999999999947
mzehra2,3,test,nmousta5,237_AC_2-5_WL_Bruise_A244A_2026-02-16_DSC_7085,0.6303185529053946,0.46019353933897433,0.823076923076923,0.5107133592736706,11960,19275,9844.0,2116.0,9431.0,False,0.6204928664072633,237,-0.14999999999999947
mzehra2,3,test,nmousta5,237_AC_2-5_WL_Bruise_A244A_2026-02-16_DSC_7086,0.909206411258796,0.8335274616969806,0.9150491803278689,0.903437783244853,30500,30892,27909.0,2591.0,2983.0,False,0.98731063058397,237,-0.14999999999999947
mzehra2,3,test,nmousta5,237_AC_2-5_WL_Bruise_OC_A244A_2026-02-16_DSC_7088,0.9182501445365195,0.8488562673697713,0.9458096788280599,0.8922512265458222,25189,26701,23824.0,1365.0,2877.0,False,0.943372907381746,237,-0.14999999999999947
mzehra2,3,test,nmousta5,237_AC_2-5_WL_Bruise_OC_A244A_2026-02-16_DSC_7089,0.8869704586019743,0.796897499672732,0.9237130609612686,0.8530390611315467,26361,28545,24350.0,2011.0,4195.0,False,0.9234892275354704,237,-0.14999999999999947
mzehra2,3,test,nmousta5,237_AD_2-5_WL_Bruise_A244A_2026-02-16_DSC_7116,0.5756127326350046,0.404112523204341,0.9280209870470569,0.4171887668607651,6099,13567,5660.0,439.0,7907.0,False,0.44954669418441806,237,-0.14999999999999947
mzehra2,3,test,nmousta5,237_AD_2-5_WL_Bruise_A244A_2026-02-16_DSC_7117,0.8556781892543,0.7477600979192166,0.8260140616549486,0.8875523012552301,18490,17208,15273.0,3217.0,1935.0,False,1.0745002324500232,237,-0.14999999999999947
mzehra2,3,test,nmousta5,237_AD_2-5_WL_Bruise_A244A_2026-02-16_DSC_7118,0.7391456276753735,0.5862260098385644,0.9431501504848958,0.6076994900524312,8971,13923,8461.0,510.0,5462.0,False,0.6443295266824679,237,-0.14999999999999947
mzehra2,3,test,nmousta5,237_AD_2-5_WL_Bruise_OC_A244A_2026-02-16_DSC_7120,0.7306113473097786,0.5755615868799445,0.966918897943345,0.5871229971724788,10308,16976,9967.0,341.0,7009.0,False,0.6072101790763431,237,-0.14999999999999947
mzehra2,3,test,nmousta5,237_AD_2-5_WL_Bruise_OC_A244A_2026-02-16_DSC_7121,0.8654439111224133,0.7628039896895663,0.7907638687191403,0.9557006458859871,17215,14244,13613.0,3602.0,631.0,False,1.2085790508284189,237,-0.14999999999999947
mzehra2,3,test,nmousta5,237_AE_2-5_WL_Bruise_A244A_2026-02-16_DSC_7217,0.9389900025634452,0.8849963759362165,0.9489637305699482,0.9292237442922374,3860,3942,3663.0,197.0,279.0,False,0.9791983764586504,237,-0.14999999999999947
mzehra2,3,test,nmousta5,237_AE_2-5_WL_Bruise_A244A_2026-02-16_DSC_7218,0.6915636754433101,0.5285420944558522,1.0,0.5285420944558522,2574,4870,2574.0,0.0,2296.0,False,0.5285420944558522,237,-0.14999999999999947
mzehra2,3,test,nmousta5,237_AE_2-5_WL_Bruise_A244A_2026-02-16_DSC_7219,0.7891597781730668,0.6517455928102316,0.9913249211356467,0.6554840952546498,3804,5753,3771.0,33.0,1982.0,False,0.6612202329219538,237,-0.14999999999999947
mzehra2,3,test,nmousta5,237_AE_2-5_WL_Bruise_OC_A244A_2026-02-16_DSC_7221,0.6601314005631452,0.4926836861768369,0.7810957551826259,0.5716091746433086,4052,5537,3165.0,887.0,2372.0,False,0.7318042261152249,237,-0.14999999999999947
mzehra2,3,test,nmousta5,237_AE_2-5_WL_Bruise_OC_A244A_2026-02-16_DSC_7222,0.36026738595051017,0.21971105707338007,0.35028506271379706,0.37083534524384354,4385,4142,1536.0,2849.0,2606.0,False,1.05866731047803,237,-0.14999999999999947
mzehra2,3,test,nmousta5,237_B_2-4_WL_Bruise_A244A_2026-03-08_DSC_4584,0.7643982241683391,0.6186444849141113,0.6189186527476856,0.999284464938782,20308,12578,12569.0,7739.0,9.0,False,1.6145651136905708,237,-0.14999999999999947
mzehra2,3,test,nmousta5,237_B_2-4_WL_Bruise_A244A_2026-03-08_DSC_4587,0.8148174892587645,0.6875038079571072,0.7038862204478822,0.9672552717298132,16031,11666,11284.0,4747.0,382.0,False,1.3741642379564547,237,-0.14999999999999947
mzehra2,3,test,nmousta5,237_B_2-4_WL_Bruise_A244A_2026-03-08_DSC_4588,0.72131381140679,0.5641054215189168,0.5840881555414528,0.9428198919724343,17333,10738,10124.0,7209.0,614.0,False,1.6141739616315887,237,-0.14999999999999947
mzehra2,3,test,nmousta5,237_B_2-4_WL_Bruise_OC_A244A_2026-03-08_DSC_4591,0.8127994666888879,0.6846353618305608,0.7039549653579676,0.9614588467225235,13856,10145,9754.0,4102.0,391.0,False,1.3657959586002957,237,-0.14999999999999947
mzehra2,3,test,nmousta5,237_B_2-4_WL_Bruise_OC_A244A_2026-03-08_DSC_4592,0.6987666034155597,0.5370032810791104,0.5370032810791104,1.0,16458,8838,8838.0,7620.0,0.0,False,1.8621860149355058,237,-0.14999999999999947
mzehra2,3,test,nmousta5,237_C_2-4_WL_Bruise_A244A_2026-03-08_DSC_4608,0.7124474140064341,0.5533346146453969,0.7395324942203956,0.6872761995703032,7786,8378,5758.0,2028.0,2620.0,False,0.9293387443303891,237,-0.14999999999999947
mzehra2,3,test,nmousta5,237_C_2-4_WL_Bruise_A244A_2026-03-08_DSC_4609,0.7232262882748319,0.5664482919981282,0.8000660938532717,0.659852820932134,3026,3669,2421.0,605.0,1248.0,False,0.8247478877078223,237,-0.14999999999999947
mzehra2,3,test,nmousta5,237_C_2-4_WL_Bruise_A244A_2026-03-08_DSC_4610,0.8028203599116006,0.6705930614158462,0.7813588255377262,0.8254941566873467,14645,13862,11443.0,3202.0,2419.0,False,1.0564853556485356,237,-0.14999999999999947
mzehra2,3,test,nmousta5,237_C_2-4_WL_Bruise_OC_A244A_2026-03-08_DSC_4613,0.5611590203518455,0.3900076716532413,0.5932030338389732,0.5323995287341275,6856,7639,4067.0000000000005,2788.9999999999995,3571.9999999999995,False,0.897499672732033,237,-0.14999999999999947
mzehra2,3,test,nmousta5,237_C_2-4_WL_Bruise_OC_A244A_2026-03-08_DSC_4615,0.6896394340483797,0.5262974573319401,0.6318210328245871,0.7591057523235368,4783,3981,3022.0,1761.0,959.0,False,1.201456920371766,237,-0.14999999999999947
mzehra2,3,test,nmousta5,237_E_2-4_WL_Bruise_A244A_2026-03-08_DSC_4651,0.7082143265166229,0.5482444503404971,0.5485840707964602,0.998872059297454,11300,6206,6199.0,5101.0,7.0,False,1.8208185626812763,237,-0.14999999999999947
mzehra2,3,test,nmousta5,237_E_2-4_WL_Bruise_A244A_2026-03-08_DSC_4652,0.7169403630077787,0.5587739979791175,0.5738498789346247,0.9550949913644214,8673,5211,4977.0,3696.0,234.0,False,1.664363845710996,237,-0.14999999999999947
mzehra2,3,test,nmousta5,237_E_2-4_WL_Bruise_A244A_2026-03-08_DSC_4653,0.7216494845360825,0.5645161290322581,0.5814314547430524,0.9509903504316912,6441,3938,3745.0,2696.0,193.0,False,1.6356018283392586,237,-0.14999999999999947
mzehra2,3,test,nmousta5,237_E_2-4_WL_Bruise_OC_A244A_2026-03-08_DSC_4656,0.7024875621890547,0.5414110429447853,0.5437613779582692,0.9920797138477261,7141,3914,3883.0,3258.0,31.0,False,1.8244762391415432,237,-0.14999999999999947
mzehra2,3,test,nmousta5,237_E_2-4_WL_Bruise_OC_A244A_2026-03-08_DSC_4657,0.8,0.6666666666666666,0.691970802919708,0.948,6165,4500,4266.0,1899.0,234.0,False,1.37,237,-0.14999999999999947
mzehra2,3,test,nmousta5,237_J_2-4_WL_Bruise_A244A_2026-02-26_DSC_5578,0.8740685543964233,0.7763070814030444,0.9407414008198182,0.8162208133601361,11222,12934,10557.0,665.0,2377.0,False,0.8676356888820164,237,-0.14999999999999947
mzehra2,3,test,nmousta5,237_J_2-4_WL_Bruise_A244A_2026-02-26_DSC_5579,0.8278330438444129,0.7062415806017064,0.8877850530593814,0.7754659303816192,8858,10141,7864.000000000001,993.9999999999991,2276.999999999999,False,0.8734838773296519,237,-0.14999999999999947
mzehra2,3,test,nmousta5,237_J_2-4_WL_Bruise_A244A_2026-02-26_DSC_5580,0.7937890551032002,0.6580847723704867,0.9419166385799348,0.685919986909924,8901,12223,8384.0,517.0,3839.0,False,0.7282172952630287,237,-0.14999999999999947
mzehra2,3,test,nmousta5,237_J_2-4_WL_Bruise_OC_A244A_2026-02-26_DSC_5582,0.9219888740351029,0.8552684214737178,0.8993017582232691,0.9458502919837197,11887,11302,10690.0,1197.0,612.0,False,1.0517607503096797,237,-0.14999999999999947
mzehra2,3,test,nmousta5,237_J_2-4_WL_Bruise_OC_A244A_2026-02-26_DSC_5583,0.6445396145610278,0.4755134281200632,0.8349514563106796,0.5248474280732345,6489,10323,5418.0,1071.0,4905.0,False,0.6285963382737576,237,-0.14999999999999947
mzehra2,3,test,nmousta5,237_N_2-4_WL_Bruise_A244A_2026-02-26_DSC_5858,0.884076990376203,0.7922383379067033,0.8410320432792343,0.9317657906869525,4806,4338,4042.0,764.0,296.0,False,1.107883817427386,237,-0.14999999999999947
mzehra2,3,test,nmousta5,237_N_2-4_WL_Bruise_A244A_2026-02-26_DSC_5859,0.8197791164658634,0.6945980433857932,0.7938745746232377,0.8474312402698495,4114,3854,3266.0,848.0,588.0,False,1.067462376751427,237,-0.14999999999999947
mzehra2,3,test,nmousta5,237_N_2-4_WL_Bruise_A244A_2026-02-26_DSC_5860,0.8290155440414507,0.7079646017699115,0.9893992932862191,0.7133757961783439,2830,3925,2800.0,30.0,1125.0,False,0.7210191082802547,237,-0.14999999999999947
mzehra2,3,test,nmousta5,237_N_2-4_WL_Bruise_OC_A244A_2026-02-26_DSC_5862,0.7423758744821028,0.590300280838194,0.7704779359932328,0.716251638269987,7093,7630,5465.0,1628.0,2165.0,False,0.9296199213630406,237,-0.14999999999999947
mzehra2,3,test,nmousta5,237_N_2-4_WL_Bruise_OC_A244A_2026-02-26_DSC_5863,0.8016690340909091,0.6689879982219588,0.8264689730917079,0.7783140837786588,5463,5801,4515.0,948.0,1286.0,False,0.9417341837614205,237,-0.14999999999999947
mzehra2,3,test,nmousta5,237_S_2-4_WL_Bruise_A244A_2026-02-27_DSC_6307,0.7989426596177308,0.6651994311640821,0.7802843752482326,0.8185151237396884,12589,12001,9823.0,2766.0,2178.0,False,1.048995917006916,237,-0.14999999999999947
mzehra2,3,test,nmousta5,237_S_2-4_WL_Bruise_A244A_2026-02-27_DSC_6308,0.8319435053714973,0.7122459480319012,0.7792555062979383,0.892272983643542,14211,12411,11074.0,3137.0,1337.0,False,1.145032632342277,237,-0.14999999999999947
mzehra2,3,test,nmousta5,237_S_2-4_WL_Bruise_A244A_2026-02-27_DSC_6309,0.7128257191201354,0.553791145230834,0.8158017041053447,0.6329326923076923,6455,8320,5266.0,1189.0,3054.0,False,0.7758413461538461,237,-0.14999999999999947
mzehra2,3,test,nmousta5,237_S_2-4_WL_Bruise_OC_A244A_2026-02-27_DSC_6311,0.8426565921092174,0.7280955560501521,0.8931561703676738,0.7975619666802113,10988,12305,9814.0,1174.0,2491.0,False,0.892970337261276,237,-0.14999999999999947
mzehra2,3,test,nmousta5,237_S_2-4_WL_Bruise_OC_A244A_2026-02-27_DSC_6312,0.7390999042451325,0.5861684892669097,0.9451428571428572,0.6068134171907756,6125,9540,5789.0,336.0,3751.0,False,0.6420335429769392,237,-0.14999999999999947
mzehra2,3,test,nmousta5,237_Z_2-5_WL_Bruise_A244A_2026-02-16_DSC_7025,0.8407929115074406,0.7253172619922583,0.8986219874946882,0.7899567746411228,16473,18739,14803.0,1670.0,3936.0,False,0.879075724424996,237,-0.14999999999999947
mzehra2,3,test,nmousta5,237_Z_2-5_WL_Bruise_A244A_2026-02-16_DSC_7026,0.8861954478179127,0.7956471771297228,0.8518148262073209,0.9234681117132139,13004,11995,11077.0,1927.0,918.0,False,1.0841183826594414,237,-0.14999999999999947
mzehra2,3,test,nmousta5,237_Z_2-5_WL_Bruise_A244A_2026-02-16_DSC_7027,0.9242336610757663,0.8591397849462366,0.92948149789497,0.9190447499589198,18052,18257,16779.0,1273.0,1478.0,False,0.988771430136386,237,-0.14999999999999947
mzehra2,3,test,nmousta5,237_Z_2-5_WL_Bruise_OC_A244A_2026-02-16_DSC_7030,0.8639442097498826,0.760476921260772,0.9313959372515,0.8056024510723442,13833,15993,12884.0,949.0,3109.0,False,0.8649409116488463,237,-0.14999999999999947
mzehra2,3,test,nmousta5,247_A_2-4_WL_Bruise_A244A_2026-02-27_DSC_6202,0.9118186724230977,0.8379289823447729,0.8709278350515464,0.9567383918459796,4850,4415,4224.0,626.0,191.0,False,1.098527746319366,247,-0.14999999999999947
mzehra2,3,test,nmousta5,247_A_2-4_WL_Bruise_A244A_2026-02-27_DSC_6203,0.889856334349151,0.8015686274509803,0.8195669607056937,0.9733333333333334,3741,3150,3066.0,675.0,84.0,False,1.1876190476190476,247,-0.14999999999999947
mzehra2,3,test,nmousta5,247_A_2-4_WL_Bruise_A244A_2026-02-27_DSC_6204,0.9135934819897084,0.8409315176633116,0.8522,0.9845194085027726,5000,4328,4261.0,739.0,67.0,False,1.155268022181146,247,-0.14999999999999947
mzehra2,3,test,nmousta5,247_A_2-4_WL_Bruise_OC_A244A_2026-02-27_DSC_6206,0.8976034858387799,0.8142292490118577,0.836038961038961,0.9689557855126999,4928,4252,4120.0,808.0,132.0,False,1.1589840075258702,247,-0.14999999999999947
mzehra2,3,test,nmousta5,247_A_2-4_WL_Bruise_OC_A244A_2026-02-27_DSC_6207,0.9068711848489591,0.829610538373425,0.947661105659143,0.8694477791116446,3057,3332,2897.0,160.0,435.0,False,0.9174669867947179,247,-0.14999999999999947
mzehra2,3,test,nmousta5,250_A_2-4_WL_Bruise_A244A_2026-02-27_DSC_6537,0.9243180945063388,0.8592857142857143,0.8691804018965906,0.9869250884479311,22145,19503,19248.0,2897.0,255.0,False,1.1354663385120238,250,-0.14999999999999947
mzehra2,3,test,nmousta5,250_A_2-4_WL_Bruise_A244A_2026-02-27_DSC_6538,0.9059008809488656,0.827987944761819,0.8506793603845088,0.9687894736842105,21638,19000,18407.0,3231.0,593.0,False,1.1388421052631579,250,-0.14999999999999947
mzehra2,3,test,nmousta5,250_A_2-4_WL_Bruise_OC_A244A_2026-02-27_DSC_6541,0.8924361752735346,0.8057650090674812,0.8110808646917534,0.9919316935610215,31225,25532,25326.0,5899.0,206.0,False,1.222975090083033,250,-0.14999999999999947
mzehra2,3,test,nmousta5,250_A_2-4_WL_Bruise_OC_A244A_2026-02-27_DSC_6542,0.9350228792678634,0.8779746166049709,0.8952950164022828,0.9784402318043414,22253,20362,19923.0,2330.0,439.0,False,1.0928690698359689,250,-0.14999999999999947
mzehra2,3,test,nmousta5,250_A_2-4_WL_Bruise_OC_A244A_2026-02-27_DSC_6543,0.9326387497495492,0.8737798468238475,0.8857512558989191,0.9847677075399848,26276,23634,23274.0,3002.0,360.0,False,1.1117881018871119,250,-0.14999999999999947
mzehra2,3,test,nmousta5,254_A_2-5_WL_Bruise_A244A_2026-02-16_DSC_6925,0.7057557826788596,0.545303408146301,0.545303408146301,1.0,1203,656,656.0,547.0,0.0,False,1.833841463414634,254,-0.14999999999999947
mzehra2,3,test,nmousta5,254_A_2-5_WL_Bruise_A244A_2026-02-16_DSC_6926,0.7228103946102021,0.5659382064807837,0.5659382064807837,1.0,1327,751,751.0,576.0,0.0,False,1.766977363515313,254,-0.14999999999999947
mzehra2,3,test,nmousta5,254_A_2-5_WL_Bruise_A244A_2026-02-16_DSC_6927,0.5684931506849316,0.39712918660287083,0.39712918660287083,1.0,836,332,332.00000000000006,503.99999999999994,-5.684341886080802e-14,False,2.5180722891566263,254,-0.14999999999999947
mzehra2,3,test,nmousta5,254_A_2-5_WL_Bruise_OC_A244A_2026-02-16_DSC_6930,0.4186046511627907,0.2647058823529412,0.2647058823529412,1.0,1258,333,333.0,925.0,0.0,False,3.7777777777777777,254,-0.14999999999999947
mzehra2,3,test,nmousta5,254_A_2-5_WL_Bruise_OC_A244A_2026-02-16_DSC_6931,0.3547400611620795,0.21561338289962825,0.21804511278195488,0.9508196721311475,1862,427,406.0,1456.0,21.0,False,4.360655737704918,254,-0.14999999999999947
mzehra2,3,test,nmousta5,254_B_2-5_WL_Bruise_A244A_2026-02-16_DSC_6954,0.27952486981823343,0.16246957884750238,0.9168412476722533,0.16489957401379485,17184,95543,15755.0,1429.0,79788.0,False,0.17985619040641387,254,-0.14999999999999947
mzehra2,3,test,nmousta5,254_B_2-5_WL_Bruise_A244A_2026-02-16_DSC_6955,0.25190058365302725,0.14409968981022106,0.9079132638693326,0.14623702736047609,17755,110232,16120.0,1635.0,94112.0,False,0.1610693809420132,254,-0.14999999999999947
mzehra2,3,test,nmousta5,254_B_2-5_WL_Bruise_A244A_2026-02-16_DSC_6956,0.2529326414676733,0.1447755521459439,0.951081930830405,0.1458616972997504,10814,70512,10285.0,529.0,60227.0,False,0.15336396641706376,254,-0.14999999999999947
mzehra2,3,test,nmousta5,254_B_2-5_WL_Bruise_OC_A244A_2026-02-16_DSC_6960,0.2649000175237057,0.15267132741575304,0.932679783368753,0.15437246825748036,14587,88131,13605.0,982.0,74526.0,False,0.16551497203027313,254,-0.14999999999999947
mzehra2,3,test,nmousta5,254_B_2-5_WL_Bruise_OC_A244A_2026-02-16_DSC_6961,0.26942556599281414,0.1556856270949022,0.8968299711815562,0.1585247822321838,10410,58893,9336.0,1074.0,49557.0,False,0.17676124496969078,254,-0.14999999999999947
mzehra2,3,test,nmousta5,260_A_2-5_WL_Bruise_A244A_2026-02-17_DSC_7634,0.581002771478962,0.4094460227272727,0.4119328331546981,0.9854700854700855,2799,1170,1153.0,1646.0,17.0,False,2.3923076923076922,260,-0.14999999999999947
mzehra2,3,test,nmousta5,260_A_2-5_WL_Bruise_A244A_2026-02-17_DSC_7635,0.5149038461538461,0.34671414697313047,0.367409948542024,0.8602409638554217,2915,1245,1071.0,1844.0,174.0,False,2.3413654618473894,260,-0.14999999999999947
mzehra2,3,test,nmousta5,260_A_2-5_WL_Bruise_A244A_2026-02-17_DSC_7636,0.5138452754781616,0.3457548981943911,0.3474903474903475,0.9857612267250822,2590,913,900.0000000000001,1690.0,12.999999999999886,False,2.836801752464403,260,-0.14999999999999947
mzehra2,3,test,nmousta5,260_A_2-5_WL_Bruise_OC_A244A_2026-02-17_DSC_7638,0.44981132075471697,0.2901655306718598,0.2901655306718598,1.0,3081,894,894.0,2187.0,0.0,False,3.446308724832215,260,-0.14999999999999947
mzehra2,3,test,nmousta5,260_A_2-5_WL_Bruise_OC_A244A_2026-02-17_DSC_7639,0.5222903885480572,0.35344588984223635,0.35344588984223635,1.0,3613,1277,1276.9999999999998,2336.0,2.2737367544323206e-13,False,2.8292873923257633,260,-0.14999999999999947
mzehra2,3,test,nmousta5,285_F_2-6_WL_Bruise_A244A_2026-04-06_DSC_2339,0.7695410993444276,0.6254098360655738,0.9282238442822385,0.657192075796727,1644,2322,1526.0,118.0,796.0,False,0.7080103359173127,285,-0.14999999999999947
mzehra2,3,test,nmousta5,285_F_2-6_WL_Bruise_A244A_2026-04-06_DSC_2340,0.5841702127659575,0.41259918249579225,0.995937318630296,0.41329479768786126,1723,4152,1716.0000000000002,6.999999999999773,2436.0,False,0.41498073217726394,285,-0.14999999999999947
mzehra2,3,test,nmousta5,285_F_2-6_WL_Bruise_OC_A244A_2026-04-06_DSC_2343,0.8398169336384439,0.7238658777120316,0.8965798045602605,0.7898134863701578,1228,1394,1101.0,127.0,293.0,False,0.8809182209469153,285,-0.14999999999999947
mzehra2,3,test,nmousta5,285_F_2-6_WL_Bruise_OC_A244A_2026-04-06_DSC_2344,0.6298106291997556,0.4596522514489523,0.48256494266323424,0.9063736263736264,4273,2275,2062.0,2211.0,213.0,False,1.8782417582417583,285,-0.14999999999999947
mzehra2,3,test,nmousta5,285_G_2-6_WL_Bruise_A244A_2026-05-29_DSC_3860,0.6251317731393633,0.4546848642846189,0.9916387959866221,0.4564347290640394,2990,6496,2965.0,25.0,3531.0,False,0.4602832512315271,285,-0.14999999999999947
mzehra2,3,test,nmousta5,285_G_2-6_WL_Bruise_A244A_2026-05-29_DSC_3861,0.7442680776014109,0.5926966292134831,0.9486191393705845,0.6123548922056384,3114,4824,2954.0,160.0,1870.0,False,0.6455223880597015,285,-0.14999999999999947
mzehra2,3,test,nmousta5,285_G_2-6_WL_Bruise_A244A_2026-05-29_DSC_3862,0.7932211964082458,0.6573045483127227,0.937799043062201,0.6872671488056104,3344,4563,3136.0,208.0,1427.0,False,0.732851194389656,285,-0.14999999999999947
mzehra2,3,test,nmousta5,285_G_2-6_WL_Bruise_OC_A244A_2026-05-29_DSC_3864,0.8496849684968497,0.7386541471048513,0.9228763849663263,0.787249814677539,4603,5396,4248.0,355.0,1148.0,False,0.8530392883617495,285,-0.14999999999999947
mzehra2,3,test,nmousta5,285_G_2-6_WL_Bruise_OC_A244A_2026-05-29_DSC_3865,0.8019959656014439,0.6694434597660404,0.827382256297919,0.7781211372064277,4565,4854,3777.0,788.0,1077.0,False,0.9404614750721055,285,-0.14999999999999947
