train_masks,fold,split,eval_masks,stem,dice,iou,precision,recall,pred_positive_pixels,gt_positive_pixels,tp_pixels,fp_pixels,fn_pixels,complete_miss,pred_gt_ratio,subject,cut
mzehra2,0,cv_val,mzehra2,156_A_2-3_WL_Bruise_A244B_2026-02-25_DSC_0272,0.918837931664535,0.8498614209423376,0.9444110576923077,0.8946132498398919,13312,14053,12572.0,740.0,1481.0,False,0.9472710453283997,156,1.8000000000000007
mzehra2,0,cv_val,mzehra2,156_A_2-3_WL_Bruise_A244B_2026-02-25_DSC_0273,0.9162637516642141,0.8454674770464244,0.948911465892598,0.8857878336268799,13780,14762,13076.0,704.0,1686.0,False,0.9334778485300095,156,1.8000000000000007
mzehra2,0,cv_val,mzehra2,156_A_2-3_WL_Bruise_A244B_2026-02-25_DSC_0274,0.93270960777258,0.8739042481456507,0.9408348457350272,0.9247235105244381,11020,11212,10368.0,652.0,844.0,False,0.9828754905458438,156,1.8000000000000007
mzehra2,0,cv_val,mzehra2,156_A_2-3_WL_Bruise_OC_A244B_2026-02-25_DSC_0276,0.8858553857622065,0.795099105126704,0.8802777777777778,0.8915041260315079,10800,10664,9507.0,1293.0,1157.0,False,1.0127531882970742,156,1.8000000000000007
mzehra2,0,cv_val,mzehra2,156_A_2-3_WL_Bruise_OC_A244B_2026-02-25_DSC_0277,0.9081200969318602,0.8317032801685225,0.9390927624872579,0.8791252485089464,11772,12575,11055.0,717.0,1520.0,False,0.9361431411530815,156,1.8000000000000007
mzehra2,0,cv_val,mzehra2,196_A_2-4_WL_Bruise_A244A_2026-03-05_DSC_0496,0.8286144362411296,0.7073797576795986,0.8245363766048502,0.8327330355856505,14020,13882,11560.0,2460.0,2322.0,False,1.009940930701628,196,1.8000000000000007
mzehra2,0,cv_val,mzehra2,196_A_2-4_WL_Bruise_A244A_2026-03-05_DSC_0497,0.8043195294798245,0.672687686476897,0.9245262107946359,0.7117747440273038,9023,11720,8342.0,681.0,3378.0,False,0.7698805460750853,196,1.8000000000000007
mzehra2,0,cv_val,mzehra2,196_A_2-4_WL_Bruise_A244A_2026-03-05_DSC_0498,0.9051584835301429,0.8267484105358764,0.9629727585294896,0.8538930581613509,11343,12792,10923.0,420.0,1869.0,False,0.8867260787992496,196,1.8000000000000007
mzehra2,0,cv_val,mzehra2,196_A_2-4_WL_Bruise_OC_A244A_2026-03-05_DSC_0500,0.8570279239717072,0.7498240262787423,0.9324531329783354,0.7928917007815407,13709,16122,12783.0,926.0,3339.0,False,0.8503287433320927,196,1.8000000000000007
mzehra2,0,cv_val,mzehra2,196_C_2-4_WL_Bruise_A244A_2026-03-05_DSC_0533,0.6305732484076433,0.4604651162790698,0.7990314769975787,0.5207785376117833,1239,1901,990.0,249.0,911.0,False,0.65176223040505,196,1.8000000000000007
mzehra2,0,cv_val,mzehra2,242_A_2-4_WL_Bruise_A244A_2026-03-08_DSC_5161,0.37318894697535476,0.2293990726713492,0.7402962962962963,0.24947578632051923,6750,20030,4997.0,1753.0,15033.0,False,0.33699450823764354,242,1.8000000000000007
mzehra2,0,cv_val,mzehra2,255_A_2-5_WL_Bruise_A244A_2026-02-16_DSC_7135,0.6745264404104183,0.5088946780796427,0.9906542056074766,0.511349612953891,13803,26741,13674.0,129.0,13067.0,False,0.5161736659062862,255,1.8000000000000007
mzehra2,0,cv_val,mzehra2,255_A_2-5_WL_Bruise_A244A_2026-02-16_DSC_7136,0.5208460977388767,0.35212434415558796,1.0,0.35212434415558796,8926,25349,8926.0,0.0,16423.0,False,0.35212434415558796,255,1.8000000000000007
mzehra2,0,cv_val,mzehra2,255_A_2-5_WL_Bruise_A244A_2026-02-16_DSC_7137,0.7224209078404402,0.5654608096468562,0.9860722332218201,0.5700134185807878,14647,25338,14443.000000000002,203.99999999999818,10894.999999999998,False,0.5780645670534376,255,1.8000000000000007
mzehra2,0,cv_val,mzehra2,255_A_2-5_WL_Bruise_OC_A244A_2026-02-16_DSC_7139,0.4981242990292764,0.3316681258690838,0.9975989466346527,0.33193309795634357,12911,38803,12880.0,31.0,25923.0,False,0.3327320052573255,255,1.8000000000000007
mzehra2,0,cv_val,mzehra2,255_A_2-5_WL_Bruise_OC_A244A_2026-02-16_DSC_7140,0.5364093023255814,0.366502262673514,1.0,0.366502262673514,14416,39334,14416.0,0.0,24918.0,False,0.366502262673514,255,1.8000000000000007
mzehra2,0,cv_val,mzehra2,271_A_2-6_WL_Bruise_A244A_2026-03-26_DSC_9799,0.7158686189157103,0.5574730354391372,0.6582969432314411,0.7844752818733738,8244,6918,5427.0,2817.0,1491.0,False,1.1916738941890719,271,1.8000000000000007
mzehra2,0,cv_val,mzehra2,271_A_2-6_WL_Bruise_A244A_2026-03-26_DSC_9800,0.6830632557374352,0.5186758276077451,0.7385272145144077,0.6353481254781943,5622,6535,4152.0,1470.0,2383.0,False,0.8602907421576128,271,1.8000000000000007
mzehra2,0,cv_val,mzehra2,271_A_2-6_WL_Bruise_A244A_2026-03-26_DSC_9801,0.7519279412671972,0.6024715768660406,0.6319610079850669,0.9281145293938471,9643,6566,6094.0,3549.0,472.0,False,1.4686262564727384,271,1.8000000000000007
mzehra2,0,cv_val,mzehra2,271_A_2-6_WL_Bruise_OC_A244A_2026-03-26_DSC_9803,0.7927057887860024,0.6565970261622436,0.7725611781641014,0.8139290713952403,9031,8572,6977.0,2054.0,1595.0,False,1.0535464302379842,271,1.8000000000000007
mzehra2,0,cv_val,mzehra2,271_A_2-6_WL_Bruise_OC_A244A_2026-03-26_DSC_9804,0.7361243260386933,0.5824341279799247,0.6828478964401294,0.7984176126590987,6798,5814,4642.0,2156.0,1172.0,False,1.1692466460268318,271,1.8000000000000007
mzehra2,0,cv_val,mzehra2,271_B_2-6_WL_Bruise_A244A_2026-03-26_DSC_9817,0.7604191474160514,0.6134486071085494,0.6686910994764398,0.8813138283190726,9550,7246,6386.0,3164.0,860.0,False,1.317968534363787,271,1.8000000000000007
mzehra2,0,cv_val,mzehra2,271_B_2-6_WL_Bruise_A244A_2026-03-26_DSC_9818,0.7618085375094721,0.6152590779273766,0.7837837837837838,0.741031941031941,7696,8140,6032.0,1664.0,2108.0,False,0.9454545454545454,271,1.8000000000000007
mzehra2,0,cv_val,mzehra2,271_B_2-6_WL_Bruise_A244A_2026-03-26_DSC_9819,0.799041938665289,0.6653370874393868,0.7829728485964105,0.8157844265439202,10865,10428,8507.0,2358.0,1921.0,False,1.0419064058304566,271,1.8000000000000007
mzehra2,0,cv_val,mzehra2,271_B_2-6_WL_Bruise_OC_A244A_2026-03-26_DSC_9821,0.5857913098636219,0.4142184346265979,0.6423230742479569,0.5384054802506923,5751,6861,3694.0,2057.0,3167.0,False,0.8382160034980324,271,1.8000000000000007
mzehra2,0,cv_val,mzehra2,271_B_2-6_WL_Bruise_OC_A244A_2026-03-26_DSC_9822,0.7578419071518193,0.6101010101010101,0.6739817742235448,0.8655361834248866,10754,8374,7248.0,3506.0,1126.0,False,1.2842130403630285,271,1.8000000000000007
mzehra2,0,cv_val,mzehra2,271_C_2-6_WL_Bruise_A244A_2026-03-26_DSC_9835,0.8197560608342117,0.6945649400357234,0.6949195813122288,0.9992657856093979,3917,2724,2722.0,1195.0,2.0,False,1.4379588839941262,271,1.8000000000000007
mzehra2,0,cv_val,mzehra2,271_C_2-6_WL_Bruise_A244A_2026-03-26_DSC_9836,0.8274327331580013,0.7056590752242926,0.7056590752242926,1.0,2898,2045,2045.0,853.0,0.0,False,1.4171149144254278,271,1.8000000000000007
mzehra2,0,cv_val,mzehra2,271_C_2-6_WL_Bruise_A244A_2026-03-26_DSC_9837,0.7432964560285018,0.5914652342584303,0.5914652342584303,1.0,3351,1982,1982.0,1369.0,0.0,False,1.6907164480322907,271,1.8000000000000007
mzehra2,0,cv_val,mzehra2,271_C_2-6_WL_Bruise_OC_A244A_2026-03-26_DSC_9839,0.6496713802031467,0.48112094395280236,0.5749030666196686,0.7467948717948718,5674,4368,3262.0,2412.0,1106.0,False,1.298992673992674,271,1.8000000000000007
mzehra2,0,cv_val,mzehra2,271_C_2-6_WL_Bruise_OC_A244A_2026-03-26_DSC_9840,0.6639445446776184,0.4969438521677328,0.5354571909940267,0.8735632183908046,6529,4002,3496.0,3033.0,506.0,False,1.6314342828585706,271,1.8000000000000007
mzehra2,0,cv_val,mzehra2,271_D_2-6_WL_Bruise_A244A_2026-04-04_DSC_0013,0.7733425893786879,0.6304470854555744,0.8536398467432951,0.7068527918781726,1305,1576,1114.0,191.0,462.0,False,0.8280456852791879,271,1.8000000000000007
mzehra2,0,cv_val,mzehra2,271_D_2-6_WL_Bruise_A244A_2026-04-04_DSC_0014,0.7964897618052653,0.6618055555555555,0.7498033044846577,0.8493761140819964,1271,1122,953.0,318.0,169.0,False,1.1327985739750446,271,1.8000000000000007
mzehra2,0,cv_val,mzehra2,271_D_2-6_WL_Bruise_A244A_2026-04-04_DSC_0015,0.8059558117195005,0.674979887369268,0.8323412698412699,0.7811918063314711,1008,1074,839.0,169.0,235.0,False,0.9385474860335196,271,1.8000000000000007
mzehra2,0,cv_val,mzehra2,271_D_2-6_WL_Bruise_OC_A244A_2026-04-04_DSC_0017,0.740521910388971,0.5879593432369038,0.6950092421441775,0.7924130663856691,1082,949,752.0,330.0,197.0,False,1.1401475237091676,271,1.8000000000000007
mzehra2,0,cv_val,mzehra2,271_D_2-6_WL_Bruise_OC_A244A_2026-04-04_DSC_0018,0.8105423987776929,0.6814386640976237,0.9558558558558559,0.7035809018567639,1110,1508,1061.0,49.0,447.0,False,0.7360742705570292,271,1.8000000000000007
mzehra2,0,cv_val,mzehra2,271_E_2-6_WL_Bruise_A244A_2026-04-04_DSC_0031,0.8572784810126582,0.7502076986984215,0.7856728538283063,0.9432451253481894,3448,2872,2709.0,739.0,163.0,False,1.200557103064067,271,1.8000000000000007
mzehra2,0,cv_val,mzehra2,271_E_2-6_WL_Bruise_A244A_2026-04-04_DSC_0032,0.7816015883520847,0.6414991852254209,0.9629025682837342,0.657755499860763,2453,3591,2362.0,91.0,1229.0,False,0.6830966304650515,271,1.8000000000000007
mzehra2,0,cv_val,mzehra2,271_E_2-6_WL_Bruise_A244A_2026-04-04_DSC_0033,0.5681388272061847,0.3967834577828834,0.7973222530009234,0.44129296026574677,4332,7827,3454.0,878.0,4373.0,False,0.5534687619777693,271,1.8000000000000007
mzehra2,0,cv_val,mzehra2,271_E_2-6_WL_Bruise_OC_A244A_2026-04-04_DSC_0035,0.782679905824547,0.6429532458795829,0.9272374484598593,0.6771165426850868,4123,5646,3823.0,300.0,1823.0,False,0.7302515054906128,271,1.8000000000000007
mzehra2,0,cv_val,mzehra2,271_E_2-6_WL_Bruise_OC_A244A_2026-04-04_DSC_0036,0.6826827927432655,0.5182372089141141,0.774769153980534,0.6101611635220126,8014,10176,6209.0,1805.0,3967.0,False,0.7875393081761006,271,1.8000000000000007
mzehra2,0,cv_val,mzehra2,271_F_2-6_WL_Bruise_A244A_2026-04-04_DSC_0049,0.8556489262371615,0.7477154046997389,0.7867445054945055,0.937781416291445,2912,2443,2291.0,621.0,152.0,False,1.191977077363897,271,1.8000000000000007
mzehra2,0,cv_val,mzehra2,271_F_2-6_WL_Bruise_A244A_2026-04-04_DSC_0050,0.909558508358337,0.8341194968553459,0.9641072239890959,0.8608519269776876,2201,2465,2122.0,79.0,343.0,False,0.8929006085192698,271,1.8000000000000007
mzehra2,0,cv_val,mzehra2,271_F_2-6_WL_Bruise_A244A_2026-04-04_DSC_0051,0.8705206220419203,0.7707273271475606,0.8061991233562931,0.9459955914768553,3194,2722,2575.0,619.0,147.0,False,1.1734019103600295,271,1.8000000000000007
mzehra2,0,cv_val,mzehra2,271_F_2-6_WL_Bruise_OC_A244A_2026-04-04_DSC_0053,0.8390707139223333,0.7227578147823547,0.8346828609986505,0.8435049437436072,2964,2933,2474.0,490.0,459.0,False,1.0105693828844187,271,1.8000000000000007
mzehra2,0,cv_val,mzehra2,271_F_2-6_WL_Bruise_OC_A244A_2026-04-04_DSC_0054,0.8650806854100815,0.7622398123717385,0.8019740900678594,0.9389671361502347,3242,2769,2600.0,642.0,169.0,False,1.1708197905381004,271,1.8000000000000007
mzehra2,0,cv_val,mzehra2,271_G_2-6_WL_Bruise_A244A_2026-04-04_DSC_0612,0.8869950570990285,0.796937212863706,0.8926243567753002,0.8814363143631436,2915,2952,2602.0,313.0,350.0,False,0.9874661246612466,271,1.8000000000000007
mzehra2,0,cv_val,mzehra2,271_G_2-6_WL_Bruise_A244A_2026-04-04_DSC_0613,0.6548042704626335,0.48677248677248675,0.5903257650542941,0.7350952673632453,2026,1627,1196.0,830.0,431.0,False,1.2452366318377381,271,1.8000000000000007
mzehra2,0,cv_val,mzehra2,271_G_2-6_WL_Bruise_A244A_2026-04-04_DSC_0614,0.5928338762214984,0.4212962962962963,0.5079069767441861,0.711864406779661,3225,2301,1638.0000000000002,1586.9999999999998,662.9999999999998,False,1.4015645371577574,271,1.8000000000000007
mzehra2,0,cv_val,mzehra2,271_G_2-6_WL_Bruise_OC_A244A_2026-04-04_DSC_0616,0.8992670870973241,0.8169711985134717,0.8735099337748344,0.926589392342817,3020,2847,2638.0,382.0,209.0,False,1.0607657182999648,271,1.8000000000000007
mzehra2,0,cv_val,mzehra2,271_G_2-6_WL_Bruise_OC_A244A_2026-04-04_DSC_0617,0.8246476565060635,0.701617401003904,0.712546020957236,0.9786075457020614,3531,2571,2516.0,1015.0,55.0,False,1.3733955659276547,271,1.8000000000000007
mzehra2,0,cv_val,mzehra2,271_H_2-6_WL_Bruise_A244A_2026-04-04_DSC_0632,0.7055128523018431,0.5450134082492657,0.5450134082492657,1.0,7831,4268,4268.0,3563.0,0.0,False,1.834817244611059,271,1.8000000000000007
mzehra2,0,cv_val,mzehra2,271_H_2-6_WL_Bruise_A244A_2026-04-04_DSC_0633,0.6264448829997181,0.4560755336617406,0.4560755336617406,1.0,7308,3333,3333.0000000000005,3974.9999999999995,-4.547473508864641e-13,False,2.192619261926193,271,1.8000000000000007
mzehra2,0,cv_val,mzehra2,271_H_2-6_WL_Bruise_A244A_2026-04-04_DSC_0634,0.8184506209343584,0.6926926926926927,0.7001391172378905,0.984878135563067,7907,5621,5536.0,2371.0,85.0,False,1.4066892012097492,271,1.8000000000000007
mzehra2,0,cv_val,mzehra2,281_A_2-6_WL_Bruise_A244A_2026-04-06_DSC_1298,0.7842484747642817,0.6450729927007299,0.8230500582072177,0.7489406779661016,1718,1888,1414.0,304.0,474.0,False,0.909957627118644,281,1.8000000000000007
mzehra2,0,cv_val,mzehra2,281_A_2-6_WL_Bruise_A244A_2026-04-06_DSC_1299,0.7675016056518946,0.6227201667535175,0.7861842105263158,0.7496863237139272,1520,1594,1195.0,325.0,399.0,False,0.9535759096612296,281,1.8000000000000007
mzehra2,0,cv_val,mzehra2,281_A_2-6_WL_Bruise_A244A_2026-04-06_DSC_1300,0.6799501867995019,0.5150943396226415,0.8657505285412262,0.5598086124401914,946,1463,819.0000000000001,126.99999999999989,643.9999999999999,False,0.6466165413533834,281,1.8000000000000007
mzehra2,0,cv_val,mzehra2,281_A_2-6_WL_Bruise_OC_A244A_2026-04-06_DSC_1302,0.7926951635560907,0.6565824468085106,0.7575757575757576,0.8312289562289562,2607,2376,1975.0,632.0,401.0,False,1.0972222222222223,281,1.8000000000000007
mzehra2,0,cv_val,mzehra2,281_A_2-6_WL_Bruise_OC_A244A_2026-04-06_DSC_1303,0.8408892763731474,0.7254606995110944,0.8132377740303541,0.8704873646209387,2372,2216,1929.0,443.0,287.0,False,1.0703971119133573,281,1.8000000000000007
mzehra2,0,cv_val,mzehra2,281_F_2-6_WL_Bruise_A244A_2026-04-06_DSC_1398,0.5191095007490506,0.35053874747094527,0.672443361314198,0.42271901951883795,11079,17624,7450.0,3629.0,10174.0,False,0.6286314117113028,281,1.8000000000000007
mzehra2,0,cv_val,mzehra2,281_F_2-6_WL_Bruise_A244A_2026-04-06_DSC_1399,0.6021300735643963,0.43074828507095353,0.9818572451659107,0.4342042755344418,8378,18945,8226.0,152.0,10719.0,False,0.4422275006598047,281,1.8000000000000007
mzehra2,0,cv_val,mzehra2,292_A_2-6_WL_Bruise_A244A_2026-04-07_DSC_2655,0.7596504005826656,0.6124486200822079,0.6698779704560052,0.8772077375946173,1557,1189,1043.0,514.0,146.0,False,1.3095037846930193,292,1.8000000000000007
mzehra2,0,cv_val,mzehra2,292_A_2-6_WL_Bruise_A244A_2026-04-07_DSC_2656,0.8140138408304498,0.6863603209336251,0.7719442165709598,0.8609332113449222,1219,1093,941.0,278.0,152.0,False,1.1152790484903934,292,1.8000000000000007
mzehra2,0,cv_val,mzehra2,292_A_2-6_WL_Bruise_A244A_2026-04-07_DSC_2657,0.7597623089983022,0.6125941136208076,0.6370106761565836,0.9411146161934806,1405,951,895.0,510.0,56.0,False,1.4773922187171398,292,1.8000000000000007
mzehra2,0,cv_val,mzehra2,292_A_2-6_WL_Bruise_OC_A244A_2026-04-07_DSC_2659,0.9349527665317139,0.8778509883426254,0.9301825993555317,0.9397721106890938,1862,1843,1732.0,130.0,111.0,False,1.0103092783505154,292,1.8000000000000007
mzehra2,0,cv_val,mzehra2,292_A_2-6_WL_Bruise_OC_A244A_2026-04-07_DSC_2660,0.8576242628475147,0.7507374631268436,0.9035502958579882,0.8161411010154997,1690,1871,1527.0,163.0,344.0,False,0.9032602886157135,292,1.8000000000000007
mzehra2,0,cv_val,mzehra2,55_G_2-4_WL_Bruise_A244A_2026-03-06_DSC_4028,0.8981936301695452,0.8152009779247861,0.9946481838919109,0.8187924310270114,11398,13846,11337.0,61.0,2509.0,False,0.8231980355337282,55,1.8000000000000007
mzehra2,0,cv_val,mzehra2,78_O_2-4_WL_Bruise_A244A_2026-03-03_DSC_7144,0.0,0.0,0.0,0.0,3459,898,0.0,3459.0,898.0,True,3.851893095768374,78,1.8000000000000007
mzehra2,0,cv_val,mzehra2,78_O_2-4_WL_Bruise_A244A_2026-03-03_DSC_7145,0.3516339869281046,0.21332275971451228,0.30672748004561,0.4119448698315467,877,653,269.0,608.0,384.0,False,1.343032159264931,78,1.8000000000000007
mzehra2,0,cv_val,mzehra2,78_O_2-4_WL_Bruise_A244A_2026-03-03_DSC_7146,0.2634091547318169,0.15168175937904269,0.1748695003728561,0.5335608646188851,2682,879,469.0,2213.0,410.0,False,3.051194539249147,78,1.8000000000000007
mzehra2,0,cv_val,mzehra2,78_O_2-4_WL_Bruise_OC_A244A_2026-03-03_DSC_7148,0.37065637065637064,0.22748815165876776,0.26666666666666666,0.6075949367088608,1800,790,480.0,1320.0,310.0,False,2.278481012658228,78,1.8000000000000007
mzehra2,0,cv_val,mzehra2,78_O_2-4_WL_Bruise_OC_A244A_2026-03-03_DSC_7149,0.24834123222748816,0.14177489177489178,0.15099124020285845,0.6990394877267876,4338,937,655.0,3683.0,282.0,False,4.629669156883671,78,1.8000000000000007
mzehra2,0,test,hliu36,170_F_2-4_WL_Bruise_A244A_2026-03-05_DSC_1856,0.8288419519300801,0.7077114427860697,0.7981963927855712,0.8619346461804804,4990,4621,3983.0,1007.0,638.0,False,1.079852845704393,170,1.8000000000000007
mzehra2,0,test,hliu36,170_F_2-4_WL_Bruise_OC_A244A_2026-03-05_DSC_1860,0.5625136056889921,0.3913175164058556,0.4444444444444444,0.7660079051383399,8721,5060,3876.0,4845.0,1184.0,False,1.7235177865612648,170,1.8000000000000007
mzehra2,0,test,hliu36,182_Q_2-6_WL_Bruise_A244A_2026-04-06_DSC_2484,0.5026765230690798,0.33571671773918965,0.7515243902439024,0.37763309076982,1312,2611,986.0000000000001,325.9999999999999,1625.0,False,0.5024894676369207,182,1.8000000000000007
mzehra2,0,test,hliu36,182_Q_2-6_WL_Bruise_A244A_2026-04-06_DSC_2485,0.1483727511623206,0.08013100436681223,0.11295783317943983,0.21613663133097763,3249,1698,367.0,2882.0,1331.0,False,1.9134275618374559,182,1.8000000000000007
mzehra2,0,test,hliu36,182_Q_2-6_WL_Bruise_A244A_2026-04-06_DSC_2486,0.42455735180908394,0.26948448570730515,0.9055829228243021,0.27727501256913023,1218,3978,1103.0,115.0,2875.0,False,0.30618401206636503,182,1.8000000000000007
mzehra2,0,test,hliu36,182_Q_2-6_WL_Bruise_OC_A244A_2026-04-06_DSC_2488,0.45164363982848976,0.2916923076923077,0.3690630677394238,0.5818330605564648,7706,4888,2844.0,4862.0,2044.0,False,1.5765139116202946,182,1.8000000000000007
mzehra2,0,test,hliu36,20_D_2-6_WL_Bruise_A244A_2026-04-04_DSC_0400,0.9136929828449842,0.8411001387415327,0.9445513701768857,0.8847870879120879,10911,11648,10306.0,605.0,1342.0,False,0.9367273351648352,20,1.8000000000000007
mzehra2,0,test,hliu36,20_D_2-6_WL_Bruise_OC_A244A_2026-04-04_DSC_0403,0.8884276308447718,0.7992530720424063,0.9983447030497592,0.8003136434918976,19936,24869,19903.0,33.0,4966.0,False,0.8016405967268487,20,1.8000000000000007
mzehra2,0,test,hliu36,20_D_2-6_WL_Bruise_OC_A244A_2026-04-04_DSC_0404,0.8949820202680615,0.8099253013830338,0.992432824323712,0.8149581395348837,22069,26875,21902.0,167.0,4973.0,False,0.8211720930232558,20,1.8000000000000007
mzehra2,0,test,hliu36,226_A_2-4_WL_Bruise_A244A_2026-03-06_DSC_3569,0.8146935806510275,0.6873274010432648,0.7115628970775095,0.9527860484900043,3148,2351,2240.0,908.0,111.0,False,1.3390046788600596,226,1.8000000000000007
mzehra2,0,test,hliu36,226_A_2-4_WL_Bruise_A244A_2026-03-06_DSC_3570,0.758791480931154,0.6113328012769353,0.704259883542752,0.8224767358625626,3263,2794,2298.0,965.0,496.0,False,1.1678596993557624,226,1.8000000000000007
mzehra2,0,test,hliu36,226_A_2-4_WL_Bruise_A244A_2026-03-06_DSC_3571,0.5503422942060444,0.3796360285648468,0.3923809523809524,0.9211850195640022,4200,1789,1648.0,2552.0,141.0,False,2.3476802683063163,226,1.8000000000000007
mzehra2,0,test,hliu36,226_A_2-4_WL_Bruise_OC_A244A_2026-03-06_DSC_3573,0.8799858806918461,0.7856917743460448,0.9042437431991295,0.8569955311103472,2757,2909,2493.0,264.0,416.0,False,0.947748367136473,226,1.8000000000000007
mzehra2,0,test,hliu36,226_A_2-4_WL_Bruise_OC_A244A_2026-03-06_DSC_3574,0.7757264957264958,0.6336218933258866,0.964300892477688,0.6488418644552474,2353,3497,2269.0,84.0,1228.0,False,0.6728624535315985,226,1.8000000000000007
mzehra2,0,test,hliu36,226_C_2-4_WL_Bruise_A244A_2026-03-06_DSC_3610,0.8290199406024608,0.7079710144927536,0.7169765166340509,0.9825678846798525,4088,2983,2931.0,1157.0,52.0,False,1.3704324505531345,226,1.8000000000000007
mzehra2,0,test,hliu36,226_C_2-4_WL_Bruise_A244A_2026-03-06_DSC_3611,0.8432760364004045,0.7290209790209791,0.7522549609140108,0.9593558282208589,3326,2608,2502.0,824.0,106.0,False,1.2753067484662577,226,1.8000000000000007
mzehra2,0,test,hliu36,226_C_2-4_WL_Bruise_A244A_2026-03-06_DSC_3612,0.7885625364715037,0.6509312780989082,0.7267837934743636,0.8618197278911565,2789,2352,2027.0000000000002,761.9999999999998,324.9999999999998,False,1.185799319727891,226,1.8000000000000007
mzehra2,0,test,hliu36,226_C_2-4_WL_Bruise_OC_A244A_2026-03-06_DSC_3614,0.9038980142191714,0.8246477298143592,0.9475713184271396,0.8640731192875557,3891,4267,3687.0,204.0,580.0,False,0.9118818842277947,226,1.8000000000000007
mzehra2,0,test,hliu36,226_C_2-4_WL_Bruise_OC_A244A_2026-03-06_DSC_3615,0.8981145757795505,0.8150707469562356,0.8755744079179922,0.9218459248232229,2829,2687,2477.0,352.0,210.0,False,1.052847041310011,226,1.8000000000000007
mzehra2,0,test,hliu36,228_B_2-4_WL_Bruise_A244A_2026-03-06_DSC_3718,0.8115323011211959,0.6828391734052112,0.9215844785772029,0.724960254372019,2474,3145,2280.0,194.0,865.0,False,0.7866454689984101,228,1.8000000000000007
mzehra2,0,test,hliu36,228_B_2-4_WL_Bruise_A244A_2026-03-06_DSC_3719,0.7765999214762466,0.634788189987163,1.0,0.634788189987163,1978,3116,1978.0,0.0,1138.0,False,0.634788189987163,228,1.8000000000000007
mzehra2,0,test,hliu36,228_B_2-4_WL_Bruise_A244A_2026-03-06_DSC_3720,0.7536290322580645,0.6046586865092203,1.0,0.6046586865092203,1869,3091,1869.0,0.0,1222.0,False,0.6046586865092203,228,1.8000000000000007
mzehra2,0,test,hliu36,228_B_2-4_WL_Bruise_A244A_2026-03-06_DSC_3721,0.8126873915101783,0.6844763423710792,0.9691381257056831,0.6997282608695652,2657,3680,2575.0,82.0,1105.0,False,0.7220108695652174,228,1.8000000000000007
mzehra2,0,test,hliu36,228_B_2-4_WL_Bruise_OC_A244A_2026-03-06_DSC_3723,0.7447150120417447,0.5932636964399914,1.0,0.5932636964399914,2783,4691,2783.0,0.0,1908.0,False,0.5932636964399914,228,1.8000000000000007
mzehra2,0,test,hliu36,228_B_2-4_WL_Bruise_OC_A244A_2026-03-06_DSC_3724,0.8887029288702929,0.7996987951807228,0.992152466367713,0.8047893301000303,2676,3299,2655.0,21.0,644.0,False,0.8111548954228555,228,1.8000000000000007
mzehra2,0,test,hliu36,232_A_2-4_WL_Bruise_A244A_2026-03-06_DSC_3868,0.3055790874984872,0.1803442611242054,0.3823440339188371,0.25448498286635757,6604,9922,2525.0,4079.0,7397.0,False,0.6655916145938319,232,1.8000000000000007
mzehra2,0,test,hliu36,232_A_2-4_WL_Bruise_A244A_2026-03-06_DSC_3869,0.5650440874501751,0.39377104377104377,0.9987190435525192,0.39397001852787605,4684,11874,4678.0,6.0,7196.0,False,0.39447532423783055,232,1.8000000000000007
mzehra2,0,test,hliu36,232_A_2-4_WL_Bruise_A244A_2026-03-06_DSC_3870,0.0,0.0,0.0,0.0,449,7123,0.0,449.0,7123.0,True,0.06303523796153306,232,1.8000000000000007
mzehra2,0,test,hliu36,232_A_2-4_WL_Bruise_OC_A244A_2026-03-06_DSC_3876,0.6089763295419612,0.4377900552486188,1.0,0.4377900552486188,3962,9050,3962.0,0.0,5088.0,False,0.4377900552486188,232,1.8000000000000007
mzehra2,0,test,hliu36,232_A_2-4_WL_Bruise_OC_A244A_2026-03-06_DSC_3877,0.783959770485462,0.6446824302831089,0.9712460063897763,0.6572262458112637,6260,9251,6080.0,180.0,3171.0,False,0.6766836017727813,232,1.8000000000000007
mzehra2,0,test,hliu36,233_B_2-4_WL_Bruise_A244A_2026-03-06_DSC_4197,0.5750254036355426,0.4035337928848744,0.991241728298949,0.40497773536895676,5138,12576,5093.0,45.0,7483.0,False,0.4085559796437659,233,1.8000000000000007
mzehra2,0,test,hliu36,233_B_2-4_WL_Bruise_A244A_2026-03-06_DSC_4199,0.40706933385123323,0.2555474274567179,1.0,0.2555474274567179,4192,16404,4192.0,0.0,12212.0,False,0.2555474274567179,233,1.8000000000000007
mzehra2,0,test,hliu36,233_B_2-4_WL_Bruise_OC_A244A_2026-03-06_DSC_4201,0.35509892844242885,0.2158785926901869,1.0,0.2158785926901869,4424,20493,4424.0,0.0,16069.0,False,0.2158785926901869,233,1.8000000000000007
mzehra2,0,test,hliu36,235_A_2-4_WL_Bruise_A244A_2026-03-08_DSC_4349,0.7701009085359285,0.6261496686034629,0.9690027563146717,0.6389476506867682,22131,33563,21445.0,686.0,12118.0,False,0.6593868247772845,235,1.8000000000000007
mzehra2,0,test,hliu36,235_A_2-4_WL_Bruise_A244A_2026-03-08_DSC_4350,0.6254321827353625,0.4550027833329897,0.9984617472741257,0.4553219583651406,22103,48469,22069.0,34.0,26400.0,False,0.4560234376611855,235,1.8000000000000007
mzehra2,0,test,hliu36,235_A_2-4_WL_Bruise_A244A_2026-03-08_DSC_4351,0.7305334846765039,0.5754649499284692,0.9685186299885632,0.586434376936254,16613,27437,16089.999999999998,523.0000000000018,11347.000000000002,False,0.6054962277216897,235,1.8000000000000007
mzehra2,0,test,hliu36,235_A_2-4_WL_Bruise_OC_A244A_2026-03-08_DSC_4353,0.6938214788611464,0.531184265881363,0.9972848891741126,0.5319535508333991,20257,37977,20202.0,55.0,17775.0,False,0.5334017958237881,235,1.8000000000000007
mzehra2,0,test,hliu36,235_A_2-4_WL_Bruise_OC_A244A_2026-03-08_DSC_4354,0.7199228654072778,0.5624058472353959,0.9985141158989599,0.5628769265132901,20190,35816,20160.0,30.0,15656.0,False,0.5637145409872683,235,1.8000000000000007
mzehra2,0,test,hliu36,236_C_2-4_WL_Bruise_A244A_2026-03-08_DSC_4462,0.3010331214827673,0.17718598595959262,0.7923360353721445,0.18581501451679802,6785,28932,5376.0,1409.0,23556.0,False,0.2345154154569335,236,1.8000000000000007
mzehra2,0,test,hliu36,236_C_2-4_WL_Bruise_A244A_2026-03-08_DSC_4463,0.1641434262948207,0.08940972222222222,0.641437125748503,0.09411351256369707,4175,28455,2678.0,1497.0,25777.0,False,0.14672289580038658,236,1.8000000000000007
mzehra2,0,test,hliu36,236_C_2-4_WL_Bruise_A244A_2026-03-08_DSC_4464,0.03975484512174921,0.020280547574784518,0.12147505422993492,0.023766410140334992,6915,35344,840.0,6075.0,34504.0,False,0.19564848347668629,236,1.8000000000000007
mzehra2,0,test,hliu36,236_C_2-4_WL_Bruise_OC_A244A_2026-03-08_DSC_4467,0.13811394500169502,0.07417959043783738,0.5296726827776078,0.07941021348804146,6538,43609,3463.0,3075.0,40146.0,False,0.1499231809947488,236,1.8000000000000007
mzehra2,0,test,hliu36,236_C_2-4_WL_Bruise_OC_A244A_2026-03-08_DSC_4468,0.11827893871800892,0.06285678634931528,0.5028699775393062,0.06702145351737901,4007,30065,2015.0,1992.0,28050.0,False,0.13327789788790953,236,1.8000000000000007
mzehra2,0,test,hliu36,236_E_2-4_WL_Bruise_OC_A244A_2026-02-26_DSC_5722,0.4882943143812709,0.3230088495575221,0.997089117778773,0.3233137297611268,4466,13773,4453.0,13.0,9320.0,False,0.3242576054599579,236,1.8000000000000007
mzehra2,0,test,hliu36,237_AC_2-5_WL_Bruise_A244A_2026-02-16_DSC_7084,0.3479714934108373,0.21063286258254205,0.6978601085915043,0.23176876160169715,12524,37710,8740.0,3784.0,28970.0,False,0.332113497745956,237,1.8000000000000007
mzehra2,0,test,hliu36,237_AC_2-5_WL_Bruise_A244A_2026-02-16_DSC_7085,0.4871432454471324,0.3220022278917676,0.9750816104461371,0.32467391304347826,9190,27600,8961.0,229.0,18639.0,False,0.3329710144927536,237,1.8000000000000007
mzehra2,0,test,hliu36,237_AC_2-5_WL_Bruise_A244A_2026-02-16_DSC_7086,0.5651598312050087,0.39388347461699635,1.0,0.39388347461699635,20491,52023,20491.0,0.0,31532.0,False,0.39388347461699635,237,1.8000000000000007
mzehra2,0,test,hliu36,237_AC_2-5_WL_Bruise_OC_A244A_2026-02-16_DSC_7088,0.7185567688462045,0.5607402274068941,0.9927295860408052,0.5630524986469421,22007,38801,21847.0,160.0,16954.0,False,0.5671761037086673,237,1.8000000000000007
mzehra2,0,test,hliu36,237_AC_2-5_WL_Bruise_OC_A244A_2026-02-16_DSC_7089,0.7544565842438183,0.605724838411819,0.9835503769705277,0.6119239892326963,23344,37521,22960.0,384.0,14561.0,False,0.6221582580421631,237,1.8000000000000007
mzehra2,0,test,hliu36,237_AD_2-5_WL_Bruise_A244A_2026-02-16_DSC_7116,0.5583549305349025,0.3873040198043145,0.9801610978520287,0.3903641656270421,6704,16833,6571.0,133.0,10262.0,False,0.3982653121843997,237,1.8000000000000007
mzehra2,0,test,hliu36,237_AD_2-5_WL_Bruise_A244A_2026-02-16_DSC_7117,0.7771486773913304,0.6355218030377267,0.8668136861801657,0.7042949448878754,14964,18417,12971.0,1993.0,5446.0,False,0.8125101808112071,237,1.8000000000000007
mzehra2,0,test,hliu36,237_AD_2-5_WL_Bruise_A244A_2026-02-16_DSC_7118,0.65766146053187,0.489937106918239,0.9980781550288277,0.49039974819011645,7805,15885,7790.0,15.0,8095.0,False,0.4913440352533837,237,1.8000000000000007
mzehra2,0,test,hliu36,237_AD_2-5_WL_Bruise_OC_A244A_2026-02-16_DSC_7120,0.8028459803703586,0.670628814009021,0.9768124903385377,0.6814774871933136,12938,18545,12638.0,300.0,5907.0,False,0.6976543542733891,237,1.8000000000000007
mzehra2,0,test,hliu36,237_AD_2-5_WL_Bruise_OC_A244A_2026-02-16_DSC_7121,0.7681747269890795,0.6236068895643364,0.9553744664338378,0.6423167231933211,12885,19165,12310.0,575.0,6855.0,False,0.6723193321158362,237,1.8000000000000007
mzehra2,0,test,hliu36,237_AE_2-5_WL_Bruise_A244A_2026-02-16_DSC_7217,0.644,0.4749262536873156,0.9836012861736334,0.478716744913928,3110,6390,3059.0,51.0,3331.0,False,0.486697965571205,237,1.8000000000000007
mzehra2,0,test,hliu36,237_AE_2-5_WL_Bruise_A244A_2026-02-16_DSC_7218,0.6229910714285715,0.4524234073593775,1.0,0.4524234073593775,2791,6169,2791.0,0.0,3378.0,False,0.4524234073593775,237,1.8000000000000007
mzehra2,0,test,hliu36,237_AE_2-5_WL_Bruise_A244A_2026-02-16_DSC_7219,0.5056267251751716,0.3383536989675097,1.0,0.3383536989675097,3572,10557,3571.9999999999995,4.547473508864641e-13,6985.0,False,0.3383536989675097,237,1.8000000000000007
mzehra2,0,test,hliu36,237_AE_2-5_WL_Bruise_OC_A244A_2026-02-16_DSC_7221,0.5350686912509038,0.36525172754195456,0.9688681990107652,0.36958934517203107,3437,9010,3330.0,107.0,5680.0,False,0.38146503884572697,237,1.8000000000000007
mzehra2,0,test,hliu36,237_AE_2-5_WL_Bruise_OC_A244A_2026-02-16_DSC_7222,0.0,0.0,0.0,0.0,2452,7843,0.0,2452.0,7843.0,True,0.31263547112074463,237,1.8000000000000007
mzehra2,0,test,hliu36,237_B_2-4_WL_Bruise_A244A_2026-03-08_DSC_4584,0.7955144529330296,0.660459940652819,0.979697386519945,0.6696250611109021,18175,26591,17806.0,369.0,8785.0,False,0.6835019367455154,237,1.8000000000000007
mzehra2,0,test,hliu36,237_B_2-4_WL_Bruise_A244A_2026-03-08_DSC_4587,0.788235294117647,0.6504854368932039,0.9589323705757204,0.6691259165954384,15511,22229,14874.0,637.0,7355.0,False,0.697782176436187,237,1.8000000000000007
mzehra2,0,test,hliu36,237_B_2-4_WL_Bruise_A244A_2026-03-08_DSC_4588,0.777953930802947,0.6365995115995116,0.9313906101713839,0.6679210536850955,17913,24979,16684.0,1229.0,8295.0,False,0.7171223828015533,237,1.8000000000000007
mzehra2,0,test,hliu36,237_B_2-4_WL_Bruise_OC_A244A_2026-03-08_DSC_4591,0.666909602019834,0.5002733520774758,0.9950291262135922,0.5015267773253993,12875,25544,12811.0,64.0,12733.0,False,0.5040322580645161,237,1.8000000000000007
mzehra2,0,test,hliu36,237_B_2-4_WL_Bruise_OC_A244A_2026-03-08_DSC_4592,0.6825636694964221,0.5180999291521878,0.9646962748916389,0.5281130712885588,15919,29079,15357.000000000002,561.9999999999982,13721.999999999998,False,0.5474397331407544,237,1.8000000000000007
mzehra2,0,test,hliu36,237_C_2-4_WL_Bruise_A244A_2026-03-08_DSC_4608,0.7634073046694406,0.6173474156463221,0.8075559359334882,0.7238356164383561,8179,9125,6605.0,1574.0,2520.0,False,0.8963287671232877,237,1.8000000000000007
mzehra2,0,test,hliu36,237_C_2-4_WL_Bruise_A244A_2026-03-08_DSC_4609,0.6054300656503839,0.4341338865395356,0.9819527161162245,0.43762567361055255,5541,12433,5441.0,100.0,6992.0,False,0.44566878468591653,237,1.8000000000000007
mzehra2,0,test,hliu36,237_C_2-4_WL_Bruise_A244A_2026-03-08_DSC_4610,0.8143920009447703,0.6868982004117139,0.8923395445134575,0.7489682137426689,11592,13811,10344.0,1248.0,3467.0,False,0.8393309680689306,237,1.8000000000000007
mzehra2,0,test,hliu36,237_C_2-4_WL_Bruise_OC_A244A_2026-03-08_DSC_4613,0.5271897673722792,0.35794819705434233,0.7804229874875429,0.3980346755520416,9031,17707,7048.0,1983.0,10659.0,False,0.5100242841813972,237,1.8000000000000007
mzehra2,0,test,hliu36,237_C_2-4_WL_Bruise_OC_A244A_2026-03-08_DSC_4615,0.6062833840675435,0.4350119508777714,0.8371134020618557,0.4752386097604898,6305,11106,5277.999999999999,1027.000000000001,5828.000000000001,False,0.5677111471276788,237,1.8000000000000007
mzehra2,0,test,hliu36,237_E_2-4_WL_Bruise_A244A_2026-03-08_DSC_4651,0.8038547206691213,0.6720376985635024,0.962028070938962,0.6903497813866334,9191,12808,8842.0,349.0,3966.0,False,0.7175983760149907,237,1.8000000000000007
mzehra2,0,test,hliu36,237_E_2-4_WL_Bruise_A244A_2026-03-08_DSC_4652,0.8260645309186773,0.7036711579769577,0.9676423200859291,0.7206279372062794,7448,10001,7207.0,241.0,2794.0,False,0.7447255274472553,237,1.8000000000000007
mzehra2,0,test,hliu36,237_E_2-4_WL_Bruise_A244A_2026-03-08_DSC_4653,0.7644615384615384,0.6187274312040841,0.9851308485329104,0.6245600804424334,5044,7956,4969.0,75.0,2987.0,False,0.6339869281045751,237,1.8000000000000007
mzehra2,0,test,hliu36,237_E_2-4_WL_Bruise_OC_A244A_2026-03-08_DSC_4656,0.8023641343520254,0.6699566682715455,0.9588285960378984,0.6898004709381584,5805,8069,5566.0,239.0,2503.0,False,0.7194200024786219,237,1.8000000000000007
mzehra2,0,test,hliu36,237_E_2-4_WL_Bruise_OC_A244A_2026-03-08_DSC_4657,0.8213745080230094,0.696891857179553,0.9699678226671433,0.7122604358099238,5594,7618,5426.0,168.0,2192.0,False,0.734313468101864,237,1.8000000000000007
mzehra2,0,test,hliu36,237_J_2-4_WL_Bruise_A244A_2026-02-26_DSC_5578,0.7656532100816061,0.6202901942429206,0.9966159052453468,0.6215994371482176,10638,17056,10602.0,36.0,6454.0,False,0.6237101313320825,237,1.8000000000000007
mzehra2,0,test,hliu36,237_J_2-4_WL_Bruise_A244A_2026-02-26_DSC_5579,0.4133814983508717,0.26054246683824983,0.7233418834737999,0.28937916880451514,5458,13643,3948.0,1510.0,9695.0,False,0.40005863812944364,237,1.8000000000000007
mzehra2,0,test,hliu36,237_J_2-4_WL_Bruise_A244A_2026-02-26_DSC_5580,0.7123042505592841,0.5531619179986101,1.0,0.5531619179986101,7164,12951,7164.0,0.0,5787.0,False,0.5531619179986101,237,1.8000000000000007
mzehra2,0,test,hliu36,237_J_2-4_WL_Bruise_OC_A244A_2026-02-26_DSC_5582,0.8133312831552241,0.6853903466148364,0.9778168037711433,0.6962158604804212,10819,15195,10579.0,240.0,4616.0,False,0.7120105297795327,237,1.8000000000000007
mzehra2,0,test,hliu36,237_J_2-4_WL_Bruise_OC_A244A_2026-02-26_DSC_5583,0.6382262813194737,0.4686727850335334,0.9033849294097636,0.49340393905611296,5879,10764,5311.0,568.0,5453.0,False,0.5461724266072092,237,1.8000000000000007
mzehra2,0,test,hliu36,237_N_2-4_WL_Bruise_A244A_2026-02-26_DSC_5858,0.7664492078285182,0.6213357509821699,0.8910075839653304,0.6724448078495503,4615,6115,4112.0,503.0,2003.0,False,0.7547015535568274,237,1.8000000000000007
mzehra2,0,test,hliu36,237_N_2-4_WL_Bruise_A244A_2026-02-26_DSC_5859,0.46458732124760727,0.30258140217072454,1.0,0.30258140217072454,2063,6818,2063.0,0.0,4755.0,False,0.30258140217072454,237,1.8000000000000007
mzehra2,0,test,hliu36,237_N_2-4_WL_Bruise_A244A_2026-02-26_DSC_5860,0.7714245771005173,0.6279016841147018,0.9072673462676751,0.6709630350194552,3041,4112,2759.0,282.0,1353.0,False,0.7395428015564203,237,1.8000000000000007
mzehra2,0,test,hliu36,237_N_2-4_WL_Bruise_OC_A244A_2026-02-26_DSC_5862,0.7079670519831107,0.5479481410050359,0.737844466887895,0.6804151144225652,6931,7516,5114.0,1817.0,2402.0,False,0.922166045769026,237,1.8000000000000007
mzehra2,0,test,hliu36,237_N_2-4_WL_Bruise_OC_A244A_2026-02-26_DSC_5863,0.8204518430439952,0.6955645161290323,0.9630663517285807,0.7146271510516252,4657,6276,4485.0,172.0,1791.0,False,0.7420331421287444,237,1.8000000000000007
mzehra2,0,test,hliu36,237_S_2-4_WL_Bruise_A244A_2026-02-27_DSC_6307,0.5979730570980353,0.42650610969025293,0.9999167221852099,0.42652126034599125,12008,28151,12007.0,1.0,16144.0,False,0.4265567830627686,237,1.8000000000000007
mzehra2,0,test,hliu36,237_S_2-4_WL_Bruise_A244A_2026-02-27_DSC_6308,0.7197260731585101,0.5621656881930854,0.9905747126436781,0.5651888772298006,13050,22872,12927.0,123.0,9945.0,False,0.5705666316894019,237,1.8000000000000007
mzehra2,0,test,hliu36,237_S_2-4_WL_Bruise_A244A_2026-02-27_DSC_6309,0.5830951408738261,0.41152737752161384,0.9978260869565218,0.4118966732901737,6440,15601,6426.0,14.0,9175.0,False,0.4127940516633549,237,1.8000000000000007
mzehra2,0,test,hliu36,237_S_2-4_WL_Bruise_OC_A244A_2026-02-27_DSC_6311,0.7098719924938007,0.5502337662337662,0.9674826452320059,0.5606012490737801,10948,18894,10592.0,356.0,8302.0,False,0.5794432094844925,237,1.8000000000000007
mzehra2,0,test,hliu36,237_S_2-4_WL_Bruise_OC_A244A_2026-02-27_DSC_6312,0.4843994750433936,0.319608938547486,0.9672020287404903,0.3231108098949509,5915,17706,5721.0,194.0,11985.0,False,0.3340675477239354,237,1.8000000000000007
mzehra2,0,test,hliu36,237_Z_2-5_WL_Bruise_A244A_2026-02-16_DSC_7025,0.6196027633851469,0.4488583046606193,1.0,0.4488583046606193,14350,31970,14350.000000000002,-1.8189894035458565e-12,17620.0,False,0.4488583046606193,237,1.8000000000000007
mzehra2,0,test,hliu36,237_Z_2-5_WL_Bruise_A244A_2026-02-16_DSC_7026,0.6599890141846263,0.4925250771604938,1.0,0.4925250771604938,10213,20736,10213.0,0.0,10523.0,False,0.4925250771604938,237,1.8000000000000007
mzehra2,0,test,hliu36,237_Z_2-5_WL_Bruise_A244A_2026-02-16_DSC_7027,0.7051285038562807,0.5445548117757144,1.0,0.5445548117757144,15131,27786,15130.999999999998,1.8189894035458565e-12,12655.000000000002,False,0.5445548117757144,237,1.8000000000000007
mzehra2,0,test,hliu36,237_Z_2-5_WL_Bruise_OC_A244A_2026-02-16_DSC_7030,0.6180481671341522,0.44722844344904816,1.0,0.44722844344904816,12780,28576,12780.0,0.0,15796.0,False,0.44722844344904816,237,1.8000000000000007
mzehra2,0,test,hliu36,247_A_2-4_WL_Bruise_A244A_2026-02-27_DSC_6202,0.8713193427688303,0.7719803978091669,0.8336186770428016,0.9125915828931674,6425,5869,5356.0,1069.0,513.0,False,1.0947350485602316,247,1.8000000000000007
mzehra2,0,test,hliu36,247_A_2-4_WL_Bruise_A244A_2026-02-27_DSC_6203,0.8313398441786459,0.7113615023474178,0.8184961106309421,0.8445930880713489,4628,4485,3788.0,840.0,697.0,False,1.0318840579710145,247,1.8000000000000007
mzehra2,0,test,hliu36,247_A_2-4_WL_Bruise_A244A_2026-02-27_DSC_6204,0.9286057307507604,0.8667264305991335,0.9653852554501581,0.8945258288357749,6009,6485,5801.0,208.0,684.0,False,0.9265998457979954,247,1.8000000000000007
mzehra2,0,test,hliu36,247_A_2-4_WL_Bruise_OC_A244A_2026-02-27_DSC_6206,0.9109600397943957,0.8364799025578563,0.9354673931551166,0.8877039909516885,5873,6189,5494.0,379.0,695.0,False,0.9489416707060915,247,1.8000000000000007
mzehra2,0,test,hliu36,247_A_2-4_WL_Bruise_OC_A244A_2026-02-27_DSC_6207,0.9067636755591485,0.8294306137540054,0.9214129244249726,0.8925729442970822,3652,3770,3365.0,287.0,405.0,False,0.9687002652519894,247,1.8000000000000007
mzehra2,0,test,hliu36,250_A_2-4_WL_Bruise_A244A_2026-02-27_DSC_6537,0.8848196626591702,0.7934319078554063,0.999096657633243,0.7940015155745224,19926,25073,19908.0,18.0,5165.0,False,0.7947194192956567,250,1.8000000000000007
mzehra2,0,test,hliu36,250_A_2-4_WL_Bruise_A244A_2026-02-27_DSC_6538,0.9061001774693402,0.828320984067025,0.9715421755183187,0.8489180067500496,17605,20148,17104.0,501.0,3044.0,False,0.873783998411753,250,1.8000000000000007
mzehra2,0,test,hliu36,250_A_2-4_WL_Bruise_OC_A244A_2026-02-27_DSC_6541,0.8838116085781715,0.791812220383649,0.9973753280839895,0.793465577596266,25908,32566,25840.0,68.0,6726.0,False,0.7955536449057299,250,1.8000000000000007
mzehra2,0,test,hliu36,250_A_2-4_WL_Bruise_OC_A244A_2026-02-27_DSC_6542,0.9179947460595447,0.8484198599927164,0.9934141950156353,0.8532188491902011,21106,24574,20967.0,139.0,3607.0,False,0.8588752339871408,250,1.8000000000000007
mzehra2,0,test,hliu36,250_A_2-4_WL_Bruise_OC_A244A_2026-02-27_DSC_6543,0.9337514069786139,0.875735183230282,0.9887200442685055,0.8845729083361895,23493,26259,23228.0,265.0,3031.0,False,0.8946646863932366,250,1.8000000000000007
mzehra2,0,test,hliu36,254_A_2-5_WL_Bruise_A244A_2026-02-16_DSC_6925,0.8250694168980564,0.7022282241728561,0.7465900933237617,0.9219858156028369,1393,1128,1040.0,353.0,88.0,False,1.2349290780141844,254,1.8000000000000007
mzehra2,0,test,hliu36,254_A_2-5_WL_Bruise_A244A_2026-02-16_DSC_6926,0.8042874156411274,0.6726427622841965,0.6726427622841965,1.0,1506,1013,1012.9999999999999,493.0000000000001,1.1368683772161603e-13,False,1.4866732477788747,254,1.8000000000000007
mzehra2,0,test,hliu36,254_A_2-5_WL_Bruise_A244A_2026-02-16_DSC_6927,0.7749120750293084,0.6325358851674641,0.6325358851674641,1.0,1045,661,661.0,384.0,0.0,False,1.5809379727685324,254,1.8000000000000007
mzehra2,0,test,hliu36,254_A_2-5_WL_Bruise_OC_A244A_2026-02-16_DSC_6930,0.7637517630465445,0.6177980604677695,0.6177980604677695,1.0,1753,1083,1083.0,670.0,0.0,False,1.6186518928901201,254,1.8000000000000007
mzehra2,0,test,hliu36,254_A_2-5_WL_Bruise_OC_A244A_2026-02-16_DSC_6931,0.400133155792277,0.25010403662089054,0.31565126050420167,0.5463636363636364,1904,1100,601.0,1303.0,499.0,False,1.730909090909091,254,1.8000000000000007
mzehra2,0,test,hliu36,254_B_2-5_WL_Bruise_A244A_2026-02-16_DSC_6954,0.32695495187032614,0.19542507372161602,0.9994291151284491,0.19544689125196535,21020,107487,21008.0,12.0,86479.0,False,0.1955585326597635,254,1.8000000000000007
mzehra2,0,test,hliu36,254_B_2-5_WL_Bruise_A244A_2026-02-16_DSC_6955,0.28179900728746987,0.16400817394628128,0.9956713820340042,0.16412519769024236,22409,135945,22312.000000000004,96.99999999999636,113633.0,False,0.1648387215418,254,1.8000000000000007
mzehra2,0,test,hliu36,254_B_2-5_WL_Bruise_A244A_2026-02-16_DSC_6956,0.3786080402534632,0.2335080286895273,0.9847407005158838,0.23435601850655224,18415,77378,18134.0,281.0,59244.0,False,0.23798754167851327,254,1.8000000000000007
mzehra2,0,test,hliu36,254_B_2-5_WL_Bruise_OC_A244A_2026-02-16_DSC_6960,0.28667376821275753,0.16732001348845052,0.9957980558168705,0.1674382309209208,15945,94829,15878.000000000002,66.99999999999818,78951.0,False,0.1681447658416729,254,1.8000000000000007
mzehra2,0,test,hliu36,254_B_2-5_WL_Bruise_OC_A244A_2026-02-16_DSC_6961,0.3281977347978545,0.19631372778297473,0.9831637508235122,0.19697591881031296,13661,68186,13431.0,230.0,54755.0,False,0.20034904525855748,254,1.8000000000000007
mzehra2,0,test,hliu36,260_A_2-5_WL_Bruise_A244A_2026-02-17_DSC_7634,0.6536007292616226,0.4854434664861205,0.6223958333333334,0.6880998080614203,2304,2084,1434.0,870.0,650.0,False,1.1055662188099808,260,1.8000000000000007
mzehra2,0,test,hliu36,260_A_2-5_WL_Bruise_A244A_2026-02-17_DSC_7635,0.7324768255000813,0.5778804208365409,0.6886850152905198,0.7822160472386245,3270,2879,2252.0,1018.0,627.0,False,1.1358110455019104,260,1.8000000000000007
mzehra2,0,test,hliu36,260_A_2-5_WL_Bruise_A244A_2026-02-17_DSC_7636,0.5076741440377804,0.3401898734177215,0.4027474242897284,0.6865353911655135,3203,1879,1290.0,1913.0,589.0,False,1.704630122405535,260,1.8000000000000007
mzehra2,0,test,hliu36,260_A_2-5_WL_Bruise_OC_A244A_2026-02-17_DSC_7638,0.4858192505510654,0.32084627329192544,0.3840613382899628,0.6609356257497001,4304,2501,1653.0,2651.0,848.0,False,1.7209116353458616,260,1.8000000000000007
mzehra2,0,test,hliu36,260_A_2-5_WL_Bruise_OC_A244A_2026-02-17_DSC_7639,0.5395425737117663,0.36943396226415093,0.3931726907630522,0.8595258999122037,4980,2278,1957.9999999999998,3022.0,320.0000000000002,False,2.18612818261633,260,1.8000000000000007
mzehra2,0,test,hliu36,285_F_2-6_WL_Bruise_A244A_2026-04-06_DSC_2339,0.27487391104997705,0.15933554817275747,0.8240549828178694,0.16494703535561975,1455,7269,1199.0,256.0,6070.0,False,0.2001650846058605,285,1.8000000000000007
mzehra2,0,test,hliu36,285_F_2-6_WL_Bruise_A244A_2026-04-06_DSC_2340,0.19668817538676825,0.10907052940162097,0.16759406465288818,0.23800564440263405,7548,5315,1265.0,6283.0,4050.0,False,1.420131702728128,285,1.8000000000000007
mzehra2,0,test,hliu36,285_F_2-6_WL_Bruise_OC_A244A_2026-04-06_DSC_2343,0.1932134248099388,0.1069376026272578,0.10705846090619542,0.9895536562203229,9733,1053,1042.0,8691.0,11.0,False,9.243114909781577,285,1.8000000000000007
mzehra2,0,test,hliu36,285_F_2-6_WL_Bruise_OC_A244A_2026-04-06_DSC_2344,0.32808316270278787,0.1962317475270843,0.33875426898682715,0.3180638265384028,6149,6549,2083.0,4066.0,4466.0,False,0.9389219728202779,285,1.8000000000000007
mzehra2,0,test,hliu36,285_G_2-6_WL_Bruise_A244A_2026-05-29_DSC_3860,0.8616303506249309,0.756898561989895,0.9653035935563816,0.7780663204155014,4035,5006,3895.0,140.0,1111.0,False,0.8060327606871754,285,1.8000000000000007
mzehra2,0,test,hliu36,285_G_2-6_WL_Bruise_A244A_2026-05-29_DSC_3861,0.7928055851378535,0.656733973730641,0.911316648531012,0.7015706806282722,3676,4775,3350.0,326.0,1425.0,False,0.7698429319371728,285,1.8000000000000007
mzehra2,0,test,hliu36,285_G_2-6_WL_Bruise_A244A_2026-05-29_DSC_3862,0.8756729043834914,0.7788417692658459,0.9904320092780516,0.784746152079026,3449,4353,3416.0,33.0,937.0,False,0.7923271307144498,285,1.8000000000000007
mzehra2,0,test,hliu36,285_G_2-6_WL_Bruise_OC_A244A_2026-05-29_DSC_3864,0.8201001724279497,0.6950591510090466,0.9695204814599107,0.7105862265224815,5151,7028,4994.0,157.0,2034.0,False,0.7329254410927718,285,1.8000000000000007
mzehra2,0,test,hliu36,285_G_2-6_WL_Bruise_OC_A244A_2026-05-29_DSC_3865,0.8090360343881471,0.6793119336507449,0.9642467843906692,0.6968646604695131,4587,6347,4423.0,164.0,1924.0,False,0.7227036395147314,285,1.8000000000000007
mzehra2,0,test,mzehra2,170_F_2-4_WL_Bruise_A244A_2026-03-05_DSC_1856,0.6690442225392297,0.5026795284030011,0.5639278557114229,0.8223261250730567,4990,3422,2814.0,2176.0,608.0,False,1.4582115721800117,170,1.8000000000000007
mzehra2,0,test,mzehra2,170_F_2-4_WL_Bruise_OC_A244A_2026-03-05_DSC_1860,0.4681499027155063,0.3056107797658493,0.31728012842563924,0.8925806451612903,8721,3100,2767.0,5954.0,333.0,False,2.8132258064516127,170,1.8000000000000007
mzehra2,0,test,mzehra2,182_Q_2-6_WL_Bruise_A244A_2026-04-06_DSC_2484,0.17345319936541512,0.09496236247828604,1.0,0.09496236247828604,1312,13816,1312.0,0.0,12504.0,False,0.09496236247828604,182,1.8000000000000007
mzehra2,0,test,mzehra2,182_Q_2-6_WL_Bruise_A244A_2026-04-06_DSC_2485,0.11192436718511742,0.05927959941851074,0.11295783317943983,0.11090964037473557,3249,3309,367.0,2882.0,2942.0,False,0.9818676337262012,182,1.8000000000000007
mzehra2,0,test,mzehra2,182_Q_2-6_WL_Bruise_A244A_2026-04-06_DSC_2486,0.4233732876712329,0.2685310887863155,0.8119868637110016,0.2863346844238564,1218,3454,989.0,229.0,2465.0,False,0.35263462651997685,182,1.8000000000000007
mzehra2,0,test,mzehra2,182_Q_2-6_WL_Bruise_OC_A244A_2026-04-06_DSC_2488,0.3554877359556912,0.21616605952299128,0.40812354009862445,0.31487785342410896,7706,9988,3145.0,4561.0,6843.0,False,0.7715258309971966,182,1.8000000000000007
mzehra2,0,test,mzehra2,20_D_2-6_WL_Bruise_A244A_2026-04-04_DSC_0400,0.9093271212256966,0.8337303869218763,0.9301622216112181,0.8894049601261941,10911,11411,10149.0,762.0,1262.0,False,0.9561826307948471,20,1.8000000000000007
mzehra2,0,test,mzehra2,20_D_2-6_WL_Bruise_OC_A244A_2026-04-04_DSC_0403,0.9287469287469288,0.8669724770642202,0.9859550561797753,0.8778135048231511,19936,22392,19656.0,280.0,2736.0,False,0.8903179707038228,20,1.8000000000000007
mzehra2,0,test,mzehra2,20_D_2-6_WL_Bruise_OC_A244A_2026-04-04_DSC_0404,0.8956496543731115,0.8110194902548725,0.9804703430150891,0.8243361651872452,22069,26249,21638.0,431.0,4611.0,False,0.8407558383176502,20,1.8000000000000007
mzehra2,0,test,mzehra2,226_A_2-4_WL_Bruise_A244A_2026-03-06_DSC_3569,0.6954427565765098,0.533087191138881,0.5962515883100381,0.8342222222222222,3148,2250,1877.0,1271.0,373.0,False,1.3991111111111112,226,1.8000000000000007
mzehra2,0,test,mzehra2,226_A_2-4_WL_Bruise_A244A_2026-03-06_DSC_3570,0.6620443740095087,0.4948178856973645,0.512105424456022,0.9361344537815126,3263,1785,1670.9999999999998,1592.0000000000002,114.00000000000023,False,1.8280112044817927,226,1.8000000000000007
mzehra2,0,test,mzehra2,226_A_2-4_WL_Bruise_A244A_2026-03-06_DSC_3571,0.4218190223044031,0.26728178090216753,0.43452380952380953,0.4098360655737705,4200,4453,1825.0,2375.0,2628.0,False,0.9431843700875814,226,1.8000000000000007
mzehra2,0,test,mzehra2,226_A_2-4_WL_Bruise_OC_A244A_2026-03-06_DSC_3573,0.8032333546054031,0.6711695698542481,0.6848023213638013,0.9711934156378601,2757,1944,1888.0,869.0,56.0,False,1.4182098765432098,226,1.8000000000000007
mzehra2,0,test,mzehra2,226_A_2-4_WL_Bruise_OC_A244A_2026-03-06_DSC_3574,0.7960047401388184,0.6611361079865017,0.9991500212494687,0.6615081598199212,2353,3554,2351.0,2.0,1203.0,False,0.6620709060213844,226,1.8000000000000007
mzehra2,0,test,mzehra2,226_C_2-4_WL_Bruise_A244A_2026-03-06_DSC_3610,0.9003199606202313,0.8187108325872874,0.8948140900195695,0.9058940069341258,4088,4038,3658.0,430.0,380.0,False,1.0123823675086676,226,1.8000000000000007
mzehra2,0,test,mzehra2,226_C_2-4_WL_Bruise_A244A_2026-03-06_DSC_3611,0.871845204711161,0.7728063634103902,0.9347564642212868,0.8168681029952706,3326,3806,3109.0,217.0,697.0,False,0.8738833420914346,226,1.8000000000000007
mzehra2,0,test,mzehra2,226_C_2-4_WL_Bruise_A244A_2026-03-06_DSC_3612,0.9335019877123238,0.8752965096577431,0.9261384008605235,0.940983606557377,2789,2745,2583.0,206.0,162.0,False,1.0160291438979963,226,1.8000000000000007
mzehra2,0,test,mzehra2,226_C_2-4_WL_Bruise_OC_A244A_2026-03-06_DSC_3614,0.9178185473737119,0.8481189038550859,0.9385762014906194,0.8979591836734694,3891,4067,3652.0,239.0,415.0,False,0.956724858618146,226,1.8000000000000007
mzehra2,0,test,mzehra2,226_C_2-4_WL_Bruise_OC_A244A_2026-03-06_DSC_3615,0.8451680988994422,0.7318537859007833,0.9908094733121244,0.7368559411146162,2829,3804,2803.0,26.0,1001.0,False,0.7436908517350158,226,1.8000000000000007
mzehra2,0,test,mzehra2,228_B_2-4_WL_Bruise_A244A_2026-03-06_DSC_3718,0.8635253054101222,0.7598280098280098,1.0,0.7598280098280098,2474,3256,2474.0,0.0,782.0,False,0.7598280098280098,228,1.8000000000000007
mzehra2,0,test,mzehra2,228_B_2-4_WL_Bruise_A244A_2026-03-06_DSC_3719,0.900408580183861,0.8188574082675337,0.8913043478260869,0.9097007223942208,1978,1938,1763.0,215.0,175.0,False,1.020639834881321,228,1.8000000000000007
mzehra2,0,test,mzehra2,228_B_2-4_WL_Bruise_A244A_2026-03-06_DSC_3720,0.8178510793111812,0.6918342224045958,0.9020866773675762,0.7480035492457853,1869,2254,1686.0,183.0,568.0,False,0.8291925465838509,228,1.8000000000000007
mzehra2,0,test,mzehra2,228_B_2-4_WL_Bruise_A244A_2026-03-06_DSC_3721,0.7827655310621242,0.6430688179124135,0.7350395182536695,0.8371195885126447,2657,2333,1953.0,704.0,380.0,False,1.138876982426061,228,1.8000000000000007
mzehra2,0,test,mzehra2,228_B_2-4_WL_Bruise_OC_A244A_2026-03-06_DSC_3723,0.8015085351329893,0.6687644915534945,0.7254761049227453,0.8953436807095344,2783,2255,2019.0,764.0,236.0,False,1.2341463414634146,228,1.8000000000000007
mzehra2,0,test,mzehra2,228_B_2-4_WL_Bruise_OC_A244A_2026-03-06_DSC_3724,0.7531509375960652,0.604043392504931,0.9155455904334828,0.639686684073107,2676,3830,2450.0,226.0,1380.0,False,0.6986945169712794,228,1.8000000000000007
mzehra2,0,test,mzehra2,232_A_2-4_WL_Bruise_A244A_2026-03-06_DSC_3868,0.4676135791276317,0.3051538259268998,0.3514536644457904,0.6984652422509781,6604,3323,2321.0,4283.0,1002.0,False,1.987360818537466,232,1.8000000000000007
mzehra2,0,test,mzehra2,232_A_2-4_WL_Bruise_A244A_2026-03-06_DSC_3869,0.7323613642280656,0.5777367015814335,0.6005550811272417,0.938292194796531,4684,2998,2813.0,1871.0,185.0,False,1.562374916611074,232,1.8000000000000007
mzehra2,0,test,mzehra2,232_A_2-4_WL_Bruise_A244A_2026-03-06_DSC_3870,0.0,0.0,0.0,0.0,449,4524,0.0,449.0,4524.0,True,0.09924845269672856,232,1.8000000000000007
mzehra2,0,test,mzehra2,232_A_2-4_WL_Bruise_OC_A244A_2026-03-06_DSC_3876,0.7957292506043513,0.6607561057209769,0.9969712266532055,0.6620851491786792,3962,5966,3950.0,12.0,2016.0,False,0.6640965471002347,232,1.8000000000000007
mzehra2,0,test,mzehra2,232_A_2-4_WL_Bruise_OC_A244A_2026-03-06_DSC_3877,0.8246142933144175,0.7015691007845504,0.7428115015974441,0.9266640095655639,6260,5018,4650.0,1610.0,368.0,False,1.2475089677162217,232,1.8000000000000007
mzehra2,0,test,mzehra2,233_B_2-4_WL_Bruise_A244A_2026-03-06_DSC_4197,0.578252957233849,0.40672,0.9894900739587388,0.4084846537040013,5138,12446,5084.0,54.0,7362.0,False,0.4128233970753656,233,1.8000000000000007
mzehra2,0,test,mzehra2,233_B_2-4_WL_Bruise_A244A_2026-03-06_DSC_4199,0.43301082847440253,0.2763330062152437,0.8060591603053435,0.2960140166447657,4192,11415,3379.0,813.0,8036.0,False,0.3672360928602716,233,1.8000000000000007
mzehra2,0,test,mzehra2,233_B_2-4_WL_Bruise_OC_A244A_2026-03-06_DSC_4201,0.4224003330904549,0.26774874637107415,0.9172694394213382,0.27437457741717375,4424,14790,4058.0,366.0,10732.0,False,0.2991210277214334,233,1.8000000000000007
mzehra2,0,test,mzehra2,235_A_2-4_WL_Bruise_A244A_2026-03-08_DSC_4349,0.7556535139590725,0.607269375882031,0.9527359812028376,0.6261321455085375,22131,33675,21085.0,1046.0,12590.0,False,0.6571937639198219,235,1.8000000000000007
mzehra2,0,test,mzehra2,235_A_2-4_WL_Bruise_A244A_2026-03-08_DSC_4350,0.6784937966090359,0.5134246020699952,0.9179296928018821,0.5381269395008355,22103,37703,20289.0,1814.0,17414.0,False,0.5862398217648463,235,1.8000000000000007
mzehra2,0,test,mzehra2,235_A_2-4_WL_Bruise_A244A_2026-03-08_DSC_4351,0.8336103510880405,0.7146928574560442,0.9811593330524289,0.7246376811594203,16613,22494,16300.0,313.0,6194.0,False,0.7385525028896595,235,1.8000000000000007
mzehra2,0,test,mzehra2,235_A_2-4_WL_Bruise_OC_A244A_2026-03-08_DSC_4353,0.796297024254098,0.6615394663792822,1.0,0.6615394663792822,20257,30621,20257.0,0.0,10364.0,False,0.6615394663792822,235,1.8000000000000007
mzehra2,0,test,mzehra2,235_A_2-4_WL_Bruise_OC_A244A_2026-03-08_DSC_4354,0.7114157994239977,0.5520910462086933,0.9971272907379891,0.552970582580273,20190,36407,20132.0,58.0,16275.0,False,0.5545636828082512,235,1.8000000000000007
mzehra2,0,test,mzehra2,236_C_2-4_WL_Bruise_A244A_2026-03-08_DSC_4462,0.20821863940228078,0.11620761549434873,0.3121591746499632,0.15620620989748507,6785,13559,2118.0,4667.0,11441.0,False,0.5004056346338226,236,1.8000000000000007
mzehra2,0,test,mzehra2,236_C_2-4_WL_Bruise_A244A_2026-03-08_DSC_4463,0.13377204256850547,0.07168044077134986,0.3116167664670659,0.08516627389368944,4175,15276,1301.0,2874.0,13975.0,False,0.2733045299816706,236,1.8000000000000007
mzehra2,0,test,mzehra2,236_C_2-4_WL_Bruise_A244A_2026-03-08_DSC_4464,0.02434077079107505,0.012320328542094456,0.03210412147505423,0.019600918241214904,6915,11326,222.0,6693.0,11104.0,False,0.6105421154864913,236,1.8000000000000007
mzehra2,0,test,mzehra2,236_C_2-4_WL_Bruise_OC_A244A_2026-03-08_DSC_4467,0.1522171522171522,0.08237826885328943,0.198990516977669,0.12324744221295945,6538,10556,1301.0,5237.0,9255.0,False,0.6193633952254642,236,1.8000000000000007
mzehra2,0,test,mzehra2,236_C_2-4_WL_Bruise_OC_A244A_2026-03-08_DSC_4468,0.0980469262026478,0.05155065472088215,0.18667332168704767,0.06648297929072972,4007,11251,748.0,3259.0,10503.0,False,0.3561461203448582,236,1.8000000000000007
mzehra2,0,test,mzehra2,236_E_2-4_WL_Bruise_OC_A244A_2026-02-26_DSC_5722,0.6693074716568774,0.502976801478136,0.54858934169279,0.8581436077057794,4466,2855,2450.0,2016.0,405.0,False,1.5642732049036778,236,1.8000000000000007
mzehra2,0,test,mzehra2,237_AC_2-5_WL_Bruise_A244A_2026-02-16_DSC_7084,0.4011797922758899,0.2509223928605216,0.6353401469179176,0.29314028882994403,12524,27144,7957.0,4567.0,19187.0,False,0.4613910993221338,237,1.8000000000000007
mzehra2,0,test,mzehra2,237_AC_2-5_WL_Bruise_A244A_2026-02-16_DSC_7085,0.5068868635647228,0.33948322548074716,0.8048966267682264,0.36992398479695937,9190,19996,7397.0,1793.0,12599.0,False,0.45959191838367675,237,1.8000000000000007
mzehra2,0,test,mzehra2,237_AC_2-5_WL_Bruise_A244A_2026-02-16_DSC_7086,0.7481879647144757,0.5976839522427362,0.9747694109609096,0.6070755577168562,20491,32902,19974.0,517.0,12928.0,False,0.6227888882134824,237,1.8000000000000007
mzehra2,0,test,mzehra2,237_AC_2-5_WL_Bruise_OC_A244A_2026-02-16_DSC_7088,0.8313699867402041,0.7114056436229691,0.9829145271958922,0.7203130203130204,22007,30030,21631.0,376.0,8399.0,False,0.7328338328338329,237,1.8000000000000007
mzehra2,0,test,mzehra2,237_AC_2-5_WL_Bruise_OC_A244A_2026-02-16_DSC_7089,0.7636664919429837,0.6176864793894801,0.9673577793008911,0.6308349861720256,23344,35797,22582.0,762.0,13215.0,False,0.6521216861748191,237,1.8000000000000007
mzehra2,0,test,mzehra2,237_AD_2-5_WL_Bruise_A244A_2026-02-16_DSC_7116,0.5661131878640354,0.3948102340244938,0.9713603818615751,0.39946018893387314,6704,16302,6511.999999999999,192.0000000000009,9790.0,False,0.41123788492209545,237,1.8000000000000007
mzehra2,0,test,mzehra2,237_AD_2-5_WL_Bruise_A244A_2026-02-16_DSC_7117,0.8371206734734506,0.7198689101936999,0.9834937182571505,0.728672575134921,14964,20197,14717.0,247.0,5480.0,False,0.7409021141753726,237,1.8000000000000007
mzehra2,0,test,mzehra2,237_AD_2-5_WL_Bruise_A244A_2026-02-16_DSC_7118,0.6926911955329544,0.5298604225459538,0.8900704676489429,0.5669631926875051,7805,12253,6947.0,858.0,5306.0,False,0.6369868603607279,237,1.8000000000000007
mzehra2,0,test,mzehra2,237_AD_2-5_WL_Bruise_OC_A244A_2026-02-16_DSC_7120,0.8076607746040074,0.6773749931239342,0.9517699799041583,0.7014525776132156,12938,17555,12314.0,624.0,5241.0,False,0.7369980062660211,237,1.8000000000000007
mzehra2,0,test,mzehra2,237_AD_2-5_WL_Bruise_OC_A244A_2026-02-16_DSC_7121,0.8091691280339026,0.6794996225601208,0.9780364765230889,0.6900290204238076,12885,18263,12602.0,283.0,5661.0,False,0.7055248316267864,237,1.8000000000000007
mzehra2,0,test,mzehra2,237_AE_2-5_WL_Bruise_A244A_2026-02-16_DSC_7217,0.6608407079646018,0.4934743102593755,0.9604501607717042,0.5037099494097808,3110,5930,2987.0,123.0,2943.0,False,0.524451939291737,237,1.8000000000000007
mzehra2,0,test,mzehra2,237_AE_2-5_WL_Bruise_A244A_2026-02-16_DSC_7218,0.8463055681990593,0.7335612835349816,0.9992834109638122,0.7339473684210527,2791,3800,2789.0,2.0,1011.0,False,0.7344736842105263,237,1.8000000000000007
mzehra2,0,test,mzehra2,237_AE_2-5_WL_Bruise_A244A_2026-02-16_DSC_7219,0.8325559701492538,0.7131442269276868,0.9994400895856663,0.7134292565947242,3572,5004,3570.0,2.0,1434.0,False,0.7138289368505196,237,1.8000000000000007
mzehra2,0,test,mzehra2,237_AE_2-5_WL_Bruise_OC_A244A_2026-02-16_DSC_7221,0.7597402597402597,0.612565445026178,0.9531568228105907,0.631578947368421,3437,5187,3276.0,161.0,1911.0,False,0.6626180836707153,237,1.8000000000000007
mzehra2,0,test,mzehra2,237_AE_2-5_WL_Bruise_OC_A244A_2026-02-16_DSC_7222,0.0,0.0,0.0,0.0,2452,3693,0.0,2452.0,3693.0,True,0.6639588410506363,237,1.8000000000000007
mzehra2,0,test,mzehra2,237_B_2-4_WL_Bruise_A244A_2026-03-08_DSC_4584,0.8171889838556505,0.6908871938980329,0.9469050894085282,0.7187304238880768,18175,23945,17210.0,965.0,6735.0,False,0.7590311129672166,237,1.8000000000000007
mzehra2,0,test,mzehra2,237_B_2-4_WL_Bruise_A244A_2026-03-08_DSC_4587,0.7705945117780635,0.6268025636460745,0.907936303268648,0.6693441064638783,15511,21040,14083.0,1428.0,6957.0,False,0.7372148288973384,237,1.8000000000000007
mzehra2,0,test,mzehra2,237_B_2-4_WL_Bruise_A244A_2026-03-08_DSC_4588,0.8363073413183411,0.7186668533818793,0.8594875230279685,0.8143446524912726,17913,18906,15396.0,2517.0,3510.0,False,0.9474769914312916,237,1.8000000000000007
mzehra2,0,test,mzehra2,237_B_2-4_WL_Bruise_OC_A244A_2026-03-08_DSC_4591,0.5860649921952604,0.41449217181854675,0.9623300970873786,0.42132825517733874,12875,29407,12390.0,485.0,17017.0,False,0.4378209269901724,237,1.8000000000000007
mzehra2,0,test,mzehra2,237_B_2-4_WL_Bruise_OC_A244A_2026-03-08_DSC_4592,0.7948289370592844,0.6595154509599965,0.9559017526226522,0.6802109874390952,15919,22371,15217.0,702.0,7154.0,False,0.7115908989316526,237,1.8000000000000007
mzehra2,0,test,mzehra2,237_C_2-4_WL_Bruise_A244A_2026-03-08_DSC_4608,0.6496625471119292,0.48111125535505644,0.9062232546766108,0.5063187376186898,8179,14639,7412.0,767.0,7227.0,False,0.558713026846096,237,1.8000000000000007
mzehra2,0,test,mzehra2,237_C_2-4_WL_Bruise_A244A_2026-03-08_DSC_4609,0.7234828090146912,0.566763075439865,0.8487637610539613,0.6304289544235925,5541,7460,4703.0,838.0,2757.0,False,0.7427613941018767,237,1.8000000000000007
mzehra2,0,test,mzehra2,237_C_2-4_WL_Bruise_A244A_2026-03-08_DSC_4610,0.629108276252121,0.4589044235617694,0.8636128364389234,0.49476129287338144,11592,20234,10011.0,1581.0,10223.0,False,0.5728971038845507,237,1.8000000000000007
mzehra2,0,test,mzehra2,237_C_2-4_WL_Bruise_OC_A244A_2026-03-08_DSC_4613,0.589675576412977,0.41811342592592593,0.8000221459417561,0.46691223988626085,9031,15474,7225.0,1806.0,8249.0,False,0.583624143724958,237,1.8000000000000007
mzehra2,0,test,mzehra2,237_C_2-4_WL_Bruise_OC_A244A_2026-03-08_DSC_4615,0.7024332655604382,0.5413465426607359,0.8493259318001586,0.5988593155893536,6305,8942,5355.0,950.0,3587.0,False,0.7050995303064191,237,1.8000000000000007
mzehra2,0,test,mzehra2,237_E_2-4_WL_Bruise_A244A_2026-03-08_DSC_4651,0.8802533681882164,0.7861183442578792,0.9525622891959525,0.8181478366507803,9191,10701,8755.0,436.0,1946.0,False,0.8588916923651995,237,1.8000000000000007
mzehra2,0,test,mzehra2,237_E_2-4_WL_Bruise_A244A_2026-03-08_DSC_4652,0.7634975263497527,0.6174654257632426,0.9531417830290011,0.6367958378184427,7448,11148,7099.0,349.0,4049.0,False,0.6681019016864012,237,1.8000000000000007
mzehra2,0,test,mzehra2,237_E_2-4_WL_Bruise_A244A_2026-03-08_DSC_4653,0.7186494026754418,0.5608530594015185,0.9958366375892149,0.5621712367095691,5044,8935,5023.0,21.0,3912.0,False,0.5645215444879687,237,1.8000000000000007
mzehra2,0,test,mzehra2,237_E_2-4_WL_Bruise_OC_A244A_2026-03-08_DSC_4656,0.8509786476868327,0.740611691831204,0.9886304909560724,0.7469738383443967,5805,7683,5739.0,66.0,1944.0,False,0.7555642327215931,237,1.8000000000000007
mzehra2,0,test,mzehra2,237_E_2-4_WL_Bruise_OC_A244A_2026-03-08_DSC_4657,0.8140622715977196,0.6864291877234069,0.9955309259921344,0.6885509396636993,5594,8088,5569.0,25.0,2519.0,False,0.6916419386745796,237,1.8000000000000007
mzehra2,0,test,mzehra2,237_J_2-4_WL_Bruise_A244A_2026-02-26_DSC_5578,0.7504272113272031,0.6005470174524615,0.8668922729836436,0.6615494978479196,10638,13940,9222.0,1416.0,4718.0,False,0.7631276901004305,237,1.8000000000000007
mzehra2,0,test,mzehra2,237_J_2-4_WL_Bruise_A244A_2026-02-26_DSC_5579,0.43443692154792224,0.2774956356133947,0.6407108831073653,0.3286345268301851,5458,10641,3497.0,1961.0,7144.0,False,0.5129217178836576,237,1.8000000000000007
mzehra2,0,test,mzehra2,237_J_2-4_WL_Bruise_A244A_2026-02-26_DSC_5580,0.710671423937723,0.5511949685534592,0.9175041876046901,0.5799364743250397,7164,11334,6573.0,591.0,4761.0,False,0.6320804658549497,237,1.8000000000000007
mzehra2,0,test,mzehra2,237_J_2-4_WL_Bruise_OC_A244A_2026-02-26_DSC_5582,0.8773913436750939,0.7815647409556039,0.8965708475829559,0.8590152320226709,10819,11292,9700.0,1119.0,1592.0,False,0.9581119376549769,237,1.8000000000000007
mzehra2,0,test,mzehra2,237_J_2-4_WL_Bruise_OC_A244A_2026-02-26_DSC_5583,0.6856041131105398,0.5216115783297477,0.9072971593808471,0.5509761388286334,5879,9681,5334.0,545.0,4347.0,False,0.6072719760355335,237,1.8000000000000007
mzehra2,0,test,mzehra2,237_N_2-4_WL_Bruise_A244A_2026-02-26_DSC_5858,0.45124977304363617,0.2913638139898398,0.8078006500541712,0.31306684581793753,4615,11908,3728.0,887.0,8180.0,False,0.3875545851528384,237,1.8000000000000007
mzehra2,0,test,mzehra2,237_N_2-4_WL_Bruise_A244A_2026-02-26_DSC_5859,0.6058737151248165,0.43459026753739205,1.0,0.43459026753739205,2063,4747,2063.0,0.0,2684.0,False,0.43459026753739205,237,1.8000000000000007
mzehra2,0,test,mzehra2,237_N_2-4_WL_Bruise_A244A_2026-02-26_DSC_5860,0.8559252581544009,0.7481375358166189,0.8585991450180862,0.8532679738562091,3041,3060,2611.0,430.0,449.0,False,0.9937908496732026,237,1.8000000000000007
mzehra2,0,test,mzehra2,237_N_2-4_WL_Bruise_OC_A244A_2026-02-26_DSC_5862,0.7268820285079866,0.5709463260942951,0.7320732938969846,0.7217638691322902,6931,7030,5074.0,1857.0,1956.0,False,0.9859174964438122,237,1.8000000000000007
mzehra2,0,test,mzehra2,237_N_2-4_WL_Bruise_OC_A244A_2026-02-26_DSC_5863,0.7977179709785439,0.6635031978543429,0.6905733304702598,0.9442160892542572,4657,3406,3216.0,1441.0,190.0,False,1.3672930123311802,237,1.8000000000000007
mzehra2,0,test,mzehra2,237_S_2-4_WL_Bruise_A244A_2026-02-27_DSC_6307,0.704131245339299,0.5433661725439647,0.9829280479680214,0.5485430125017428,12008,21517,11803.0,205.0,9714.0,False,0.5580703629688154,237,1.8000000000000007
mzehra2,0,test,mzehra2,237_S_2-4_WL_Bruise_A244A_2026-02-27_DSC_6308,0.7727897808880604,0.629712635091389,0.9688888888888889,0.6427082803842831,13050,19673,12644.0,406.0,7029.0,False,0.6633457022314848,237,1.8000000000000007
mzehra2,0,test,mzehra2,237_S_2-4_WL_Bruise_A244A_2026-02-27_DSC_6309,0.5640643492745364,0.39282007448562184,0.9990683229813665,0.39296402614059733,6440,16373,6434.0,6.0,9939.0,False,0.39333048311244123,237,1.8000000000000007
mzehra2,0,test,mzehra2,237_S_2-4_WL_Bruise_OC_A244A_2026-02-27_DSC_6311,0.7030447602955306,0.5420732641904664,0.9691267811472415,0.5515986482973746,10948,19235,10610.0,338.0,8625.0,False,0.5691707824278659,237,1.8000000000000007
mzehra2,0,test,mzehra2,237_S_2-4_WL_Bruise_OC_A244A_2026-02-27_DSC_6312,0.5475660983444527,0.37699897924464104,0.9366018596787827,0.38687150837988826,5915,14320,5540.0,375.0,8780.0,False,0.4130586592178771,237,1.8000000000000007
mzehra2,0,test,mzehra2,237_Z_2-5_WL_Bruise_A244A_2026-02-16_DSC_7025,0.7795325697095916,0.6387164051760914,0.9390243902439024,0.6663534764118287,14350,20222,13475.0,875.0,6747.0,False,0.709623182672337,237,1.8000000000000007
mzehra2,0,test,mzehra2,237_Z_2-5_WL_Bruise_A244A_2026-02-16_DSC_7026,0.7489477959093258,0.59865431151508,0.9931459904043866,0.6011379126414983,10213,16873,10143.0,70.0,6730.0,False,0.605286552480294,237,1.8000000000000007
mzehra2,0,test,mzehra2,237_Z_2-5_WL_Bruise_A244A_2026-02-16_DSC_7027,0.8017251036182368,0.6690660932971861,0.9460048906219021,0.6956310443699276,15131,20577,14314.0,817.0,6263.0,False,0.735335568838995,237,1.8000000000000007
mzehra2,0,test,mzehra2,237_Z_2-5_WL_Bruise_OC_A244A_2026-02-16_DSC_7030,0.793572706363404,0.6577874278451518,0.9719092331768389,0.6705355214856402,12780,18524,12421.0,359.0,6103.0,False,0.6899157849276614,237,1.8000000000000007
mzehra2,0,test,mzehra2,247_A_2-4_WL_Bruise_A244A_2026-02-27_DSC_6202,0.7830179972311953,0.6434096769300773,0.6602334630350195,0.9619047619047619,6425,4410,4242.0,2183.0,168.0,False,1.4569160997732427,247,1.8000000000000007
mzehra2,0,test,mzehra2,247_A_2-4_WL_Bruise_A244A_2026-02-27_DSC_6203,0.856441430909516,0.7489265998773257,0.791486603284356,0.9330106979113602,4628,3926,3663.0,965.0,263.0,False,1.1788079470198676,247,1.8000000000000007
mzehra2,0,test,mzehra2,247_A_2-4_WL_Bruise_A244A_2026-02-27_DSC_6204,0.827354690197583,0.7055455586455096,0.7177566982859045,0.9764546071994566,6009,4417,4313.0,1696.0,104.0,False,1.3604256282544713,247,1.8000000000000007
mzehra2,0,test,mzehra2,247_A_2-4_WL_Bruise_OC_A244A_2026-02-27_DSC_6206,0.8237532545563789,0.7003235143878768,0.7003235143878768,1.0,5873,4113,4113.0,1760.0,0.0,False,1.4279115001215659,247,1.8000000000000007
mzehra2,0,test,mzehra2,247_A_2-4_WL_Bruise_OC_A244A_2026-02-27_DSC_6207,0.8808552539035026,0.7870789341377576,0.8573384446878423,0.9056985825860573,3652,3457,3131.0,521.0,326.0,False,1.0564072895574197,247,1.8000000000000007
mzehra2,0,test,mzehra2,250_A_2-4_WL_Bruise_A244A_2026-02-27_DSC_6537,0.907759547836434,0.831098634040057,0.9954331024791729,0.834279705573081,19926,23775,19835.0,91.0,3940.0,False,0.8381072555205047,250,1.8000000000000007
mzehra2,0,test,mzehra2,250_A_2-4_WL_Bruise_A244A_2026-02-27_DSC_6538,0.861027559729049,0.7559687392648574,1.0,0.7559687392648574,17605,23288,17605.0,0.0,5683.0,False,0.7559687392648574,250,1.8000000000000007
mzehra2,0,test,mzehra2,250_A_2-4_WL_Bruise_OC_A244A_2026-02-27_DSC_6541,0.8769469607792961,0.7808597903691327,0.9920487880191446,0.7857776147237764,25908,32709,25702.0,206.0,7007.0,False,0.7920755755296708,250,1.8000000000000007
mzehra2,0,test,mzehra2,250_A_2-4_WL_Bruise_OC_A244A_2026-02-27_DSC_6542,0.9177827787366996,0.8480578212064928,0.9951198711266939,0.8515995620970684,21106,24663,21003.0,103.0,3660.0,False,0.8557758585735717,250,1.8000000000000007
mzehra2,0,test,mzehra2,250_A_2-4_WL_Bruise_OC_A244A_2026-02-27_DSC_6543,0.9315118103899239,0.8718035626859488,0.9853573404843996,0.8832462131328933,23493,26209,23149.0,344.0,3060.0,False,0.8963714754473654,250,1.8000000000000007
mzehra2,0,test,mzehra2,254_A_2-5_WL_Bruise_A244A_2026-02-16_DSC_6925,0.8154761904761905,0.6884422110552764,0.6884422110552764,1.0,1393,959,959.0,434.0,0.0,False,1.4525547445255473,254,1.8000000000000007
mzehra2,0,test,mzehra2,254_A_2-5_WL_Bruise_A244A_2026-02-16_DSC_6926,0.8902482907520691,0.8022049286640727,0.8213811420982736,0.9717203456402199,1506,1273,1237.0,269.0,36.0,False,1.183032207384132,254,1.8000000000000007
mzehra2,0,test,mzehra2,254_A_2-5_WL_Bruise_A244A_2026-02-16_DSC_6927,0.8853838065194533,0.7943396226415095,0.8057416267942584,0.9824970828471412,1045,857,842.0,203.0,15.0,False,1.2193698949824971,254,1.8000000000000007
mzehra2,0,test,mzehra2,254_A_2-5_WL_Bruise_OC_A244A_2026-02-16_DSC_6930,0.652574942352037,0.484312606959498,0.484312606959498,1.0,1753,849,849.0000000000001,903.9999999999999,-1.1368683772161603e-13,False,2.0647820965842167,254,1.8000000000000007
mzehra2,0,test,mzehra2,254_A_2-5_WL_Bruise_OC_A244A_2026-02-16_DSC_6931,0.40985529917872504,0.25774717166748645,0.27521008403361347,0.8024502297090352,1904,653,524.0,1380.0,129.0,False,2.915773353751914,254,1.8000000000000007
mzehra2,0,test,mzehra2,254_B_2-5_WL_Bruise_A244A_2026-02-16_DSC_6954,0.34273595993663447,0.20680830069994757,0.9572312083729781,0.20873705832313214,21020,96394,20121.0,899.0,76273.0,False,0.21806336493972653,254,1.8000000000000007
mzehra2,0,test,mzehra2,254_B_2-5_WL_Bruise_A244A_2026-02-16_DSC_6955,0.28835099931445446,0.16846386098958654,0.9760364139408273,0.16916354074016784,22409,129295,21872.0,537.0,107423.0,False,0.1733168335975869,254,1.8000000000000007
mzehra2,0,test,mzehra2,254_B_2-5_WL_Bruise_A244A_2026-02-16_DSC_6956,0.3453408752604942,0.2087081684059014,0.9763779527559056,0.20976736589121964,18415,85714,17980.0,435.0,67734.0,False,0.21484238280794268,254,1.8000000000000007
mzehra2,0,test,mzehra2,254_B_2-5_WL_Bruise_OC_A244A_2026-02-16_DSC_6960,0.3019694525758209,0.1778351119971854,0.951019128253371,0.17947898543005597,15945,84489,15163.999999999998,781.0000000000018,69325.0,False,0.1887227923161595,254,1.8000000000000007
mzehra2,0,test,mzehra2,254_B_2-5_WL_Bruise_OC_A244A_2026-02-16_DSC_6961,0.294676761244369,0.17279818543925649,0.9145743357001683,0.17563293363509846,13661,71137,12494.0,1167.0,58643.0,False,0.19203789870250362,254,1.8000000000000007
mzehra2,0,test,mzehra2,260_A_2-5_WL_Bruise_A244A_2026-02-17_DSC_7634,0.6295490793098448,0.4593736775285654,0.9422743055555556,0.47267581101676465,2304,4593,2171.0,133.0,2422.0,False,0.5016329196603527,260,1.8000000000000007
mzehra2,0,test,mzehra2,260_A_2-5_WL_Bruise_A244A_2026-02-17_DSC_7635,0.7441144791506386,0.5925018377848567,0.7394495412844037,0.7488386497367606,3270,3229,2418.0,852.0,811.0,False,1.0126974295447506,260,1.8000000000000007
mzehra2,0,test,mzehra2,260_A_2-5_WL_Bruise_A244A_2026-02-17_DSC_7636,0.8196573489630298,0.6944232238349886,0.8513893225101468,0.7902057374674007,3203,3451,2727.0,476.0,724.0,False,0.9281367719501594,260,1.8000000000000007
mzehra2,0,test,mzehra2,260_A_2-5_WL_Bruise_OC_A244A_2026-02-17_DSC_7638,0.8399048691951433,0.7239965472593871,0.7795074349442379,0.9104477611940298,4304,3685,3355.0,949.0,330.0,False,1.16797829036635,260,1.8000000000000007
mzehra2,0,test,mzehra2,260_A_2-5_WL_Bruise_OC_A244A_2026-02-17_DSC_7639,0.8787759905845429,0.7837648705388384,0.8995983935742972,0.8588957055214724,4980,5216,4480.0,500.0,736.0,False,0.9547546012269938,260,1.8000000000000007
mzehra2,0,test,mzehra2,285_F_2-6_WL_Bruise_A244A_2026-04-06_DSC_2339,0.4298051817634063,0.27372729598362755,0.7353951890034365,0.3036322360953462,1455,3524,1070.0,385.0,2454.0,False,0.412883087400681,285,1.8000000000000007
mzehra2,0,test,mzehra2,285_F_2-6_WL_Bruise_A244A_2026-04-06_DSC_2340,0.19148311306901616,0.10587853199090613,0.17276099629040806,0.2147562582345191,7548,6072,1304.0,6244.0,4768.0,False,1.243083003952569,285,1.8000000000000007
mzehra2,0,test,mzehra2,285_F_2-6_WL_Bruise_OC_A244A_2026-04-06_DSC_2343,0.1889353788935379,0.10432282575213062,0.10438713654577211,0.9941291585127201,9733,1022,1016.0,8717.0,6.0,False,9.523483365949119,285,1.8000000000000007
mzehra2,0,test,mzehra2,285_F_2-6_WL_Bruise_OC_A244A_2026-04-06_DSC_2344,0.32471812662619254,0.19382895009318699,0.3044397463002114,0.3478907266307378,6149,5381,1872.0,4277.0,3509.0,False,1.1427244006690207,285,1.8000000000000007
mzehra2,0,test,mzehra2,285_G_2-6_WL_Bruise_A244A_2026-05-29_DSC_3860,0.8700649675162418,0.7700132684652808,0.8629491945477076,0.8772990677752582,4035,3969,3482.0,553.0,487.0,False,1.0166288737717308,285,1.8000000000000007
mzehra2,0,test,mzehra2,285_G_2-6_WL_Bruise_A244A_2026-05-29_DSC_3861,0.8154299491025985,0.6883763003165988,0.8280739934711643,0.8031662269129287,3676,3790,3044.0,632.0,746.0,False,0.9699208443271767,285,1.8000000000000007
mzehra2,0,test,mzehra2,285_G_2-6_WL_Bruise_A244A_2026-05-29_DSC_3862,0.8077770576798444,0.6775385953468145,0.9034502754421572,0.7304266291608064,3449,4266,3116.0,333.0,1150.0,False,0.8084857008907642,285,1.8000000000000007
mzehra2,0,test,mzehra2,285_G_2-6_WL_Bruise_OC_A244A_2026-05-29_DSC_3864,0.8863569393969158,0.7959075674722174,0.8759464181712289,0.8970178926441352,5151,5030,4512.0,639.0,518.0,False,1.0240556660039761,285,1.8000000000000007
mzehra2,0,test,mzehra2,285_G_2-6_WL_Bruise_OC_A244A_2026-05-29_DSC_3865,0.8825708061002179,0.7898225775004875,0.8831480270329192,0.8819943392118441,4587,4593,4051.0,536.0,542.0,False,0.9986936642717178,285,1.8000000000000007
mzehra2,0,test,nmousta5,170_F_2-4_WL_Bruise_A244A_2026-03-05_DSC_1856,0.7044436372442184,0.5437383177570093,0.5829659318637275,0.889874579382074,4990,3269,2909.0,2081.0,360.0,False,1.5264606913429184,170,1.8000000000000007
mzehra2,0,test,nmousta5,170_F_2-4_WL_Bruise_OC_A244A_2026-03-05_DSC_1860,0.5058766925561894,0.33857760603551385,0.4219699575736727,0.6314344543582704,8721,5828,3679.9999999999995,5041.0,2148.0000000000005,False,1.4963967055593685,170,1.8000000000000007
mzehra2,0,test,nmousta5,182_Q_2-6_WL_Bruise_A244A_2026-04-06_DSC_2484,0.2057232457859663,0.11465524774971599,1.0,0.11465524774971599,1312,11443,1312.0,0.0,10131.0,False,0.11465524774971599,182,1.8000000000000007
mzehra2,0,test,nmousta5,182_Q_2-6_WL_Bruise_A244A_2026-04-06_DSC_2485,0.10054794520547945,0.052935237271022645,0.11295783317943983,0.090594914835843,3249,4051,367.0,2882.0,3684.0,False,0.80202419155764,182,1.8000000000000007
mzehra2,0,test,nmousta5,182_Q_2-6_WL_Bruise_A244A_2026-04-06_DSC_2486,0.28534303534303534,0.16641406486814186,0.9014778325123153,0.16949675825872182,1218,6478,1098.0,120.0,5380.0,False,0.18802099413399198,182,1.8000000000000007
mzehra2,0,test,nmousta5,182_Q_2-6_WL_Bruise_OC_A244A_2026-04-06_DSC_2488,0.3537661426985333,0.21489422121255147,0.39281079678172853,0.3217816519613054,7706,9407,3027.0,4679.0,6380.0,False,0.8191772084617838,182,1.8000000000000007
mzehra2,0,test,nmousta5,20_D_2-6_WL_Bruise_A244A_2026-04-04_DSC_0400,0.9506471341203243,0.9059365681756574,0.9188891943909816,0.9846788450206246,10911,10182,10026.0,885.0,156.0,False,1.071596935769004,20,1.8000000000000007
mzehra2,0,test,nmousta5,20_D_2-6_WL_Bruise_OC_A244A_2026-04-04_DSC_0403,0.9173465106521841,0.8473131243541164,0.9870585874799358,0.856831838369764,19936,22966,19678.0,258.0,3288.0,False,0.8680658364538884,20,1.8000000000000007
mzehra2,0,test,nmousta5,20_D_2-6_WL_Bruise_OC_A244A_2026-04-04_DSC_0404,0.943777554672836,0.8935405215522585,0.9797000317187005,0.9103962272095667,22069,23749,21621.0,448.0,2128.0,False,0.9292601793759737,20,1.8000000000000007
mzehra2,0,test,nmousta5,226_A_2-4_WL_Bruise_A244A_2026-03-06_DSC_3569,0.701688555347092,0.5404624277456648,0.5940279542566709,0.8570119156736938,3148,2182,1870.0,1278.0,312.0,False,1.4427131072410633,226,1.8000000000000007
mzehra2,0,test,nmousta5,226_A_2-4_WL_Bruise_A244A_2026-03-06_DSC_3570,0.7023971935295265,0.5413036948032443,0.5522525283481459,0.9646680942184154,3263,1868,1802.0000000000002,1460.9999999999998,65.99999999999977,False,1.7467880085653105,226,1.8000000000000007
mzehra2,0,test,nmousta5,226_A_2-4_WL_Bruise_A244A_2026-03-06_DSC_3571,0.45039085989176186,0.29064804035700426,0.3566666666666667,0.6109298531810766,4200,2452,1498.0,2702.0,954.0,False,1.7128874388254487,226,1.8000000000000007
mzehra2,0,test,nmousta5,226_A_2-4_WL_Bruise_OC_A244A_2026-03-06_DSC_3573,0.7968848663439276,0.6623512946116166,0.6866158868335147,0.9493480441323972,2757,1994,1893.0,864.0,101.0,False,1.3826479438314945,226,1.8000000000000007
mzehra2,0,test,nmousta5,226_A_2-4_WL_Bruise_OC_A244A_2026-03-06_DSC_3574,0.7350309704060565,0.5810663764961915,0.6808329791755207,0.7986041874376869,2353,2006,1602.0,751.0,404.0,False,1.1729810568295114,226,1.8000000000000007
mzehra2,0,test,nmousta5,226_C_2-4_WL_Bruise_A244A_2026-03-06_DSC_3610,0.6121201833305041,0.44104696673189825,0.44104696673189825,1.0,4088,1803,1802.9999999999998,2285.0,2.2737367544323206e-13,False,2.267332224070993,226,1.8000000000000007
mzehra2,0,test,nmousta5,226_C_2-4_WL_Bruise_A244A_2026-03-06_DSC_3611,0.7608776496838974,0.614045618247299,0.6151533373421527,0.9970760233918129,3326,2052,2046.0,1280.0,6.0,False,1.6208576998050683,226,1.8000000000000007
mzehra2,0,test,nmousta5,226_C_2-4_WL_Bruise_A244A_2026-03-06_DSC_3612,0.7540546545212176,0.605206847360913,0.6084618142703478,0.9912383177570093,2789,1712,1697.0000000000002,1091.9999999999998,14.999999999999773,False,1.629088785046729,226,1.8000000000000007
mzehra2,0,test,nmousta5,226_C_2-4_WL_Bruise_OC_A244A_2026-03-06_DSC_3614,0.6733480550365212,0.5075544174135723,0.5093806219480853,0.9929859719438878,3891,1996,1982.0,1909.0,14.0,False,1.9493987975951903,226,1.8000000000000007
mzehra2,0,test,nmousta5,226_C_2-4_WL_Bruise_OC_A244A_2026-03-06_DSC_3615,0.7784456848432804,0.6372583479789103,0.6408624955814776,0.9912520503007107,2829,1829,1813.0,1016.0,16.0,False,1.5467468562055768,226,1.8000000000000007
mzehra2,0,test,nmousta5,228_B_2-4_WL_Bruise_A244A_2026-03-06_DSC_3718,0.7937833449315704,0.6580769230769231,0.6915925626515764,0.9314099074578116,2474,1837,1711.0,763.0,126.0,False,1.34676102340773,228,1.8000000000000007
mzehra2,0,test,nmousta5,228_B_2-4_WL_Bruise_A244A_2026-03-06_DSC_3719,0.9096016343207355,0.834192037470726,0.9004044489383215,0.9189886480908153,1978,1938,1781.0,197.0,157.0,False,1.020639834881321,228,1.8000000000000007
mzehra2,0,test,nmousta5,228_B_2-4_WL_Bruise_A244A_2026-03-06_DSC_3720,0.7716362034794099,0.6281821441376838,0.9373996789727127,0.655688622754491,1869,2672,1752.0,117.0,920.0,False,0.6994760479041916,228,1.8000000000000007
mzehra2,0,test,nmousta5,228_B_2-4_WL_Bruise_A244A_2026-03-06_DSC_3721,0.854043392504931,0.7452667814113597,0.9777945050809184,0.7580974613364458,2657,3427,2598.0,59.0,829.0,False,0.7753136854391596,228,1.8000000000000007
mzehra2,0,test,nmousta5,228_B_2-4_WL_Bruise_OC_A244A_2026-03-06_DSC_3723,0.7427151569911904,0.5907294286740927,0.5907294286740927,1.0,2783,1644,1644.0,1139.0,0.0,False,1.6928223844282237,228,1.8000000000000007
mzehra2,0,test,nmousta5,228_B_2-4_WL_Bruise_OC_A244A_2026-03-06_DSC_3724,0.8911729141475212,0.8037077426390403,0.8262331838565022,0.9671916010498688,2676,2286,2211.0,465.0,75.0,False,1.1706036745406825,228,1.8000000000000007
mzehra2,0,test,nmousta5,232_A_2-4_WL_Bruise_A244A_2026-03-06_DSC_3868,0.4131217277486911,0.26033611712547683,0.3823440339188371,0.44928825622775803,6604,5620,2525.0,4079.0,3095.0,False,1.1750889679715302,232,1.8000000000000007
mzehra2,0,test,nmousta5,232_A_2-4_WL_Bruise_A244A_2026-03-06_DSC_3869,0.7756446452098626,0.6335126825518832,0.8798035866780529,0.6935375294513632,4684,5942,4121.0,563.0,1821.0,False,0.7882867721305957,232,1.8000000000000007
mzehra2,0,test,nmousta5,232_A_2-4_WL_Bruise_A244A_2026-03-06_DSC_3870,0.0,0.0,0.0,0.0,449,5901,0.0,449.0,5901.0,True,0.07608879850872734,232,1.8000000000000007
mzehra2,0,test,nmousta5,232_A_2-4_WL_Bruise_OC_A244A_2026-03-06_DSC_3876,0.7076263618503305,0.5475400773908237,1.0,0.5475400773908237,3962,7236,3962.0,0.0,3274.0,False,0.5475400773908237,232,1.8000000000000007
mzehra2,0,test,nmousta5,232_A_2-4_WL_Bruise_OC_A244A_2026-03-06_DSC_3877,0.8488680718188915,0.7374203173742032,0.8685303514376996,0.8300763358778626,6260,6550,5437.0,823.0,1113.0,False,0.9557251908396946,232,1.8000000000000007
mzehra2,0,test,nmousta5,233_B_2-4_WL_Bruise_A244A_2026-03-06_DSC_4197,0.6016530964717494,0.4302602558447287,0.9492020241339042,0.44040093913671663,5138,11074,4877.0,261.0,6197.0,False,0.4639696586599241,233,1.8000000000000007
mzehra2,0,test,nmousta5,233_B_2-4_WL_Bruise_A244A_2026-03-06_DSC_4199,0.5553107939852504,0.3843808008485813,0.6915553435114504,0.4639142262762042,4192,6249,2898.9999999999995,1293.0000000000005,3350.0000000000005,False,0.6708273323731797,233,1.8000000000000007
mzehra2,0,test,nmousta5,233_B_2-4_WL_Bruise_OC_A244A_2026-03-06_DSC_4201,0.44163695551077353,0.28339799064955734,0.6439873417721519,0.3360462373201227,4424,8478,2849.0,1575.0,5629.0,False,0.5218211842415664,233,1.8000000000000007
mzehra2,0,test,nmousta5,235_A_2-4_WL_Bruise_A244A_2026-03-08_DSC_4349,0.7873631321988909,0.6492983621936442,0.7505761149518775,0.8279419827543238,22131,20063,16611.0,5520.0,3452.0,False,1.103075312764791,235,1.8000000000000007
mzehra2,0,test,nmousta5,235_A_2-4_WL_Bruise_A244A_2026-03-08_DSC_4350,0.6763199369582348,0.5109391278464057,0.7765914129303715,0.5989810517500087,22103,28657,17165.0,4938.0,11492.0,False,0.7712949715601772,235,1.8000000000000007
mzehra2,0,test,nmousta5,235_A_2-4_WL_Bruise_A244A_2026-03-08_DSC_4351,0.8957407049423287,0.8111688160121375,0.8367543490037922,0.9636741767764299,16613,14425,13901.0,2712.0,524.0,False,1.151681109185442,235,1.8000000000000007
mzehra2,0,test,nmousta5,235_A_2-4_WL_Bruise_OC_A244A_2026-03-08_DSC_4353,0.8822840547123852,0.7893633963371192,0.9298020437379672,0.8393867819421543,20257,22439,18835.0,1422.0,3604.0,False,0.902758589954989,235,1.8000000000000007
mzehra2,0,test,nmousta5,235_A_2-4_WL_Bruise_OC_A244A_2026-03-08_DSC_4354,0.8356247526058846,0.7176593237240504,0.7842000990589401,0.8942671561705733,20190,17705,15833.0,4357.0,1872.0,False,1.1403558316859643,235,1.8000000000000007
mzehra2,0,test,nmousta5,236_C_2-4_WL_Bruise_A244A_2026-03-08_DSC_4462,0.44240687679083096,0.28403237674760856,0.2844509948415623,0.9948453608247423,6785,1940,1930.0,4855.0,10.0,False,3.497422680412371,236,1.8000000000000007
mzehra2,0,test,nmousta5,236_C_2-4_WL_Bruise_A244A_2026-03-08_DSC_4463,0.48608601373328514,0.3210790164717116,0.3221556886227545,0.9896983075791023,4175,1359,1345.0,2830.0,14.0,False,3.0721118469462843,236,1.8000000000000007
mzehra2,0,test,nmousta5,236_C_2-4_WL_Bruise_A244A_2026-03-08_DSC_4464,0.067838910947249,0.03511038046031,0.043239334779464934,0.15736842105263157,6915,1900,299.0,6616.0,1601.0,False,3.639473684210526,236,1.8000000000000007
mzehra2,0,test,nmousta5,236_C_2-4_WL_Bruise_OC_A244A_2026-03-08_DSC_4467,0.26768410852713176,0.15452384281918613,0.16901193025390027,0.6431897555296857,6538,1718,1105.0,5433.0,613.0,False,3.8055878928987195,236,1.8000000000000007
mzehra2,0,test,nmousta5,236_C_2-4_WL_Bruise_OC_A244A_2026-03-08_DSC_4468,0.20676429567642957,0.11530235271242466,0.14799101572248566,0.34297281665702717,4007,1729,593.0,3414.0,1136.0,False,2.3175245806824756,236,1.8000000000000007
mzehra2,0,test,nmousta5,236_E_2-4_WL_Bruise_OC_A244A_2026-02-26_DSC_5722,0.39178970111631256,0.24361845051500225,0.24361845051500225,1.0,4466,1088,1088.0,3378.0,0.0,False,4.104779411764706,236,1.8000000000000007
mzehra2,0,test,nmousta5,237_AC_2-5_WL_Bruise_A244A_2026-02-16_DSC_7084,0.3780104975011929,0.2330536029480073,0.6009262216544236,0.2757281553398058,12524,27295,7526.000000000001,4997.999999999999,19769.0,False,0.45883861513097635,237,1.8000000000000007
mzehra2,0,test,nmousta5,237_AC_2-5_WL_Bruise_A244A_2026-02-16_DSC_7085,0.5282979097136835,0.35897068652726055,0.8181719260065289,0.39009079118028533,9190,19275,7519.000000000001,1670.999999999999,11756.0,False,0.4767833981841764,237,1.8000000000000007
mzehra2,0,test,nmousta5,237_AC_2-5_WL_Bruise_A244A_2026-02-16_DSC_7086,0.7612634528929801,0.614548311076198,0.9544678151383534,0.6331088955069274,20491,30892,19558.0,933.0,11334.0,False,0.6633108895506927,237,1.8000000000000007
mzehra2,0,test,nmousta5,237_AC_2-5_WL_Bruise_OC_A244A_2026-02-16_DSC_7088,0.8683583805535025,0.7673439767779391,0.9609669650565729,0.7920302610389124,22007,26701,21148.0,859.0,5553.0,False,0.8242013407737538,237,1.8000000000000007
mzehra2,0,test,nmousta5,237_AC_2-5_WL_Bruise_OC_A244A_2026-02-16_DSC_7089,0.8581780338800131,0.7515865514447745,0.9537782727895819,0.7799964967595026,23344,28545,22265.0,1079.0,6280.0,False,0.8177964617270975,237,1.8000000000000007
mzehra2,0,test,nmousta5,237_AD_2-5_WL_Bruise_A244A_2026-02-16_DSC_7116,0.6231562330422772,0.4525976352561806,0.9421241050119332,0.46554138718950394,6704,13567,6316.0,388.0,7251.0,False,0.4941401931156483,237,1.8000000000000007
mzehra2,0,test,nmousta5,237_AD_2-5_WL_Bruise_A244A_2026-02-16_DSC_7117,0.8580753450205147,0.7514290380532419,0.9224137931034483,0.8021269177126917,14964,17208,13803.0,1161.0,3405.0,False,0.8695955369595537,237,1.8000000000000007
mzehra2,0,test,nmousta5,237_AD_2-5_WL_Bruise_A244A_2026-02-16_DSC_7118,0.6987297496318114,0.5369597510079932,0.9725816784112749,0.5452129569776628,7805,13923,7591.0,214.0,6332.0,False,0.5605832076420312,237,1.8000000000000007
mzehra2,0,test,nmousta5,237_AD_2-5_WL_Bruise_OC_A244A_2026-02-16_DSC_7120,0.8328541819883667,0.7135819442057627,0.9628226928427887,0.7338006597549481,12938,16976,12457.0,481.0,4519.0,False,0.7621347785108389,237,1.8000000000000007
mzehra2,0,test,nmousta5,237_AD_2-5_WL_Bruise_OC_A244A_2026-02-16_DSC_7121,0.8545099340189465,0.7459776032951474,0.8995731470702367,0.8137461387250772,12885,14244,11591.0,1294.0,2653.0,False,0.9045914069081719,237,1.8000000000000007
mzehra2,0,test,nmousta5,237_AE_2-5_WL_Bruise_A244A_2026-02-16_DSC_7217,0.8808848553601815,0.7871262037506336,0.9987138263665595,0.7879249112125825,3110,3942,3106.0,4.0,836.0,False,0.7889396245560629,237,1.8000000000000007
mzehra2,0,test,nmousta5,237_AE_2-5_WL_Bruise_A244A_2026-02-16_DSC_7218,0.7286255058086412,0.5731006160164271,1.0,0.5731006160164271,2791,4870,2791.0,0.0,2079.0,False,0.5731006160164271,237,1.8000000000000007
mzehra2,0,test,nmousta5,237_AE_2-5_WL_Bruise_A244A_2026-02-16_DSC_7219,0.7639678284182305,0.6180808606628492,0.9972004479283315,0.6191552233617243,3572,5753,3562.0,10.0,2191.0,False,0.620893446897271,237,1.8000000000000007
mzehra2,0,test,nmousta5,237_AE_2-5_WL_Bruise_OC_A244A_2026-02-16_DSC_7221,0.7249832850456875,0.5686068869078832,0.9464649403549608,0.5875022575401843,3437,5537,3253.0,184.0,2284.0,False,0.6207332490518331,237,1.8000000000000007
mzehra2,0,test,nmousta5,237_AE_2-5_WL_Bruise_OC_A244A_2026-02-16_DSC_7222,0.0,0.0,0.0,0.0,2452,4142,0.0,2452.0,4142.0,True,0.5919845485272816,237,1.8000000000000007
mzehra2,0,test,nmousta5,237_B_2-4_WL_Bruise_A244A_2026-03-08_DSC_4584,0.7973205866094365,0.6629535499918888,0.6745529573590097,0.9747177611702973,18175,12578,12260.0,5915.0,318.0,False,1.444983304181905,237,1.8000000000000007
mzehra2,0,test,nmousta5,237_B_2-4_WL_Bruise_A244A_2026-03-08_DSC_4587,0.8042094418074107,0.6725336943811927,0.704532267423119,0.9367392422424139,15511,11666,10928.0,4583.0,738.0,False,1.329590262300703,237,1.8000000000000007
mzehra2,0,test,nmousta5,237_B_2-4_WL_Bruise_A244A_2026-03-08_DSC_4588,0.725489511709888,0.5692299266075145,0.5801931558086306,0.9678711119389085,17913,10738,10393.0,7520.0,345.0,False,1.6681877444589308,237,1.8000000000000007
mzehra2,0,test,nmousta5,237_B_2-4_WL_Bruise_OC_A244A_2026-03-08_DSC_4591,0.7450043440486533,0.5936310141917619,0.6660194174757281,0.8452439625431247,12875,10145,8575.0,4300.0,1570.0,False,1.2690980778708723,237,1.8000000000000007
mzehra2,0,test,nmousta5,237_B_2-4_WL_Bruise_OC_A244A_2026-03-08_DSC_4592,0.7139798844771176,0.5551856272378918,0.5551856272378918,1.0,15919,8838,8838.0,7081.0,0.0,False,1.8011993663724826,237,1.8000000000000007
mzehra2,0,test,nmousta5,237_C_2-4_WL_Bruise_A244A_2026-03-08_DSC_4608,0.713897445189346,0.5550859397013244,0.7225822227656192,0.7054189544043925,8179,8378,5910.0,2269.0,2468.0,False,0.9762473143948437,237,1.8000000000000007
mzehra2,0,test,nmousta5,237_C_2-4_WL_Bruise_A244A_2026-03-08_DSC_4609,0.6842562432138979,0.5200528139957089,0.5686699151777658,0.8588171163804852,5541,3669,3150.9999999999995,2390.0000000000005,518.0000000000005,False,1.5102207686017988,237,1.8000000000000007
mzehra2,0,test,nmousta5,237_C_2-4_WL_Bruise_A244A_2026-03-08_DSC_4610,0.7236583641078023,0.566978576705245,0.7945134575569358,0.66440629057856,11592,13862,9210.0,2382.0,4652.0,False,0.8362429663829173,237,1.8000000000000007
mzehra2,0,test,nmousta5,237_C_2-4_WL_Bruise_OC_A244A_2026-03-08_DSC_4613,0.5926814637072585,0.42114236999147486,0.5470047613774776,0.6466815028145045,9031,7639,4939.999999999999,4091.000000000001,2699.000000000001,False,1.1822228040319414,237,1.8000000000000007
mzehra2,0,test,nmousta5,237_C_2-4_WL_Bruise_OC_A244A_2026-03-08_DSC_4615,0.6780089441959946,0.512869539638182,0.5530531324345758,0.8759105752323537,6305,3981,3487.0,2818.0,494.0,False,1.5837729213765386,237,1.8000000000000007
mzehra2,0,test,nmousta5,237_E_2-4_WL_Bruise_A244A_2026-03-08_DSC_4651,0.7736572059492108,0.6308653744306747,0.6480252420846481,0.9597164034805027,9191,6206,5956.0,3235.0,250.0,False,1.4809861424427972,237,1.8000000000000007
mzehra2,0,test,nmousta5,237_E_2-4_WL_Bruise_A244A_2026-03-08_DSC_4652,0.7580377596966585,0.6103549166772675,0.6441997851772288,0.9207445787756668,7448,5211,4798.0,2650.0,413.0,False,1.429284206486279,237,1.8000000000000007
mzehra2,0,test,nmousta5,237_E_2-4_WL_Bruise_A244A_2026-03-08_DSC_4653,0.7479403250946337,0.5973679530499734,0.66593973037272,0.8529710512950737,5044,3938,3359.0,1685.0,579.0,False,1.2808532249873033,237,1.8000000000000007
mzehra2,0,test,nmousta5,237_E_2-4_WL_Bruise_OC_A244A_2026-03-08_DSC_4656,0.7204444901738862,0.5630427790286265,0.6031007751937985,0.8944813490035769,5805,3914,3501.0,2304.0,413.0,False,1.483137455288707,237,1.8000000000000007
mzehra2,0,test,nmousta5,237_E_2-4_WL_Bruise_OC_A244A_2026-03-08_DSC_4657,0.8212799682979988,0.6967557572701294,0.7409724705041115,0.9211111111111111,5594,4500,4145.0,1449.0,355.0,False,1.243111111111111,237,1.8000000000000007
mzehra2,0,test,nmousta5,237_J_2-4_WL_Bruise_A244A_2026-02-26_DSC_5578,0.8115560834888851,0.6828728492896409,0.899135175784922,0.7395237358899026,10638,12934,9565.0,1073.0,3369.0,False,0.822483377145508,237,1.8000000000000007
mzehra2,0,test,nmousta5,237_J_2-4_WL_Bruise_A244A_2026-02-26_DSC_5579,0.49618565292646966,0.32995140250660754,0.7090509344082081,0.3816191697071295,5458,10141,3870.0,1588.0,6271.0,False,0.5382112217730007,237,1.8000000000000007
mzehra2,0,test,nmousta5,237_J_2-4_WL_Bruise_A244A_2026-02-26_DSC_5580,0.7143962449063805,0.5556892954581929,0.9666387493020658,0.5665548556000982,7164,12223,6925.0,239.0,5298.0,False,0.5861081567536611,237,1.8000000000000007
mzehra2,0,test,nmousta5,237_J_2-4_WL_Bruise_OC_A244A_2026-02-26_DSC_5582,0.9022196103250305,0.8218580135068357,0.9223588131990017,0.8829410723765705,10819,11302,9979.0,840.0,1323.0,False,0.957264201026367,237,1.8000000000000007
mzehra2,0,test,nmousta5,237_J_2-4_WL_Bruise_OC_A244A_2026-02-26_DSC_5583,0.6479446981854092,0.47922943485802977,0.8928389181833645,0.5084762181536375,5879,10323,5249.0,630.0,5074.0,False,0.5695049888598276,237,1.8000000000000007
mzehra2,0,test,nmousta5,237_N_2-4_WL_Bruise_A244A_2026-02-26_DSC_5858,0.7970512677314866,0.662581244196843,0.7731310942578549,0.8224988473951129,4615,4338,3567.9999999999995,1047.0000000000005,770.0000000000005,False,1.0638543107422775,237,1.8000000000000007
mzehra2,0,test,nmousta5,237_N_2-4_WL_Bruise_A244A_2026-02-26_DSC_5859,0.6773702889978029,0.5121390237669308,0.9714008725157538,0.519979242345615,2063,3854,2004.0,59.0,1850.0,False,0.5352880124545927,237,1.8000000000000007
mzehra2,0,test,nmousta5,237_N_2-4_WL_Bruise_A244A_2026-02-26_DSC_5860,0.8524260694803331,0.7428071053289967,0.9763235777704702,0.7564331210191083,3041,3925,2969.0,72.0,956.0,False,0.7747770700636942,237,1.8000000000000007
mzehra2,0,test,nmousta5,237_N_2-4_WL_Bruise_OC_A244A_2026-02-26_DSC_5862,0.7462399560469748,0.5952015775635408,0.7838695714904054,0.7120576671035387,6931,7630,5433.0,1498.0,2197.0,False,0.9083879423328964,237,1.8000000000000007
mzehra2,0,test,nmousta5,237_N_2-4_WL_Bruise_OC_A244A_2026-02-26_DSC_5863,0.7800726716389367,0.6394419187960495,0.8758857633669744,0.7031546285123255,4657,5801,4079.0,578.0,1722.0,False,0.8027926219617307,237,1.8000000000000007
mzehra2,0,test,nmousta5,237_S_2-4_WL_Bruise_A244A_2026-02-27_DSC_6307,0.7861218709650548,0.6476118583584958,0.7858927381745503,0.7863511374052162,12008,12001,9437.0,2571.0,2564.0,False,1.0005832847262728,237,1.8000000000000007
mzehra2,0,test,nmousta5,237_S_2-4_WL_Bruise_A244A_2026-02-27_DSC_6308,0.8312320804367463,0.7112037099267424,0.8108812260536399,0.8526307308033196,13050,12411,10582.0,2468.0,1829.0,False,1.0514865844815084,237,1.8000000000000007
mzehra2,0,test,nmousta5,237_S_2-4_WL_Bruise_A244A_2026-02-27_DSC_6309,0.7195121951219512,0.5619047619047619,0.8245341614906833,0.6382211538461539,6440,8320,5310.0,1130.0,3010.0,False,0.7740384615384616,237,1.8000000000000007
mzehra2,0,test,nmousta5,237_S_2-4_WL_Bruise_OC_A244A_2026-02-27_DSC_6311,0.8312905861609254,0.7112893729761555,0.8828096455973694,0.785453067858594,10948,12305,9665.0,1283.0,2640.0,False,0.8897196261682243,237,1.8000000000000007
mzehra2,0,test,nmousta5,237_S_2-4_WL_Bruise_OC_A244A_2026-02-27_DSC_6312,0.7144613393723714,0.5557680692570969,0.933389687235841,0.5787211740041929,5915,9540,5521.0,394.0,4019.0,False,0.620020964360587,237,1.8000000000000007
mzehra2,0,test,nmousta5,237_Z_2-5_WL_Bruise_A244A_2026-02-16_DSC_7025,0.7671431593580949,0.6222483698583124,0.8844599303135888,0.6773040183574364,14350,18739,12692.0,1658.0,6047.0,False,0.7657825924542399,237,1.8000000000000007
mzehra2,0,test,nmousta5,237_Z_2-5_WL_Bruise_A244A_2026-02-16_DSC_7026,0.8314121037463977,0.7114673242909988,0.9039459512386174,0.7696540225093789,10213,11995,9232.0,981.0,2763.0,False,0.8514380992080033,237,1.8000000000000007
mzehra2,0,test,nmousta5,237_Z_2-5_WL_Bruise_A244A_2026-02-16_DSC_7027,0.8632442793818138,0.7593929493597513,0.9524155706827043,0.7893410746562962,15131,18257,14411.0,720.0,3846.0,False,0.8287780029577696,237,1.8000000000000007
mzehra2,0,test,nmousta5,237_Z_2-5_WL_Bruise_OC_A244A_2026-02-16_DSC_7030,0.8166684044069092,0.6901433270676691,0.9193270735524257,0.7346339023322703,12780,15993,11749.0,1031.0,4244.0,False,0.799099606077659,237,1.8000000000000007
mzehra2,0,test,nmousta5,247_A_2-4_WL_Bruise_A244A_2026-02-27_DSC_6202,0.8129151291512915,0.6847995026422132,0.6857587548638132,0.9979614949037373,6425,4415,4406.0,2019.0,9.0,False,1.4552661381653453,247,1.8000000000000007
mzehra2,0,test,nmousta5,247_A_2-4_WL_Bruise_A244A_2026-02-27_DSC_6203,0.7976343533041913,0.6633875106928999,0.6702679343128781,0.9847619047619047,4628,3150,3102.0,1526.0,48.0,False,1.4692063492063492,247,1.8000000000000007
mzehra2,0,test,nmousta5,247_A_2-4_WL_Bruise_A244A_2026-02-27_DSC_6204,0.8367998452162136,0.7193945442448436,0.7197537027791646,0.9993068391866913,6009,4328,4325.0,1684.0,3.0,False,1.3884011090573012,247,1.8000000000000007
mzehra2,0,test,nmousta5,247_A_2-4_WL_Bruise_OC_A244A_2026-02-27_DSC_6206,0.8367407407407408,0.7193071828833418,0.721266814234633,0.9962370649106302,5873,4252,4236.0,1637.0,16.0,False,1.3812323612417685,247,1.8000000000000007
mzehra2,0,test,nmousta5,247_A_2-4_WL_Bruise_OC_A244A_2026-02-27_DSC_6207,0.9012027491408935,0.8201720093823299,0.8617196056955093,0.9444777911164466,3652,3332,3147.0,505.0,185.0,False,1.0960384153661464,247,1.8000000000000007
mzehra2,0,test,nmousta5,250_A_2-4_WL_Bruise_A244A_2026-02-27_DSC_6537,0.9436709021278754,0.8933493397358944,0.9336545217304025,0.9539045275085885,19926,19503,18604.0,1322.0,899.0,False,1.0216889709275496,250,1.8000000000000007
mzehra2,0,test,nmousta5,250_A_2-4_WL_Bruise_A244A_2026-02-27_DSC_6538,0.8943586941674635,0.8089049219213283,0.9297926725362113,0.8615263157894737,17605,19000,16369.0,1236.0,2631.0,False,0.9265789473684211,250,1.8000000000000007
mzehra2,0,test,nmousta5,250_A_2-4_WL_Bruise_OC_A244A_2026-02-27_DSC_6541,0.9290435458786936,0.8674895625340352,0.9223019916628069,0.9358843803853987,25908,25532,23895.0,2013.0,1637.0,False,1.0147266175779415,250,1.8000000000000007
mzehra2,0,test,nmousta5,250_A_2-4_WL_Bruise_OC_A244A_2026-02-27_DSC_6542,0.9459342143339442,0.8974147792267215,0.9292618212830475,0.9632157941263138,21106,20362,19613.0,1493.0,749.0,False,1.0365386504272665,250,1.8000000000000007
mzehra2,0,test,nmousta5,250_A_2-4_WL_Bruise_OC_A244A_2026-02-27_DSC_6543,0.9548241984425064,0.9135536787396459,0.9576895245392244,0.951975966827452,23493,23634,22499.0,994.0,1135.0,False,0.994034018786494,250,1.8000000000000007
mzehra2,0,test,nmousta5,254_A_2-5_WL_Bruise_A244A_2026-02-16_DSC_6925,0.6403123474865788,0.47092605886575734,0.47092605886575734,1.0,1393,656,656.0,737.0,0.0,False,2.1234756097560976,254,1.8000000000000007
mzehra2,0,test,nmousta5,254_A_2-5_WL_Bruise_A244A_2026-02-16_DSC_6926,0.6654851572884359,0.49867197875166,0.49867197875166,1.0,1506,751,751.0,755.0,0.0,False,2.0053262316910785,254,1.8000000000000007
mzehra2,0,test,nmousta5,254_A_2-5_WL_Bruise_A244A_2026-02-16_DSC_6927,0.4822076978939724,0.31770334928229665,0.31770334928229665,1.0,1045,332,332.0,713.0,0.0,False,3.147590361445783,254,1.8000000000000007
mzehra2,0,test,nmousta5,254_A_2-5_WL_Bruise_OC_A244A_2026-02-16_DSC_6930,0.3192713326941515,0.18996006845407873,0.18996006845407873,1.0,1753,333,333.0,1420.0,0.0,False,5.2642642642642645,254,1.8000000000000007
mzehra2,0,test,nmousta5,254_A_2-5_WL_Bruise_OC_A244A_2026-02-16_DSC_6931,0.30716430716430715,0.18144956918398378,0.1880252100840336,0.8384074941451991,1904,427,358.0,1546.0,69.0,False,4.459016393442623,254,1.8000000000000007
mzehra2,0,test,nmousta5,254_B_2-5_WL_Bruise_A244A_2026-02-16_DSC_6954,0.33540660415397683,0.20149461423491213,0.9299714557564225,0.20459897637712862,21020,95543,19548.0,1472.0,75995.0,False,0.2200056519054248,254,1.8000000000000007
mzehra2,0,test,nmousta5,254_B_2-5_WL_Bruise_A244A_2026-02-16_DSC_6955,0.31941858098174775,0.19006432974151466,0.9453344638314962,0.19217650047173235,22409,110232,21184.0,1225.0,89048.0,False,0.20328942593802163,254,1.8000000000000007
mzehra2,0,test,nmousta5,254_B_2-5_WL_Bruise_A244A_2026-02-16_DSC_6956,0.3939186073970785,0.24526690192124573,0.9511267988053217,0.2483974358974359,18415,70512,17515.0,900.0,52997.0,False,0.2611612207851146,254,1.8000000000000007
mzehra2,0,test,nmousta5,254_B_2-5_WL_Bruise_OC_A244A_2026-02-16_DSC_6960,0.2932856758522618,0.1718422771184723,0.9571652555660082,0.1731740250309199,15945,88131,15261.999999999998,683.0000000000018,72869.0,False,0.1809238519930558,254,1.8000000000000007
mzehra2,0,test,nmousta5,254_B_2-5_WL_Bruise_OC_A244A_2026-02-16_DSC_6961,0.34333048488022716,0.20724138504800413,0.911719493448503,0.21148523593635915,13661,58893,12455.0,1206.0,46438.0,False,0.23196305163601785,254,1.8000000000000007
mzehra2,0,test,nmousta5,260_A_2-5_WL_Bruise_A244A_2026-02-17_DSC_7634,0.6367299942429476,0.4670608108108108,0.4800347222222222,0.9452991452991453,2304,1170,1106.0,1198.0,64.0,False,1.9692307692307693,260,1.8000000000000007
mzehra2,0,test,nmousta5,260_A_2-5_WL_Bruise_A244A_2026-02-17_DSC_7635,0.507641196013289,0.340160284951024,0.3504587155963303,0.9204819277108434,3270,1245,1146.0,2124.0,99.0,False,2.6265060240963853,260,1.8000000000000007
mzehra2,0,test,nmousta5,260_A_2-5_WL_Bruise_A244A_2026-02-17_DSC_7636,0.41885325558794945,0.26490473263675474,0.26912269747112083,0.9441401971522454,3203,913,862.0,2341.0,51.0,False,3.508214676889376,260,1.8000000000000007
mzehra2,0,test,nmousta5,260_A_2-5_WL_Bruise_OC_A244A_2026-02-17_DSC_7638,0.3439784532512505,0.20771375464684014,0.20771375464684014,1.0,4304,894,894.0,3410.0,0.0,False,4.814317673378076,260,1.8000000000000007
mzehra2,0,test,nmousta5,260_A_2-5_WL_Bruise_OC_A244A_2026-02-17_DSC_7639,0.4081828352245485,0.256425702811245,0.256425702811245,1.0,4980,1277,1277.0,3703.0,0.0,False,3.899765074393109,260,1.8000000000000007
mzehra2,0,test,nmousta5,285_F_2-6_WL_Bruise_A244A_2026-04-06_DSC_2339,0.6709028329361928,0.5047808764940239,0.8707903780068729,0.545650301464255,1455,2322,1267.0,188.0,1055.0,False,0.6266149870801033,285,1.8000000000000007
mzehra2,0,test,nmousta5,285_F_2-6_WL_Bruise_A244A_2026-04-06_DSC_2340,0.2229059829059829,0.12543285879184302,0.17276099629040806,0.3140655105973025,7548,4152,1304.0,6244.0,2848.0,False,1.8179190751445087,285,1.8000000000000007
mzehra2,0,test,nmousta5,285_F_2-6_WL_Bruise_OC_A244A_2026-04-06_DSC_2343,0.23959737575267367,0.1361037369818256,0.13695674509401007,0.9562410329985653,9733,1394,1333.0,8400.0,61.0,False,6.98206599713056,285,1.8000000000000007
mzehra2,0,test,nmousta5,285_F_2-6_WL_Bruise_OC_A244A_2026-04-06_DSC_2344,0.3971984805318139,0.2478151384980003,0.2720767604488535,0.7353846153846154,6149,2275,1673.0,4476.0,602.0,False,2.702857142857143,285,1.8000000000000007
mzehra2,0,test,nmousta5,285_G_2-6_WL_Bruise_A244A_2026-05-29_DSC_3860,0.7571930490931535,0.609260391198044,0.9881040892193309,0.6137623152709359,4035,6496,3987.0,48.0,2509.0,False,0.6211514778325123,285,1.8000000000000007
mzehra2,0,test,nmousta5,285_G_2-6_WL_Bruise_A244A_2026-05-29_DSC_3861,0.7731764705882352,0.6302263137706176,0.8939064200217628,0.6811774461028193,3676,4824,3286.0,390.0,1538.0,False,0.7620232172470979,285,1.8000000000000007
mzehra2,0,test,nmousta5,285_G_2-6_WL_Bruise_A244A_2026-05-29_DSC_3862,0.8027958062905641,0.6705587989991659,0.9324441867207887,0.7047994740302432,3449,4563,3216.0,233.0,1347.0,False,0.7558623712469866,285,1.8000000000000007
mzehra2,0,test,nmousta5,285_G_2-6_WL_Bruise_OC_A244A_2026-05-29_DSC_3864,0.8777851521759742,0.7821899290300778,0.8986604542807222,0.8578576723498889,5151,5396,4629.0,522.0,767.0,False,0.9545959970348407,285,1.8000000000000007
mzehra2,0,test,nmousta5,285_G_2-6_WL_Bruise_OC_A244A_2026-05-29_DSC_3865,0.7893231649189705,0.6519685039370079,0.8122956180510137,0.7676143386897404,4587,4854,3726.0,861.0,1128.0,False,0.9449938195302843,285,1.8000000000000007
