train_masks,fold,split,eval_masks,stem,dice,iou,precision,recall,pred_positive_pixels,gt_positive_pixels,tp_pixels,fp_pixels,fn_pixels,complete_miss,pred_gt_ratio,subject,cut
hliu36,2,cv_val,hliu36,150_AI_2-4_WL_Bruise_A244A_2026-03-05_DSC_1349,0.6399520635158416,0.47053640268752067,0.7587921847246891,0.5532962051547727,5630,7721,4272.0,1358.0,3449.0,False,0.7291801580106204,150,4.475000000000001
hliu36,2,cv_val,hliu36,150_AI_2-4_WL_Bruise_A244A_2026-03-05_DSC_1350,0.5889238294898672,0.4173579299244769,0.7288648648648649,0.4940641946357907,4625,6823,3371.0,1254.0,3452.0,False,0.67785431628316,150,4.475000000000001
hliu36,2,cv_val,hliu36,150_AI_2-4_WL_Bruise_A244A_2026-03-05_DSC_1351,0.6159929701230229,0.4450793650793651,0.8597710547833197,0.4799178457325422,4892,8764,4206.0,686.0,4558.0,False,0.5581926061159288,150,4.475000000000001
hliu36,2,cv_val,hliu36,150_AI_2-4_WL_Bruise_OC_A244A_2026-03-05_DSC_1353,0.5952592592592593,0.4237502636574562,0.4264487369985141,0.9852869053457577,4711,2039,2009.0,2702.0,30.0,False,2.310446297204512,150,4.475000000000001
hliu36,2,cv_val,hliu36,150_AI_2-4_WL_Bruise_OC_A244A_2026-03-05_DSC_1354,0.8264994916977296,0.704302627779382,0.733754512635379,0.9460822342901474,3324,2578,2439.0,885.0,139.0,False,1.2893716058960434,150,4.475000000000001
hliu36,2,cv_val,hliu36,150_AK_2-4_WL_Bruise_A244A_2026-03-05_DSC_1493,0.9435142223118822,0.8930685506969639,0.9463779846216107,0.9406677393403057,4942,4972,4677.0,265.0,295.0,False,0.9939662107803701,150,4.475000000000001
hliu36,2,cv_val,hliu36,150_AK_2-4_WL_Bruise_A244A_2026-03-05_DSC_1494,0.8781079442086113,0.7827027027027027,0.8940479130649543,0.8627264061010487,4049,4196,3620.0,429.0,576.0,False,0.9649666348903718,150,4.475000000000001
hliu36,2,cv_val,hliu36,150_AK_2-4_WL_Bruise_A244A_2026-03-05_DSC_1495,0.8468549566782941,0.7343871975019516,0.8974481278321012,0.8016616957818492,4193,4694,3763.0,430.0,931.0,False,0.8932680017043033,150,4.475000000000001
hliu36,2,cv_val,hliu36,150_AK_2-4_WL_Bruise_OC_A244A_2026-03-05_DSC_1497,0.8204524650189616,0.6955654101995565,1.0,0.6955654101995565,3137,4510,3137.0,0.0,1373.0,False,0.6955654101995565,150,4.475000000000001
hliu36,2,cv_val,hliu36,150_AK_2-4_WL_Bruise_OC_A244A_2026-03-05_DSC_1498,0.8479645527554694,0.7360576923076924,0.9544887780548629,0.7628300946686597,3208,4014,3062.0,146.0,952.0,False,0.7992027902341804,150,4.475000000000001
hliu36,2,cv_val,hliu36,150_AL_2-4_WL_Bruise_A244A_2026-03-05_DSC_1511,0.7240643233243205,0.5674771358465314,0.5938375350140056,0.9274516952242071,4284,2743,2544.0,1740.0,199.0,False,1.5617936565803865,150,4.475000000000001
hliu36,2,cv_val,hliu36,150_AL_2-4_WL_Bruise_A244A_2026-03-05_DSC_1512,0.655268022181146,0.4872852233676976,0.48736896373947414,0.9996475149806133,5819,2837,2836.0,2983.0,1.0,False,2.051110327811068,150,4.475000000000001
hliu36,2,cv_val,hliu36,150_AL_2-4_WL_Bruise_A244A_2026-03-05_DSC_1513,0.8409661835748792,0.7255751917305768,0.7388794567062819,0.9757847533632287,2945,2230,2176.0,769.0,54.0,False,1.3206278026905829,150,4.475000000000001
hliu36,2,cv_val,hliu36,150_AQ_2-4_WL_Bruise_OC_A244A_2026-02-27_DSC_6142,0.3028181379219525,0.17842409507675197,1.0,0.17842409507675197,13797,77327,13797.0,0.0,63530.0,False,0.17842409507675197,150,4.475000000000001
hliu36,2,cv_val,hliu36,150_AR_2-4_WL_Bruise_A244A_2026-02-27_DSC_6158,0.860864682762493,0.755717665615142,0.8461368653421634,0.8761142857142857,4530,4375,3833.0,697.0,542.0,False,1.0354285714285714,150,4.475000000000001
hliu36,2,cv_val,hliu36,150_AR_2-4_WL_Bruise_A244A_2026-02-27_DSC_6159,0.821041948579161,0.6964131994261119,0.8025793650793651,0.8403739612188366,3024,2888,2427.0,597.0,461.0,False,1.0470914127423823,150,4.475000000000001
hliu36,2,cv_val,hliu36,150_AR_2-4_WL_Bruise_A244A_2026-02-27_DSC_6160,0.853398283460914,0.7442848472587498,0.8334843679202537,0.874287072243346,4414,4208,3679.0,735.0,529.0,False,1.0489543726235742,150,4.475000000000001
hliu36,2,cv_val,hliu36,150_AR_2-4_WL_Bruise_OC_A244A_2026-02-27_DSC_6162,0.6727777777777778,0.5069066555043952,0.5769414006669843,0.8067954696868754,6297,4503,3633.0,2664.0,870.0,False,1.3984010659560293,150,4.475000000000001
hliu36,2,cv_val,hliu36,150_AR_2-4_WL_Bruise_OC_A244A_2026-02-27_DSC_6163,0.8251056125528062,0.7022806657078282,0.9666289592760181,0.7197304695725416,3536,4749,3418.0,118.0,1331.0,False,0.744577805853864,150,4.475000000000001
hliu36,2,cv_val,hliu36,150_AS_2-4_WL_Bruise_A244A_2026-02-27_DSC_6179,0.8083824821182081,0.678390901432182,0.6974880900822867,0.9612056102655924,4618,3351,3221.0,1397.0,130.0,False,1.3780960907191884,150,4.475000000000001
hliu36,2,cv_val,hliu36,150_AS_2-4_WL_Bruise_A244A_2026-02-27_DSC_6180,0.7499222395023328,0.5999004727544165,0.6150510204081633,0.9605577689243028,3920,2510,2411.0,1509.0,99.0,False,1.5617529880478087,150,4.475000000000001
hliu36,2,cv_val,hliu36,150_AS_2-4_WL_Bruise_A244A_2026-02-27_DSC_6182,0.8453696748578173,0.7321561338289962,0.8089956869993838,0.8851685393258427,4869,4450,3939.0,930.0,511.0,False,1.0941573033707865,150,4.475000000000001
hliu36,2,cv_val,hliu36,160_E_2-4_WL_Bruise_A244A_2026-03-02_DSC_6976,0.564018564018564,0.3927756653992395,0.5362055541136777,0.5948747480564354,7706,6946,4132.0,3574.0,2814.0,False,1.1094154909300318,160,4.475000000000001
hliu36,2,cv_val,hliu36,160_E_2-4_WL_Bruise_A244A_2026-03-02_DSC_6977,0.6379374396314733,0.4683613353698451,0.6420879449596171,0.633840248043703,6686,6773,4293.0,2393.0,2480.0,False,0.9871548796692751,160,4.475000000000001
hliu36,2,cv_val,hliu36,160_E_2-4_WL_Bruise_A244A_2026-03-02_DSC_6978,0.7844609483391822,0.6453605478716261,0.70109409190372,0.890329751759911,6855,5398,4806.0,2049.0,592.0,False,1.2699147832530566,160,4.475000000000001
hliu36,2,cv_val,hliu36,160_E_2-4_WL_Bruise_OC_A244A_2026-03-02_DSC_6980,0.5512591482740736,0.38050914876690534,0.5705594655851127,0.533221850613155,8383,8970,4783.0,3600.0,4187.0,False,0.9345596432552954,160,4.475000000000001
hliu36,2,cv_val,hliu36,160_E_2-4_WL_Bruise_OC_A244A_2026-03-02_DSC_6981,0.803540529748436,0.6715986205362109,0.8409249199052793,0.769338600739136,7179,7847,6037.0,1142.0,1810.0,False,0.9148719255766535,160,4.475000000000001
hliu36,2,cv_val,hliu36,186_B_2-4_WL_Bruise_A244A_2026-03-04_DSC_9421,0.8922171018945213,0.8054079038594869,0.9185556141275698,0.8673469387755102,3794,4018,3485.0,309.0,533.0,False,0.9442508710801394,186,4.475000000000001
hliu36,2,cv_val,hliu36,186_B_2-4_WL_Bruise_A244A_2026-03-04_DSC_9422,0.8412384716732543,0.7259806708357021,0.8933193424274222,0.7948957360722066,2859,3213,2554.0,305.0,659.0,False,0.8898225957049486,186,4.475000000000001
hliu36,2,cv_val,hliu36,186_B_2-4_WL_Bruise_A244A_2026-03-04_DSC_9423,0.7792161730803334,0.6382916908773969,0.6917506297229219,0.8920016240357288,3176,2463,2197.0,979.0,266.0,False,1.2894843686561104,186,4.475000000000001
hliu36,2,cv_val,hliu36,186_B_2-4_WL_Bruise_OC_A244A_2026-03-04_DSC_9425,0.8553362122146823,0.7472379412557262,0.9352445193929174,0.7880079568059107,2965,3519,2773.0,192.0,746.0,False,0.84256891162262,186,4.475000000000001
hliu36,2,cv_val,hliu36,186_B_2-4_WL_Bruise_OC_A244A_2026-03-04_DSC_9426,0.8312116219859218,0.7111737570476678,0.8693609022556391,0.7962697274031564,3192,3485,2775.0,417.0,710.0,False,0.9159253945480631,186,4.475000000000001
hliu36,2,cv_val,hliu36,186_E_2-4_WL_Bruise_A244A_2026-03-05_DSC_9901,0.6457635848570693,0.4768470096034991,0.9460479154876439,0.49017691330270746,5301,10231,5015.0,286.0,5216.0,False,0.5181311699736096,186,4.475000000000001
hliu36,2,cv_val,hliu36,186_E_2-4_WL_Bruise_A244A_2026-03-05_DSC_9902,0.6136537668610473,0.4426410605030591,0.8428802588996763,0.4824488283782532,6180,10797,5209.0,971.0,5588.0,False,0.5723812170047236,186,4.475000000000001
hliu36,2,cv_val,hliu36,186_E_2-4_WL_Bruise_A244A_2026-03-05_DSC_9903,0.25082856282012655,0.14339850142106622,0.8520982599795291,0.14705882352941177,1954,11322,1665.0,289.0,9657.0,False,0.1725843490549373,186,4.475000000000001
hliu36,2,cv_val,hliu36,186_E_2-4_WL_Bruise_OC_A244A_2026-03-05_DSC_9905,0.7530550514216576,0.6039200465748108,0.9400392689925993,0.6281158542738924,6621,9909,6224.0,397.0,3685.0,False,0.6681804420224039,186,4.475000000000001
hliu36,2,cv_val,hliu36,186_E_2-4_WL_Bruise_OC_A244A_2026-03-05_DSC_9906,0.0,0.0,0.0,0.0,725,10670,0.0,725.0,10670.0,True,0.06794751640112465,186,4.475000000000001
hliu36,2,cv_val,hliu36,208_B_2-4_WL_Bruise_A244A_2026-03-05_DSC_1626,0.24745071380013597,0.14119472459270752,0.157439446366782,0.5777777777777777,1156,315,182.0,974.0,133.0,False,3.6698412698412697,208,4.475000000000001
hliu36,2,cv_val,hliu36,208_B_2-4_WL_Bruise_A244A_2026-03-05_DSC_1627,0.14991762767710048,0.08103294746215495,0.0980603448275862,0.3181818181818182,928,286,91.0,837.0,195.0,False,3.2447552447552446,208,4.475000000000001
hliu36,2,cv_val,hliu36,208_B_2-4_WL_Bruise_A244A_2026-03-05_DSC_1628,0.0,0.0,0.0,0.0,81,303,0.0,81.0,303.0,True,0.26732673267326734,208,4.475000000000001
hliu36,2,cv_val,hliu36,208_B_2-4_WL_Bruise_OC_A244A_2026-03-05_DSC_1630,0.0,0.0,0.0,0.0,1636,244,0.0,1636.0,244.0,True,6.704918032786885,208,4.475000000000001
hliu36,2,cv_val,hliu36,208_B_2-4_WL_Bruise_OC_A244A_2026-03-05_DSC_1631,0.0,0.0,0.0,0.0,178,279,0.0,178.0,279.0,True,0.6379928315412187,208,4.475000000000001
hliu36,2,cv_val,hliu36,22_AF_2-4_WL_Bruise_A244A_2026-03-05_DSC_9938,0.7563249001331558,0.6081370449678801,0.753315649867374,0.7593582887700535,1885,1870,1420.0,465.0,450.0,False,1.0080213903743316,22,4.475000000000001
hliu36,2,cv_val,hliu36,22_AF_2-4_WL_Bruise_A244A_2026-03-05_DSC_9939,0.7394636015325671,0.5866261398176292,0.6352166758091059,0.8846447669977082,1823,1309,1158.0,665.0,151.0,False,1.3926661573720398,22,4.475000000000001
hliu36,2,cv_val,hliu36,22_AF_2-4_WL_Bruise_A244A_2026-03-05_DSC_9940,0.8838461538461538,0.791867677463818,0.9582985821517932,0.8201284796573876,1199,1401,1149.0,50.0,252.0,False,0.8558172733761599,22,4.475000000000001
hliu36,2,cv_val,hliu36,22_AF_2-4_WL_Bruise_OC_A244A_2026-03-05_DSC_9942,0.8896961690885072,0.801308744794765,0.9628305932809149,0.8268876611418048,1399,1629,1347.0,52.0,282.0,False,0.8588090853284224,22,4.475000000000001
hliu36,2,cv_val,hliu36,22_AF_2-4_WL_Bruise_OC_A244A_2026-03-05_DSC_9943,0.8612159329140461,0.7562592047128129,0.851575456053068,0.8710771840542832,1206,1179,1027.0,179.0,152.0,False,1.0229007633587786,22,4.475000000000001
hliu36,2,cv_val,hliu36,257_B_2-5_WL_Bruise_A244A_2026-02-17_DSC_7461,0.8200393894633186,0.6949718339244731,1.0,0.6949718339244731,3331,4793,3331.0,0.0,1462.0,False,0.6949718339244731,257,4.475000000000001
hliu36,2,cv_val,hliu36,257_B_2-5_WL_Bruise_A244A_2026-02-17_DSC_7462,0.8044756305708325,0.6729060913705583,0.9846796657381616,0.6800256492465534,2154,3119,2121.0,33.0,998.0,False,0.6906059634498236,257,4.475000000000001
hliu36,2,cv_val,hliu36,257_B_2-5_WL_Bruise_A244A_2026-02-17_DSC_7463,0.7324038300016799,0.5777895573813941,0.9913597089586176,0.580713905167821,2199,3754,2180.0,19.0,1574.0,False,0.5857751731486415,257,4.475000000000001
hliu36,2,cv_val,hliu36,257_B_2-5_WL_Bruise_OC_A244A_2026-02-17_DSC_7465,0.8941947565543071,0.8086367485182049,0.9624590576971529,0.8349726775956284,3969,4575,3820.0,149.0,755.0,False,0.8675409836065574,257,4.475000000000001
hliu36,2,cv_val,hliu36,257_B_2-5_WL_Bruise_OC_A244A_2026-02-17_DSC_7466,0.8609939052977028,0.7559168553200247,0.9486053719008265,0.7881974248927038,3872,4660,3673.0,199.0,987.0,False,0.8309012875536481,257,4.475000000000001
hliu36,2,cv_val,hliu36,257_F_2-5_WL_Bruise_A244A_2026-02-17_DSC_7534,0.648330341113106,0.47965147168207417,0.9758944978921198,0.48540244099145113,9251,18599,9028.0,223.0,9571.0,False,0.4973923329211248,257,4.475000000000001
hliu36,2,cv_val,hliu36,257_F_2-5_WL_Bruise_A244A_2026-02-17_DSC_7535,0.5863303072625698,0.4147576412472985,0.9720694645441389,0.41976002999625045,6910,16002,6717.0,193.0,9285.0,False,0.4318210223722035,257,4.475000000000001
hliu36,2,cv_val,hliu36,257_F_2-5_WL_Bruise_A244A_2026-02-17_DSC_7536,0.6321585903083701,0.46215780998389694,0.967741935483871,0.46938886768794635,8897,18343,8610.0,287.0,9733.0,False,0.4850351632775446,257,4.475000000000001
hliu36,2,cv_val,hliu36,257_F_2-5_WL_Bruise_OC_A244A_2026-02-17_DSC_7538,0.6451756477507551,0.4762061197672236,0.9799130854659585,0.48090047393364926,10355,21100,10147.0,208.0,10953.0,False,0.49075829383886255,257,4.475000000000001
hliu36,2,cv_val,hliu36,257_F_2-5_WL_Bruise_OC_A244A_2026-02-17_DSC_7539,0.8698589894242068,0.7696906680530283,0.9226215205650187,0.8228047424972212,9628,10796,8883.0,745.0,1913.0,False,0.8918117821415339,257,4.475000000000001
hliu36,2,cv_val,hliu36,262_A_2-5_WL_A244A_2026-02-17_DSC_7765,0.861974904528096,0.7574304889741131,0.8883058470764618,0.837160014129283,2668,2831,2370.0,298.0,461.0,False,0.9424231720240198,262,4.475000000000001
hliu36,2,cv_val,hliu36,262_A_2-5_WL_A244A_2026-02-17_DSC_7766,0.8832096729870844,0.7908464566929134,0.8043043043043043,0.9792809262644728,1998,1641,1607.0,391.0,34.0,False,1.2175502742230346,262,4.475000000000001
hliu36,2,cv_val,hliu36,262_A_2-5_WL_A244A_2026-02-17_DSC_7767,0.8865582191780822,0.7962322183775471,0.9212633451957295,0.8543729372937293,2248,2424,2071.0,177.0,353.0,False,0.9273927392739274,262,4.475000000000001
hliu36,2,cv_val,hliu36,262_A_2-5_WL_OC_A244A_2026-02-17_DSC_7769,0.7591894439208294,0.6118496012153437,0.6974025974025974,0.8329886246122027,2310,1934,1611.0,699.0,323.0,False,1.1944157187176836,262,4.475000000000001
hliu36,2,cv_val,hliu36,262_A_2-5_WL_OC_A244A_2026-02-17_DSC_7770,0.8151715833835039,0.6880081300813008,0.7619583567810917,0.8763754045307444,1777,1545,1354.0,423.0,191.0,False,1.1501618122977346,262,4.475000000000001
hliu36,2,cv_val,hliu36,295_C_2-6_WL_Bruise_A244A_2026-04-07_DSC_3294,0.7083507016812561,0.548407917383821,0.6617341640706127,0.76203288490284,3852,3345,2549.0,1303.0,796.0,False,1.1515695067264573,295,4.475000000000001
hliu36,2,cv_val,hliu36,295_C_2-6_WL_Bruise_A244A_2026-04-07_DSC_3295,0.8107769423558897,0.6817702845100105,0.8039763901832867,0.8176935229067931,3219,3165,2588.0,631.0,577.0,False,1.0170616113744075,295,4.475000000000001
hliu36,2,cv_val,hliu36,295_C_2-6_WL_Bruise_A244A_2026-04-07_DSC_3296,0.6588442358462893,0.49125109361329833,0.5264885138302859,0.8800940438871473,4266,2552,2246.0,2020.0,306.0,False,1.671630094043887,295,4.475000000000001
hliu36,2,cv_val,hliu36,295_C_2-6_WL_Bruise_OC_A244A_2026-04-07_DSC_3298,0.8581024349286314,0.7514705882352941,0.9814340588988476,0.7623073097961214,3124,4022,3066.0,58.0,956.0,False,0.7767279960218797,295,4.475000000000001
hliu36,2,cv_val,hliu36,295_C_2-6_WL_Bruise_OC_A244A_2026-04-07_DSC_3299,0.934487828786146,0.8770315854032505,0.9701492537313433,0.9013551843681059,2948,3173,2860.0,88.0,313.0,False,0.9290891900409707,295,4.475000000000001
hliu36,2,cv_val,hliu36,88_G_2-4_WL_Bruise_A244A_2026-03-03_DSC_7067,0.8074356530028599,0.6770583533173461,0.9084084084084084,0.7266643788606726,4662,5828,4235.0,427.0,1593.0,False,0.7999313658201784,88,4.475000000000001
hliu36,2,cv_val,hliu36,88_G_2-4_WL_Bruise_A244A_2026-03-03_DSC_7068,0.7107996496058065,0.551349252572316,0.9961417046650298,0.5525291828793775,2851,5140,2840.0,11.0,2300.0,False,0.5546692607003891,88,4.475000000000001
hliu36,2,cv_val,hliu36,88_G_2-4_WL_Bruise_A244A_2026-03-03_DSC_7069,0.8468180364566678,0.7343316694398225,0.9525179856115108,0.7622337363270005,4170,5211,3972.0,198.0,1239.0,False,0.8002302820955671,88,4.475000000000001
hliu36,2,cv_val,hliu36,88_G_2-4_WL_Bruise_OC_A244A_2026-03-03_DSC_7074,0.7059826630666477,0.5455743465846694,0.9959903769045709,0.5467752586396655,2494,4543,2484.0,10.0,2059.0,False,0.548976447281532,88,4.475000000000001
hliu36,2,cv_val,hliu36,88_G_2-4_WL_Bruise_OC_A244A_2026-03-03_DSC_7075,0.8996088657105606,0.8175355450236966,0.9343263371699391,0.8673790069138906,2954,3182,2760.0,194.0,422.0,False,0.9283469516027656,88,4.475000000000001
hliu36,2,test,hliu36,170_F_2-4_WL_Bruise_A244A_2026-03-05_DSC_1856,0.7980523432744979,0.6639659712375937,0.9120756816917084,0.7093702661761524,3594,4621,3278.0,316.0,1343.0,False,0.7777537329582341,170,4.475000000000001
hliu36,2,test,hliu36,170_F_2-4_WL_Bruise_OC_A244A_2026-03-05_DSC_1860,0.5909181437960566,0.41936395759717315,0.595543958249699,0.5863636363636363,4982,5060,2967.0,2015.0,2093.0,False,0.9845849802371541,170,4.475000000000001
hliu36,2,test,hliu36,182_Q_2-6_WL_Bruise_A244A_2026-04-06_DSC_2484,0.43452002542911633,0.27756345177664976,0.37136647650095084,0.5235541937954806,3681,2611,1367.0,2314.0,1244.0,False,1.409804672539257,182,4.475000000000001
hliu36,2,test,hliu36,182_Q_2-6_WL_Bruise_A244A_2026-04-06_DSC_2485,0.4039056918313884,0.25305878842136675,0.3390643742502999,0.4994110718492344,2501,1698,848.0,1653.0,850.0,False,1.4729093050647821,182,4.475000000000001
hliu36,2,test,hliu36,182_Q_2-6_WL_Bruise_A244A_2026-04-06_DSC_2486,0.442719881744272,0.28429046037019456,0.4340579710144927,0.4517345399698341,4140,3978,1797.0,2343.0,2181.0,False,1.0407239819004526,182,4.475000000000001
hliu36,2,test,hliu36,182_Q_2-6_WL_Bruise_OC_A244A_2026-04-06_DSC_2488,0.7386883579054397,0.5856509471987102,0.6304599363610066,0.8917757774140753,6914,4888,4359.0,2555.0,529.0,False,1.4144844517184942,182,4.475000000000001
hliu36,2,test,hliu36,20_D_2-6_WL_Bruise_A244A_2026-04-04_DSC_0400,0.9267330284279437,0.8634692513368984,0.9699643326450159,0.8871909340659341,10654,11648,10334.0,320.0,1314.0,False,0.9146634615384616,20,4.475000000000001
hliu36,2,test,hliu36,20_D_2-6_WL_Bruise_OC_A244A_2026-04-04_DSC_0403,0.8869232820695173,0.7968213401485504,0.9914045809112138,0.8023643894004584,20127,24869,19954.0,173.0,4915.0,False,0.8093208412079296,20,4.475000000000001
hliu36,2,test,hliu36,20_D_2-6_WL_Bruise_OC_A244A_2026-04-04_DSC_0404,0.8619283425575298,0.7573585871512669,0.9776277906263274,0.7707162790697675,21187,26875,20713.0,474.0,6162.0,False,0.7883534883720931,20,4.475000000000001
hliu36,2,test,hliu36,226_A_2-4_WL_Bruise_A244A_2026-03-06_DSC_3569,0.8554755884069247,0.747450713800136,0.7881720430107527,0.9353466609953212,2790,2351,2199.0,591.0,152.0,False,1.1867290514674607,226,4.475000000000001
hliu36,2,test,hliu36,226_A_2-4_WL_Bruise_A244A_2026-03-06_DSC_3570,0.7467041659342591,0.5957924263674614,0.7336787564766839,0.760200429491768,2895,2794,2124.0,771.0,670.0,False,1.0361488904795992,226,4.475000000000001
hliu36,2,test,hliu36,226_A_2-4_WL_Bruise_A244A_2026-03-06_DSC_3571,0.7348256564786914,0.580809799251446,0.5974798739936997,0.9541643376187814,2857,1789,1707.0,1150.0,82.0,False,1.596981553940749,226,4.475000000000001
hliu36,2,test,hliu36,226_A_2-4_WL_Bruise_OC_A244A_2026-03-06_DSC_3573,0.8243688254665203,0.7012138188608776,0.8811106765741102,0.7744929529047783,2557,2909,2253.0,304.0,656.0,False,0.8789962186318322,226,4.475000000000001
hliu36,2,test,hliu36,226_A_2-4_WL_Bruise_OC_A244A_2026-03-06_DSC_3574,0.7813226985709538,0.6411235342241615,0.9325664418881396,0.6722905347440663,2521,3497,2351.0,170.0,1146.0,False,0.7209036316843008,226,4.475000000000001
hliu36,2,test,hliu36,226_C_2-4_WL_Bruise_A244A_2026-03-06_DSC_3610,0.8777915632754343,0.7822001105583195,0.8167388167388168,0.9487093530003352,3465,2983,2830.0,635.0,153.0,False,1.1615822996982903,226,4.475000000000001
hliu36,2,test,hliu36,226_C_2-4_WL_Bruise_A244A_2026-03-06_DSC_3611,0.8603314169766655,0.7548961424332344,0.7695099818511797,0.9754601226993865,3306,2608,2544.0,762.0,64.0,False,1.267638036809816,226,4.475000000000001
hliu36,2,test,hliu36,226_C_2-4_WL_Bruise_A244A_2026-03-06_DSC_3612,0.7964371868621265,0.6617329633055813,0.7066183733947975,0.9124149659863946,3037,2352,2146.0,891.0,206.0,False,1.2912414965986394,226,4.475000000000001
hliu36,2,test,hliu36,226_C_2-4_WL_Bruise_OC_A244A_2026-03-06_DSC_3614,0.9251820236003013,0.8607801915440317,0.9962151932954852,0.8636044059057886,3699,4267,3685.0,14.0,582.0,False,0.8668853995781579,226,4.475000000000001
hliu36,2,test,hliu36,226_C_2-4_WL_Bruise_OC_A244A_2026-03-06_DSC_3615,0.8828011611030478,0.7901916206560572,0.8612389380530974,0.9054707852623743,2825,2687,2433.0,392.0,254.0,False,1.0513583922590248,226,4.475000000000001
hliu36,2,test,hliu36,228_B_2-4_WL_Bruise_A244A_2026-03-06_DSC_3718,0.826188393117527,0.7038509316770186,0.7629948828440614,0.9007949125596184,3713,3145,2833.0,880.0,312.0,False,1.18060413354531,228,4.475000000000001
hliu36,2,test,hliu36,228_B_2-4_WL_Bruise_A244A_2026-03-06_DSC_3719,0.8747784997046663,0.7774278215223097,0.8101750547045952,0.9505776636713735,3656,3116,2962.0,694.0,154.0,False,1.1732991014120668,228,4.475000000000001
hliu36,2,test,hliu36,228_B_2-4_WL_Bruise_A244A_2026-03-06_DSC_3720,0.9147662946789584,0.8429210134128167,0.9146183699870634,0.9149142672274345,3092,3091,2828.0,264.0,263.0,False,1.0003235198964737,228,4.475000000000001
hliu36,2,test,hliu36,228_B_2-4_WL_Bruise_A244A_2026-03-06_DSC_3721,0.8192038090199709,0.6937724014336918,0.7979902087090955,0.8415760869565218,3881,3680,3097.0,784.0,583.0,False,1.0546195652173913,228,4.475000000000001
hliu36,2,test,hliu36,228_B_2-4_WL_Bruise_OC_A244A_2026-03-06_DSC_3723,0.856350927934442,0.7487881981032666,0.9850291100637649,0.7574078021743764,3607,4691,3553.0,54.0,1138.0,False,0.7689192069921126,228,4.475000000000001
hliu36,2,test,hliu36,228_B_2-4_WL_Bruise_OC_A244A_2026-03-06_DSC_3724,0.9260746690465566,0.8623268698060942,0.9091705607476636,0.9436192785692634,3424,3299,3113.0,311.0,186.0,False,1.037890269778721,228,4.475000000000001
hliu36,2,test,hliu36,232_A_2-4_WL_Bruise_A244A_2026-03-06_DSC_3868,0.25194046856084884,0.14412579436206616,0.4292647415675807,0.1782906672041927,4121,9922,1769.0000000000002,2352.0,8153.0,False,0.41533964926426126,232,4.475000000000001
hliu36,2,test,hliu36,232_A_2-4_WL_Bruise_A244A_2026-03-06_DSC_3869,0.6157612497085567,0.44483745999663127,1.0,0.44483745999663127,5282,11874,5282.0,0.0,6592.0,False,0.44483745999663127,232,4.475000000000001
hliu36,2,test,hliu36,232_A_2-4_WL_Bruise_A244A_2026-03-06_DSC_3870,0.0,0.0,0.0,0.0,3949,7123,0.0,3949.0,7123.0,True,0.5544012354345079,232,4.475000000000001
hliu36,2,test,hliu36,232_A_2-4_WL_Bruise_OC_A244A_2026-03-06_DSC_3876,0.5544973544973545,0.383601756954612,0.7668292682926829,0.43425414364640885,5125,9050,3930.0,1195.0,5120.0,False,0.5662983425414365,232,4.475000000000001
hliu36,2,test,hliu36,232_A_2-4_WL_Bruise_OC_A244A_2026-03-06_DSC_3877,0.6253086028992847,0.4548719837907534,0.7545065688970364,0.5338882282996433,6546,9251,4939.0,1607.0,4312.0,False,0.7075991784671928,232,4.475000000000001
hliu36,2,test,hliu36,233_B_2-4_WL_Bruise_A244A_2026-03-06_DSC_4197,0.6504510791008323,0.48197665829516917,0.8715106184052357,0.5188454198473282,7487,12576,6524.999999999999,962.0000000000009,6051.000000000001,False,0.5953403307888041,233,4.475000000000001
hliu36,2,test,hliu36,233_B_2-4_WL_Bruise_A244A_2026-03-06_DSC_4199,0.6797522323224198,0.5148671703631489,0.9990541499172381,0.5151182638380882,8458,16404,8450.0,8.0,7954.0,False,0.5156059497683492,233,4.475000000000001
hliu36,2,test,hliu36,233_B_2-4_WL_Bruise_OC_A244A_2026-03-06_DSC_4201,0.468650808469323,0.3060378462738978,0.998250079541839,0.30620211779632067,6286,20493,6275.0,11.0,14218.0,False,0.30673888644903136,233,4.475000000000001
hliu36,2,test,hliu36,235_A_2-4_WL_Bruise_A244A_2026-03-08_DSC_4349,0.5452929958391124,0.3748473020886095,1.0,0.3748473020886095,12581,33563,12581.000000000002,-1.8189894035458565e-12,20982.0,False,0.3748473020886095,235,4.475000000000001
hliu36,2,test,hliu36,235_A_2-4_WL_Bruise_A244A_2026-03-08_DSC_4350,0.2590158045977011,0.14877550599352163,1.0,0.14877550599352163,7211,48469,7210.999999999999,9.094947017729282e-13,41258.0,False,0.14877550599352163,235,4.475000000000001
hliu36,2,test,hliu36,235_A_2-4_WL_Bruise_A244A_2026-03-08_DSC_4351,0.6840321395558294,0.5197939555491516,0.978039853599024,0.5259321354375478,14754,27437,14430.0,324.0,13007.0,False,0.5377410066698254,235,4.475000000000001
hliu36,2,test,hliu36,235_A_2-4_WL_Bruise_OC_A244A_2026-03-08_DSC_4353,0.5395158044049148,0.36940886182276356,0.9916149943630215,0.3705663954498776,14192,37977,14072.999999999998,119.00000000000182,23904.0,False,0.3736998709745372,235,4.475000000000001
hliu36,2,test,hliu36,235_A_2-4_WL_Bruise_OC_A244A_2026-03-08_DSC_4354,0.49974979149291077,0.33311096286413167,0.9868247694334651,0.33459906187178917,12144,35816,11984.0,160.0,23832.0,False,0.33906633906633904,235,4.475000000000001
hliu36,2,test,hliu36,236_C_2-4_WL_Bruise_A244A_2026-03-08_DSC_4462,0.27160054557314833,0.15713991628353804,0.9553608677513559,0.15830222590902807,4794,28932,4580.0,214.0,24352.0,False,0.16569888013272502,236,4.475000000000001
hliu36,2,test,hliu36,236_C_2-4_WL_Bruise_A244A_2026-03-08_DSC_4463,0.06197546804389929,0.031978680879413725,0.3801980198019802,0.03373748023194518,2525,28455,960.0,1565.0,27495.0,False,0.0887366016517308,236,4.475000000000001
hliu36,2,test,hliu36,236_C_2-4_WL_Bruise_A244A_2026-03-08_DSC_4464,0.007999351403940222,0.004015737349070682,0.08921036769138035,0.0041874151199637845,1659,35344,148.0,1511.0,35196.0,False,0.04693866002716161,236,4.475000000000001
hliu36,2,test,hliu36,236_C_2-4_WL_Bruise_OC_A244A_2026-03-08_DSC_4467,0.06287064890416846,0.032455576014375404,0.4991470487888093,0.03354812080075214,2931,43609,1463.0000000000002,1467.9999999999998,42146.0,False,0.0672108968332225,236,4.475000000000001
hliu36,2,test,hliu36,236_C_2-4_WL_Bruise_OC_A244A_2026-03-08_DSC_4468,0.09455622016796568,0.04962425087991883,0.515311162331248,0.05205388325295194,3037,30065,1565.0,1472.0,28500.0,False,0.10101446865125562,236,4.475000000000001
hliu36,2,test,hliu36,236_E_2-4_WL_Bruise_OC_A244A_2026-02-26_DSC_5722,0.5548047660803631,0.38389606681419086,0.9579622372639829,0.39047411602410514,5614,13773,5378.0,236.0,8395.0,False,0.40760909024903796,236,4.475000000000001
hliu36,2,test,hliu36,237_AC_2-5_WL_Bruise_A244A_2026-02-16_DSC_7084,0.4043750528899044,0.25342738193100156,0.9998953756015903,0.25343410236011665,9558,37710,9557.0,1.0,28153.0,False,0.2534606205250597,237,4.475000000000001
hliu36,2,test,hliu36,237_AC_2-5_WL_Bruise_A244A_2026-02-16_DSC_7085,0.44391958386053704,0.2852806186982762,0.9910860012554927,0.2860144927536232,7965,27600,7894.0,71.0,19706.0,False,0.28858695652173916,237,4.475000000000001
hliu36,2,test,hliu36,237_AC_2-5_WL_Bruise_A244A_2026-02-16_DSC_7086,0.491277931644505,0.32562520423658764,1.0,0.32562520423658764,16940,52023,16940.0,0.0,35083.0,False,0.32562520423658764,237,4.475000000000001
hliu36,2,test,hliu36,237_AC_2-5_WL_Bruise_OC_A244A_2026-02-16_DSC_7088,0.6231259204059545,0.45256565552434214,1.0,0.45256565552434214,17560,38801,17560.0,0.0,21241.0,False,0.45256565552434214,237,4.475000000000001
hliu36,2,test,hliu36,237_AC_2-5_WL_Bruise_OC_A244A_2026-02-16_DSC_7089,0.6408967636955343,0.47155855903793964,0.9963460565518016,0.47237546973694733,17789,37521,17724.0,65.0,19797.0,False,0.4741078329468831,237,4.475000000000001
hliu36,2,test,hliu36,237_AD_2-5_WL_Bruise_A244A_2026-02-16_DSC_7116,0.5100026207740019,0.3422842401500938,0.9632073915195513,0.3468187488861166,6061,16833,5838.0,223.0,10995.0,False,0.36006653597100935,237,4.475000000000001
hliu36,2,test,hliu36,237_AD_2-5_WL_Bruise_A244A_2026-02-16_DSC_7117,0.6809921740283857,0.5162912308930008,0.8746912002725956,0.5575283705272303,11739,18417,10268.0,1471.0,8149.0,False,0.637400228050171,237,4.475000000000001
hliu36,2,test,hliu36,237_AD_2-5_WL_Bruise_A244A_2026-02-16_DSC_7118,0.7272654754307594,0.5714196176747102,0.9923805377163383,0.5739376770538244,9187,15885,9117.0,70.0,6768.0,False,0.5783443500157381,237,4.475000000000001
hliu36,2,test,hliu36,237_AD_2-5_WL_Bruise_OC_A244A_2026-02-16_DSC_7120,0.7180491155761635,0.560122173400493,0.9889309366130559,0.5636559719600971,10570,18545,10453.0,117.0,8092.0,False,0.5699649501213265,237,4.475000000000001
hliu36,2,test,hliu36,237_AD_2-5_WL_Bruise_OC_A244A_2026-02-16_DSC_7121,0.6462580284836638,0.4773864163787324,0.9761678793630708,0.4830159144273415,9483,19165,9257.0,226.0,9908.0,False,0.4948082441951474,237,4.475000000000001
hliu36,2,test,hliu36,237_AE_2-5_WL_Bruise_A244A_2026-02-16_DSC_7217,0.7288852051388314,0.5734220135628586,0.7748017621145374,0.6881064162754303,5675,6390,4397.0,1278.0,1993.0,False,0.8881064162754304,237,4.475000000000001
hliu36,2,test,hliu36,237_AE_2-5_WL_Bruise_A244A_2026-02-16_DSC_7218,0.776110845676063,0.6341349156777014,0.9452979515828678,0.6582914572864321,4296,6169,4061.0,235.0,2108.0,False,0.6963851515642729,237,4.475000000000001
hliu36,2,test,hliu36,237_AE_2-5_WL_Bruise_A244A_2026-02-16_DSC_7219,0.633350396723829,0.4634329057027812,0.9759416288700453,0.46878848157620534,5071,10557,4949.0,122.0,5608.0,False,0.4803447949228,237,4.475000000000001
hliu36,2,test,hliu36,237_AE_2-5_WL_Bruise_OC_A244A_2026-02-16_DSC_7221,0.5894276629570747,0.4178641870949563,0.7310220177456458,0.49378468368479467,6086,9010,4449.0,1637.0,4561.0,False,0.6754716981132075,237,4.475000000000001
hliu36,2,test,hliu36,237_AE_2-5_WL_Bruise_OC_A244A_2026-02-16_DSC_7222,0.3468277143615609,0.20979526294660777,0.36166089965397924,0.3331633303582813,7225,7843,2613.0,4612.0,5230.0,False,0.9212036210633686,237,4.475000000000001
hliu36,2,test,hliu36,237_B_2-4_WL_Bruise_A244A_2026-03-08_DSC_4584,0.7369443654629892,0.5834615240310659,0.9960289502337796,0.5848219322327103,15613,26591,15551.0,62.0,11040.0,False,0.5871535481929976,237,4.475000000000001
hliu36,2,test,hliu36,237_B_2-4_WL_Bruise_A244A_2026-03-08_DSC_4587,0.699179394328768,0.5374910201149425,0.996420842350591,0.5385307481218229,12014,22229,11971.0,43.0,10258.0,False,0.5404651581267713,237,4.475000000000001
hliu36,2,test,hliu36,237_B_2-4_WL_Bruise_A244A_2026-03-08_DSC_4588,0.6491140042781314,0.48050983305313366,0.9536002482929857,0.49201329116457826,12888,24979,12290.0,598.0,12689.0,False,0.5159534008567196,237,4.475000000000001
hliu36,2,test,hliu36,237_B_2-4_WL_Bruise_OC_A244A_2026-03-08_DSC_4591,0.6346082039793034,0.4647810290268391,0.9955648535564854,0.46574538051988723,11950,25544,11897.0,53.0,13647.0,False,0.46782023175696835,237,4.475000000000001
hliu36,2,test,hliu36,237_B_2-4_WL_Bruise_OC_A244A_2026-03-08_DSC_4592,0.6160331557134399,0.44512132516513225,0.9893503727369543,0.4472643488428075,13146,29079,13005.999999999998,140.00000000000182,16073.000000000002,False,0.45207881976684205,237,4.475000000000001
hliu36,2,test,hliu36,237_C_2-4_WL_Bruise_A244A_2026-03-08_DSC_4608,0.6831513876101539,0.5187774670395525,0.8541358329222167,0.5692054794520548,6081,9125,5194.0,887.0,3931.0,False,0.6664109589041096,237,4.475000000000001
hliu36,2,test,hliu36,237_C_2-4_WL_Bruise_A244A_2026-03-08_DSC_4609,0.44470853139854893,0.28593259872918847,1.0,0.28593259872918847,3555,12433,3555.0,0.0,8878.0,False,0.28593259872918847,237,4.475000000000001
hliu36,2,test,hliu36,237_C_2-4_WL_Bruise_A244A_2026-03-08_DSC_4610,0.6646035725477907,0.4976826048694632,0.7239907826235384,0.6142205488378828,11717,13811,8483.0,3234.0,5328.0,False,0.848381724712186,237,4.475000000000001
hliu36,2,test,hliu36,237_C_2-4_WL_Bruise_OC_A244A_2026-03-08_DSC_4613,0.3676292271073786,0.22521184109166942,0.8975877192982457,0.23115152199695035,4560,17707,4092.9999999999995,467.00000000000045,13614.0,False,0.25752527249110524,237,4.475000000000001
hliu36,2,test,hliu36,237_C_2-4_WL_Bruise_OC_A244A_2026-03-08_DSC_4615,0.49417369471447886,0.3281744335185977,0.8669527896995708,0.3455789663245093,4427,11106,3838.0,589.0,7268.0,False,0.39861336214658744,237,4.475000000000001
hliu36,2,test,hliu36,237_E_2-4_WL_Bruise_A244A_2026-03-08_DSC_4651,0.8340951413577112,0.7154058370843619,0.910720887245841,0.7693628981886321,10820,12808,9854.0,966.0,2954.0,False,0.8447845096814491,237,4.475000000000001
hliu36,2,test,hliu36,237_E_2-4_WL_Bruise_A244A_2026-03-08_DSC_4652,0.8353081856723557,0.7171924584655591,0.9150887221626771,0.7683231676832317,8397,10001,7684.0,713.0,2317.0,False,0.8396160383961604,237,4.475000000000001
hliu36,2,test,hliu36,237_E_2-4_WL_Bruise_A244A_2026-03-08_DSC_4653,0.8762201735357917,0.7797080468090241,0.9510005885815186,0.8123428858722976,6796,7956,6463.0,333.0,1493.0,False,0.8541980894922071,237,4.475000000000001
hliu36,2,test,hliu36,237_E_2-4_WL_Bruise_OC_A244A_2026-03-08_DSC_4656,0.8298076923076924,0.7091207888249794,0.93067323987059,0.7486677407361507,6491,8069,6041.0,450.0,2028.0,False,0.804436733176354,237,4.475000000000001
hliu36,2,test,hliu36,237_E_2-4_WL_Bruise_OC_A244A_2026-03-08_DSC_4657,0.8469260643364842,0.7344941535332994,0.958533753524631,0.7585980572328695,6029,7618,5779.0,250.0,1839.0,False,0.7914150695720662,237,4.475000000000001
hliu36,2,test,hliu36,237_J_2-4_WL_Bruise_A244A_2026-02-26_DSC_5578,0.786706735018561,0.6484060842706452,0.9908273221123876,0.6523217636022514,11229,17056,11126.0,103.0,5930.0,False,0.6583606941838649,237,4.475000000000001
hliu36,2,test,hliu36,237_J_2-4_WL_Bruise_A244A_2026-02-26_DSC_5579,0.6247573964497042,0.45428886135205837,0.8819834268912056,0.4836912702484791,7482,13643,6599.0,883.0,7044.0,False,0.5484131056219307,237,4.475000000000001
hliu36,2,test,hliu36,237_J_2-4_WL_Bruise_A244A_2026-02-26_DSC_5580,0.8096047218744411,0.6801141912703779,0.9617550196536705,0.6990193807427998,9413,12951,9053.0,360.0,3898.0,False,0.7268164620492626,237,4.475000000000001
hliu36,2,test,hliu36,237_J_2-4_WL_Bruise_OC_A244A_2026-02-26_DSC_5582,0.7762082374414729,0.6342649633616497,0.9774158089337464,0.6436985850608753,10007,15195,9781.0,226.0,5414.0,False,0.658571898650872,237,4.475000000000001
hliu36,2,test,hliu36,237_J_2-4_WL_Bruise_OC_A244A_2026-02-26_DSC_5583,0.7166782599390016,0.5584556370913942,0.8450473186119873,0.622166480862133,7925,10764,6697.0,1228.0,4067.0,False,0.736250464511334,237,4.475000000000001
hliu36,2,test,hliu36,237_N_2-4_WL_Bruise_A244A_2026-02-26_DSC_5858,0.835560036971683,0.7175638620291528,0.8593155893536122,0.8130825838103025,5786,6115,4972.0,814.0,1143.0,False,0.9461978740801308,237,4.475000000000001
hliu36,2,test,hliu36,237_N_2-4_WL_Bruise_A244A_2026-02-26_DSC_5859,0.8263770099213137,0.7041247631540591,0.991177677472302,0.7085655617483133,4874,6818,4831.0,43.0,1987.0,False,0.7148723965972426,237,4.475000000000001
hliu36,2,test,hliu36,237_N_2-4_WL_Bruise_A244A_2026-02-26_DSC_5860,0.7013392857142857,0.5400481265039533,0.648102310231023,0.7641050583657587,4848,4112,3142.0,1706.0,970.0,False,1.178988326848249,237,4.475000000000001
hliu36,2,test,hliu36,237_N_2-4_WL_Bruise_OC_A244A_2026-02-26_DSC_5862,0.8168429003021148,0.6903925949569103,0.7750836120401338,0.8633581692389569,8372,7516,6489.0,1883.0,1027.0,False,1.1138903672166045,237,4.475000000000001
hliu36,2,test,hliu36,237_N_2-4_WL_Bruise_OC_A244A_2026-02-26_DSC_5863,0.9050456893126738,0.8265602322206096,0.9026787129497543,0.9074251115360102,6309,6276,5695.0,614.0,581.0,False,1.0052581261950286,237,4.475000000000001
hliu36,2,test,hliu36,237_S_2-4_WL_Bruise_A244A_2026-02-27_DSC_6307,0.5449477351916376,0.37452107279693486,0.9965074570511611,0.37501332101879153,10594,28151,10557.0,37.0,17594.0,False,0.37632766153955455,237,4.475000000000001
hliu36,2,test,hliu36,237_S_2-4_WL_Bruise_A244A_2026-02-27_DSC_6308,0.6421469996449284,0.47291348877751144,0.9933174661296228,0.47442287513116477,10924,22872,10851.0,73.0,12021.0,False,0.47761455054214763,237,4.475000000000001
hliu36,2,test,hliu36,237_S_2-4_WL_Bruise_A244A_2026-02-27_DSC_6309,0.7283582089552239,0.5727699530516432,0.9824790510392861,0.5786808537914236,9189,15601,9028.0,161.0,6573.0,False,0.5890007050830075,237,4.475000000000001
hliu36,2,test,hliu36,237_S_2-4_WL_Bruise_OC_A244A_2026-02-27_DSC_6311,0.6325107106185603,0.46253430687173114,0.9553962990694191,0.47274266963057054,9349,18894,8932.0,417.0,9962.0,False,0.4948131682015455,237,4.475000000000001
hliu36,2,test,hliu36,237_S_2-4_WL_Bruise_OC_A244A_2026-02-27_DSC_6312,0.6281810156220013,0.45791829882484614,0.9803522223553373,0.462159719868971,8347,17706,8183.000000000001,163.9999999999991,9523.0,False,0.47142211679656615,237,4.475000000000001
hliu36,2,test,hliu36,237_Z_2-5_WL_Bruise_A244A_2026-02-16_DSC_7025,0.6110568046051917,0.43994369721614013,1.0,0.43994369721614013,14065,31970,14065.0,0.0,17905.0,False,0.43994369721614013,237,4.475000000000001
hliu36,2,test,hliu36,237_Z_2-5_WL_Bruise_A244A_2026-02-16_DSC_7026,0.7414802901101569,0.5891685956790124,1.0,0.5891685956790124,12217,20736,12217.0,0.0,8519.0,False,0.5891685956790124,237,4.475000000000001
hliu36,2,test,hliu36,237_Z_2-5_WL_Bruise_A244A_2026-02-16_DSC_7027,0.7017404508819063,0.5405240048945512,1.0,0.5405240048945512,15019,27786,15019.0,0.0,12767.0,False,0.5405240048945512,237,4.475000000000001
hliu36,2,test,hliu36,237_Z_2-5_WL_Bruise_OC_A244A_2026-02-16_DSC_7030,0.6480579079339547,0.47935330347144456,1.0,0.47935330347144456,13698,28576,13698.0,0.0,14878.0,False,0.47935330347144456,237,4.475000000000001
hliu36,2,test,hliu36,247_A_2-4_WL_Bruise_A244A_2026-02-27_DSC_6202,0.8791858174655286,0.7844171060339777,0.8481393507521774,0.9125915828931674,6315,5869,5356.0,959.0,513.0,False,1.0759925029817685,247,4.475000000000001
hliu36,2,test,hliu36,247_A_2-4_WL_Bruise_A244A_2026-02-27_DSC_6203,0.8304054800574522,0.7099943321367844,0.8230398598335523,0.8379041248606466,4566,4485,3758.0,808.0,727.0,False,1.0180602006688964,247,4.475000000000001
hliu36,2,test,hliu36,247_A_2-4_WL_Bruise_A244A_2026-02-27_DSC_6204,0.9441783779539923,0.8942593694229625,0.9617722328854766,0.9272166538164996,6252,6485,6013.0,239.0,472.0,False,0.964070932922128,247,4.475000000000001
hliu36,2,test,hliu36,247_A_2-4_WL_Bruise_OC_A244A_2026-02-27_DSC_6206,0.8793328973185088,0.7846512985118179,0.8899553202051961,0.8689610599450638,6043,6189,5378.0,665.0,811.0,False,0.9764097592502827,247,4.475000000000001
hliu36,2,test,hliu36,247_A_2-4_WL_Bruise_OC_A244A_2026-02-27_DSC_6207,0.862826143115474,0.7587460245343026,0.8408862034239678,0.8859416445623343,3972,3770,3340.0,632.0,430.0,False,1.053580901856764,247,4.475000000000001
hliu36,2,test,hliu36,250_A_2-4_WL_Bruise_A244A_2026-02-27_DSC_6537,0.7785515998636342,0.6374003189792663,0.9995623085099731,0.6375782714473737,15993,25073,15986.000000000002,6.999999999998181,9086.999999999998,False,0.6378574562278148,250,4.475000000000001
hliu36,2,test,hliu36,250_A_2-4_WL_Bruise_A244A_2026-02-27_DSC_6538,0.8540878792001089,0.7453345363027684,0.9451436141386163,0.7790351399642644,16607,20148,15696.0,911.0,4452.0,False,0.8242505459598968,250,4.475000000000001
hliu36,2,test,hliu36,250_A_2-4_WL_Bruise_OC_A244A_2026-02-27_DSC_6541,0.6537263261457735,0.48558204683170425,0.9830477129823696,0.4896824909414727,16222,32566,15947.0,275.0,16619.0,False,0.4981268807959221,250,4.475000000000001
hliu36,2,test,hliu36,250_A_2-4_WL_Bruise_OC_A244A_2026-02-27_DSC_6542,0.6710022748561488,0.5048934713439929,0.9800641075756391,0.5101326605355253,12791,24574,12536.0,255.0,12038.0,False,0.5205094815658826,250,4.475000000000001
hliu36,2,test,hliu36,250_A_2-4_WL_Bruise_OC_A244A_2026-02-27_DSC_6543,0.8074730560256524,0.6771109534301826,0.9722237117271704,0.6904680300087589,18649,26259,18131.0,518.0,8128.0,False,0.710194599946685,250,4.475000000000001
hliu36,2,test,hliu36,254_A_2-5_WL_Bruise_A244A_2026-02-16_DSC_6925,0.8229483282674772,0.6991607488702388,0.7200797872340425,0.9601063829787234,1504,1128,1083.0,421.0,45.0,False,1.3333333333333333,254,4.475000000000001
hliu36,2,test,hliu36,254_A_2-5_WL_Bruise_A244A_2026-02-16_DSC_6926,0.7982663514578409,0.6642622950819672,0.6642622950819672,1.0,1525,1013,1013.0,512.0,0.0,False,1.5054294175715697,254,4.475000000000001
hliu36,2,test,hliu36,254_A_2-5_WL_Bruise_A244A_2026-02-16_DSC_6927,0.5312370707488622,0.3616901408450704,0.36560364464692485,0.9712556732223904,1756,661,641.9999999999999,1114.0,19.000000000000114,False,2.6565809379727687,254,4.475000000000001
hliu36,2,test,hliu36,254_A_2-5_WL_Bruise_OC_A244A_2026-02-16_DSC_6930,0.7774692582308608,0.6359506813757301,0.6815020862308763,0.9048938134810711,1438,1083,980.0,458.0,103.0,False,1.3277931671283472,254,4.475000000000001
hliu36,2,test,hliu36,254_A_2-5_WL_Bruise_OC_A244A_2026-02-16_DSC_6931,0.16509319777293632,0.08997361477572559,0.11250412405146816,0.31,3031,1100,341.0,2690.0,759.0,False,2.7554545454545454,254,4.475000000000001
hliu36,2,test,hliu36,254_B_2-5_WL_Bruise_A244A_2026-02-16_DSC_6954,0.0884743291067205,0.04628466698298399,1.0,0.04628466698298399,4975,107487,4975.0,0.0,102512.0,False,0.04628466698298399,254,4.475000000000001
hliu36,2,test,hliu36,254_B_2-5_WL_Bruise_A244A_2026-02-16_DSC_6955,0.07508778885364749,0.03900842252381478,1.0,0.03900842252381478,5303,135945,5303.0,0.0,130642.0,False,0.03900842252381478,254,4.475000000000001
hliu36,2,test,hliu36,254_B_2-5_WL_Bruise_A244A_2026-02-16_DSC_6956,0.11778007415962556,0.06257508622805544,0.9932335452122206,0.06260177311380495,4877,77378,4844.0,33.0,72534.0,False,0.06302825092403526,254,4.475000000000001
hliu36,2,test,hliu36,254_B_2-5_WL_Bruise_OC_A244A_2026-02-16_DSC_6960,0.10820084182808354,0.057194677014572835,0.9990790200773623,0.05719769268894537,5429,94829,5424.0,5.0,89405.0,False,0.057250419175568654,254,4.475000000000001
hliu36,2,test,hliu36,254_B_2-5_WL_Bruise_OC_A244A_2026-02-16_DSC_6961,0.09532321356254102,0.0500469235732301,0.9970785860356413,0.05005426333851524,3423,68186,3413.0,10.0,64773.0,False,0.05020092101017804,254,4.475000000000001
hliu36,2,test,hliu36,260_A_2-5_WL_Bruise_A244A_2026-02-17_DSC_7634,0.8027210884353742,0.6704545454545454,0.812992125984252,0.7927063339731286,2032,2084,1652.0,380.0,432.0,False,0.9750479846449136,260,4.475000000000001
hliu36,2,test,hliu36,260_A_2-5_WL_Bruise_A244A_2026-02-17_DSC_7635,0.8334839992768035,0.7145071295722256,0.8691553544494721,0.8006252170892671,2652,2879,2305.0,347.0,574.0,False,0.9211531781868705,260,4.475000000000001
hliu36,2,test,hliu36,260_A_2-5_WL_Bruise_A244A_2026-02-17_DSC_7636,0.5724662746454514,0.40101768839350616,0.42403279528567767,0.8807876530069185,3903,1879,1655.0,2248.0,224.0,False,2.0771687067589144,260,4.475000000000001
hliu36,2,test,hliu36,260_A_2-5_WL_Bruise_OC_A244A_2026-02-17_DSC_7638,0.5420138398531281,0.3717551336691205,0.41899563318777294,0.7672930827668932,4580,2501,1919.0,2661.0,582.0,False,1.8312674930027988,260,4.475000000000001
hliu36,2,test,hliu36,260_A_2-5_WL_Bruise_OC_A244A_2026-02-17_DSC_7639,0.6144694533762058,0.4434903689951265,0.484779299847793,0.8388937664618086,3942,2278,1911.0000000000002,2030.9999999999998,366.9999999999998,False,1.7304653204565408,260,4.475000000000001
hliu36,2,test,hliu36,285_F_2-6_WL_Bruise_A244A_2026-04-06_DSC_2339,0.27660510114335973,0.16050012758356724,0.6885604816639299,0.1730636951437612,1827,7269,1258.0,569.0,6011.0,False,0.2513413124226166,285,4.475000000000001
hliu36,2,test,hliu36,285_F_2-6_WL_Bruise_A244A_2026-04-06_DSC_2340,0.5421144713821544,0.37184981998971367,0.8072199478972832,0.4080903104421449,2687,5315,2169.0,518.0,3146.0,False,0.5055503292568203,285,4.475000000000001
hliu36,2,test,hliu36,285_F_2-6_WL_Bruise_OC_A244A_2026-04-06_DSC_2343,0.7966679288148428,0.6620516047828823,0.6624685138539043,0.9990503323836657,1588,1053,1052.0,536.0,1.0,False,1.5080721747388415,285,4.475000000000001
hliu36,2,test,hliu36,285_F_2-6_WL_Bruise_OC_A244A_2026-04-06_DSC_2344,0.7003306819197426,0.5388529775821758,0.844396551724138,0.5982592762253779,4640,6549,3918.0,722.0,2631.0,False,0.7085051152847763,285,4.475000000000001
hliu36,2,test,hliu36,285_G_2-6_WL_Bruise_A244A_2026-05-29_DSC_3860,0.8691210895935305,0.7685359427926233,0.9298724954462659,0.8158210147822613,4392,5006,4084.0,308.0,922.0,False,0.8773471833799441,285,4.475000000000001
hliu36,2,test,hliu36,285_G_2-6_WL_Bruise_A244A_2026-05-29_DSC_3861,0.7889713679745494,0.6514886164623468,0.9019396551724138,0.701151832460733,3712,4775,3348.0000000000005,363.99999999999955,1426.9999999999995,False,0.7773821989528796,285,4.475000000000001
hliu36,2,test,hliu36,285_G_2-6_WL_Bruise_A244A_2026-05-29_DSC_3862,0.9369454631491778,0.8813710215891387,0.9658536585365853,0.9097174362508614,4100,4353,3960.0,140.0,393.0,False,0.9418791637950839,285,4.475000000000001
hliu36,2,test,hliu36,285_G_2-6_WL_Bruise_OC_A244A_2026-05-29_DSC_3864,0.8423975175567532,0.7277088036117382,0.9885013415101571,0.7339214570290268,5218,7028,5158.0,60.0,1870.0,False,0.7424587364826408,285,4.475000000000001
hliu36,2,test,hliu36,285_G_2-6_WL_Bruise_OC_A244A_2026-05-29_DSC_3865,0.8319175853967107,0.7122079529630203,0.9754185208730664,0.7252245155191429,4719,6347,4603.0,116.0,1744.0,False,0.7435008665511266,285,4.475000000000001
hliu36,2,test,mzehra2,170_F_2-4_WL_Bruise_A244A_2026-03-05_DSC_1856,0.6981185860889396,0.536238230786074,0.6814134668892599,0.7156633547632963,3594,3422,2449.0,1145.0,973.0,False,1.0502630040911747,170,4.475000000000001
hliu36,2,test,mzehra2,170_F_2-4_WL_Bruise_OC_A244A_2026-03-05_DSC_1860,0.5944073249195744,0.42288732394366196,0.4821356884785227,0.7748387096774193,4982,3100,2402.0,2580.0,698.0,False,1.6070967741935485,170,4.475000000000001
hliu36,2,test,mzehra2,182_Q_2-6_WL_Bruise_A244A_2026-04-06_DSC_2484,0.2864491055609533,0.16716696684677473,0.6807932627003531,0.18138390272148233,3681,13816,2506.0,1175.0,11310.0,False,0.26643022582513026,182,4.475000000000001
hliu36,2,test,mzehra2,182_Q_2-6_WL_Bruise_A244A_2026-04-06_DSC_2485,0.39036144578313253,0.24251497005988024,0.4534186325469812,0.34270172257479603,2501,3309,1134.0,1367.0,2175.0,False,0.7558174675128437,182,4.475000000000001
hliu36,2,test,mzehra2,182_Q_2-6_WL_Bruise_A244A_2026-04-06_DSC_2486,0.47063471161443243,0.3077320475288445,0.4316425120772947,0.5173711638679791,4140,3454,1787.0,2353.0,1667.0,False,1.1986103068905616,182,4.475000000000001
hliu36,2,test,mzehra2,182_Q_2-6_WL_Bruise_OC_A244A_2026-04-06_DSC_2488,0.6638267660631878,0.49681190223166843,0.8113971651721146,0.5616740088105727,6914,9988,5610.0,1304.0,4378.0,False,0.6922306768121747,182,4.475000000000001
hliu36,2,test,mzehra2,20_D_2-6_WL_Bruise_A244A_2026-04-04_DSC_0400,0.9069567187854067,0.8297537109213036,0.9391777736061573,0.8768731925335203,10654,11411,10006.0,648.0,1405.0,False,0.9336605030233984,20,4.475000000000001
hliu36,2,test,mzehra2,20_D_2-6_WL_Bruise_OC_A244A_2026-04-04_DSC_0403,0.8767844963428114,0.7806022027723104,0.9261191434391614,0.8324401571989997,20127,22392,18640.0,1487.0,3752.0,False,0.8988478027867095,20,4.475000000000001
hliu36,2,test,mzehra2,20_D_2-6_WL_Bruise_OC_A244A_2026-04-04_DSC_0404,0.8574500379458639,0.7504704970663124,0.9598810591400387,0.7747723722808488,21187,26249,20337.0,850.0,5912.0,False,0.8071545582688864,20,4.475000000000001
hliu36,2,test,mzehra2,226_A_2-4_WL_Bruise_A244A_2026-03-06_DSC_3569,0.7083333333333334,0.5483870967741935,0.6397849462365591,0.7933333333333333,2790,2250,1785.0,1005.0,465.0,False,1.24,226,4.475000000000001
hliu36,2,test,mzehra2,226_A_2-4_WL_Bruise_A244A_2026-03-06_DSC_3570,0.7085470085470086,0.5486432825943084,0.5727115716753023,0.9288515406162465,2895,1785,1658.0,1237.0,127.0,False,1.6218487394957983,226,4.475000000000001
hliu36,2,test,mzehra2,226_A_2-4_WL_Bruise_A244A_2026-03-06_DSC_3571,0.5551299589603284,0.38420753645142963,0.7101855092754638,0.4556478778351673,2857,4453,2029.0000000000002,827.9999999999998,2424.0,False,0.641589939366719,226,4.475000000000001
hliu36,2,test,mzehra2,226_A_2-4_WL_Bruise_OC_A244A_2026-03-06_DSC_3573,0.7722728282603866,0.6290264205573651,0.6797027766914353,0.8940329218106996,2557,1944,1738.0,819.0,206.0,False,1.315329218106996,226,4.475000000000001
hliu36,2,test,mzehra2,226_A_2-4_WL_Bruise_OC_A244A_2026-03-06_DSC_3574,0.8293004115226338,0.7083802024746907,0.9992066640222134,0.7087788407428249,2521,3554,2519.0,2.0,1035.0,False,0.7093415869442882,226,4.475000000000001
hliu36,2,test,mzehra2,226_C_2-4_WL_Bruise_A244A_2026-03-06_DSC_3610,0.8841796614687458,0.792403248924988,0.9572871572871573,0.8214462605250124,3465,4038,3317.0,148.0,721.0,False,0.8580980683506686,226,4.475000000000001
hliu36,2,test,mzehra2,226_C_2-4_WL_Bruise_A244A_2026-03-06_DSC_3611,0.9133858267716536,0.8405797101449275,0.9824561403508771,0.8533893851812927,3306,3806,3248.0,58.0,558.0,False,0.8686284813452444,226,4.475000000000001
hliu36,2,test,mzehra2,226_C_2-4_WL_Bruise_A244A_2026-03-06_DSC_3612,0.8913870632998963,0.8040561622464899,0.848534738228515,0.9387978142076503,3037,2745,2577.0,460.0,168.0,False,1.1063752276867032,226,4.475000000000001
hliu36,2,test,mzehra2,226_C_2-4_WL_Bruise_OC_A244A_2026-03-06_DSC_3614,0.9240278135462271,0.8587841072283389,0.9699918896999189,0.8822227686255225,3699,4067,3588.0,111.0,479.0,False,0.9095156134743054,226,4.475000000000001
hliu36,2,test,mzehra2,226_C_2-4_WL_Bruise_OC_A244A_2026-03-06_DSC_3615,0.8447729672650475,0.7312614259597806,0.9911504424778761,0.7360672975814931,2825,3804,2800.0,25.0,1004.0,False,0.7426393270241851,226,4.475000000000001
hliu36,2,test,mzehra2,228_B_2-4_WL_Bruise_A244A_2026-03-06_DSC_3718,0.9143349117520447,0.8421887390959556,0.858066253703205,0.9785012285012284,3713,3256,3186.0,527.0,70.0,False,1.1403562653562653,228,4.475000000000001
hliu36,2,test,mzehra2,228_B_2-4_WL_Bruise_A244A_2026-03-06_DSC_3719,0.6785841973543082,0.5135281385281385,0.5191466083150985,0.9793601651186791,3656,1938,1898.0,1758.0,40.0,False,1.8864809081527347,228,4.475000000000001
hliu36,2,test,mzehra2,228_B_2-4_WL_Bruise_A244A_2026-03-06_DSC_3720,0.7658062102506547,0.6204910578963322,0.6620310478654593,0.9081632653061225,3092,2254,2046.9999999999998,1045.0000000000002,207.00000000000023,False,1.3717834960070985,228,4.475000000000001
hliu36,2,test,mzehra2,228_B_2-4_WL_Bruise_A244A_2026-03-06_DSC_3721,0.7463791438686836,0.5953786906290116,0.5975264107188869,0.9939991427346764,3881,2333,2319.0,1562.0,14.0,False,1.6635233604800685,228,4.475000000000001
hliu36,2,test,mzehra2,228_B_2-4_WL_Bruise_OC_A244A_2026-03-06_DSC_3723,0.7639031047424087,0.6179961357990615,0.6207374549487108,0.9929046563192905,3607,2255,2239.0,1368.0,16.0,False,1.5995565410199557,228,4.475000000000001
hliu36,2,test,mzehra2,228_B_2-4_WL_Bruise_OC_A244A_2026-03-06_DSC_3724,0.8020402536531569,0.6695051783659378,0.8495911214953271,0.7595300261096606,3424,3830,2909.0,515.0,921.0,False,0.8939947780678851,228,4.475000000000001
hliu36,2,test,mzehra2,232_A_2-4_WL_Bruise_A244A_2026-03-06_DSC_3868,0.4709833422890919,0.30803022315937445,0.42538218878912887,0.5275353596148059,4121,3323,1753.0,2368.0,1570.0,False,1.2401444477881431,232,4.475000000000001
hliu36,2,test,mzehra2,232_A_2-4_WL_Bruise_A244A_2026-03-06_DSC_3869,0.6949275362318841,0.532481954469739,0.5446800454373344,0.9596397598398932,5282,2998,2877.0,2405.0,121.0,False,1.76184122748499,232,4.475000000000001
hliu36,2,test,mzehra2,232_A_2-4_WL_Bruise_A244A_2026-03-06_DSC_3870,0.0,0.0,0.0,0.0,3949,4524,0.0,3949.0,4524.0,True,0.8729000884173298,232,4.475000000000001
hliu36,2,test,mzehra2,232_A_2-4_WL_Bruise_OC_A244A_2026-03-06_DSC_3876,0.6704535208727798,0.5042723450427234,0.7254634146341463,0.6231981226952732,5125,5966,3718.0,1407.0,2248.0,False,0.8590345289976534,232,4.475000000000001
hliu36,2,test,mzehra2,232_A_2-4_WL_Bruise_OC_A244A_2026-03-06_DSC_3877,0.7177447250086475,0.5597518208794173,0.6339749465322334,0.8270227182144281,6546,5018,4150.0,2396.0,868.0,False,1.3045037863690714,232,4.475000000000001
hliu36,2,test,mzehra2,233_B_2-4_WL_Bruise_A244A_2026-03-06_DSC_4197,0.7273365775347413,0.5715074109113845,0.9682115667156405,0.5824361240559216,7487,12446,7249.0,238.0,5197.0,False,0.6015587337297124,233,4.475000000000001
hliu36,2,test,mzehra2,233_B_2-4_WL_Bruise_A244A_2026-03-06_DSC_4199,0.6963216424294268,0.5341207349081365,0.8180420903286829,0.6061322820849759,8458,11415,6919.0,1539.0,4496.0,False,0.7409548839246606,233,4.475000000000001
hliu36,2,test,mzehra2,233_B_2-4_WL_Bruise_OC_A244A_2026-03-06_DSC_4201,0.5772442588726514,0.4057226705796038,0.967706013363029,0.4112914131169709,6286,14790,6083.000000000001,202.9999999999991,8707.0,False,0.42501690331304937,233,4.475000000000001
hliu36,2,test,mzehra2,235_A_2-4_WL_Bruise_A244A_2026-03-08_DSC_4349,0.5313905223106191,0.36183242065595006,0.9768698831571417,0.36495916852264293,12581,33675,12289.999999999998,291.0000000000018,21385.0,False,0.3736005939123979,235,4.475000000000001
hliu36,2,test,mzehra2,235_A_2-4_WL_Bruise_A244A_2026-03-08_DSC_4350,0.3201674310905286,0.1905948467818895,0.9970877825544308,0.1907010052250484,7211,37703,7190.000000000001,20.99999999999909,30513.0,False,0.19125799008036495,235,4.475000000000001
hliu36,2,test,mzehra2,235_A_2-4_WL_Bruise_A244A_2026-03-08_DSC_4351,0.7869415807560137,0.6487252124645893,0.9933577334960011,0.6515515248510714,14754,22494,14656.0,98.0,7838.0,False,0.6559082421979194,235,4.475000000000001
hliu36,2,test,mzehra2,235_A_2-4_WL_Bruise_OC_A244A_2026-03-08_DSC_4353,0.6333876330529088,0.4634727801182195,1.0,0.4634727801182195,14192,30621,14192.0,0.0,16429.0,False,0.4634727801182195,235,4.475000000000001
hliu36,2,test,mzehra2,235_A_2-4_WL_Bruise_OC_A244A_2026-03-08_DSC_4354,0.48040205145105147,0.3161376019951747,0.9603096179183136,0.3203230148048452,12144,36407,11662.0,482.0,24745.0,False,0.33356222704424976,235,4.475000000000001
hliu36,2,test,mzehra2,236_C_2-4_WL_Bruise_A244A_2026-03-08_DSC_4462,0.17980711600283333,0.09878464946416811,0.344180225281602,0.12169039014676598,4794,13559,1650.0,3144.0,11909.0,False,0.35356589719005826,236,4.475000000000001
hliu36,2,test,mzehra2,236_C_2-4_WL_Bruise_A244A_2026-03-08_DSC_4463,0.05392955451940902,0.027712025864557472,0.1900990099009901,0.031421838177533384,2525,15276,480.0,2045.0,14796.0,False,0.16529196124639958,236,4.475000000000001
hliu36,2,test,mzehra2,236_C_2-4_WL_Bruise_A244A_2026-03-08_DSC_4464,0.0,0.0,0.0,0.0,1659,11326,0.0,1659.0,11326.0,True,0.14647713226205192,236,4.475000000000001
hliu36,2,test,mzehra2,236_C_2-4_WL_Bruise_OC_A244A_2026-03-08_DSC_4467,0.0,0.0,0.0,0.0,2931,10556,0.0,2931.0,10556.0,True,0.27766199317923457,236,4.475000000000001
hliu36,2,test,mzehra2,236_C_2-4_WL_Bruise_OC_A244A_2026-03-08_DSC_4468,0.0025195968645016797,0.0012613875262789068,0.005926901547579849,0.0015998577904186295,3037,11251,18.0,3019.0,11233.0,False,0.2699315616389654,236,4.475000000000001
hliu36,2,test,mzehra2,236_E_2-4_WL_Bruise_OC_A244A_2026-02-26_DSC_5722,0.5658283150312906,0.39453317964762064,0.4267901674385465,0.8392294220665499,5614,2855,2396.0,3218.0,459.0,False,1.9663747810858143,236,4.475000000000001
hliu36,2,test,mzehra2,237_AC_2-5_WL_Bruise_A244A_2026-02-16_DSC_7084,0.5080377091166693,0.34051645421673543,0.9754132663737184,0.343464485705865,9558,27144,9323.0,235.0,17821.0,False,0.3521220159151194,237,4.475000000000001
hliu36,2,test,mzehra2,237_AC_2-5_WL_Bruise_A244A_2026-02-16_DSC_7085,0.5062050713493795,0.33887186362765753,0.8885122410546139,0.35392078415683137,7965,19996,7077.000000000001,887.9999999999991,12919.0,False,0.39832966593318664,237,4.475000000000001
hliu36,2,test,mzehra2,237_AC_2-5_WL_Bruise_A244A_2026-02-16_DSC_7086,0.6651418482404398,0.49828653880839296,0.9785123966942149,0.5037991611452192,16940,32902,16576.0,364.0,16326.0,False,0.5148623184000972,237,4.475000000000001
hliu36,2,test,mzehra2,237_AC_2-5_WL_Bruise_OC_A244A_2026-02-16_DSC_7088,0.7351964698466065,0.5812732589048378,0.9962414578587699,0.5825507825507825,17560,30030,17494.0,66.0,12536.0,False,0.5847485847485847,237,4.475000000000001
hliu36,2,test,mzehra2,237_AC_2-5_WL_Bruise_OC_A244A_2026-02-16_DSC_7089,0.6596125853767775,0.49210592264639547,0.9934791163078307,0.49370058943486883,17789,35797,17673.0,116.0,18124.0,False,0.49694108444841745,237,4.475000000000001
hliu36,2,test,mzehra2,237_AD_2-5_WL_Bruise_A244A_2026-02-16_DSC_7116,0.5264052229128471,0.35722522303817444,0.971126876753011,0.36105999263894,6061,16302,5886.0,175.0,10416.0,False,0.3717948717948718,237,4.475000000000001
hliu36,2,test,mzehra2,237_AD_2-5_WL_Bruise_A244A_2026-02-16_DSC_7117,0.7279559118236473,0.5722725482473415,0.9902035948547576,0.5755310194583354,11739,20197,11624.0,115.0,8573.0,False,0.5812249343961975,237,4.475000000000001
hliu36,2,test,mzehra2,237_AD_2-5_WL_Bruise_A244A_2026-02-16_DSC_7118,0.7593283582089553,0.6120300751879699,0.88603461412866,0.6643271035664735,9187,12253,8140.000000000001,1046.999999999999,4112.999999999999,False,0.749775565167714,237,4.475000000000001
hliu36,2,test,mzehra2,237_AD_2-5_WL_Bruise_OC_A244A_2026-02-16_DSC_7120,0.7342933333333334,0.5801449519635935,0.9769157994323557,0.5882084876103674,10570,17555,10326.0,244.0,7229.0,False,0.6021076616348618,237,4.475000000000001
hliu36,2,test,mzehra2,237_AD_2-5_WL_Bruise_OC_A244A_2026-02-16_DSC_7121,0.6630144885749297,0.4959025231830925,0.9699462195507751,0.5036412418551169,9483,18263,9198.0,285.0,9065.0,False,0.5192465640913322,237,4.475000000000001
hliu36,2,test,mzehra2,237_AE_2-5_WL_Bruise_A244A_2026-02-16_DSC_7217,0.7365790607496768,0.5830036829900422,0.7531277533039648,0.7207419898819561,5675,5930,4274.0,1401.0,1656.0,False,0.9569983136593592,237,4.475000000000001
hliu36,2,test,mzehra2,237_AE_2-5_WL_Bruise_A244A_2026-02-16_DSC_7218,0.879199604743083,0.7844390566453604,0.8284450651769087,0.9365789473684211,4296,3800,3559.0,737.0,241.0,False,1.1305263157894736,237,4.475000000000001
hliu36,2,test,mzehra2,237_AE_2-5_WL_Bruise_A244A_2026-02-16_DSC_7219,0.8835732009925559,0.791429587482219,0.8777361467166239,0.8894884092725819,5071,5004,4451.0,620.0,553.0,False,1.0133892885691447,237,4.475000000000001
hliu36,2,test,mzehra2,237_AE_2-5_WL_Bruise_OC_A244A_2026-02-16_DSC_7221,0.738756320411603,0.585736390490927,0.6841932303647716,0.8027761711972238,6086,5187,4164.0,1922.0,1023.0,False,1.1733179101600155,237,4.475000000000001
hliu36,2,test,mzehra2,237_AE_2-5_WL_Bruise_OC_A244A_2026-02-16_DSC_7222,0.47078219454112474,0.3078581696214662,0.35570934256055364,0.6959111833197942,7225,3693,2570.0,4655.0,1123.0,False,1.9564040075819118,237,4.475000000000001
hliu36,2,test,mzehra2,237_B_2-4_WL_Bruise_A244A_2026-03-08_DSC_4584,0.7569644572526417,0.6089644513137558,0.9589444693524627,0.625266235122155,15613,23945,14972.0,641.0,8973.0,False,0.6520359156400084,237,4.475000000000001
hliu36,2,test,mzehra2,237_B_2-4_WL_Bruise_A244A_2026-03-08_DSC_4587,0.7049071216796757,0.5442907867688282,0.9697020143166306,0.5537072243346007,12014,21040,11650.0,364.0,9390.0,False,0.5710076045627377,237,4.475000000000001
hliu36,2,test,mzehra2,237_B_2-4_WL_Bruise_A244A_2026-03-08_DSC_4588,0.7354846826445242,0.5816336682917123,0.9072004965859715,0.6184280122712367,12888,18906,11692.0,1196.0,7214.0,False,0.68168835290384,237,4.475000000000001
hliu36,2,test,mzehra2,237_B_2-4_WL_Bruise_OC_A244A_2026-03-08_DSC_4591,0.5463645815702299,0.3758608070794105,0.945439330543933,0.3841942394667936,11950,29407,11298.0,652.0,18109.0,False,0.40636583126466486,237,4.475000000000001
hliu36,2,test,mzehra2,237_B_2-4_WL_Bruise_OC_A244A_2026-03-08_DSC_4592,0.7159951572486415,0.5576265239891237,0.9672143617830519,0.5683697644271601,13146,22371,12715.0,431.0,9656.0,False,0.5876357784631889,237,4.475000000000001
hliu36,2,test,mzehra2,237_C_2-4_WL_Bruise_A244A_2026-03-08_DSC_4608,0.5573359073359073,0.3863241000936706,0.9495148824206545,0.39442584876016124,6081,14639,5774.0,307.0,8865.0,False,0.41539722658651546,237,4.475000000000001
hliu36,2,test,mzehra2,237_C_2-4_WL_Bruise_A244A_2026-03-08_DSC_4609,0.6213345438039037,0.45067825628868696,0.9625879043600563,0.45871313672922254,3555,7460,3422.0,133.0,4038.0,False,0.4765415549597855,237,4.475000000000001
hliu36,2,test,mzehra2,237_C_2-4_WL_Bruise_A244A_2026-03-08_DSC_4610,0.7111514506588213,0.5517727051966974,0.9696167961082188,0.5614806760897499,11717,20234,11361.0,356.0,8873.0,False,0.5790748245527331,237,4.475000000000001
hliu36,2,test,mzehra2,237_C_2-4_WL_Bruise_OC_A244A_2026-03-08_DSC_4613,0.4171907756813417,0.2635761589403974,0.9164473684210527,0.2700659170221016,4560,15474,4179.0,381.0,11295.0,False,0.29468786351298953,237,4.475000000000001
hliu36,2,test,mzehra2,237_C_2-4_WL_Bruise_OC_A244A_2026-03-08_DSC_4615,0.5656369212356945,0.3943471005423446,0.8540772532188842,0.4228360545739208,4427,8942,3781.0,646.0,5161.0,False,0.4950794005815254,237,4.475000000000001
hliu36,2,test,mzehra2,237_E_2-4_WL_Bruise_A244A_2026-03-08_DSC_4651,0.858417359788114,0.7519537609899055,0.8536968576709797,0.8631903560414914,10820,10701,9237.0,1583.0,1464.0,False,1.0111204560321465,237,4.475000000000001
hliu36,2,test,mzehra2,237_E_2-4_WL_Bruise_A244A_2026-03-08_DSC_4652,0.8206702481453058,0.6958785249457701,0.9551030129808264,0.7194115536419089,8397,11148,8020.000000000001,376.9999999999991,3127.999999999999,False,0.7532292787944026,237,4.475000000000001
hliu36,2,test,mzehra2,237_E_2-4_WL_Bruise_A244A_2026-03-08_DSC_4653,0.827665119827093,0.7059971803492029,0.9579164214243673,0.7285954113038612,6796,8935,6510.0,286.0,2425.0,False,0.7606043648573028,237,4.475000000000001
hliu36,2,test,mzehra2,237_E_2-4_WL_Bruise_OC_A244A_2026-03-08_DSC_4656,0.8708903626358121,0.7713071732066983,0.9508550300415961,0.8033320317584277,6491,7683,6172.0,319.0,1511.0,False,0.8448522712482104,237,4.475000000000001
hliu36,2,test,mzehra2,237_E_2-4_WL_Bruise_OC_A244A_2026-03-08_DSC_4657,0.8395551462775377,0.7234769869368819,0.982915906452148,0.7326904055390703,6029,8088,5926.0,103.0,2162.0,False,0.7454253214638972,237,4.475000000000001
hliu36,2,test,mzehra2,237_J_2-4_WL_Bruise_A244A_2026-02-26_DSC_5578,0.7316142874170607,0.57680741761684,0.8199305370024045,0.6604734576757533,11229,13940,9207.0,2022.0,4733.0,False,0.8055236728837877,237,4.475000000000001
hliu36,2,test,mzehra2,237_J_2-4_WL_Bruise_A244A_2026-02-26_DSC_5579,0.615681730397837,0.4447544642857143,0.7456562416466186,0.5242928296212762,7482,10641,5579.0,1903.0,5062.0,False,0.7031294051310967,237,4.475000000000001
hliu36,2,test,mzehra2,237_J_2-4_WL_Bruise_A244A_2026-02-26_DSC_5580,0.7122957536029305,0.5531516694115886,0.7849782216084139,0.6519322392800424,9413,11334,7389.0,2024.0,3945.0,False,0.8305099700017646,237,4.475000000000001
hliu36,2,test,mzehra2,237_J_2-4_WL_Bruise_OC_A244A_2026-02-26_DSC_5582,0.8335602610451195,0.7146192239574948,0.8870790446687319,0.7861317747077577,10007,11292,8877.0,1130.0,2415.0,False,0.8862026213248317,237,4.475000000000001
hliu36,2,test,mzehra2,237_J_2-4_WL_Bruise_OC_A244A_2026-02-26_DSC_5583,0.7623537430421448,0.6159706287287746,0.846813880126183,0.6932135110009296,7925,9681,6711.0,1214.0,2970.0,False,0.8186137795682265,237,4.475000000000001
hliu36,2,test,mzehra2,237_N_2-4_WL_Bruise_A244A_2026-02-26_DSC_5858,0.47722391771221884,0.31339073634204273,0.7296923608710681,0.35455156197514276,5786,11908,4222.0,1564.0,7686.0,False,0.4858918374202217,237,4.475000000000001
hliu36,2,test,mzehra2,237_N_2-4_WL_Bruise_A244A_2026-02-26_DSC_5859,0.906974326993036,0.8297831875237733,0.8951579811243332,0.9191068042974511,4874,4747,4363.0,511.0,384.0,False,1.0267537392037076,237,4.475000000000001
hliu36,2,test,mzehra2,237_N_2-4_WL_Bruise_A244A_2026-02-26_DSC_5860,0.7475973697521497,0.5969305331179321,0.6097359735973598,0.9660130718954248,4848,3060,2956.0,1892.0,104.0,False,1.584313725490196,237,4.475000000000001
hliu36,2,test,mzehra2,237_N_2-4_WL_Bruise_OC_A244A_2026-02-26_DSC_5862,0.7898974159200104,0.6527524412490611,0.7265886287625418,0.8652916073968706,8372,7030,6083.0,2289.0,947.0,False,1.190896159317212,237,4.475000000000001
hliu36,2,test,mzehra2,237_N_2-4_WL_Bruise_OC_A244A_2026-02-26_DSC_5863,0.6915079773546062,0.5284770295783512,0.5324140117292756,0.9862008220786846,6309,3406,3358.9999999999995,2950.0000000000005,47.000000000000455,False,1.852319436288902,237,4.475000000000001
hliu36,2,test,mzehra2,237_S_2-4_WL_Bruise_A244A_2026-02-27_DSC_6307,0.6418361309208682,0.47257635513161517,0.9727204077779875,0.47892364177162244,10594,21517,10305.0,289.0,11212.0,False,0.49235488218617834,237,4.475000000000001
hliu36,2,test,mzehra2,237_S_2-4_WL_Bruise_A244A_2026-02-27_DSC_6308,0.6860149687877897,0.5220873544920903,0.9607286708165507,0.5334722716413358,10924,19673,10495.0,429.0,9178.0,False,0.5552788085192903,237,4.475000000000001
hliu36,2,test,mzehra2,237_S_2-4_WL_Bruise_A244A_2026-02-27_DSC_6309,0.7034660824661607,0.5425743769235412,0.9784524975514202,0.5491357723080682,9189,16373,8991.0,198.0,7382.0,False,0.5612288523789165,237,4.475000000000001
hliu36,2,test,mzehra2,237_S_2-4_WL_Bruise_OC_A244A_2026-02-27_DSC_6311,0.6268541841589701,0.4565095541401274,0.9582843084821906,0.46576553158305173,9349,19235,8959.0,390.0,10276.0,False,0.4860410709643878,237,4.475000000000001
hliu36,2,test,mzehra2,237_S_2-4_WL_Bruise_OC_A244A_2026-02-27_DSC_6312,0.7019014426258438,0.5407150625339858,0.953037019288367,0.5555167597765364,8347,14320,7955.0,392.0,6365.0,False,0.582891061452514,237,4.475000000000001
hliu36,2,test,mzehra2,237_Z_2-5_WL_Bruise_A244A_2026-02-16_DSC_7025,0.7727710210867093,0.6296877228005133,0.941912548880199,0.6551280783305311,14065,20222,13248.0,817.0,6974.0,False,0.6955296212046286,237,4.475000000000001
hliu36,2,test,mzehra2,237_Z_2-5_WL_Bruise_A244A_2026-02-16_DSC_7026,0.8248195256101754,0.701866261042532,0.9819923058033887,0.7110176020861732,12217,16873,11997.0,220.0,4876.0,False,0.724056184436674,237,4.475000000000001
hliu36,2,test,mzehra2,237_Z_2-5_WL_Bruise_A244A_2026-02-16_DSC_7027,0.7963254298235757,0.6615786771227186,0.9436713496238098,0.6887787335374447,15019,20577,14173.0,846.0,6404.0,False,0.7298925985323419,237,4.475000000000001
hliu36,2,test,mzehra2,237_Z_2-5_WL_Bruise_OC_A244A_2026-02-16_DSC_7030,0.8060331450561729,0.6750883759617384,0.9480216089940138,0.7010364931980134,13698,18524,12986.0,712.0,5538.0,False,0.7394731159576765,237,4.475000000000001
hliu36,2,test,mzehra2,247_A_2-4_WL_Bruise_A244A_2026-02-27_DSC_6202,0.808951048951049,0.6791921089713481,0.686935866983373,0.9836734693877551,6315,4410,4338.0,1977.0,72.0,False,1.4319727891156462,247,4.475000000000001
hliu36,2,test,mzehra2,247_A_2-4_WL_Bruise_A244A_2026-02-27_DSC_6203,0.8777673104097975,0.7821615949632739,0.8162505475251861,0.9493122771268466,4566,3926,3727.0,839.0,199.0,False,1.163015792154865,247,4.475000000000001
hliu36,2,test,mzehra2,247_A_2-4_WL_Bruise_A244A_2026-02-27_DSC_6204,0.804573999437623,0.6730437509800847,0.6865003198976327,0.9717002490378085,6252,4417,4292.0,1960.0,125.0,False,1.4154403441249717,247,4.475000000000001
hliu36,2,test,mzehra2,247_A_2-4_WL_Bruise_OC_A244A_2026-02-27_DSC_6206,0.8099645529736117,0.6806222075128248,0.6806222075128248,1.0,6043,4113,4113.0,1930.0,0.0,False,1.4692438609287624,247,4.475000000000001
hliu36,2,test,mzehra2,247_A_2-4_WL_Bruise_OC_A244A_2026-02-27_DSC_6207,0.8628348364517432,0.7587594696969697,0.8068982880161127,0.9271044258027191,3972,3457,3205.0,767.0,252.0,False,1.1489730980619033,247,4.475000000000001
hliu36,2,test,mzehra2,250_A_2-4_WL_Bruise_A244A_2026-02-27_DSC_6537,0.7952625226312613,0.6601127113337508,0.9887450759707372,0.6651104100946372,15993,23775,15813.0,180.0,7962.0,False,0.6726813880126183,250,4.475000000000001
hliu36,2,test,mzehra2,250_A_2-4_WL_Bruise_A244A_2026-02-27_DSC_6538,0.8263692192004011,0.704113450941865,0.992593484675137,0.707832360013741,16607,23288,16484.0,123.0,6804.0,False,0.7131140501545861,250,4.475000000000001
hliu36,2,test,mzehra2,250_A_2-4_WL_Bruise_OC_A244A_2026-02-27_DSC_6541,0.6539412642292207,0.4858192639378113,0.9862532363457034,0.48913143171604145,16222,32709,15999.0,223.0,16710.0,False,0.4959491271515485,250,4.475000000000001
hliu36,2,test,mzehra2,250_A_2-4_WL_Bruise_OC_A244A_2026-02-27_DSC_6542,0.6809419554653708,0.5162335033600518,0.9969509811586271,0.5170498317317439,12791,24663,12752.0,39.0,11911.0,False,0.5186311478733325,250,4.475000000000001
hliu36,2,test,mzehra2,250_A_2-4_WL_Bruise_OC_A244A_2026-02-27_DSC_6543,0.8081501627357439,0.6780637438276224,0.971955600836506,0.6915944904422145,18649,26209,18126.0,523.0,8083.0,False,0.7115494677400893,250,4.475000000000001
hliu36,2,test,mzehra2,254_A_2-5_WL_Bruise_A244A_2026-02-16_DSC_6925,0.7616727568006496,0.6150819672131147,0.6236702127659575,0.9781021897810219,1504,959,938.0,566.0,21.0,False,1.5683003128258604,254,4.475000000000001
hliu36,2,test,mzehra2,254_A_2-5_WL_Bruise_A244A_2026-02-16_DSC_6926,0.8699070764832023,0.7697659709044908,0.7980327868852459,0.9560094265514533,1525,1273,1217.0,308.0,56.0,False,1.1979575805184604,254,4.475000000000001
hliu36,2,test,mzehra2,254_A_2-5_WL_Bruise_A244A_2026-02-16_DSC_6927,0.5931879066207424,0.42165397170837865,0.4413439635535307,0.9043173862310385,1756,857,774.9999999999999,981.0000000000001,82.00000000000011,False,2.0490081680280046,254,4.475000000000001
hliu36,2,test,mzehra2,254_A_2-5_WL_Bruise_OC_A244A_2026-02-16_DSC_6930,0.7074770441626586,0.547361299052774,0.5625869262865091,0.9528857479387515,1438,849,809.0,629.0,40.0,False,1.6937573616018846,254,4.475000000000001
hliu36,2,test,mzehra2,254_A_2-5_WL_Bruise_OC_A244A_2026-02-16_DSC_6931,0.18295331161780673,0.10068718255153869,0.11118442758165623,0.5160796324655437,3031,653,337.0,2694.0,316.0,False,4.641653905053599,254,4.475000000000001
hliu36,2,test,mzehra2,254_B_2-5_WL_Bruise_A244A_2026-02-16_DSC_6954,0.09353944499797769,0.04906445336755392,0.952964824120603,0.049183559142685226,4975,96394,4741.0,234.0,91653.0,False,0.05161109612631492,254,4.475000000000001
hliu36,2,test,mzehra2,254_B_2-5_WL_Bruise_A244A_2026-02-16_DSC_6955,0.07719282604496353,0.040145900790553544,0.9796341693381105,0.040179434626242315,5303,129295,5195.0,108.0,124100.0,False,0.04101473374840481,254,4.475000000000001
hliu36,2,test,mzehra2,254_B_2-5_WL_Bruise_A244A_2026-02-16_DSC_6956,0.10663310924926317,0.056319305978241856,0.9903629280295263,0.056350187833959446,4877,85714,4830.0,47.0,80884.0,False,0.05689852299507665,254,4.475000000000001
hliu36,2,test,mzehra2,254_B_2-5_WL_Bruise_OC_A244A_2026-02-16_DSC_6960,0.117262394626215,0.06228291945277981,0.9710812304291766,0.062398655446271115,5429,84489,5272.0,157.0,79217.0,False,0.06425688551172341,254,4.475000000000001
hliu36,2,test,mzehra2,254_B_2-5_WL_Bruise_OC_A244A_2026-02-16_DSC_6961,0.08589055793991417,0.04487233386585947,0.9354367513876717,0.04501173791416562,3423,71137,3202.0,221.0,67935.0,False,0.04811841938794158,254,4.475000000000001
hliu36,2,test,mzehra2,260_A_2-5_WL_Bruise_A244A_2026-02-17_DSC_7634,0.5645283018867925,0.3932702418506835,0.9202755905511811,0.40714130198127585,2032,4593,1870.0,162.0,2723.0,False,0.4424123666448944,260,4.475000000000001
hliu36,2,test,mzehra2,260_A_2-5_WL_Bruise_A244A_2026-02-17_DSC_7635,0.5791532052372046,0.40761129727142176,0.6421568627450981,0.5274078662124497,2652,3229,1703.0,949.0,1526.0,False,0.8213069061628987,260,4.475000000000001
hliu36,2,test,mzehra2,260_A_2-5_WL_Bruise_A244A_2026-02-17_DSC_7636,0.7720968180581996,0.6287929125138427,0.7273891878042531,0.8226600985221675,3903,3451,2839.0,1064.0,612.0,False,1.1309765285424516,260,4.475000000000001
hliu36,2,test,mzehra2,260_A_2-5_WL_Bruise_OC_A244A_2026-02-17_DSC_7638,0.8476709013914095,0.7356152876942461,0.7648471615720523,0.9506105834464044,4580,3685,3503.0,1077.0,182.0,False,1.242876526458616,260,4.475000000000001
hliu36,2,test,mzehra2,260_A_2-5_WL_Bruise_OC_A244A_2026-02-17_DSC_7639,0.7999563223411225,0.6666060054595087,0.9292237442922374,0.7022622699386503,3942,5216,3662.9999999999995,279.00000000000045,1553.0000000000005,False,0.7557515337423313,260,4.475000000000001
hliu36,2,test,mzehra2,285_F_2-6_WL_Bruise_A244A_2026-04-06_DSC_2339,0.4417865819472996,0.28352122811225716,0.6469622331691297,0.3354143019296254,1827,3524,1182.0,645.0,2342.0,False,0.5184449489216799,285,4.475000000000001
hliu36,2,test,mzehra2,285_F_2-6_WL_Bruise_A244A_2026-04-06_DSC_2340,0.440004566731362,0.28205503512880564,0.7171566803126163,0.31735836627140973,2687,6072,1927.0,760.0,4145.0,False,0.44252305665349145,285,4.475000000000001
hliu36,2,test,mzehra2,285_F_2-6_WL_Bruise_OC_A244A_2026-04-06_DSC_2343,0.7800766283524905,0.6394472361809045,0.6410579345088161,0.9960861056751468,1588,1022,1018.0000000000001,569.9999999999999,3.9999999999998863,False,1.553816046966732,285,4.475000000000001
hliu36,2,test,mzehra2,285_F_2-6_WL_Bruise_OC_A244A_2026-04-06_DSC_2344,0.6737850513920767,0.5080511662904439,0.7275862068965517,0.6273926779409031,4640,5381,3376.0,1264.0,2005.0,False,0.8622932540419996,285,4.475000000000001
hliu36,2,test,mzehra2,285_G_2-6_WL_Bruise_A244A_2026-05-29_DSC_3860,0.8391340748714269,0.7228518442200701,0.7987249544626593,0.8838498362307886,4392,3969,3508.0,884.0,461.0,False,1.1065759637188208,285,4.475000000000001
hliu36,2,test,mzehra2,285_G_2-6_WL_Bruise_A244A_2026-05-29_DSC_3861,0.797387363369768,0.6630458878297495,0.8057650862068966,0.7891820580474934,3712,3790,2991.0,721.0,799.0,False,0.9794195250659631,285,4.475000000000001
hliu36,2,test,mzehra2,285_G_2-6_WL_Bruise_A244A_2026-05-29_DSC_3862,0.8995935931149892,0.8175103193569411,0.9178048780487805,0.8820909517112049,4100,4266,3763.0,337.0,503.0,False,0.9610876699484294,285,4.475000000000001
hliu36,2,test,mzehra2,285_G_2-6_WL_Bruise_OC_A244A_2026-05-29_DSC_3864,0.8793911007025761,0.7847439916405433,0.8635492525871982,0.8958250497017892,5218,5030,4506.0,712.0,524.0,False,1.0373757455268389,285,4.475000000000001
hliu36,2,test,mzehra2,285_G_2-6_WL_Bruise_OC_A244A_2026-05-29_DSC_3865,0.8814432989690721,0.7880184331797235,0.8696757787666879,0.8935336381450033,4719,4593,4104.0,615.0,489.0,False,1.0274330502939255,285,4.475000000000001
hliu36,2,test,nmousta5,170_F_2-4_WL_Bruise_A244A_2026-03-05_DSC_1856,0.7976103744718054,0.66335433834222,0.7615470228158041,0.8372591006423983,3594,3269,2737.0,857.0,532.0,False,1.0994187825022943,170,4.475000000000001
hliu36,2,test,nmousta5,170_F_2-4_WL_Bruise_OC_A244A_2026-03-05_DSC_1860,0.5280296022201665,0.3587229763700352,0.5728623042954637,0.48970487302676735,4982,5828,2854.0,2128.0,2974.0,False,0.8548387096774194,170,4.475000000000001
hliu36,2,test,nmousta5,182_Q_2-6_WL_Bruise_A244A_2026-04-06_DSC_2484,0.30719386405712773,0.18147019764080932,0.6310785112741103,0.2030062046666084,3681,11443,2323.0,1358.0,9120.0,False,0.3216813772612077,182,4.475000000000001
hliu36,2,test,nmousta5,182_Q_2-6_WL_Bruise_A244A_2026-04-06_DSC_2485,0.4133089133089133,0.2604848018468642,0.5413834466213514,0.33423845963959514,2501,4051,1354.0,1147.0,2697.0,False,0.6173784250802271,182,4.475000000000001
hliu36,2,test,nmousta5,182_Q_2-6_WL_Bruise_A244A_2026-04-06_DSC_2486,0.3851949519683556,0.2385396010731366,0.4939613526570048,0.31568385304106206,4140,6478,2045.0,2095.0,4433.0,False,0.63908613769682,182,4.475000000000001
hliu36,2,test,nmousta5,182_Q_2-6_WL_Bruise_OC_A244A_2026-04-06_DSC_2488,0.6428527663746094,0.47367945823927765,0.7587503615851895,0.5576698203465504,6914,9407,5246.0,1668.0,4161.0,False,0.7349845859466355,182,4.475000000000001
hliu36,2,test,nmousta5,20_D_2-6_WL_Bruise_A244A_2026-04-04_DSC_0400,0.9199462468803993,0.8517596871667259,0.8995682372817722,0.9412689059123944,10654,10182,9584.0,1070.0,598.0,False,1.0463563150658024,20,4.475000000000001
hliu36,2,test,nmousta5,20_D_2-6_WL_Bruise_OC_A244A_2026-04-04_DSC_0403,0.8948553129278537,0.8097177893499076,0.9579669101207333,0.839545414961247,20127,22966,19281.0,846.0,3685.0,False,0.876382478446399,20,4.475000000000001
hliu36,2,test,nmousta5,20_D_2-6_WL_Bruise_OC_A244A_2026-04-04_DSC_0404,0.8806747374043083,0.7867907272654976,0.9339217444659461,0.8331719230283381,21187,23749,19787.0,1400.0,3962.0,False,0.89212177354836,20,4.475000000000001
hliu36,2,test,nmousta5,226_A_2-4_WL_Bruise_A244A_2026-03-06_DSC_3569,0.7397425583266292,0.5869773380146824,0.6591397849462366,0.8428047662694775,2790,2182,1839.0,951.0,343.0,False,1.2786434463794685,226,4.475000000000001
hliu36,2,test,nmousta5,226_A_2-4_WL_Bruise_A244A_2026-03-06_DSC_3570,0.7457484778500945,0.5945764981586876,0.6134715025906736,0.9507494646680942,2895,1868,1776.0,1119.0,92.0,False,1.5497858672376874,226,4.475000000000001
hliu36,2,test,nmousta5,226_A_2-4_WL_Bruise_A244A_2026-03-06_DSC_3571,0.6253531738557168,0.45491915593313237,0.5810290514525727,0.6769983686786297,2857,2452,1660.0000000000002,1196.9999999999998,791.9999999999998,False,1.1651712887438825,226,4.475000000000001
hliu36,2,test,nmousta5,226_A_2-4_WL_Bruise_OC_A244A_2026-03-06_DSC_3573,0.7879586903977148,0.6501087744742567,0.7012123582323034,0.899197592778335,2557,1994,1793.0,764.0,201.0,False,1.2823470411233702,226,4.475000000000001
hliu36,2,test,nmousta5,226_A_2-4_WL_Bruise_OC_A244A_2026-03-06_DSC_3574,0.7077534791252486,0.5476923076923077,0.6354621182070607,0.7986041874376869,2521,2006,1602.0,919.0,404.0,False,1.2567298105682951,226,4.475000000000001
hliu36,2,test,nmousta5,226_C_2-4_WL_Bruise_A244A_2026-03-06_DSC_3610,0.6845102505694761,0.5203463203463203,0.5203463203463203,1.0,3465,1803,1803.0,1662.0,0.0,False,1.9217970049916806,226,4.475000000000001
hliu36,2,test,nmousta5,226_C_2-4_WL_Bruise_A244A_2026-03-06_DSC_3611,0.7659574468085106,0.6206896551724138,0.6206896551724138,1.0,3306,2052,2052.0,1254.0,0.0,False,1.6111111111111112,226,4.475000000000001
hliu36,2,test,nmousta5,226_C_2-4_WL_Bruise_A244A_2026-03-06_DSC_3612,0.7209938934512529,0.5637141916364834,0.5637141916364834,1.0,3037,1712,1712.0,1325.0,0.0,False,1.7739485981308412,226,4.475000000000001
hliu36,2,test,nmousta5,226_C_2-4_WL_Bruise_OC_A244A_2026-03-06_DSC_3614,0.6960491659350307,0.533800161594398,0.5358204920248716,0.9929859719438878,3699,1996,1982.0,1717.0,14.0,False,1.8532064128256514,226,4.475000000000001
hliu36,2,test,nmousta5,226_C_2-4_WL_Bruise_OC_A244A_2026-03-06_DSC_3615,0.7782552642887839,0.6370031656700669,0.6410619469026548,0.9901585565882997,2825,1829,1811.0,1014.0,18.0,False,1.5445598687807545,226,4.475000000000001
hliu36,2,test,nmousta5,228_B_2-4_WL_Bruise_A244A_2026-03-06_DSC_3718,0.661981981981982,0.4947481820630218,0.4947481820630218,1.0,3713,1837,1837.0,1876.0,0.0,False,2.021230266739249,228,4.475000000000001
hliu36,2,test,nmousta5,228_B_2-4_WL_Bruise_A244A_2026-03-06_DSC_3719,0.692885234179478,0.5300875273522976,0.5300875273522976,1.0,3656,1938,1938.0,1718.0,0.0,False,1.8864809081527347,228,4.475000000000001
hliu36,2,test,nmousta5,228_B_2-4_WL_Bruise_A244A_2026-03-06_DSC_3720,0.8594725884802221,0.7535746881655004,0.8010996119016818,0.9270209580838323,3092,2672,2477.0,615.0,195.0,False,1.157185628742515,228,4.475000000000001
hliu36,2,test,nmousta5,228_B_2-4_WL_Bruise_A244A_2026-03-06_DSC_3721,0.8357963875205254,0.7179125528913963,0.7869105900541098,0.8911584476218267,3881,3427,3054.0,827.0,373.0,False,1.1324773854683396,228,4.475000000000001
hliu36,2,test,nmousta5,228_B_2-4_WL_Bruise_OC_A244A_2026-03-06_DSC_3723,0.6261664444867644,0.4557804269476019,0.4557804269476019,1.0,3607,1644,1644.0,1963.0,0.0,False,2.1940389294403895,228,4.475000000000001
hliu36,2,test,nmousta5,228_B_2-4_WL_Bruise_OC_A244A_2026-03-06_DSC_3724,0.8007005253940456,0.6676401869158879,0.6676401869158879,1.0,3424,2286,2286.0,1138.0,0.0,False,1.4978127734033246,228,4.475000000000001
hliu36,2,test,nmousta5,232_A_2-4_WL_Bruise_A244A_2026-03-06_DSC_3868,0.363207062929884,0.22190165579528348,0.4292647415675807,0.31476868327402135,4121,5620,1769.0,2352.0,3851.0,False,0.7332740213523131,232,4.475000000000001
hliu36,2,test,nmousta5,232_A_2-4_WL_Bruise_A244A_2026-03-06_DSC_3869,0.851568068424804,0.7415050426687354,0.9047709201060204,0.8042746549983171,5282,5942,4779.0,503.0,1163.0,False,0.8889262874453047,232,4.475000000000001
hliu36,2,test,nmousta5,232_A_2-4_WL_Bruise_A244A_2026-03-06_DSC_3870,0.0,0.0,0.0,0.0,3949,5901,0.0,3949.0,5901.0,True,0.6692086087103881,232,4.475000000000001
hliu36,2,test,nmousta5,232_A_2-4_WL_Bruise_OC_A244A_2026-03-06_DSC_3876,0.6281045222878407,0.45783700908125957,0.7574634146341463,0.5364842454394693,5125,7236,3881.9999999999995,1243.0000000000005,3354.0000000000005,False,0.7082642343836374,232,4.475000000000001
hliu36,2,test,nmousta5,232_A_2-4_WL_Bruise_OC_A244A_2026-03-06_DSC_3877,0.7154856444715944,0.5570086791106884,0.7157042468683166,0.7152671755725191,6546,6550,4685.0,1861.0,1865.0,False,0.9993893129770992,232,4.475000000000001
hliu36,2,test,nmousta5,233_B_2-4_WL_Bruise_A244A_2026-03-06_DSC_4197,0.7040568934863424,0.5432776253429783,0.8727127020168292,0.5900307025465054,7487,11074,6534.0,953.0,4540.0,False,0.6760881343687918,233,4.475000000000001
hliu36,2,test,nmousta5,233_B_2-4_WL_Bruise_A244A_2026-03-06_DSC_4199,0.6138573468416401,0.442852938290984,0.533695909198392,0.7223555768923028,8458,6249,4514.0,3944.0,1735.0,False,1.3534965594495119,233,4.475000000000001
hliu36,2,test,nmousta5,233_B_2-4_WL_Bruise_OC_A244A_2026-03-06_DSC_4201,0.6021403413709022,0.4307587944568272,0.7071269487750557,0.5242981835338523,6286,8478,4445.0,1841.0,4033.0,False,0.741448454824251,233,4.475000000000001
hliu36,2,test,nmousta5,235_A_2-4_WL_Bruise_A244A_2026-03-08_DSC_4349,0.7374708981742434,0.5841219003251322,0.9567601939432477,0.5999601256043463,12581,20063,12037.0,544.0,8026.0,False,0.6270747146488561,235,4.475000000000001
hliu36,2,test,nmousta5,235_A_2-4_WL_Bruise_A244A_2026-03-08_DSC_4350,0.3560276569644251,0.21656547841128787,0.8854527804742754,0.22280769096555816,7211,28657,6385.0,826.0,22272.0,False,0.25163136406462644,235,4.475000000000001
hliu36,2,test,nmousta5,235_A_2-4_WL_Bruise_A244A_2026-03-08_DSC_4351,0.8747386819287843,0.7773649266004751,0.8649857665717772,0.8847140381282496,14754,14425,12762.0,1992.0,1663.0,False,1.0228076256499135,235,4.475000000000001
hliu36,2,test,nmousta5,235_A_2-4_WL_Bruise_OC_A244A_2026-03-08_DSC_4353,0.731566159809997,0.5767475895316805,0.9441234498308907,0.5971299968804314,14192,22439,13399.0,793.0,9040.0,False,0.6324702526850573,235,4.475000000000001
hliu36,2,test,nmousta5,235_A_2-4_WL_Bruise_OC_A244A_2026-03-08_DSC_4354,0.691480451606419,0.5284448768498131,0.849802371541502,0.5828861903417114,12144,17705,10320.0,1824.0,7385.0,False,0.6859079356114092,235,4.475000000000001
hliu36,2,test,nmousta5,236_C_2-4_WL_Bruise_A244A_2026-03-08_DSC_4462,0.4668844668844669,0.3045331266950794,0.327909887359199,0.8103092783505155,4794,1940,1572.0,3222.0,368.0,False,2.471134020618557,236,4.475000000000001
hliu36,2,test,nmousta5,236_C_2-4_WL_Bruise_A244A_2026-03-08_DSC_4463,0.41503604531410915,0.2618583495776478,0.3192079207920792,0.5930831493745401,2525,1359,806.0,1719.0,553.0,False,1.8579838116261957,236,4.475000000000001
hliu36,2,test,nmousta5,236_C_2-4_WL_Bruise_A244A_2026-03-08_DSC_4464,0.0,0.0,0.0,0.0,1659,1900,0.0,1659.0,1900.0,True,0.8731578947368421,236,4.475000000000001
hliu36,2,test,nmousta5,236_C_2-4_WL_Bruise_OC_A244A_2026-03-08_DSC_4467,0.0,0.0,0.0,0.0,2931,1718,0.0,2931.0,1718.0,True,1.7060535506402794,236,4.475000000000001
hliu36,2,test,nmousta5,236_C_2-4_WL_Bruise_OC_A244A_2026-03-08_DSC_4468,0.0,0.0,0.0,0.0,3037,1729,0.0,3037.0,1729.0,True,1.7565066512434933,236,4.475000000000001
hliu36,2,test,nmousta5,236_E_2-4_WL_Bruise_OC_A244A_2026-02-26_DSC_5722,0.3246792002387347,0.19380121125757035,0.19380121125757035,1.0,5614,1088,1088.0,4526.0,0.0,False,5.1599264705882355,236,4.475000000000001
hliu36,2,test,nmousta5,237_AC_2-5_WL_Bruise_A244A_2026-02-16_DSC_7084,0.48989227471304914,0.3244088262775821,0.9444444444444444,0.330719912071808,9558,27295,9027.0,531.0,18268.0,False,0.3501740245466203,237,4.475000000000001
hliu36,2,test,nmousta5,237_AC_2-5_WL_Bruise_A244A_2026-02-16_DSC_7085,0.5175477239353892,0.3491159427467684,0.8849968612680477,0.3657068741893645,7965,19275,7049.000000000001,915.9999999999991,12226.0,False,0.4132295719844358,237,4.475000000000001
hliu36,2,test,nmousta5,237_AC_2-5_WL_Bruise_A244A_2026-02-16_DSC_7086,0.6887439371132297,0.5252551020408164,0.9723730814639906,0.5332124821960378,16940,30892,16472.0,468.0,14420.0,False,0.548362035478441,237,4.475000000000001
hliu36,2,test,nmousta5,237_AC_2-5_WL_Bruise_OC_A244A_2026-02-16_DSC_7088,0.7812295248638756,0.6409980720747441,0.9845671981776766,0.6475038388075353,17560,26701,17289.0,271.0,9412.0,False,0.6576532714130557,237,4.475000000000001
hliu36,2,test,nmousta5,237_AC_2-5_WL_Bruise_OC_A244A_2026-02-16_DSC_7089,0.7401907886217465,0.5875419721784417,0.9639664961493057,0.6007356805044667,17789,28545,17148.0,641.0,11397.0,False,0.6231914520931862,237,4.475000000000001
hliu36,2,test,nmousta5,237_AD_2-5_WL_Bruise_A244A_2026-02-16_DSC_7116,0.5703077236600774,0.39890243033283446,0.9234449760765551,0.41254514631090144,6061,13567,5597.0,464.0,7970.0,False,0.44674578020196065,237,4.475000000000001
hliu36,2,test,nmousta5,237_AD_2-5_WL_Bruise_A244A_2026-02-16_DSC_7117,0.7910318858603655,0.6543033489541662,0.9752960218076497,0.6653300790330079,11739,17208,11449.0,290.0,5759.0,False,0.6821827057182706,237,4.475000000000001
hliu36,2,test,nmousta5,237_AD_2-5_WL_Bruise_A244A_2026-02-16_DSC_7118,0.7655560363479014,0.6201626472237801,0.962882333732448,0.6353515765280471,9187,13923,8846.0,341.0,5077.0,False,0.6598434245493069,237,4.475000000000001
hliu36,2,test,nmousta5,237_AD_2-5_WL_Bruise_OC_A244A_2026-02-16_DSC_7120,0.7482030058810717,0.5977031494692884,0.9749290444654684,0.6070334590009425,10570,16976,10305.0,265.0,6671.0,False,0.6226437323279924,237,4.475000000000001
hliu36,2,test,nmousta5,237_AD_2-5_WL_Bruise_OC_A244A_2026-02-16_DSC_7121,0.7461541703544485,0.5950924369747899,0.9334598755668038,0.6214546475709071,9483,14244,8852.0,631.0,5392.0,False,0.6657540016849199,237,4.475000000000001
hliu36,2,test,nmousta5,237_AE_2-5_WL_Bruise_A244A_2026-02-16_DSC_7217,0.8156389726525943,0.6886742756804214,0.6911013215859031,0.9949264332825977,5675,3942,3922.0,1753.0,20.0,False,1.4396245560629122,237,4.475000000000001
hliu36,2,test,nmousta5,237_AE_2-5_WL_Bruise_A244A_2026-02-16_DSC_7218,0.9127209251581934,0.8394541440899057,0.9736964618249534,0.8589322381930184,4296,4870,4183.0,113.0,687.0,False,0.8821355236139631,237,4.475000000000001
hliu36,2,test,nmousta5,237_AE_2-5_WL_Bruise_A244A_2026-02-16_DSC_7219,0.8337028824833703,0.714828897338403,0.8897653322816013,0.7842864592386581,5071,5753,4512.0,559.0,1241.0,False,0.8814531548757171,237,4.475000000000001
hliu36,2,test,nmousta5,237_AE_2-5_WL_Bruise_OC_A244A_2026-02-16_DSC_7221,0.7311365396197195,0.5762137238947654,0.698159710811699,0.7673830594184576,6086,5537,4249.0,1837.0,1288.0,False,1.099151164890735,237,4.475000000000001
hliu36,2,test,nmousta5,237_AE_2-5_WL_Bruise_OC_A244A_2026-02-16_DSC_7222,0.4430368610891176,0.2845519267713866,0.3485121107266436,0.6079188797682279,7225,4142,2518.0,4707.0,1624.0,False,1.7443264123611781,237,4.475000000000001
hliu36,2,test,nmousta5,237_B_2-4_WL_Bruise_A244A_2026-03-08_DSC_4584,0.7799652371324182,0.639297551898587,0.7041567924165759,0.874065829225632,15613,12578,10994.0,4619.0,1584.0,False,1.2412943234218476,237,4.475000000000001
hliu36,2,test,nmousta5,237_B_2-4_WL_Bruise_A244A_2026-03-08_DSC_4587,0.8333614864864864,0.7143270831825093,0.8212918262027634,0.8457911880678896,12014,11666,9867.0,2147.0,1799.0,False,1.0298302760157723,237,4.475000000000001
hliu36,2,test,nmousta5,237_B_2-4_WL_Bruise_A244A_2026-03-08_DSC_4588,0.7473122830779649,0.5965671036626571,0.6849782743637493,0.822127025516856,12888,10738,8828.0,4060.0,1910.0,False,1.200223505308251,237,4.475000000000001
hliu36,2,test,nmousta5,237_B_2-4_WL_Bruise_OC_A244A_2026-03-08_DSC_4591,0.7262276533152296,0.5701392836839113,0.6713807531380753,0.7908329226219812,11950,10145,8022.999999999999,3927.000000000001,2122.000000000001,False,1.1779201577131593,237,4.475000000000001
hliu36,2,test,nmousta5,237_B_2-4_WL_Bruise_OC_A244A_2026-03-08_DSC_4592,0.7638282387190685,0.6178981454224316,0.6386733607180891,0.9499886852229011,13146,8838,8396.0,4750.0,442.0,False,1.4874405974202307,237,4.475000000000001
hliu36,2,test,nmousta5,237_C_2-4_WL_Bruise_A244A_2026-03-08_DSC_4608,0.6555086797150563,0.4875514403292181,0.779312613057063,0.565648126044402,6081,8378,4739.0,1342.0,3639.0,False,0.7258295535927429,237,4.475000000000001
hliu36,2,test,nmousta5,237_C_2-4_WL_Bruise_A244A_2026-03-08_DSC_4609,0.7297895902547066,0.5745422842197035,0.7414908579465541,0.7184518942491142,3555,3669,2636.0,919.0,1033.0,False,0.9689288634505315,237,4.475000000000001
hliu36,2,test,nmousta5,237_C_2-4_WL_Bruise_A244A_2026-03-08_DSC_4610,0.7440478517533915,0.5924173566581585,0.8121532815567125,0.6864810272687923,11717,13862,9516.0,2201.0,4346.0,False,0.8452604241812148,237,4.475000000000001
hliu36,2,test,nmousta5,237_C_2-4_WL_Bruise_OC_A244A_2026-03-08_DSC_4613,0.5282400196737438,0.3589172329285953,0.7065789473684211,0.42178295588427805,4560,7639,3222.0000000000005,1337.9999999999995,4417.0,False,0.5969367718287734,237,4.475000000000001
hliu36,2,test,nmousta5,237_C_2-4_WL_Bruise_OC_A244A_2026-03-08_DSC_4615,0.7338249286393911,0.5795603982716513,0.6968601761915518,0.7749309218789249,4427,3981,3085.0,1342.0,896.0,False,1.112032152725446,237,4.475000000000001
hliu36,2,test,nmousta5,237_E_2-4_WL_Bruise_A244A_2026-03-08_DSC_4651,0.7285328321390814,0.5729859571322986,0.5731977818853974,0.9993554624556881,10820,6206,6202.0,4618.0,4.0,False,1.7434740573638414,237,4.475000000000001
hliu36,2,test,nmousta5,237_E_2-4_WL_Bruise_A244A_2026-03-08_DSC_4652,0.7282480893592005,0.5726337686351555,0.5900916994164582,0.9508731529456919,8397,5211,4955.0,3442.0,256.0,False,1.61139896373057,237,4.475000000000001
hliu36,2,test,nmousta5,237_E_2-4_WL_Bruise_A244A_2026-03-08_DSC_4653,0.7167877771566984,0.5585886452737041,0.5660682754561507,0.9768918232605384,6796,3938,3847.0000000000005,2948.9999999999995,90.99999999999955,False,1.7257491112239716,237,4.475000000000001
hliu36,2,test,nmousta5,237_E_2-4_WL_Bruise_OC_A244A_2026-03-08_DSC_4656,0.7144641999038923,0.5557715311004785,0.5726390386689262,0.9496678589678079,6491,3914,3717.0,2774.0,197.0,False,1.6584057230454778,237,4.475000000000001
hliu36,2,test,nmousta5,237_E_2-4_WL_Bruise_OC_A244A_2026-03-08_DSC_4657,0.8029252540602146,0.670739447794351,0.7011112954055398,0.9393333333333334,6029,4500,4227.0,1802.0,273.0,False,1.3397777777777777,237,4.475000000000001
hliu36,2,test,nmousta5,237_J_2-4_WL_Bruise_A244A_2026-02-26_DSC_5578,0.8335057732897405,0.7145391329028595,0.8967851099830795,0.7785681150456162,11229,12934,10070.0,1159.0,2864.0,False,0.8681768980980362,237,4.475000000000001
hliu36,2,test,nmousta5,237_J_2-4_WL_Bruise_A244A_2026-02-26_DSC_5579,0.6930715542189184,0.5303056616880861,0.8162256081261695,0.6022088551424909,7482,10141,6107.0,1375.0,4034.0,False,0.7377970614337837,237,4.475000000000001
hliu36,2,test,nmousta5,237_J_2-4_WL_Bruise_A244A_2026-02-26_DSC_5580,0.7814753189129229,0.6413290851160673,0.8981196217996388,0.6916468951975784,9413,12223,8454.0,959.0,3769.0,False,0.7701055387384439,237,4.475000000000001
hliu36,2,test,nmousta5,237_J_2-4_WL_Bruise_OC_A244A_2026-02-26_DSC_5582,0.8584166314702708,0.751952643262353,0.9139602278405117,0.809237303132189,10007,11302,9146.0,861.0,2156.0,False,0.8854185099982304,237,4.475000000000001
hliu36,2,test,nmousta5,237_J_2-4_WL_Bruise_OC_A244A_2026-02-26_DSC_5583,0.7422183252959228,0.5901010805158592,0.8545110410094637,0.6560108495592366,7925,10323,6772.0,1153.0,3551.0,False,0.7677031870580258,237,4.475000000000001
hliu36,2,test,nmousta5,237_N_2-4_WL_Bruise_A244A_2026-02-26_DSC_5858,0.8389964440932438,0.7226476093244852,0.7340131351538196,0.979022591055786,5786,4338,4247.0,1539.0,91.0,False,1.3337943752881511,237,4.475000000000001
hliu36,2,test,nmousta5,237_N_2-4_WL_Bruise_A244A_2026-02-26_DSC_5859,0.8544912923923006,0.7459491898379675,0.7650800164136233,0.9675661650233524,4874,3854,3729.0,1145.0,125.0,False,1.2646600934094447,237,4.475000000000001
hliu36,2,test,nmousta5,237_N_2-4_WL_Bruise_A244A_2026-02-26_DSC_5860,0.8243474296135871,0.7011828582509211,0.7458745874587459,0.9212738853503185,4848,3925,3615.9999999999995,1232.0000000000005,309.00000000000045,False,1.2351592356687897,237,4.475000000000001
hliu36,2,test,nmousta5,237_N_2-4_WL_Bruise_OC_A244A_2026-02-26_DSC_5862,0.7694038245219348,0.6252285191956124,0.7353081700907788,0.8068152031454784,8372,7630,6156.0,2216.0,1474.0,False,1.0972477064220183,237,4.475000000000001
hliu36,2,test,nmousta5,237_N_2-4_WL_Bruise_OC_A244A_2026-02-26_DSC_5863,0.8313790255986788,0.7114188807235726,0.7979077508321446,0.8677814169970695,6309,5801,5034.0,1275.0,767.0,False,1.0875711084295812,237,4.475000000000001
hliu36,2,test,nmousta5,237_S_2-4_WL_Bruise_A244A_2026-02-27_DSC_6307,0.7892896658552777,0.6519227957303699,0.8417028506701907,0.7430214148820932,10594,12001,8917.0,1677.0,3084.0,False,0.8827597700191651,237,4.475000000000001
hliu36,2,test,nmousta5,237_S_2-4_WL_Bruise_A244A_2026-02-27_DSC_6308,0.7831154917505893,0.6435413438512466,0.836415232515562,0.736201756506325,10924,12411,9137.0,1787.0,3274.0,False,0.8801869309483523,237,4.475000000000001
hliu36,2,test,nmousta5,237_S_2-4_WL_Bruise_A244A_2026-02-27_DSC_6309,0.7631503798046719,0.6170114517916513,0.7270649689846556,0.8030048076923076,9189,8320,6681.0,2508.0,1639.0,False,1.1044471153846154,237,4.475000000000001
hliu36,2,test,nmousta5,237_S_2-4_WL_Bruise_OC_A244A_2026-02-27_DSC_6311,0.724485083587328,0.567994207096307,0.8390202160658894,0.6374644453474198,9349,12305,7844.0,1505.0,4461.0,False,0.7597724502234864,237,4.475000000000001
hliu36,2,test,nmousta5,237_S_2-4_WL_Bruise_OC_A244A_2026-02-27_DSC_6312,0.7293565159054062,0.5740056318197818,0.7814783754642386,0.6837526205450734,8347,9540,6523.0,1824.0,3017.0,False,0.8749475890985325,237,4.475000000000001
hliu36,2,test,nmousta5,237_Z_2-5_WL_Bruise_A244A_2026-02-16_DSC_7025,0.7886233386172418,0.6510141426342544,0.9196587273373622,0.6902716260205988,14065,18739,12935.0,1130.0,5804.0,False,0.7505736698863333,237,4.475000000000001
hliu36,2,test,nmousta5,237_Z_2-5_WL_Bruise_A244A_2026-02-16_DSC_7026,0.8879894267305468,0.7985440499182885,0.8799214209707784,0.8962067528136723,12217,11995,10750.0,1467.0,1245.0,False,1.0185077115464778,237,4.475000000000001
hliu36,2,test,nmousta5,237_Z_2-5_WL_Bruise_A244A_2026-02-16_DSC_7027,0.8606202668589975,0.7553410349738883,0.9533923696650909,0.7843019115955524,15019,18257,14319.0,700.0,3938.0,False,0.8226433696664294,237,4.475000000000001
hliu36,2,test,nmousta5,237_Z_2-5_WL_Bruise_OC_A244A_2026-02-16_DSC_7030,0.8579704287494527,0.7512681373127286,0.9298437728135495,0.7964109297817795,13698,15993,12737.0,961.0,3256.0,False,0.8564997186268992,237,4.475000000000001
hliu36,2,test,nmousta5,247_A_2-4_WL_Bruise_A244A_2026-02-27_DSC_6202,0.8229263746505125,0.6991290577988916,0.6991290577988916,1.0,6315,4415,4415.0,1900.0,0.0,False,1.4303510758776896,247,4.475000000000001
hliu36,2,test,nmousta5,247_A_2-4_WL_Bruise_A244A_2026-02-27_DSC_6203,0.8164852255054432,0.6898817345597897,0.6898817345597897,1.0,4566,3150,3150.0,1416.0,0.0,False,1.4495238095238094,247,4.475000000000001
hliu36,2,test,nmousta5,247_A_2-4_WL_Bruise_A244A_2026-02-27_DSC_6204,0.8181474480151228,0.6922584772872681,0.6922584772872681,1.0,6252,4328,4328.0,1924.0,0.0,False,1.444547134935305,247,4.475000000000001
hliu36,2,test,nmousta5,247_A_2-4_WL_Bruise_OC_A244A_2026-02-27_DSC_6206,0.8215638659543467,0.6971645235740191,0.6998179712063545,0.9945907808090311,6043,4252,4229.0,1814.0,23.0,False,1.4212135465663218,247,4.475000000000001
hliu36,2,test,nmousta5,247_A_2-4_WL_Bruise_OC_A244A_2026-02-27_DSC_6207,0.8723986856516976,0.7736765420106848,0.8021148036253777,0.9561824729891957,3972,3332,3186.0,786.0,146.0,False,1.1920768307322929,247,4.475000000000001
hliu36,2,test,nmousta5,250_A_2-4_WL_Bruise_A244A_2026-02-27_DSC_6537,0.8369957178273608,0.7196841238312097,0.9288438691927718,0.7616776906117008,15993,19503,14855.0,1138.0,4648.0,False,0.8200276880479926,250,4.475000000000001
hliu36,2,test,nmousta5,250_A_2-4_WL_Bruise_A244A_2026-02-27_DSC_6538,0.8597747633892212,0.754039408866995,0.9217197567290901,0.8056315789473685,16607,19000,15307.0,1300.0,3693.0,False,0.8740526315789474,250,4.475000000000001
hliu36,2,test,nmousta5,250_A_2-4_WL_Bruise_OC_A244A_2026-02-27_DSC_6541,0.6867844996886526,0.522979282170995,0.8838614227592159,0.5615697947673508,16222,25532,14338.0,1884.0,11194.0,False,0.635359548801504,250,4.475000000000001
hliu36,2,test,nmousta5,250_A_2-4_WL_Bruise_OC_A244A_2026-02-27_DSC_6542,0.7099206708291859,0.5502922609305588,0.9200218903916817,0.577939298693645,12791,20362,11768.0,1023.0,8594.0,False,0.6281799430311364,250,4.475000000000001
hliu36,2,test,nmousta5,250_A_2-4_WL_Bruise_OC_A244A_2026-02-27_DSC_6543,0.831587162689497,0.711723747065015,0.9427315137540887,0.7438859270542438,18649,23634,17581.0,1068.0,6053.0,False,0.7890750613522891,250,4.475000000000001
hliu36,2,test,nmousta5,254_A_2-5_WL_Bruise_A244A_2026-02-16_DSC_6925,0.6074074074074074,0.43617021276595747,0.43617021276595747,1.0,1504,656,656.0,848.0,0.0,False,2.292682926829268,254,4.475000000000001
hliu36,2,test,nmousta5,254_A_2-5_WL_Bruise_A244A_2026-02-16_DSC_6926,0.6599297012302284,0.49245901639344264,0.49245901639344264,1.0,1525,751,751.0,774.0,0.0,False,2.0306258322237016,254,4.475000000000001
hliu36,2,test,nmousta5,254_A_2-5_WL_Bruise_A244A_2026-02-16_DSC_6927,0.31800766283524906,0.18906605922551253,0.18906605922551253,1.0,1756,332,332.0,1424.0,0.0,False,5.289156626506024,254,4.475000000000001
hliu36,2,test,nmousta5,254_A_2-5_WL_Bruise_OC_A244A_2026-02-16_DSC_6930,0.3760587238848108,0.23157162726008346,0.23157162726008346,1.0,1438,333,333.0,1105.0,0.0,False,4.318318318318318,254,4.475000000000001
hliu36,2,test,nmousta5,254_A_2-5_WL_Bruise_OC_A244A_2026-02-16_DSC_6931,0.156737998843262,0.08503294634452463,0.08940943582975916,0.6346604215456675,3031,427,271.0,2760.0,156.0,False,7.098360655737705,254,4.475000000000001
hliu36,2,test,nmousta5,254_B_2-5_WL_Bruise_A244A_2026-02-16_DSC_6954,0.09220239161145267,0.04832923115431146,0.9314572864321609,0.04850172173785625,4975,95543,4634.0,341.0,90909.0,False,0.05207079534869116,254,4.475000000000001
hliu36,2,test,nmousta5,254_B_2-5_WL_Bruise_A244A_2026-02-16_DSC_6955,0.08838879993075692,0.04623785418685309,0.9628512162926646,0.04632048769867189,5303,110232,5106.0,197.0,105126.0,False,0.04810762754916902,254,4.475000000000001
hliu36,2,test,nmousta5,254_B_2-5_WL_Bruise_A244A_2026-02-16_DSC_6956,0.12216636379312631,0.06505707504520795,0.9442280090219397,0.06530803267528931,4877,70512,4605.0,272.0,65907.0,False,0.06916553210800998,254,4.475000000000001
hliu36,2,test,nmousta5,254_B_2-5_WL_Bruise_OC_A244A_2026-02-16_DSC_6960,0.11088071825566481,0.05869439761012979,0.9554245717443359,0.05885556728052558,5429,88131,5187.0,242.0,82944.0,False,0.061601479615572274,254,4.475000000000001
hliu36,2,test,nmousta5,254_B_2-5_WL_Bruise_OC_A244A_2026-02-16_DSC_6961,0.10167533217793183,0.05356055995130858,0.9255039439088519,0.05379247109164077,3423,58893,3168.0,255.0,55725.0,False,0.058122357495797465,254,4.475000000000001
hliu36,2,test,nmousta5,260_A_2-5_WL_Bruise_A244A_2026-02-17_DSC_7634,0.7189256714553404,0.5611896635787421,0.5664370078740157,0.9837606837606837,2032,1170,1151.0,881.0,19.0,False,1.7367521367521368,260,4.475000000000001
hliu36,2,test,nmousta5,260_A_2-5_WL_Bruise_A244A_2026-02-17_DSC_7635,0.6353605337439056,0.4655885671305002,0.46681749622926094,0.9943775100401606,2652,1245,1238.0,1414.0,7.0,False,2.130120481927711,260,4.475000000000001
hliu36,2,test,nmousta5,260_A_2-5_WL_Bruise_A244A_2026-02-17_DSC_7636,0.375,0.23076923076923078,0.23136049192928518,0.9890470974808324,3903,913,903.0,3000.0,10.0,False,4.2749178532311065,260,4.475000000000001
hliu36,2,test,nmousta5,260_A_2-5_WL_Bruise_OC_A244A_2026-02-17_DSC_7638,0.3266350018268177,0.19519650655021833,0.19519650655021833,1.0,4580,894,894.0000000000001,3686.0,-1.1368683772161603e-13,False,5.123042505592841,260,4.475000000000001
hliu36,2,test,nmousta5,260_A_2-5_WL_Bruise_OC_A244A_2026-02-17_DSC_7639,0.48936577888484384,0.323947234906139,0.323947234906139,1.0,3942,1277,1277.0,2665.0,0.0,False,3.086922474549726,260,4.475000000000001
hliu36,2,test,nmousta5,285_F_2-6_WL_Bruise_A244A_2026-04-06_DSC_2339,0.6796818510484454,0.5147864184008762,0.7717569786535303,0.6072351421188631,1827,2322,1410.0,417.0,912.0,False,0.7868217054263565,285,4.475000000000001
hliu36,2,test,nmousta5,285_F_2-6_WL_Bruise_A244A_2026-04-06_DSC_2340,0.6717356338646001,0.5057243505063849,0.8548567175288426,0.5532273603082851,2687,4152,2297.0,390.0,1855.0,False,0.6471579961464354,285,4.475000000000001
hliu36,2,test,nmousta5,285_F_2-6_WL_Bruise_OC_A244A_2026-04-06_DSC_2343,0.8672032193158954,0.7655417406749556,0.8142317380352645,0.9275466284074605,1588,1394,1293.0,295.0,101.0,False,1.139167862266858,285,4.475000000000001
hliu36,2,test,nmousta5,285_F_2-6_WL_Bruise_OC_A244A_2026-04-06_DSC_2344,0.5133767172812725,0.3453307392996109,0.38254310344827586,0.7802197802197802,4640,2275,1774.9999999999998,2865.0,500.0000000000002,False,2.0395604395604394,285,4.475000000000001
hliu36,2,test,nmousta5,285_G_2-6_WL_Bruise_A244A_2026-05-29_DSC_3860,0.7753490080822925,0.6331183440827959,0.9610655737704918,0.6497844827586207,4392,6496,4221.0,171.0,2275.0,False,0.6761083743842364,285,4.475000000000001
hliu36,2,test,nmousta5,285_G_2-6_WL_Bruise_A244A_2026-05-29_DSC_3861,0.7647610121836926,0.6191198786039454,0.8793103448275862,0.6766169154228856,3712,4824,3264.0,448.0,1560.0,False,0.7694859038142621,285,4.475000000000001
hliu36,2,test,nmousta5,285_G_2-6_WL_Bruise_A244A_2026-05-29_DSC_3862,0.8904536534687753,0.8025384935497295,0.9407317073170731,0.8452772298926146,4100,4563,3857.0,243.0,706.0,False,0.898531667762437,285,4.475000000000001
hliu36,2,test,nmousta5,285_G_2-6_WL_Bruise_OC_A244A_2026-05-29_DSC_3864,0.8613152440173356,0.7564123779579679,0.8760061326178612,0.8471089696071163,5218,5396,4571.0,647.0,825.0,False,0.9670126019273536,285,4.475000000000001
hliu36,2,test,nmousta5,285_G_2-6_WL_Bruise_OC_A244A_2026-05-29_DSC_3865,0.7959887182701347,0.6611140031233732,0.8073744437380801,0.7849196538936959,4719,4854,3810.0,909.0,1044.0,False,0.9721878862793573,285,4.475000000000001
