train_masks,fold,split,eval_masks,stem,dice,iou,precision,recall,pred_positive_pixels,gt_positive_pixels,tp_pixels,fp_pixels,fn_pixels,complete_miss,pred_gt_ratio,subject,cut
nmousta5,1,cv_val,nmousta5,134_AB_2-5_WL_Bruise_A244A_2026-04-02_DSC_8560,0.7099578503688093,0.5503369409842761,0.7954545454545454,0.6410561370123692,3388,4204,2695.0,693.0,1509.0,False,0.8058991436726927,134,0.1750000000000007
nmousta5,1,cv_val,nmousta5,134_AB_2-5_WL_Bruise_A244A_2026-04-02_DSC_8561,0.6560530679933665,0.48815399802566634,0.7285451197053407,0.5966817496229261,2715,3315,1978.0,737.0,1337.0,False,0.8190045248868778,134,0.1750000000000007
nmousta5,1,cv_val,nmousta5,134_AB_2-5_WL_Bruise_A244A_2026-04-02_DSC_8562,0.6988096428928678,0.5370541205412054,0.8673950831884778,0.5850921273031826,4027,5970,3493.0,534.0,2477.0,False,0.674539363484087,134,0.1750000000000007
nmousta5,1,cv_val,nmousta5,134_AB_2-5_WL_Bruise_OC_A244A_2026-04-02_DSC_8564,0.7020408163265306,0.5408805031446541,0.9431356620633631,0.5591138935709126,2462,4153,2322.0,140.0,1831.0,False,0.5928244642427161,134,0.1750000000000007
nmousta5,1,cv_val,nmousta5,134_AB_2-5_WL_Bruise_OC_A244A_2026-04-02_DSC_8565,0.7549860993593618,0.6064077669902913,0.9028620988725065,0.6487328624844204,3459,4814,3123.0,336.0,1691.0,False,0.7185292895720814,134,0.1750000000000007
nmousta5,1,cv_val,nmousta5,134_AO_2-6_WL_Bruise_A244A_2026-04-07_DSC_3148,0.6748491782816726,0.5092621664050235,0.5550992470910335,0.8604774535809019,2922,1885,1622.0,1300.0,263.0,False,1.550132625994695,134,0.1750000000000007
nmousta5,1,cv_val,nmousta5,134_AO_2-6_WL_Bruise_A244A_2026-04-07_DSC_3149,0.7819506726457399,0.6419696272434422,0.747588424437299,0.8196239717978848,1866,1702,1395.0,471.0,307.0,False,1.0963572267920094,134,0.1750000000000007
nmousta5,1,cv_val,nmousta5,134_AO_2-6_WL_Bruise_A244A_2026-04-07_DSC_3150,0.25186219739292365,0.1440745672436751,0.16086827237585488,0.579849946409432,3363,933,541.0,2822.0,392.0,False,3.604501607717042,134,0.1750000000000007
nmousta5,1,cv_val,nmousta5,134_AO_2-6_WL_Bruise_OC_A244A_2026-04-07_DSC_3152,0.8311603650586702,0.7110987172336866,0.8231116849580374,0.8393680052666228,1549,1519,1275.0,274.0,244.0,False,1.019749835418038,134,0.1750000000000007
nmousta5,1,cv_val,nmousta5,134_AO_2-6_WL_Bruise_OC_A244A_2026-04-07_DSC_3153,0.6065495965828192,0.43528610354223435,0.43917525773195876,0.9800613496932515,2910,1304,1278.0,1632.0,26.0,False,2.23159509202454,134,0.1750000000000007
nmousta5,1,cv_val,nmousta5,134_AQ_2-6_WL_Bruise_A244A_2026-04-07_DSC_3188,0.79158258864226,0.6550572519083969,0.8076470588235294,0.776144714527982,1700,1769,1373.0,327.0,396.0,False,0.9609949123798757,134,0.1750000000000007
nmousta5,1,cv_val,nmousta5,134_AQ_2-6_WL_Bruise_A244A_2026-04-07_DSC_3189,0.13423891330403515,0.07194860813704497,0.08294248333744754,0.3518324607329843,4051,955,335.99999999999994,3715.0,619.0,False,4.2418848167539265,134,0.1750000000000007
nmousta5,1,cv_val,nmousta5,134_AQ_2-6_WL_Bruise_A244A_2026-04-07_DSC_3190,0.5646319569120287,0.39337085678549094,0.6607142857142857,0.49294670846394983,952,1276,629.0,323.0,647.0,False,0.7460815047021944,134,0.1750000000000007
nmousta5,1,cv_val,nmousta5,134_AQ_2-6_WL_Bruise_OC_A244A_2026-04-07_DSC_3192,0.4900900900900901,0.324582338902148,0.7505518763796909,0.3638309256286784,906,1869,680.0,226.0,1189.0,False,0.48475120385232745,134,0.1750000000000007
nmousta5,1,cv_val,nmousta5,134_AQ_2-6_WL_Bruise_OC_A244A_2026-04-07_DSC_3193,0.31112121901296336,0.18421761378938864,0.19618528610354224,0.7512355848434926,6973,1821,1367.9999999999998,5605.0,453.0000000000002,False,3.829214717188358,134,0.1750000000000007
nmousta5,1,cv_val,nmousta5,134_J_2-4_WL_Bruise_A244A_2026-03-05_DSC_0428,0.835820895522388,0.717948717948718,0.9537426408746846,0.7438504427681207,2378,3049,2268.0,110.0,781.0,False,0.7799278451951459,134,0.1750000000000007
nmousta5,1,cv_val,nmousta5,134_J_2-4_WL_Bruise_A244A_2026-03-05_DSC_0429,0.903239116979575,0.8235515425131678,0.8883928571428571,0.9185900125891733,2464,2383,2189.0,275.0,194.0,False,1.033990767939572,134,0.1750000000000007
nmousta5,1,cv_val,nmousta5,134_J_2-4_WL_Bruise_A244A_2026-03-05_DSC_0430,0.8906184265881363,0.8028062191884717,0.8347791798107256,0.954463480613165,2536,2218,2117.0,419.0,101.0,False,1.1433724075743914,134,0.1750000000000007
nmousta5,1,cv_val,nmousta5,134_J_2-4_WL_Bruise_OC_A244A_2026-03-05_DSC_0433,0.9039344262295081,0.8247083457971881,0.9220735785953177,0.8864951768488746,2990,3110,2757.0,233.0,353.0,False,0.9614147909967846,134,0.1750000000000007
nmousta5,1,cv_val,nmousta5,134_T_2-5_WL_Bruise_A244A_2026-02-17_DSC_7383,0.4979950563032134,0.33155354008191923,0.3451873286628084,0.8935541099940864,13132,5073,4533.0,8599.0,540.0,False,2.5886063473289966,134,0.1750000000000007
nmousta5,1,cv_val,nmousta5,134_T_2-5_WL_Bruise_A244A_2026-02-17_DSC_7385,0.4311654403038215,0.274831681670323,0.30488418932527694,0.7360210696920584,11916,4936,3633.0,8283.0,1303.0,False,2.414100486223663,134,0.1750000000000007
nmousta5,1,cv_val,nmousta5,134_T_2-5_WL_Bruise_OC_A244A_2026-02-17_DSC_7387,0.6451086068920464,0.4761330761812922,0.5254056930034584,0.8354483925549916,11277,7092,5925.0,5352.0,1167.0,False,1.5901015228426396,134,0.1750000000000007
nmousta5,1,cv_val,nmousta5,153_E_2-4_WL_Bruise_A244A_2026-03-03_DSC_7274,0.554976420948126,0.3840604603229131,0.3843245101409419,0.9982142857142857,5818,2240,2236.0,3582.0,4.0,False,2.5973214285714286,153,0.1750000000000007
nmousta5,1,cv_val,nmousta5,155_C_2-3_WL_Bruise_A244B_2026-02-25_DSC_0365,0.892305575619991,0.8055521053285306,0.8444661458333333,0.9458907605921388,15360,13713,12971.0,2389.0,742.0,False,1.120105009844673,155,0.1750000000000007
nmousta5,1,cv_val,nmousta5,155_C_2-3_WL_Bruise_A244B_2026-02-25_DSC_0366,0.931879409878127,0.8724477540235407,0.916015132408575,0.9483028720626632,11895,11490,10896.0,999.0,594.0,False,1.0352480417754568,155,0.1750000000000007
nmousta5,1,cv_val,nmousta5,155_C_2-3_WL_Bruise_A244B_2026-02-25_DSC_0367,0.8277306830361493,0.7060925941318261,0.8120638562278941,0.8440139095876801,10461,10065,8495.0,1966.0,1570.0,False,1.039344262295082,155,0.1750000000000007
nmousta5,1,cv_val,nmousta5,155_C_2-3_WL_Bruise_OC_A244B_2026-02-25_DSC_0369,0.8943645445707198,0.8089144936325046,0.9074149659863946,0.8816841826954855,14700,15129,13339.0,1361.0,1790.0,False,0.9716438627800912,155,0.1750000000000007
nmousta5,1,cv_val,nmousta5,155_C_2-3_WL_Bruise_OC_A244B_2026-02-25_DSC_0370,0.8833239189104375,0.7910296762589928,0.8178754067875407,0.9601582753445218,17208,14658,14074.0,3134.0,584.0,False,1.1739664347114205,155,0.1750000000000007
nmousta5,1,cv_val,nmousta5,164_B_2-4_WL_Bruise_A244A_2026-03-03_DSC_7354,0.791874075070631,0.655456570155902,0.8246007284953769,0.7616459627329193,7138,7728,5886.0,1252.0,1842.0,False,0.9236542443064182,164,0.1750000000000007
nmousta5,1,cv_val,nmousta5,164_B_2-4_WL_Bruise_OC_A244A_2026-03-03_DSC_7358,0.6745947382407653,0.5089724310776942,0.8750430885901413,0.5488648648648649,5802,9250,5077.0,725.0,4173.0,False,0.6272432432432432,164,0.1750000000000007
nmousta5,1,cv_val,nmousta5,168_A_2-4_WL_Bruise_A244A_2026-03-03_DSC_7760,0.22247532270311313,0.12516018795386588,0.46955128205128205,0.14577114427860696,2496,8040,1172.0,1324.0,6868.0,False,0.31044776119402984,168,0.1750000000000007
nmousta5,1,cv_val,nmousta5,168_A_2-4_WL_Bruise_A244A_2026-03-03_DSC_7761,0.09025088398720324,0.047257979192382296,0.6473429951690821,0.04850678733031674,414,5525,268.0,146.0,5257.0,False,0.07493212669683258,168,0.1750000000000007
nmousta5,1,cv_val,nmousta5,168_A_2-4_WL_Bruise_A244A_2026-03-03_DSC_7762,0.2855123674911661,0.1665292662819456,0.459613196814562,0.2070732957457714,2637,5853,1212.0,1425.0,4641.0,False,0.45053818554587394,168,0.1750000000000007
nmousta5,1,cv_val,nmousta5,168_A_2-4_WL_Bruise_OC_A244A_2026-03-03_DSC_7764,0.6739738805970149,0.5082659162856138,0.7333784469632888,0.6234718826405868,5911,6953,4335.0,1576.0,2618.0,False,0.8501366316697828,168,0.1750000000000007
nmousta5,1,cv_val,nmousta5,168_A_2-4_WL_Bruise_OC_A244A_2026-03-03_DSC_7765,0.3452858575727182,0.20866797999696923,0.5837219160661297,0.2451486558661207,2359,5617,1377.0,982.0,4240.0,False,0.4199750756631654,168,0.1750000000000007
nmousta5,1,cv_val,nmousta5,168_H_2-4_WL_Bruise_A244A_2026-03-04_DSC_8221,0.6333688900043923,0.4634527089072544,0.7385133157740709,0.5544326046358343,6834,9103,5047.0,1787.0,4056.0,False,0.7507415137866638,168,0.1750000000000007
nmousta5,1,cv_val,nmousta5,168_H_2-4_WL_Bruise_A244A_2026-03-04_DSC_8222,0.6393071802494669,0.46983946043507174,0.788207171314741,0.5377255925201131,6275,9198,4946.0,1329.0,4252.0,False,0.6822135246792781,168,0.1750000000000007
nmousta5,1,cv_val,nmousta5,168_H_2-4_WL_Bruise_OC_A244A_2026-03-04_DSC_8225,0.5443903814963684,0.3739947679488422,0.6664364640883977,0.4601263559423054,5792,8389,3860.0000000000005,1931.9999999999995,4529.0,False,0.6904279413517702,168,0.1750000000000007
nmousta5,1,cv_val,nmousta5,168_H_2-4_WL_Bruise_OC_A244A_2026-03-04_DSC_8226,0.7241177617469292,0.5675427872860636,0.7427009732035729,0.7064417955871164,7501,7886,5571.0,1930.0,2315.0,False,0.9511793050976414,168,0.1750000000000007
nmousta5,1,cv_val,nmousta5,190_A_2-4_WL_Bruise_A244A_2026-03-05_DSC_9980,0.9054518989016805,0.8272381067521006,0.9650236231577463,0.8528073783261669,14181,16047,13685.0,496.0,2362.0,False,0.8837165825387923,190,0.1750000000000007
nmousta5,1,cv_val,nmousta5,190_A_2-4_WL_Bruise_A244A_2026-03-05_DSC_9981,0.9164086687306502,0.8457142857142858,0.9164567590260285,0.9163605834820023,9528,9529,8732.0,796.0,797.0,False,0.9998950571938293,190,0.1750000000000007
nmousta5,1,cv_val,nmousta5,190_A_2-4_WL_Bruise_A244A_2026-03-05_DSC_9982,0.779387707408273,0.6385219222668964,0.6787192185062072,0.9151193633952255,14741,10933,10005.0,4736.0,928.0,False,1.3483033019299369,190,0.1750000000000007
nmousta5,1,cv_val,nmousta5,190_A_2-4_WL_Bruise_OC_A244A_2026-03-05_DSC_9984,0.9179477541815448,0.8483395859385855,0.9250056813877736,0.9109967173977918,13201,13404,12211.0,990.0,1193.0,False,0.9848552670844524,190,0.1750000000000007
nmousta5,1,cv_val,nmousta5,190_A_2-4_WL_Bruise_OC_A244A_2026-03-05_DSC_9985,0.8148368963461374,0.6875314408911247,0.7241144414168937,0.9315481986368063,13212,10270,9567.0,3645.0,703.0,False,1.2864654333008763,190,0.1750000000000007
nmousta5,1,cv_val,nmousta5,191_B_2-4_WL_Bruise_A244A_2026-03-05_DSC_0180,0.6316900665048031,0.46165715167412436,0.8859934853420195,0.49081364829396323,3377,6096,2992.0,385.0,3104.0,False,0.5539698162729659,191,0.1750000000000007
nmousta5,1,cv_val,nmousta5,191_B_2-4_WL_Bruise_A244A_2026-03-05_DSC_0181,0.512560263892413,0.34459228932105085,0.8251633986928104,0.37173352962826645,1224,2717,1009.9999999999999,214.0000000000001,1707.0,False,0.45049687154950313,191,0.1750000000000007
nmousta5,1,cv_val,nmousta5,191_B_2-4_WL_Bruise_A244A_2026-03-05_DSC_0182,0.6668369954011242,0.5001916443081641,0.8596837944664032,0.5446577629382304,3036,4792,2610.0,426.0,2182.0,False,0.6335559265442404,191,0.1750000000000007
nmousta5,1,cv_val,nmousta5,191_B_2-4_WL_Bruise_OC_A244A_2026-03-05_DSC_0183,0.5227691076430572,0.3538844945281179,0.6584677419354839,0.4334439283344393,4960,7535,3265.9999999999995,1694.0000000000005,4269.0,False,0.6582614465826144,191,0.1750000000000007
nmousta5,1,cv_val,nmousta5,191_B_2-4_WL_Bruise_OC_A244A_2026-03-05_DSC_0184,0.3057821497120921,0.18048573249309638,0.23716040193524376,0.43028359216745443,10748,5924,2549.0,8199.0,3375.0,False,1.814314652261985,191,0.1750000000000007
nmousta5,1,cv_val,nmousta5,191_E_2-4_WL_Bruise_A244B_2026-03-05_DSC_0401,0.8150950911082346,0.6878991596638655,0.812909632571996,0.8172923322683706,5035,5008,4093.0000000000005,941.9999999999995,914.9999999999995,False,1.005391373801917,191,0.1750000000000007
nmousta5,1,cv_val,nmousta5,191_E_2-4_WL_Bruise_A244B_2026-03-05_DSC_0402,0.7711502681405276,0.6275382971143569,0.7832369942196532,0.7594309118344471,4498,4639,3523.0,975.0,1116.0,False,0.9696055184306963,191,0.1750000000000007
nmousta5,1,cv_val,nmousta5,191_E_2-4_WL_Bruise_A244B_2026-03-05_DSC_0403,0.7936667000701473,0.6579165974414355,0.7243460764587525,0.8776595744680851,5467,4512,3960.0,1507.0,552.0,False,1.2116578014184398,191,0.1750000000000007
nmousta5,1,cv_val,nmousta5,191_E_2-4_WL_Bruise_OC_A244B_2026-03-05_DSC_0405,0.7994269340974212,0.665871121718377,0.7991216345235822,0.799732467036117,5237,5233,4185.0,1052.0,1048.0,False,1.0007643798968087,191,0.1750000000000007
nmousta5,1,cv_val,nmousta5,191_E_2-4_WL_Bruise_OC_A244B_2026-03-05_DSC_0408,0.7349722442505948,0.5809929789368105,0.7431045542014112,0.7270160025101977,9354,9561,6951.000000000001,2402.999999999999,2609.999999999999,False,0.9783495450266708,191,0.1750000000000007
nmousta5,1,cv_val,nmousta5,191_E_2-4_WL_Bruise_OC_A244B_2026-03-05_DSC_0409,0.7413257515926921,0.5889734794612231,0.6665404279492521,0.8350136401375875,10562,8431,7040.000000000001,3521.999999999999,1390.999999999999,False,1.2527576799905111,191,0.1750000000000007
nmousta5,1,cv_val,nmousta5,225_E_2-5_WL_Bruise_A244A_2026-04-02_DSC_8394,0.6878721403948606,0.5242417005015524,0.8640881802972148,0.5713542005596408,10161,15367,8780.0,1381.0,6587.0,False,0.6612220993037028,225,0.1750000000000007
nmousta5,1,cv_val,nmousta5,225_E_2-5_WL_Bruise_A244A_2026-04-02_DSC_8395,0.7779546846295162,0.6366005211465223,0.8385478547854786,0.7255282695602513,7575,8755,6352.0,1223.0,2403.0,False,0.86521987435751,225,0.1750000000000007
nmousta5,1,cv_val,nmousta5,225_E_2-5_WL_Bruise_A244A_2026-04-02_DSC_8396,0.6376969461194321,0.4681021189102747,0.9494902687673772,0.4800562291337199,8632,17073,8196.0,436.0,8877.0,False,0.505593627364845,225,0.1750000000000007
nmousta5,1,cv_val,nmousta5,225_E_2-5_WL_Bruise_OC_A244A_2026-04-02_DSC_8398,0.6963481210579319,0.5341518946170108,0.8716825902335457,0.5797370046774336,7536,11331,6569.0,967.0,4762.0,False,0.6650781043155943,225,0.1750000000000007
nmousta5,1,cv_val,nmousta5,225_E_2-5_WL_Bruise_OC_A244A_2026-04-02_DSC_8399,0.696168060688582,0.5339400268536476,0.9433315761729046,0.5516337854500617,7588,12976,7158.0,430.0,5818.0,False,0.5847718865598027,225,0.1750000000000007
nmousta5,1,cv_val,nmousta5,230_A_2-4_WL_Bruise_A244A_2026-03-06_DSC_3738,0.6805406565114782,0.5157723577235772,0.7449506810709253,0.6263823064770933,4258,5064,3172.0,1086.0,1892.0,False,0.8408372827804107,230,0.1750000000000007
nmousta5,1,cv_val,nmousta5,230_C_2-4_WL_Bruise_A244A_2026-03-06_DSC_3786,0.0,0.0,0.0,0.0,734,2347,0.0,734.0,2347.0,True,0.31273966766084366,230,0.1750000000000007
nmousta5,1,cv_val,nmousta5,230_C_2-4_WL_Bruise_A244A_2026-03-06_DSC_3787,0.5715592135345222,0.4001280409731114,0.9117432530999271,0.41625041625041626,1371,3003,1250.0,121.0,1753.0,False,0.4565434565434565,230,0.1750000000000007
nmousta5,1,cv_val,nmousta5,230_C_2-4_WL_Bruise_A244A_2026-03-06_DSC_3788,0.0,0.0,1.0,0.0,0,2345,0.0,0.0,2345.0,True,0.0,230,0.1750000000000007
nmousta5,1,cv_val,nmousta5,230_C_2-4_WL_Bruise_OC_A244A_2026-03-06_DSC_3790,0.374792243767313,0.23061189705130392,0.36128170894526035,0.3893525179856115,3745,3475,1353.0,2392.0,2122.0,False,1.0776978417266188,230,0.1750000000000007
nmousta5,1,cv_val,nmousta5,230_C_2-4_WL_Bruise_OC_A244A_2026-03-06_DSC_3791,0.28596389050669774,0.16683656133197416,0.175367581403655,0.7742444152431012,16799,3805,2946.0,13853.0,859.0,False,4.4149802890932985,230,0.1750000000000007
nmousta5,1,cv_val,nmousta5,256_B_2-5_WL_Bruise_A244A_2026-02-16_DSC_7302,0.9072209929254839,0.8301962126397444,0.8755940564278409,0.941218313502328,16623,15464,14555.0,2068.0,909.0,False,1.0749482669425763,256,0.1750000000000007
nmousta5,1,cv_val,nmousta5,280_B_2-6_WL_Bruise_A244A_2026-04-04_DSC_1138,0.7002385165807494,0.5387438584028887,0.8788142139822325,0.5819797928123801,10356,15638,9101.0,1255.0,6537.0,False,0.6622330221255915,280,0.1750000000000007
nmousta5,1,cv_val,nmousta5,280_B_2-6_WL_Bruise_A244A_2026-04-04_DSC_1139,0.7844581198341788,0.6453567192001356,0.7277374355054462,0.8507679419156661,20932,17905,15233.0,5699.0,2672.0,False,1.169058922088802,280,0.1750000000000007
nmousta5,1,cv_val,nmousta5,280_B_2-6_WL_Bruise_A244A_2026-04-04_DSC_1140,0.847121232908035,0.7347877826259421,0.7834545762138386,0.9220507715281234,11822,10045,9262.0,2560.0,783.0,False,1.176903932304629,280,0.1750000000000007
nmousta5,1,cv_val,nmousta5,280_B_2-6_WL_Bruise_A244A_2026-04-04_DSC_1142,0.8846630839189747,0.793180133432172,0.8155009673447852,0.9666435024322446,17057,14390,13910.0,3147.0,480.0,False,1.185337039610841,280,0.1750000000000007
nmousta5,1,cv_val,nmousta5,280_B_2-6_WL_Bruise_OC_A244A_2026-04-04_DSC_1143,0.8399713628998832,0.7240953680244266,0.7553537544049878,0.945939064754307,14756,11783,11146.0,3610.0,637.0,False,1.2523126538233047,280,0.1750000000000007
nmousta5,1,test,hliu36,170_F_2-4_WL_Bruise_A244A_2026-03-05_DSC_1856,0.6871099050203527,0.5233567589913187,0.9210622044379775,0.5479333477602251,2749,4621,2532.0,217.0,2089.0,False,0.5948928803289332,170,0.1750000000000007
nmousta5,1,test,hliu36,170_F_2-4_WL_Bruise_OC_A244A_2026-03-05_DSC_1860,0.4642806217025524,0.3023212627669452,0.833589349718382,0.3217391304347826,1953,5060,1628.0,325.0,3432.0,False,0.3859683794466403,170,0.1750000000000007
nmousta5,1,test,hliu36,182_Q_2-6_WL_Bruise_A244A_2026-04-06_DSC_2484,0.6995858553679516,0.5379715825575698,0.5988546495773112,0.8410570662581387,3667,2611,2196.0,1471.0,415.0,False,1.4044427422443508,182,0.1750000000000007
nmousta5,1,test,hliu36,182_Q_2-6_WL_Bruise_A244A_2026-04-06_DSC_2485,0.376592528611531,0.23197658951848896,0.29730651210364817,0.5135453474676089,2933,1698,872.0,2061.0,826.0,False,1.7273262661955242,182,0.1750000000000007
nmousta5,1,test,hliu36,182_Q_2-6_WL_Bruise_A244A_2026-04-06_DSC_2486,0.44567776656575847,0.2867344730577797,0.6732723577235772,0.33308195072900953,1968,3978,1325.0,643.0,2653.0,False,0.4947209653092006,182,0.1750000000000007
nmousta5,1,test,hliu36,182_Q_2-6_WL_Bruise_OC_A244A_2026-04-06_DSC_2488,0.558011420893517,0.3869735370853522,0.41542462738821645,0.8496317512274959,9997,4888,4153.0,5844.0,735.0,False,2.0452127659574466,182,0.1750000000000007
nmousta5,1,test,hliu36,20_D_2-6_WL_Bruise_A244A_2026-04-04_DSC_0400,0.9267893660531697,0.8635670731707317,0.9845515110553249,0.8754292582417582,10357,11648,10197.0,160.0,1451.0,False,0.889165521978022,20,0.1750000000000007
nmousta5,1,test,hliu36,20_D_2-6_WL_Bruise_OC_A244A_2026-04-04_DSC_0403,0.90973635222304,0.8344186785260482,0.9852313751230719,0.8449877357352528,21329,24869,21014.0,315.0,3855.0,False,0.8576541075234227,20,0.1750000000000007
nmousta5,1,test,hliu36,20_D_2-6_WL_Bruise_OC_A244A_2026-04-04_DSC_0404,0.9051478641840087,0.8267306922769108,0.9736932305055699,0.8456186046511628,23340,26875,22726.0,614.0,4149.0,False,0.8684651162790697,20,0.1750000000000007
nmousta5,1,test,hliu36,226_A_2-4_WL_Bruise_A244A_2026-03-06_DSC_3569,0.7881420904676718,0.6503584985238297,0.9871959026888605,0.6558911101658869,1562,2351,1542.0,20.0,809.0,False,0.6643981284559762,226,0.1750000000000007
nmousta5,1,test,hliu36,226_A_2-4_WL_Bruise_A244A_2026-03-06_DSC_3570,0.7188703465982028,0.561122244488978,0.8936170212765957,0.6012884753042234,1880,2794,1680.0,200.0,1114.0,False,0.6728704366499642,226,0.1750000000000007
nmousta5,1,test,hliu36,226_A_2-4_WL_Bruise_A244A_2026-03-06_DSC_3571,0.6929133858267716,0.5301204819277109,0.5915381573744563,0.8362213527110117,2529,1789,1496.0,1033.0,293.0,False,1.4136389044158748,226,0.1750000000000007
nmousta5,1,test,hliu36,226_A_2-4_WL_Bruise_OC_A244A_2026-03-06_DSC_3573,0.8494104001546492,0.738239247311828,0.9704063604240283,0.7552423513234788,2264,2909,2197.0,67.0,712.0,False,0.7782743210725335,226,0.1750000000000007
nmousta5,1,test,hliu36,226_A_2-4_WL_Bruise_OC_A244A_2026-03-06_DSC_3574,0.5746661270740591,0.4031800113571834,0.9826989619377162,0.406062339147841,1445,3497,1420.0,25.0,2077.0,False,0.4132113239919931,226,0.1750000000000007
nmousta5,1,test,hliu36,226_C_2-4_WL_Bruise_A244A_2026-03-06_DSC_3610,0.9137461993919027,0.8411903358868592,0.8741579914268218,0.957090177673483,3266,2983,2855.0,411.0,128.0,False,1.0948709353000334,226,0.1750000000000007
nmousta5,1,test,hliu36,226_C_2-4_WL_Bruise_A244A_2026-03-06_DSC_3611,0.8512410461435949,0.7410092807424594,0.7525773195876289,0.9796779141104295,3395,2608,2555.0,840.0,53.0,False,1.3017638036809815,226,0.1750000000000007
nmousta5,1,test,hliu36,226_C_2-4_WL_Bruise_A244A_2026-03-06_DSC_3612,0.798980192194548,0.6652514696276943,0.7415362213323626,0.8660714285714286,2747,2352,2037.0,710.0,315.0,False,1.1679421768707483,226,0.1750000000000007
nmousta5,1,test,hliu36,226_C_2-4_WL_Bruise_OC_A244A_2026-03-06_DSC_3614,0.9341707373807863,0.8764731558271497,0.927268529208035,0.9411764705882353,4331,4267,4016.0,315.0,251.0,False,1.0149988282165456,226,0.1750000000000007
nmousta5,1,test,hliu36,226_C_2-4_WL_Bruise_OC_A244A_2026-03-06_DSC_3615,0.8598726114649682,0.7541899441340782,0.7822506861848124,0.95459620394492,3279,2687,2565.0,714.0,122.0,False,1.220320059545962,226,0.1750000000000007
nmousta5,1,test,hliu36,228_B_2-4_WL_Bruise_A244A_2026-03-06_DSC_3718,0.8384161752316764,0.7217870612126487,0.8917562724014337,0.7910969793322734,2790,3145,2488.0,302.0,657.0,False,0.8871224165341812,228,0.1750000000000007
nmousta5,1,test,hliu36,228_B_2-4_WL_Bruise_A244A_2026-03-06_DSC_3719,0.8709013147473468,0.771324354657688,0.8598686268376603,0.8822207958921694,3197,3116,2749.0,448.0,367.0,False,1.02599486521181,228,0.1750000000000007
nmousta5,1,test,hliu36,228_B_2-4_WL_Bruise_A244A_2026-03-06_DSC_3720,0.7761547572048954,0.6341935483870967,0.9954430379746836,0.6360401164671627,1975,3091,1966.0,9.0,1125.0,False,0.6389517955354255,228,0.1750000000000007
nmousta5,1,test,hliu36,228_B_2-4_WL_Bruise_A244A_2026-03-06_DSC_3721,0.769606512890095,0.6254962505513895,0.7685636856368564,0.7706521739130435,3690,3680,2836.0,854.0,844.0,False,1.002717391304348,228,0.1750000000000007
nmousta5,1,test,hliu36,228_B_2-4_WL_Bruise_OC_A244A_2026-03-06_DSC_3723,0.8073697585768742,0.6769656935861922,0.9993708713431897,0.6772543167768067,3179,4691,3177.0,2.0,1514.0,False,0.6776806651033894,228,0.1750000000000007
nmousta5,1,test,hliu36,228_B_2-4_WL_Bruise_OC_A244A_2026-03-06_DSC_3724,0.9015811552113585,0.8207990599294948,0.9637806140048293,0.8469233100939678,2899,3299,2794.0,105.0,505.0,False,0.8787511367080933,228,0.1750000000000007
nmousta5,1,test,hliu36,232_A_2-4_WL_Bruise_A244A_2026-03-06_DSC_3868,0.3392759488132998,0.20429399367755532,0.37087517934002867,0.31263858093126384,8364,9922,3102.0,5262.0,6820.0,False,0.8429752066115702,232,0.1750000000000007
nmousta5,1,test,hliu36,232_A_2-4_WL_Bruise_A244A_2026-03-06_DSC_3869,0.5561590267217033,0.3851941017153175,0.4878048780487805,0.6467913087417888,15744,11874,7680.0,8064.0,4194.0,False,1.325922182920667,232,0.1750000000000007
nmousta5,1,test,hliu36,232_A_2-4_WL_Bruise_A244A_2026-03-06_DSC_3870,0.0,0.0,0.0,0.0,7496,7123,0.0,7496.0,7123.0,True,1.0523655763021198,232,0.1750000000000007
nmousta5,1,test,hliu36,232_A_2-4_WL_Bruise_OC_A244A_2026-03-06_DSC_3876,0.12070528967254408,0.06422903710057902,0.6845714285714286,0.0661878453038674,875,9050,599.0,276.0,8451.0,False,0.09668508287292818,232,0.1750000000000007
nmousta5,1,test,hliu36,232_A_2-4_WL_Bruise_OC_A244A_2026-03-06_DSC_3877,0.7022700268901257,0.5411526599845798,0.8330860534124629,0.606961409577343,6740,9251,5615.0,1125.0,3636.0,False,0.7285698843368285,232,0.1750000000000007
nmousta5,1,test,hliu36,233_B_2-4_WL_Bruise_A244A_2026-03-06_DSC_4197,0.6824944320712695,0.5180201501115694,0.7758760380798055,0.6091762086513995,9874,12576,7661.0,2213.0,4915.0,False,0.78514631043257,233,0.1750000000000007
nmousta5,1,test,hliu36,233_B_2-4_WL_Bruise_A244A_2026-03-06_DSC_4199,0.7656659278662099,0.6203068886712374,0.8524001794526693,0.6949524506217996,13374,16404,11400.0,1974.0,5004.0,False,0.8152889539136796,233,0.1750000000000007
nmousta5,1,test,hliu36,233_B_2-4_WL_Bruise_OC_A244A_2026-03-06_DSC_4201,0.6407322654462243,0.4713804713804714,1.0,0.4713804713804714,9660,20493,9660.0,0.0,10833.0,False,0.4713804713804714,233,0.1750000000000007
nmousta5,1,test,hliu36,235_A_2-4_WL_Bruise_A244A_2026-03-08_DSC_4349,0.6585531574740208,0.49092750945982183,1.0,0.49092750945982183,16477,33563,16477.0,0.0,17086.0,False,0.49092750945982183,235,0.1750000000000007
nmousta5,1,test,hliu36,235_A_2-4_WL_Bruise_A244A_2026-03-08_DSC_4350,0.560127146337116,0.3890115331448967,1.0,0.3890115331448967,18855,48469,18855.0,0.0,29614.0,False,0.3890115331448967,235,0.1750000000000007
nmousta5,1,test,hliu36,235_A_2-4_WL_Bruise_A244A_2026-03-08_DSC_4351,0.6452730733564351,0.4763122815866268,0.976368067351008,0.48186755111710466,13541,27437,13221.0,320.0,14216.0,False,0.4935306338156504,235,0.1750000000000007
nmousta5,1,test,hliu36,235_A_2-4_WL_Bruise_OC_A244A_2026-03-08_DSC_4353,0.7257184672698244,0.5695118767945706,0.9849668186537854,0.5745056218237354,22151,37977,21818.0,333.0,16159.0,False,0.5832740869473628,235,0.1750000000000007
nmousta5,1,test,hliu36,235_A_2-4_WL_Bruise_OC_A244A_2026-03-08_DSC_4354,0.6997763153629202,0.538196868455171,0.8341448334492619,0.6026915345097164,25878,35816,21586.0,4292.0,14230.0,False,0.7225262452535179,235,0.1750000000000007
nmousta5,1,test,hliu36,236_C_2-4_WL_Bruise_A244A_2026-03-08_DSC_4462,0.12445302445302445,0.06635558910313594,0.9003724394785847,0.06684639845154154,2148,28932,1934.0,214.0,26998.0,False,0.0742430526752385,236,0.1750000000000007
nmousta5,1,test,hliu36,236_C_2-4_WL_Bruise_A244A_2026-03-08_DSC_4463,0.025470313086824407,0.0128994328399502,0.447242206235012,0.013108416798453698,834,28455,373.0,461.0,28082.0,False,0.02930943595150237,236,0.1750000000000007
nmousta5,1,test,hliu36,236_C_2-4_WL_Bruise_A244A_2026-03-08_DSC_4464,0.0,0.0,0.0,0.0,1483,35344,0.0,1483.0,35344.0,True,0.04195903123585333,236,0.1750000000000007
nmousta5,1,test,hliu36,236_C_2-4_WL_Bruise_OC_A244A_2026-03-08_DSC_4467,0.03276816305016252,0.01665699102398071,0.3879355174206968,0.017106560572358917,1923,43609,746.0,1177.0,42863.0,False,0.04409640211882868,236,0.1750000000000007
nmousta5,1,test,hliu36,236_C_2-4_WL_Bruise_OC_A244A_2026-03-08_DSC_4468,0.05241498808750271,0.026912811387900356,0.37577639751552794,0.028172293364377182,2254,30065,847.0,1407.0,29218.0,False,0.07497089639115251,236,0.1750000000000007
nmousta5,1,test,hliu36,236_E_2-4_WL_Bruise_OC_A244A_2026-02-26_DSC_5722,0.7573679603151444,0.6094869085358694,0.7609763248552371,0.7537936542510709,13643,13773,10382.0,3261.0,3391.0,False,0.9905612430116896,236,0.1750000000000007
nmousta5,1,test,hliu36,237_AC_2-5_WL_Bruise_A244A_2026-02-16_DSC_7084,0.705278193443069,0.5447333858681377,0.9829367712579391,0.5499337045876426,21098,37710,20738.0,360.0,16972.0,False,0.5594802439671175,237,0.1750000000000007
nmousta5,1,test,hliu36,237_AC_2-5_WL_Bruise_A244A_2026-02-16_DSC_7085,0.5950358577895326,0.4235238750316765,0.9980378774953079,0.4238768115942029,11722,27600,11699.0,23.0,15901.0,False,0.4247101449275362,237,0.1750000000000007
nmousta5,1,test,hliu36,237_AC_2-5_WL_Bruise_A244A_2026-02-16_DSC_7086,0.632628922882826,0.4626607462084078,1.0,0.4626607462084078,24069,52023,24069.0,0.0,27954.0,False,0.4626607462084078,237,0.1750000000000007
nmousta5,1,test,hliu36,237_AC_2-5_WL_Bruise_OC_A244A_2026-02-16_DSC_7088,0.7644174123491386,0.618669621916961,1.0,0.618669621916961,24005,38801,24005.0,0.0,14796.0,False,0.618669621916961,237,0.1750000000000007
nmousta5,1,test,hliu36,237_AC_2-5_WL_Bruise_OC_A244A_2026-02-16_DSC_7089,0.8149428719608983,0.6876823510689088,0.9930672590776773,0.6909997068308414,26108,37521,25927.0,181.0,11594.0,False,0.6958236720769703,237,0.1750000000000007
nmousta5,1,test,hliu36,237_AD_2-5_WL_Bruise_A244A_2026-02-16_DSC_7116,0.8381069076428244,0.7213287635117321,0.8651656969390337,0.8126893601853502,15812,16833,13680.0,2132.0,3153.0,False,0.9393453335709618,237,0.1750000000000007
nmousta5,1,test,hliu36,237_AD_2-5_WL_Bruise_A244A_2026-02-16_DSC_7117,0.8547773178117968,0.7463852498786997,0.8752275830678198,0.835260900255199,17576,18417,15383.0,2193.0,3034.0,False,0.9543356681327034,237,0.1750000000000007
nmousta5,1,test,hliu36,237_AD_2-5_WL_Bruise_A244A_2026-02-16_DSC_7118,0.8608474988702333,0.7556911809581934,0.9611861512187548,0.7794774944916588,12882,15885,12382.0,500.0,3503.0,False,0.8109537299338999,237,0.1750000000000007
nmousta5,1,test,hliu36,237_AD_2-5_WL_Bruise_OC_A244A_2026-02-16_DSC_7120,0.8414664051005395,0.7263202455286274,0.9749271965338447,0.7401455918037206,14079,18545,13726.0,353.0,4819.0,False,0.7591803720679429,237,0.1750000000000007
nmousta5,1,test,hliu36,237_AD_2-5_WL_Bruise_OC_A244A_2026-02-16_DSC_7121,0.8230658807000397,0.6993304614107022,0.9924867413081909,0.7030524393425516,13576,19165,13474.0,102.0,5691.0,False,0.7083746412731542,237,0.1750000000000007
nmousta5,1,test,hliu36,237_AE_2-5_WL_Bruise_A244A_2026-02-16_DSC_7217,0.7830921284857042,0.6435097897026831,0.8978146499392958,0.6943661971830986,4942,6390,4437.0,505.0,1953.0,False,0.77339593114241,237,0.1750000000000007
nmousta5,1,test,hliu36,237_AE_2-5_WL_Bruise_A244A_2026-02-16_DSC_7218,0.8016805117922277,0.6690039840637451,0.9753717472118959,0.6804992705462798,4304,6169,4198.0,106.0,1971.0,False,0.6976819581779867,237,0.1750000000000007
nmousta5,1,test,hliu36,237_AE_2-5_WL_Bruise_A244A_2026-02-16_DSC_7219,0.6029246344206974,0.43156199677938806,1.0,0.43156199677938806,4556,10557,4556.0,0.0,6001.0,False,0.43156199677938806,237,0.1750000000000007
nmousta5,1,test,hliu36,237_AE_2-5_WL_Bruise_OC_A244A_2026-02-16_DSC_7221,0.6883097976415781,0.5247502774694783,1.0,0.5247502774694783,4728,9010,4728.0,0.0,4282.0,False,0.5247502774694783,237,0.1750000000000007
nmousta5,1,test,hliu36,237_AE_2-5_WL_Bruise_OC_A244A_2026-02-16_DSC_7222,0.3482454420701823,0.21083364982909228,0.2514437776016306,0.5662374091546603,17662,7843,4441.0,13221.0,3402.0,False,2.251944409027158,237,0.1750000000000007
nmousta5,1,test,hliu36,237_B_2-4_WL_Bruise_A244A_2026-03-08_DSC_4584,0.689616582327754,0.5262708402955701,0.976572727899125,0.5329998871798729,14513,26591,14173.0,340.0,12418.0,False,0.5457861682524162,237,0.1750000000000007
nmousta5,1,test,hliu36,237_B_2-4_WL_Bruise_A244A_2026-03-08_DSC_4587,0.7896707754719925,0.6524429547505479,0.9357781201848998,0.6830266768635567,16225,22229,15183.0,1042.0,7046.0,False,0.7299023797741688,237,0.1750000000000007
nmousta5,1,test,hliu36,237_B_2-4_WL_Bruise_A244A_2026-03-08_DSC_4588,0.7427998140308807,0.5908365448246331,0.9553121852970795,0.6076304095440169,15888,24979,15178.0,710.0,9801.0,False,0.636054285599904,237,0.1750000000000007
nmousta5,1,test,hliu36,237_B_2-4_WL_Bruise_OC_A244A_2026-03-08_DSC_4591,0.6707719262083892,0.5046326807520838,0.9810823032861019,0.5095912934544315,13268,25544,13017.000000000002,250.99999999999818,12526.999999999998,False,0.5194174757281553,237,0.1750000000000007
nmousta5,1,test,hliu36,237_B_2-4_WL_Bruise_OC_A244A_2026-03-08_DSC_4592,0.6066195919681671,0.4353582040277319,0.9158910959855535,0.4534887719660236,14398,29079,13187.0,1211.0,15892.0,False,0.49513394545892225,237,0.1750000000000007
nmousta5,1,test,hliu36,237_C_2-4_WL_Bruise_A244A_2026-03-08_DSC_4608,0.7014054627419782,0.540126608127425,0.8877328410807183,0.5797260273972603,5959,9125,5290.0,669.0,3835.0,False,0.6530410958904109,237,0.1750000000000007
nmousta5,1,test,hliu36,237_C_2-4_WL_Bruise_A244A_2026-03-08_DSC_4609,0.4424601935685295,0.28407633098139834,0.9891122278056952,0.2849674254001448,3582,12433,3543.0,39.0,8890.0,False,0.2881042387195367,237,0.1750000000000007
nmousta5,1,test,hliu36,237_C_2-4_WL_Bruise_A244A_2026-03-08_DSC_4610,0.7690516341443829,0.6247635201252528,0.8631816133393421,0.693432770979654,11095,13811,9577.0,1518.0,4234.0,False,0.8033451596553471,237,0.1750000000000007
nmousta5,1,test,hliu36,237_C_2-4_WL_Bruise_OC_A244A_2026-03-08_DSC_4613,0.5086933720601879,0.3411058212508115,0.8902852301609715,0.35607386909131983,7082,17707,6304.999999999999,777.0000000000009,11402.0,False,0.3999548201276331,237,0.1750000000000007
nmousta5,1,test,hliu36,237_C_2-4_WL_Bruise_OC_A244A_2026-03-08_DSC_4615,0.5800048414427499,0.40845550630753497,0.8844592100406053,0.4314784801008464,5418,11106,4792.0,626.0,6314.0,False,0.4878444084278768,237,0.1750000000000007
nmousta5,1,test,hliu36,237_E_2-4_WL_Bruise_A244A_2026-03-08_DSC_4651,0.857820507390623,0.7510382675763868,0.937424789410349,0.7906777014366021,10803,12808,10127.0,676.0,2681.0,False,0.8434572142410993,237,0.1750000000000007
nmousta5,1,test,hliu36,237_E_2-4_WL_Bruise_A244A_2026-03-08_DSC_4652,0.8421862182116489,0.727393499247188,0.8642533936651584,0.8212178782121787,9503,10001,8213.0,1290.0,1788.0,False,0.9502049795020497,237,0.1750000000000007
nmousta5,1,test,hliu36,237_E_2-4_WL_Bruise_A244A_2026-03-08_DSC_4653,0.7898988757697305,0.6527544351073763,0.7173935351462288,0.8787078934137758,9745,7956,6991.0,2754.0,965.0,False,1.224861739567622,237,0.1750000000000007
nmousta5,1,test,hliu36,237_E_2-4_WL_Bruise_OC_A244A_2026-03-08_DSC_4656,0.7683867649579976,0.6238864142538976,0.7129374337221633,0.8331887470566365,9430,8069,6723.0,2707.0,1346.0,False,1.168670219358037,237,0.1750000000000007
nmousta5,1,test,hliu36,237_E_2-4_WL_Bruise_OC_A244A_2026-03-08_DSC_4657,0.9029513427279978,0.8230731943771207,0.9146242930245085,0.8915725912312943,7426,7618,6792.0,634.0,826.0,False,0.974796534523497,237,0.1750000000000007
nmousta5,1,test,hliu36,237_J_2-4_WL_Bruise_A244A_2026-02-26_DSC_5578,0.892511177347243,0.8058873002523129,0.9485876451953538,0.8426946529080676,15152,17056,14373.0,779.0,2683.0,False,0.8883677298311444,237,0.1750000000000007
nmousta5,1,test,hliu36,237_J_2-4_WL_Bruise_A244A_2026-02-26_DSC_5579,0.8267552970502701,0.7046742209631728,0.8528128408913823,0.8022429084512204,12834,13643,10945.0,1889.0,2698.0,False,0.940702191600088,237,0.1750000000000007
nmousta5,1,test,hliu36,237_J_2-4_WL_Bruise_A244A_2026-02-26_DSC_5580,0.9067684516836099,0.8294386061946902,0.8880088823094004,0.9263377345378735,13510,12951,11997.0,1513.0,954.0,False,1.0431626901397575,237,0.1750000000000007
nmousta5,1,test,hliu36,237_J_2-4_WL_Bruise_OC_A244A_2026-02-26_DSC_5582,0.9132476279913215,0.8403456495828368,0.8989544817034298,0.9280026324448832,15686,15195,14101.0,1585.0,1094.0,False,1.032313260941099,237,0.1750000000000007
nmousta5,1,test,hliu36,237_J_2-4_WL_Bruise_OC_A244A_2026-02-26_DSC_5583,0.8444263702498758,0.7307421600062564,0.8220286795108648,0.8680787811222593,11367,10764,9344.0,2023.0,1420.0,False,1.056020066889632,237,0.1750000000000007
nmousta5,1,test,hliu36,237_N_2-4_WL_Bruise_A244A_2026-02-26_DSC_5858,0.7232848232848232,0.5665201107311513,0.9925820256776035,0.5689288634505315,3505,6115,3479.0,26.0,2636.0,False,0.5731807031888798,237,0.1750000000000007
nmousta5,1,test,hliu36,237_N_2-4_WL_Bruise_A244A_2026-02-26_DSC_5859,0.6820027063599459,0.5174537987679672,1.0,0.5174537987679672,3528,6818,3528.0,0.0,3290.0,False,0.5174537987679672,237,0.1750000000000007
nmousta5,1,test,hliu36,237_N_2-4_WL_Bruise_A244A_2026-02-26_DSC_5860,0.7724517906336088,0.6292639138240574,0.8907242693773825,0.6819066147859922,3148,4112,2804.0,344.0,1308.0,False,0.7655642023346303,237,0.1750000000000007
nmousta5,1,test,hliu36,237_N_2-4_WL_Bruise_OC_A244A_2026-02-26_DSC_5862,0.7888817891373802,0.651366466181281,0.7589132038357511,0.8213145290047897,8134,7516,6173.0,1961.0,1343.0,False,1.0822245875465673,237,0.1750000000000007
nmousta5,1,test,hliu36,237_N_2-4_WL_Bruise_OC_A244A_2026-02-26_DSC_5863,0.8066348147480393,0.6759329203807222,0.9287938550965331,0.712874442319949,4817,6276,4474.0,343.0,1802.0,False,0.7675270873167622,237,0.1750000000000007
nmousta5,1,test,hliu36,237_S_2-4_WL_Bruise_A244A_2026-02-27_DSC_6307,0.6134480639213276,0.4424270364197312,0.996167358671351,0.4431814145145821,12524,28151,12476.0,48.0,15675.0,False,0.4448865049198963,237,0.1750000000000007
nmousta5,1,test,hliu36,237_S_2-4_WL_Bruise_A244A_2026-02-27_DSC_6308,0.6647055396982583,0.497796972473062,0.9955505147443727,0.4989069604756908,11462,22872,11411.0,51.0,11461.0,False,0.5011367611052816,237,0.1750000000000007
nmousta5,1,test,hliu36,237_S_2-4_WL_Bruise_A244A_2026-02-27_DSC_6309,0.8319256445247667,0.7122197663403852,0.979673384294649,0.722902378052689,11512,15601,11278.0,234.0,4323.0,False,0.7379014165758605,237,0.1750000000000007
nmousta5,1,test,hliu36,237_S_2-4_WL_Bruise_OC_A244A_2026-02-27_DSC_6311,0.8457778824637852,0.7327687362889649,0.953085600530856,0.7601884196041071,15070,18894,14363.0,707.0,4531.0,False,0.7976077061501006,237,0.1750000000000007
nmousta5,1,test,hliu36,237_S_2-4_WL_Bruise_OC_A244A_2026-02-27_DSC_6312,0.7714440825190011,0.6279275298276624,0.966173720890702,0.6420422455664746,11766,17706,11368.0,398.0,6338.0,False,0.6645205015249068,237,0.1750000000000007
nmousta5,1,test,hliu36,237_Z_2-5_WL_Bruise_A244A_2026-02-16_DSC_7025,0.7132188498402556,0.5542658514633314,0.9861402540033131,0.5586174538629965,18110,31970,17859.0,251.0,14111.0,False,0.5664685642790116,237,0.1750000000000007
nmousta5,1,test,hliu36,237_Z_2-5_WL_Bruise_A244A_2026-02-16_DSC_7026,0.8212865098306625,0.696765173793569,0.9995159059474412,0.6970003858024691,14460,20736,14453.0,7.0,6283.0,False,0.6973379629629629,237,0.1750000000000007
nmousta5,1,test,hliu36,237_Z_2-5_WL_Bruise_A244A_2026-02-16_DSC_7027,0.7730080228596549,0.6300025079717674,0.9929414422045287,0.6328366803426185,17709,27786,17584.0,125.0,10202.0,False,0.6373353487367739,237,0.1750000000000007
nmousta5,1,test,hliu36,237_Z_2-5_WL_Bruise_OC_A244A_2026-02-16_DSC_7030,0.7635668077972877,0.6175560577090213,0.9894725115579569,0.6216405375139977,17953,28576,17764.0,189.0,10812.0,False,0.6282544792833147,237,0.1750000000000007
nmousta5,1,test,hliu36,247_A_2-4_WL_Bruise_A244A_2026-02-27_DSC_6202,0.8503703703703703,0.7396907216494846,0.9312512674913811,0.7824160845118419,4931,5869,4592.0,339.0,1277.0,False,0.8401772022491054,247,0.1750000000000007
nmousta5,1,test,hliu36,247_A_2-4_WL_Bruise_A244A_2026-02-27_DSC_6203,0.8329524954900782,0.7137262984336357,0.904177545691906,0.7721293199554069,3830,4485,3463.0,367.0,1022.0,False,0.8539576365663322,247,0.1750000000000007
nmousta5,1,test,hliu36,247_A_2-4_WL_Bruise_A244A_2026-02-27_DSC_6204,0.868237347294939,0.7671549730146492,1.0,0.7671549730146492,4975,6485,4975.0,0.0,1510.0,False,0.7671549730146492,247,0.1750000000000007
nmousta5,1,test,hliu36,247_A_2-4_WL_Bruise_OC_A244A_2026-02-27_DSC_6206,0.8701482004234298,0.7701436602123672,0.9582280940353604,0.7968977217644208,5147,6189,4932.0,215.0,1257.0,False,0.8316367749232509,247,0.1750000000000007
nmousta5,1,test,hliu36,247_A_2-4_WL_Bruise_OC_A244A_2026-02-27_DSC_6207,0.8253348214285714,0.7026128266033255,0.8705120659211301,0.7846153846153846,3398,3770,2958.0,440.0,812.0,False,0.9013262599469496,247,0.1750000000000007
nmousta5,1,test,hliu36,250_A_2-4_WL_Bruise_A244A_2026-02-27_DSC_6537,0.9390800008405658,0.885156280949174,0.9924491427556187,0.8911578191680294,22514,25073,22344.0,170.0,2729.0,False,0.8979380209787421,250,0.1750000000000007
nmousta5,1,test,hliu36,250_A_2-4_WL_Bruise_A244A_2026-02-27_DSC_6538,0.9508637881736707,0.9063301575668743,0.9215686274509803,0.982082588842565,21471,20148,19787.0,1684.0,361.0,False,1.0656640857653366,250,0.1750000000000007
nmousta5,1,test,hliu36,250_A_2-4_WL_Bruise_OC_A244A_2026-02-27_DSC_6541,0.9379251023431402,0.8831063651088847,0.9744480852613113,0.9040410243812566,30213,32566,29441.0,772.0,3125.0,False,0.9277467297181109,250,0.1750000000000007
nmousta5,1,test,hliu36,250_A_2-4_WL_Bruise_OC_A244A_2026-02-27_DSC_6542,0.9430611689317948,0.8922570930416864,0.9714396652142026,0.9162936436884512,23179,24574,22517.0,662.0,2057.0,False,0.9432326849515749,250,0.1750000000000007
nmousta5,1,test,hliu36,250_A_2-4_WL_Bruise_OC_A244A_2026-02-27_DSC_6543,0.9522762345679012,0.9089000994218802,0.9648958211172355,0.9399824821965802,25581,26259,24683.0,898.0,1576.0,False,0.9741802810464983,250,0.1750000000000007
nmousta5,1,test,hliu36,254_A_2-5_WL_Bruise_A244A_2026-02-16_DSC_6925,0.8643067846607669,0.7610389610389611,0.9701986754966887,0.7792553191489362,906,1128,879.0,27.0,249.0,False,0.8031914893617021,254,0.1750000000000007
nmousta5,1,test,hliu36,254_A_2-5_WL_Bruise_A244A_2026-02-16_DSC_6926,0.9381995133819951,0.8835930339138405,0.9251439539347409,0.9516288252714709,1042,1013,964.0,78.0,49.0,False,1.0286278381046396,254,0.1750000000000007
nmousta5,1,test,hliu36,254_A_2-5_WL_Bruise_A244A_2026-02-16_DSC_6927,0.7882277671145234,0.6504751847940866,0.6829268292682927,0.9319213313161876,902,661,616.0,286.0,45.0,False,1.3645990922844176,254,0.1750000000000007
nmousta5,1,test,hliu36,254_A_2-5_WL_Bruise_OC_A244A_2026-02-16_DSC_6930,0.8523748395378691,0.7427293064876958,0.7942583732057417,0.9196675900277008,1254,1083,996.0,258.0,87.0,False,1.1578947368421053,254,0.1750000000000007
nmousta5,1,test,hliu36,254_A_2-5_WL_Bruise_OC_A244A_2026-02-16_DSC_6931,0.41498176997016906,0.26181514010874113,0.32655190401669276,0.5690909090909091,1917,1100,626.0,1291.0,474.0,False,1.7427272727272727,254,0.1750000000000007
nmousta5,1,test,hliu36,254_B_2-5_WL_Bruise_A244A_2026-02-16_DSC_6954,0.35090579710144926,0.21278699329891246,0.9300204057135998,0.21624940690502106,24993,107487,23244.0,1749.0,84243.0,False,0.23252114209160177,254,0.1750000000000007
nmousta5,1,test,hliu36,254_B_2-5_WL_Bruise_A244A_2026-02-16_DSC_6955,0.253843252814124,0.14537254643560515,0.968679871206947,0.14605906800544338,20498,135945,19856.0,642.0,116089.0,False,0.15078156607451543,254,0.1750000000000007
nmousta5,1,test,hliu36,254_B_2-5_WL_Bruise_A244A_2026-02-16_DSC_6956,0.326539438827918,0.19512825482974736,0.9995366386443371,0.1951459071053788,15107,77378,15100.0,7.0,62278.0,False,0.19523637209542763,254,0.1750000000000007
nmousta5,1,test,hliu36,254_B_2-5_WL_Bruise_OC_A244A_2026-02-16_DSC_6960,0.35628849796099443,0.21675853549666263,0.9328121509939692,0.22019635343618513,22385,94829,20881.0,1504.0,73948.0,False,0.23605648061247086,254,0.1750000000000007
nmousta5,1,test,hliu36,254_B_2-5_WL_Bruise_OC_A244A_2026-02-16_DSC_6961,0.30773984624131706,0.1818513811589757,0.9786949685534592,0.18257413545302556,12720,68186,12448.999999999998,271.0000000000018,55737.0,False,0.18654855835508755,254,0.1750000000000007
nmousta5,1,test,hliu36,260_A_2-5_WL_Bruise_A244A_2026-02-17_DSC_7634,0.6451965065502183,0.47622884770346496,0.5196365767878077,0.8507677543186181,3412,2084,1773.0,1639.0,311.0,False,1.637236084452975,260,0.1750000000000007
nmousta5,1,test,hliu36,260_A_2-5_WL_Bruise_A244A_2026-02-17_DSC_7635,0.7288395250861739,0.5733654715275686,0.812206572769953,0.66099340048628,2343,2879,1903.0,440.0,976.0,False,0.8138242445293504,260,0.1750000000000007
nmousta5,1,test,hliu36,260_A_2-5_WL_Bruise_A244A_2026-02-17_DSC_7636,0.6599955525906159,0.4925323597743113,0.5668449197860963,0.7897817988291644,2618,1879,1484.0,1134.0,395.0,False,1.3932943054816391,260,0.1750000000000007
nmousta5,1,test,hliu36,260_A_2-5_WL_Bruise_OC_A244A_2026-02-17_DSC_7638,0.5149253731343284,0.34673366834170855,0.4633834346018548,0.5793682526989204,3127,2501,1449.0000000000002,1677.9999999999998,1051.9999999999998,False,1.2502998800479808,260,0.1750000000000007
nmousta5,1,test,hliu36,260_A_2-5_WL_Bruise_OC_A244A_2026-02-17_DSC_7639,0.657372654155496,0.48961661341853036,0.5544166415435635,0.8072870939420544,3317,2278,1839.0,1478.0,439.0,False,1.4561018437225637,260,0.1750000000000007
nmousta5,1,test,hliu36,285_F_2-6_WL_Bruise_A244A_2026-04-06_DSC_2339,0.2936619718309859,0.1721007016095749,1.0,0.1721007016095749,1251,7269,1251.0,0.0,6018.0,False,0.1721007016095749,285,0.1750000000000007
nmousta5,1,test,hliu36,285_F_2-6_WL_Bruise_A244A_2026-04-06_DSC_2340,0.5392483878140983,0.3691581671487289,0.6591465072030444,0.45625587958607716,3679,5315,2425.0000000000005,1253.9999999999995,2889.9999999999995,False,0.6921919096895579,285,0.1750000000000007
nmousta5,1,test,hliu36,285_F_2-6_WL_Bruise_OC_A244A_2026-04-06_DSC_2343,0.8904810644831116,0.8025830258302583,0.9655937846836848,0.8262108262108262,901,1053,870.0,31.0,183.0,False,0.855650522317189,285,0.1750000000000007
nmousta5,1,test,hliu36,285_F_2-6_WL_Bruise_OC_A244A_2026-04-06_DSC_2344,0.7536099014439606,0.60463405663847,0.7541284403669725,0.7530920751259734,6540,6549,4932.0,1608.0,1617.0,False,0.9986257443884563,285,0.1750000000000007
nmousta5,1,test,hliu36,285_G_2-6_WL_Bruise_A244A_2026-05-29_DSC_3860,0.8609766827980643,0.7558903051371185,0.9579050416054822,0.7818617658809429,4086,5006,3914.0,172.0,1092.0,False,0.8162205353575709,285,0.1750000000000007
nmousta5,1,test,hliu36,285_G_2-6_WL_Bruise_A244A_2026-05-29_DSC_3861,0.8051579320951142,0.6738613861386139,0.9252311038607939,0.7126701570680628,3678,4775,3403.0000000000005,274.99999999999955,1371.9999999999995,False,0.770261780104712,285,0.1750000000000007
nmousta5,1,test,hliu36,285_G_2-6_WL_Bruise_A244A_2026-05-29_DSC_3862,0.9029841428393057,0.8231277031641248,0.9890590809628009,0.8306914771422008,3656,4353,3616.0,40.0,737.0,False,0.8398805421548358,285,0.1750000000000007
nmousta5,1,test,hliu36,285_G_2-6_WL_Bruise_OC_A244A_2026-05-29_DSC_3864,0.7619764233759719,0.6154781199351702,0.9237786336914656,0.648406374501992,4933,7028,4557.0,376.0,2471.0,False,0.7019066590779738,285,0.1750000000000007
nmousta5,1,test,hliu36,285_G_2-6_WL_Bruise_OC_A244A_2026-05-29_DSC_3865,0.8001504042113179,0.6668755875900971,0.9918433931484503,0.6705530171734678,4291,6347,4256.0,35.0,2091.0,False,0.676067433433118,285,0.1750000000000007
nmousta5,1,test,mzehra2,170_F_2-4_WL_Bruise_A244A_2026-03-05_DSC_1856,0.6741208880246313,0.5084331459300905,0.756638777737359,0.6078316773816481,2749,3422,2080.0,669.0,1342.0,False,0.8033313851548802,170,0.1750000000000007
nmousta5,1,test,mzehra2,170_F_2-4_WL_Bruise_OC_A244A_2026-03-05_DSC_1860,0.5873738373243618,0.4158027458671897,0.7598566308243727,0.47870967741935483,1953,3100,1484.0,469.0,1616.0,False,0.63,170,0.1750000000000007
nmousta5,1,test,mzehra2,182_Q_2-6_WL_Bruise_A244A_2026-04-06_DSC_2484,0.3812846765429274,0.235547703180212,0.9089173711480775,0.2412420382165605,3667,13816,3333.0,334.0,10483.0,False,0.2654169079328315,182,0.1750000000000007
nmousta5,1,test,mzehra2,182_Q_2-6_WL_Bruise_A244A_2026-04-06_DSC_2485,0.4296699775712913,0.27361762905529485,0.4572110467098534,0.40525838621940163,2933,3309,1341.0,1592.0,1968.0,False,0.8863705046841946,182,0.1750000000000007
nmousta5,1,test,mzehra2,182_Q_2-6_WL_Bruise_A244A_2026-04-06_DSC_2486,0.6045739579490963,0.43325403119217554,0.8328252032520326,0.4745222929936306,1968,3454,1639.0,329.0,1815.0,False,0.5697741748697163,182,0.1750000000000007
nmousta5,1,test,mzehra2,182_Q_2-6_WL_Bruise_OC_A244A_2026-04-06_DSC_2488,0.8077057793345008,0.6774383078730905,0.8073422026607983,0.8080696836203444,9997,9988,8070.999999999999,1926.000000000001,1917.000000000001,False,1.0009010812975572,182,0.1750000000000007
nmousta5,1,test,mzehra2,20_D_2-6_WL_Bruise_A244A_2026-04-04_DSC_0400,0.9227306137449467,0.856545842217484,0.9696823404460752,0.8801156778547016,10357,11411,10043.0,314.0,1368.0,False,0.9076329857155376,20,0.1750000000000007
nmousta5,1,test,mzehra2,20_D_2-6_WL_Bruise_OC_A244A_2026-04-04_DSC_0403,0.9432995585645342,0.8926839826839826,0.9668057574194758,0.9209092533047517,21329,22392,20621.0,708.0,1771.0,False,0.9525276884601643,20,0.1750000000000007
nmousta5,1,test,mzehra2,20_D_2-6_WL_Bruise_OC_A244A_2026-04-04_DSC_0404,0.9249228659581762,0.8603316326530612,0.9825621251071123,0.8736713779572555,23340,26249,22933.0,407.0,3316.0,False,0.8891767305421159,20,0.1750000000000007
nmousta5,1,test,mzehra2,226_A_2-4_WL_Bruise_A244A_2026-03-06_DSC_3569,0.7350472193074502,0.5810866860223973,0.8969270166453265,0.6226666666666667,1562,2250,1401.0,161.0,849.0,False,0.6942222222222222,226,0.1750000000000007
nmousta5,1,test,mzehra2,226_A_2-4_WL_Bruise_A244A_2026-03-06_DSC_3570,0.861118690313779,0.7561092477240058,0.8393617021276596,0.8840336134453781,1880,1785,1578.0,302.0,207.0,False,1.0532212885154062,226,0.1750000000000007
nmousta5,1,test,mzehra2,226_A_2-4_WL_Bruise_A244A_2026-03-06_DSC_3571,0.47436264680607276,0.31092752534735263,0.6548042704626335,0.37188412306310353,2529,4453,1656.0,873.0,2797.0,False,0.5679317314170222,226,0.1750000000000007
nmousta5,1,test,mzehra2,226_A_2-4_WL_Bruise_OC_A244A_2026-03-06_DSC_3573,0.8574144486692015,0.7504159733777038,0.7968197879858657,0.9279835390946503,2264,1944,1804.0,460.0,140.0,False,1.1646090534979423,226,0.1750000000000007
nmousta5,1,test,mzehra2,226_A_2-4_WL_Bruise_OC_A244A_2026-03-06_DSC_3574,0.5781156231246249,0.40658413055711873,1.0,0.40658413055711873,1445,3554,1445.0,0.0,2109.0,False,0.40658413055711873,226,0.1750000000000007
nmousta5,1,test,mzehra2,226_C_2-4_WL_Bruise_A244A_2026-03-06_DSC_3610,0.8776013143483024,0.7818980239082703,0.981322718922229,0.7937097573055968,3266,4038,3205.0,61.0,833.0,False,0.8088162456661714,226,0.1750000000000007
nmousta5,1,test,mzehra2,226_C_2-4_WL_Bruise_A244A_2026-03-06_DSC_3611,0.9184835439522289,0.8492552645095018,0.974079528718704,0.8688912243825538,3395,3806,3307.0,88.0,499.0,False,0.8920126116657908,226,0.1750000000000007
nmousta5,1,test,mzehra2,226_C_2-4_WL_Bruise_A244A_2026-03-06_DSC_3612,0.9104151493080845,0.8355614973262032,0.9100837277029487,0.9107468123861566,2747,2745,2500.0,247.0,245.0,False,1.000728597449909,226,0.1750000000000007
nmousta5,1,test,mzehra2,226_C_2-4_WL_Bruise_OC_A244A_2026-03-06_DSC_3614,0.9390331031197904,0.8850729517396184,0.9104132994689448,0.9695106958446029,4331,4067,3943.0,388.0,124.0,False,1.0649127120727808,226,0.1750000000000007
nmousta5,1,test,mzehra2,226_C_2-4_WL_Bruise_OC_A244A_2026-03-06_DSC_3615,0.8733587462939433,0.775187969924812,0.9432753888380604,0.8130914826498423,3279,3804,3093.0,186.0,711.0,False,0.86198738170347,226,0.1750000000000007
nmousta5,1,test,mzehra2,228_B_2-4_WL_Bruise_A244A_2026-03-06_DSC_3718,0.8964604697320543,0.8123501199040767,0.9713261648745519,0.8323095823095823,2790,3256,2710.0,80.0,546.0,False,0.8568796068796068,228,0.1750000000000007
nmousta5,1,test,mzehra2,228_B_2-4_WL_Bruise_A244A_2026-03-06_DSC_3719,0.7357351509250244,0.5819470117067159,0.5908664372849547,0.9747162022703818,3197,1938,1889.0000000000002,1307.9999999999998,48.99999999999977,False,1.649638802889577,228,0.1750000000000007
nmousta5,1,test,mzehra2,228_B_2-4_WL_Bruise_A244A_2026-03-06_DSC_3720,0.826672972333885,0.7045546150745667,0.8850632911392405,0.7755102040816326,1975,2254,1748.0,227.0,506.0,False,0.8762200532386868,228,0.1750000000000007
nmousta5,1,test,mzehra2,228_B_2-4_WL_Bruise_A244A_2026-03-06_DSC_3721,0.7657313631080856,0.6203927898843153,0.6249322493224932,0.9884269181311616,3690,2333,2306.0,1384.0,27.0,False,1.5816545220745821,228,0.1750000000000007
nmousta5,1,test,mzehra2,228_B_2-4_WL_Bruise_OC_A244A_2026-03-06_DSC_3723,0.7872653662127347,0.649165402124431,0.6728530984586348,0.9485587583148559,3179,2255,2139.0,1040.0,116.0,False,1.4097560975609755,228,0.1750000000000007
nmousta5,1,test,mzehra2,228_B_2-4_WL_Bruise_OC_A244A_2026-03-06_DSC_3724,0.7855550601872492,0.6468428781204112,0.9116936874784408,0.6900783289817233,2899,3830,2643.0,256.0,1187.0,False,0.7569190600522193,228,0.1750000000000007
nmousta5,1,test,mzehra2,232_A_2-4_WL_Bruise_A244A_2026-03-06_DSC_3868,0.43210404723196716,0.27559484828640035,0.3018890483022477,0.7598555522118567,8364,3323,2525.0,5839.0,798.0,False,2.517002708396028,232,0.1750000000000007
nmousta5,1,test,mzehra2,232_A_2-4_WL_Bruise_A244A_2026-03-06_DSC_3869,0.31202646462490663,0.18485269945631558,0.18572154471544716,0.9753168779186124,15744,2998,2924.0,12820.0,74.0,False,5.251501000667111,232,0.1750000000000007
nmousta5,1,test,mzehra2,232_A_2-4_WL_Bruise_A244A_2026-03-06_DSC_3870,0.0,0.0,0.0,0.0,7496,4524,0.0,7496.0,4524.0,True,1.6569407603890363,232,0.1750000000000007
nmousta5,1,test,mzehra2,232_A_2-4_WL_Bruise_OC_A244A_2026-03-06_DSC_3876,0.1751205964040345,0.09596283242550464,0.6845714285714286,0.1004022795843111,875,5966,599.0,276.0,5367.0,False,0.14666443178008717,232,0.1750000000000007
nmousta5,1,test,mzehra2,232_A_2-4_WL_Bruise_OC_A244A_2026-03-06_DSC_3877,0.763565232182344,0.6175539964231669,0.6660237388724035,0.8945795137504982,6740,5018,4489.0,2251.0,529.0,False,1.3431646074133121,232,0.1750000000000007
nmousta5,1,test,mzehra2,233_B_2-4_WL_Bruise_A244A_2026-03-06_DSC_4197,0.7665770609318996,0.6215038140210679,0.8664168523394774,0.6873694359633618,9874,12446,8555.0,1319.0,3891.0,False,0.7933472601639081,233,0.1750000000000007
nmousta5,1,test,mzehra2,233_B_2-4_WL_Bruise_A244A_2026-03-06_DSC_4199,0.7854290209367057,0.646671980868872,0.7279048900852401,0.8528252299605782,13374,11415,9735.0,3639.0,1680.0,False,1.17161629434954,233,0.1750000000000007
nmousta5,1,test,mzehra2,233_B_2-4_WL_Bruise_OC_A244A_2026-03-06_DSC_4201,0.75280163599182,0.6035941496687873,0.9526915113871636,0.6222447599729547,9660,14790,9203.0,457.0,5587.0,False,0.6531440162271805,233,0.1750000000000007
nmousta5,1,test,mzehra2,235_A_2-4_WL_Bruise_A244A_2026-03-08_DSC_4349,0.6473121710001595,0.4785377358490566,0.9851307883716696,0.4820193021529324,16477,33675,16231.999999999998,245.00000000000182,17443.0,False,0.48929472902746846,235,0.1750000000000007
nmousta5,1,test,mzehra2,235_A_2-4_WL_Bruise_A244A_2026-03-08_DSC_4350,0.646734325824817,0.4779063994355745,0.9699814372845399,0.4850807628040209,18855,37703,18289.0,566.0,19414.0,False,0.5000928308092194,235,0.1750000000000007
nmousta5,1,test,mzehra2,235_A_2-4_WL_Bruise_A244A_2026-03-08_DSC_4351,0.7459414458165672,0.5948218632440806,0.992541171257662,0.5974926647105895,13541,22494,13440.0,101.0,9054.0,False,0.6019827509558104,235,0.1750000000000007
nmousta5,1,test,mzehra2,235_A_2-4_WL_Bruise_OC_A244A_2026-03-08_DSC_4353,0.8189949215493064,0.6934728194595983,0.9755767233984922,0.7057248293654681,22151,30621,21610.0,541.0,9011.0,False,0.7233924430946083,235,0.1750000000000007
nmousta5,1,test,mzehra2,235_A_2-4_WL_Bruise_OC_A244A_2026-03-08_DSC_4354,0.7278156859597014,0.572099245311593,0.8758791251255893,0.6225725821957316,25878,36407,22666.0,3212.0,13741.0,False,0.7107973741313484,235,0.1750000000000007
nmousta5,1,test,mzehra2,236_C_2-4_WL_Bruise_A244A_2026-03-08_DSC_4462,0.2027121665499459,0.11278781438186326,0.7411545623836127,0.11741278855372815,2148,13559,1592.0,556.0,11967.0,False,0.1584187624456081,236,0.1750000000000007
nmousta5,1,test,mzehra2,236_C_2-4_WL_Bruise_A244A_2026-03-08_DSC_4463,0.035381750465549346,0.01800947867298578,0.34172661870503596,0.018656716417910446,834,15276,285.0,549.0,14991.0,False,0.054595443833464256,236,0.1750000000000007
nmousta5,1,test,mzehra2,236_C_2-4_WL_Bruise_A244A_2026-03-08_DSC_4464,0.0,0.0,0.0,0.0,1483,11326,0.0,1483.0,11326.0,True,0.13093766554829595,236,0.1750000000000007
nmousta5,1,test,mzehra2,236_C_2-4_WL_Bruise_OC_A244A_2026-03-08_DSC_4467,0.0,0.0,0.0,0.0,1923,10556,0.0,1923.0,10556.0,True,0.1821712769988632,236,0.1750000000000007
nmousta5,1,test,mzehra2,236_C_2-4_WL_Bruise_OC_A244A_2026-03-08_DSC_4468,0.003109959274342836,0.0015574013645802433,0.009316770186335404,0.0018665007554884011,2254,11251,21.0,2233.0,11230.0,False,0.20033774775575505,236,0.1750000000000007
nmousta5,1,test,mzehra2,236_E_2-4_WL_Bruise_OC_A244A_2026-02-26_DSC_5722,0.29130803733785915,0.17048598793898545,0.176134281316426,0.8416812609457093,13643,2855,2403.0,11240.0,452.0,False,4.778633975481611,236,0.1750000000000007
nmousta5,1,test,mzehra2,237_AC_2-5_WL_Bruise_A244A_2026-02-16_DSC_7084,0.8222710501223001,0.6981836102506336,0.9400891079723197,0.7306955496610669,21098,27144,19834.0,1264.0,7310.0,False,0.7772620100206307,237,0.1750000000000007
nmousta5,1,test,mzehra2,237_AC_2-5_WL_Bruise_A244A_2026-02-16_DSC_7085,0.6774071505139038,0.5121811680572109,0.9164818290394131,0.537257451490298,11722,19996,10743.0,979.0,9253.0,False,0.5862172434486898,237,0.1750000000000007
nmousta5,1,test,mzehra2,237_AC_2-5_WL_Bruise_A244A_2026-02-16_DSC_7086,0.8284565831738955,0.7071497063406449,0.9804728073455482,0.7172512309282111,24069,32902,23599.0,470.0,9303.0,False,0.731536076834235,237,0.1750000000000007
nmousta5,1,test,mzehra2,237_AC_2-5_WL_Bruise_OC_A244A_2026-02-16_DSC_7088,0.8790228555565837,0.7841576966255035,0.989335555092689,0.7908424908424908,24005,30030,23749.0,256.0,6281.0,False,0.7993672993672993,237,0.1750000000000007
nmousta5,1,test,mzehra2,237_AC_2-5_WL_Bruise_OC_A244A_2026-02-16_DSC_7089,0.8271383571601648,0.7052309726468887,0.9806189673663245,0.7151995977316535,26108,35797,25602.0,506.0,10195.0,False,0.7293348604631673,237,0.1750000000000007
nmousta5,1,test,mzehra2,237_AD_2-5_WL_Bruise_A244A_2026-02-16_DSC_7116,0.8480413526810737,0.7361734335297616,0.861181381229446,0.8352962826647037,15812,16302,13617.0,2195.0,2685.0,False,0.9699423383633909,237,0.1750000000000007
nmousta5,1,test,mzehra2,237_AD_2-5_WL_Bruise_A244A_2026-02-16_DSC_7117,0.8891006803801658,0.8003431676278537,0.9553937187073281,0.8314106055354755,17576,20197,16792.0,784.0,3405.0,False,0.8702282517205525,237,0.1750000000000007
nmousta5,1,test,mzehra2,237_AD_2-5_WL_Bruise_A244A_2026-02-16_DSC_7118,0.8709767256813209,0.7714426668546057,0.8497127775190187,0.8933322451644495,12882,12253,10946.0,1936.0,1307.0,False,1.051334367093773,237,0.1750000000000007
nmousta5,1,test,mzehra2,237_AD_2-5_WL_Bruise_OC_A244A_2026-02-16_DSC_7120,0.8519314661440223,0.7420562806321934,0.9570992257972868,0.7675875818855027,14079,17555,13475.0,604.0,4080.0,False,0.8019937339789234,237,0.1750000000000007
nmousta5,1,test,mzehra2,237_AD_2-5_WL_Bruise_OC_A244A_2026-02-16_DSC_7121,0.8433053801941016,0.7290648419680678,0.988877430760165,0.735092810600668,13576,18263,13425.0,151.0,4838.0,False,0.7433608936100312,237,0.1750000000000007
nmousta5,1,test,mzehra2,237_AE_2-5_WL_Bruise_A244A_2026-02-16_DSC_7217,0.8103384841795438,0.6811504561620535,0.8913395386483205,0.7428330522765598,4942,5930,4405.0,537.0,1525.0,False,0.833389544688027,237,0.1750000000000007
nmousta5,1,test,mzehra2,237_AE_2-5_WL_Bruise_A244A_2026-02-16_DSC_7218,0.903751233958539,0.8244034218820351,0.8508364312267658,0.9636842105263158,4304,3800,3662.0,642.0,138.0,False,1.1326315789473684,237,0.1750000000000007
nmousta5,1,test,mzehra2,237_AE_2-5_WL_Bruise_A244A_2026-02-16_DSC_7219,0.9301255230125522,0.8693781775518186,0.97585601404741,0.8884892086330936,4556,5004,4446.0,110.0,558.0,False,0.9104716227018386,237,0.1750000000000007
nmousta5,1,test,mzehra2,237_AE_2-5_WL_Bruise_OC_A244A_2026-02-16_DSC_7221,0.8996469994957136,0.8175985334555453,0.94331641285956,0.8598419124734914,4728,5187,4460.0,268.0,727.0,False,0.9115095430884904,237,0.1750000000000007
nmousta5,1,test,mzehra2,237_AE_2-5_WL_Bruise_OC_A244A_2026-02-16_DSC_7222,0.33294310465933036,0.1997191011235955,0.20127958328615106,0.9626320064987814,17662,3693,3555.0,14107.0,138.0,False,4.7825616030327645,237,0.1750000000000007
nmousta5,1,test,mzehra2,237_B_2-4_WL_Bruise_A244A_2026-03-08_DSC_4584,0.7247906807426283,0.5683699685983443,0.9603114449114587,0.5820421799958237,14513,23945,13937.0,576.0,10008.0,False,0.6060973063269993,237,0.1750000000000007
nmousta5,1,test,mzehra2,237_B_2-4_WL_Bruise_A244A_2026-03-08_DSC_4587,0.8165839259358647,0.6900226757369614,0.9377503852080123,0.7231463878326996,16225,21040,15215.0,1010.0,5825.0,False,0.7711501901140685,237,0.1750000000000007
nmousta5,1,test,mzehra2,237_B_2-4_WL_Bruise_A244A_2026-03-08_DSC_4588,0.8349140656435018,0.7166115743253244,0.9142119838872105,0.768274621813181,15888,18906,14525.0,1363.0,4381.0,False,0.8403681370993336,237,0.1750000000000007
nmousta5,1,test,mzehra2,237_B_2-4_WL_Bruise_OC_A244A_2026-03-08_DSC_4591,0.6114586994727592,0.44036046982584043,0.9833433825746156,0.4436698745196722,13268,29407,13047.0,221.0,16360.0,False,0.45118509198490153,237,0.1750000000000007
nmousta5,1,test,mzehra2,237_B_2-4_WL_Bruise_OC_A244A_2026-03-08_DSC_4592,0.7642307378498191,0.618425106738853,0.9758299763856091,0.6280452371373654,14398,22371,14050.0,348.0,8321.0,False,0.6436010906977784,237,0.1750000000000007
nmousta5,1,test,mzehra2,237_C_2-4_WL_Bruise_A244A_2026-03-08_DSC_4608,0.5561705019904846,0.38520511096166776,0.9612351065615036,0.391283557620056,5959,14639,5728.000000000001,230.9999999999991,8911.0,False,0.4070633239975408,237,0.1750000000000007
nmousta5,1,test,mzehra2,237_C_2-4_WL_Bruise_A244A_2026-03-08_DSC_4609,0.6169172251403732,0.4460450497642745,0.9508654383026243,0.45656836461126005,3582,7460,3406.0000000000005,175.99999999999955,4053.9999999999995,False,0.48016085790884716,237,0.1750000000000007
nmousta5,1,test,mzehra2,237_C_2-4_WL_Bruise_A244A_2026-03-08_DSC_4610,0.6293849149350442,0.4591988821611551,0.8885984677782786,0.4872491845408718,11095,20234,9859.0,1236.0,10375.0,False,0.5483344865078581,237,0.1750000000000007
nmousta5,1,test,mzehra2,237_C_2-4_WL_Bruise_OC_A244A_2026-03-08_DSC_4613,0.5095761659868772,0.34190017252662264,0.8114939282688506,0.3713971823704278,7082,15474,5747.000000000001,1334.999999999999,9727.0,False,0.4576709318857438,237,0.1750000000000007
nmousta5,1,test,mzehra2,237_C_2-4_WL_Bruise_OC_A244A_2026-03-08_DSC_4615,0.6527855153203342,0.4845446087046418,0.8650793650793651,0.5241556698725117,5418,8942,4687.0,731.0,4255.0,False,0.6059047193021695,237,0.1750000000000007
nmousta5,1,test,mzehra2,237_E_2-4_WL_Bruise_A244A_2026-03-08_DSC_4651,0.8780691964285714,0.7826411340462571,0.873923910024993,0.8822539949537427,10803,10701,9441.0,1362.0,1260.0,False,1.0095318194561256,237,0.1750000000000007
nmousta5,1,test,mzehra2,237_E_2-4_WL_Bruise_A244A_2026-03-08_DSC_4652,0.8017045179410198,0.6690374201891215,0.8710933389455962,0.7425547183351274,9503,11148,8278.0,1225.0,2870.0,False,0.8524398995335486,237,0.1750000000000007
nmousta5,1,test,mzehra2,237_E_2-4_WL_Bruise_A244A_2026-03-08_DSC_4653,0.7215203426124197,0.5643580939619798,0.69153412006157,0.7542249580302183,9745,8935,6739.0,3006.0,2196.0,False,1.0906547285954113,237,0.1750000000000007
nmousta5,1,test,mzehra2,237_E_2-4_WL_Bruise_OC_A244A_2026-03-08_DSC_4656,0.783147314906796,0.6435843257779486,0.7106044538706257,0.8721853442665626,9430,7683,6701.0,2729.0,982.0,False,1.2273851360145775,237,0.1750000000000007
nmousta5,1,test,mzehra2,237_E_2-4_WL_Bruise_OC_A244A_2026-03-08_DSC_4657,0.9091143483305402,0.8333727251240841,0.949636412604363,0.8719090009891197,7426,8088,7052.0,374.0,1036.0,False,0.9181503461918892,237,0.1750000000000007
nmousta5,1,test,mzehra2,237_J_2-4_WL_Bruise_A244A_2026-02-26_DSC_5578,0.8169943627113984,0.6906090190609019,0.7843189017951425,0.8525107604017217,15152,13940,11884.0,3268.0,2056.0,False,1.0869440459110473,237,0.1750000000000007
nmousta5,1,test,mzehra2,237_J_2-4_WL_Bruise_A244A_2026-02-26_DSC_5579,0.7136954206602769,0.5548417008875348,0.6527193392551036,0.7872380415374495,12834,10641,8377.0,4457.0,2264.0,False,1.20608965322808,237,0.1750000000000007
nmousta5,1,test,mzehra2,237_J_2-4_WL_Bruise_A244A_2026-02-26_DSC_5580,0.7906134277894059,0.6537309458829794,0.7269430051813471,0.8665078524792659,13510,11334,9821.0,3689.0,1513.0,False,1.1919887065466737,237,0.1750000000000007
nmousta5,1,test,mzehra2,237_J_2-4_WL_Bruise_OC_A244A_2026-02-26_DSC_5582,0.8162206242123211,0.6895040080160321,0.7018997832462068,0.9750265674814028,15686,11292,11010.0,4676.0,282.0,False,1.3891250442791356,237,0.1750000000000007
nmousta5,1,test,mzehra2,237_J_2-4_WL_Bruise_OC_A244A_2026-02-26_DSC_5583,0.8270619536297985,0.7051198963058976,0.7657253452977919,0.8990806734841442,11367,9681,8704.0,2663.0,977.0,False,1.1741555624418964,237,0.1750000000000007
nmousta5,1,test,mzehra2,237_N_2-4_WL_Bruise_A244A_2026-02-26_DSC_5858,0.37591643417893983,0.23146372643016938,0.8265335235378032,0.24328182734296272,3505,11908,2897.0,608.0,9011.0,False,0.2943399395364461,237,0.1750000000000007
nmousta5,1,test,mzehra2,237_N_2-4_WL_Bruise_A244A_2026-02-26_DSC_5859,0.8459214501510574,0.7329842931937173,0.9920634920634921,0.7373077733305246,3528,4747,3500.0,28.0,1247.0,False,0.7432062355171687,237,0.1750000000000007
nmousta5,1,test,mzehra2,237_N_2-4_WL_Bruise_A244A_2026-02-26_DSC_5860,0.8627577319587629,0.7586402266288952,0.8506988564167726,0.8751633986928105,3148,3060,2678.0,470.0,382.0,False,1.0287581699346404,237,0.1750000000000007
nmousta5,1,test,mzehra2,237_N_2-4_WL_Bruise_OC_A244A_2026-02-26_DSC_5862,0.7904246900553944,0.6534729037182423,0.7367838701745758,0.8524893314366998,8134,7030,5993.0,2141.0,1037.0,False,1.157041251778094,237,0.1750000000000007
nmousta5,1,test,mzehra2,237_N_2-4_WL_Bruise_OC_A244A_2026-02-26_DSC_5863,0.8050589809072115,0.6737227763077549,0.6871496782229604,0.9718144450968879,4817,3406,3310.0,1507.0,96.0,False,1.4142689371697006,237,0.1750000000000007
nmousta5,1,test,mzehra2,237_S_2-4_WL_Bruise_A244A_2026-02-27_DSC_6307,0.7207778854910255,0.563450144674597,0.9795592462472054,0.570153831853883,12524,21517,12268.0,256.0,9249.0,False,0.5820514012176419,237,0.1750000000000007
nmousta5,1,test,mzehra2,237_S_2-4_WL_Bruise_A244A_2026-02-27_DSC_6308,0.7163642203308174,0.5580743632087274,0.9729541092305007,0.5668682966502313,11462,19673,11152.0,310.0,8521.0,False,0.5826259340212474,237,0.1750000000000007
nmousta5,1,test,mzehra2,237_S_2-4_WL_Bruise_A244A_2026-02-27_DSC_6309,0.8054509592971132,0.6742719903932753,0.9755038220986796,0.6858852989678129,11512,16373,11230.0,282.0,5143.0,False,0.7031087766444757,237,0.1750000000000007
nmousta5,1,test,mzehra2,237_S_2-4_WL_Bruise_OC_A244A_2026-02-27_DSC_6311,0.8406354758781519,0.725082972945791,0.9568015925680159,0.7496230829217572,15070,19235,14419.0,651.0,4816.0,False,0.7834676371198336,237,0.1750000000000007
nmousta5,1,test,mzehra2,237_S_2-4_WL_Bruise_OC_A244A_2026-02-27_DSC_6312,0.8434409261672928,0.7292674842558833,0.934982151963284,0.7682262569832402,11766,14320,11001.0,765.0,3319.0,False,0.8216480446927374,237,0.1750000000000007
nmousta5,1,test,mzehra2,237_Z_2-5_WL_Bruise_A244A_2026-02-16_DSC_7025,0.8684649900866117,0.7675104901553926,0.9191054665930425,0.8231134408070419,18110,20222,16645.0,1465.0,3577.0,False,0.8955592918603501,237,0.1750000000000007
nmousta5,1,test,mzehra2,237_Z_2-5_WL_Bruise_A244A_2026-02-16_DSC_7026,0.8907541569591166,0.8030268155138681,0.965076071922545,0.8270609850056303,14460,16873,13955.0,505.0,2918.0,False,0.8569904581283708,237,0.1750000000000007
nmousta5,1,test,mzehra2,237_Z_2-5_WL_Bruise_A244A_2026-02-16_DSC_7027,0.870396489578436,0.7705327413984462,0.940877519905133,0.8097390290129757,17709,20577,16662.0,1047.0,3915.0,False,0.8606210817903485,237,0.1750000000000007
nmousta5,1,test,mzehra2,237_Z_2-5_WL_Bruise_OC_A244A_2026-02-16_DSC_7030,0.908079063519478,0.8316344463971881,0.9225199131064447,0.8940833513280069,17953,18524,16562.0,1391.0,1962.0,False,0.9691751241632477,237,0.1750000000000007
nmousta5,1,test,mzehra2,247_A_2-4_WL_Bruise_A244A_2026-02-27_DSC_6202,0.8628626485387003,0.7588024854076445,0.817278442506591,0.9138321995464853,4931,4410,4030.0,901.0,380.0,False,1.118140589569161,247,0.1750000000000007
nmousta5,1,test,mzehra2,247_A_2-4_WL_Bruise_A244A_2026-02-27_DSC_6203,0.8749355337802991,0.7776759110703644,0.8859007832898173,0.8642384105960265,3830,3926,3393.0,437.0,533.0,False,0.9755476311767702,247,0.1750000000000007
nmousta5,1,test,mzehra2,247_A_2-4_WL_Bruise_A244A_2026-02-27_DSC_6204,0.8485945485519591,0.7370075827630849,0.8010050251256281,0.9021960606746661,4975,4417,3985.0,990.0,432.0,False,1.126330088295223,247,0.1750000000000007
nmousta5,1,test,mzehra2,247_A_2-4_WL_Bruise_OC_A244A_2026-02-27_DSC_6206,0.8775377969762419,0.7817971906869348,0.7893918787643287,0.9878434232920009,5147,4113,4063.0,1084.0,50.0,False,1.2513980063214198,247,0.1750000000000007
nmousta5,1,test,mzehra2,247_A_2-4_WL_Bruise_OC_A244A_2026-02-27_DSC_6207,0.8393873085339169,0.7232277526395173,0.8466745144202472,0.8322244720856233,3398,3457,2877.0,521.0,580.0,False,0.9829331790569859,247,0.1750000000000007
nmousta5,1,test,mzehra2,250_A_2-4_WL_Bruise_A244A_2026-02-27_DSC_6537,0.9525373198816134,0.9093759023223198,0.9792129341742916,0.9272765509989485,22514,23775,22046.0,468.0,1729.0,False,0.9469610935856992,250,0.1750000000000007
nmousta5,1,test,mzehra2,250_A_2-4_WL_Bruise_A244A_2026-02-27_DSC_6538,0.9434527134207645,0.8929583421442165,0.9833729216152018,0.9066472002748196,21471,23288,21114.0,357.0,2174.0,False,0.9219769838543456,250,0.1750000000000007
nmousta5,1,test,mzehra2,250_A_2-4_WL_Bruise_OC_A244A_2026-02-27_DSC_6541,0.9343949651950033,0.8768680089485459,0.9729917585145467,0.8987434651013483,30213,32709,29397.0,816.0,3312.0,False,0.9236907273227553,250,0.1750000000000007
nmousta5,1,test,mzehra2,250_A_2-4_WL_Bruise_OC_A244A_2026-02-27_DSC_6542,0.9427699510890013,0.8917358639778569,0.9729496527028776,0.9144061955155496,23179,24663,22552.0,627.0,2111.0,False,0.9398288934841665,250,0.1750000000000007
nmousta5,1,test,mzehra2,250_A_2-4_WL_Bruise_OC_A244A_2026-02-27_DSC_6543,0.9468623286348716,0.8990869421730043,0.9584848129471092,0.9355183333969247,25581,26209,24519.0,1062.0,1690.0,False,0.9760387653096264,250,0.1750000000000007
nmousta5,1,test,mzehra2,254_A_2-5_WL_Bruise_A244A_2026-02-16_DSC_6925,0.8986595174262735,0.815968841285297,0.9249448123620309,0.8738269030239834,906,959,838.0,68.0,121.0,False,0.9447340980187695,254,0.1750000000000007
nmousta5,1,test,mzehra2,254_A_2-5_WL_Bruise_A244A_2026-02-16_DSC_6926,0.8587473002159827,0.7524602573807722,0.9539347408829175,0.7808326787117046,1042,1273,993.9999999999999,48.000000000000114,279.0000000000001,False,0.8185388845247447,254,0.1750000000000007
nmousta5,1,test,mzehra2,254_A_2-5_WL_Bruise_A244A_2026-02-16_DSC_6927,0.7811256395679363,0.6408582089552238,0.761640798226164,0.8016336056009334,902,857,687.0,215.0,170.0,False,1.0525087514585765,254,0.1750000000000007
nmousta5,1,test,mzehra2,254_A_2-5_WL_Bruise_OC_A244A_2026-02-16_DSC_6930,0.7779362815026153,0.6365758754863813,0.6523125996810207,0.9634864546525324,1254,849,818.0,436.0,31.0,False,1.4770318021201414,254,0.1750000000000007
nmousta5,1,test,mzehra2,254_A_2-5_WL_Bruise_OC_A244A_2026-02-16_DSC_6931,0.4163424124513619,0.2628992628992629,0.27908189880020867,0.8192955589586524,1917,653,535.0,1382.0,118.0,False,2.9356814701378253,254,0.1750000000000007
nmousta5,1,test,mzehra2,254_B_2-5_WL_Bruise_A244A_2026-02-16_DSC_6954,0.34306803858732815,0.20705016655894198,0.8331132717160805,0.21600929518434758,24993,96394,20822.0,4171.0,75572.0,False,0.259279623213063,254,0.1750000000000007
nmousta5,1,test,mzehra2,254_B_2-5_WL_Bruise_A244A_2026-02-16_DSC_6955,0.2631898686854526,0.15153635042781036,0.9616547955898136,0.1524575582969179,20498,129295,19712.0,786.0,109583.0,False,0.15853667968598942,254,0.1750000000000007
nmousta5,1,test,mzehra2,254_B_2-5_WL_Bruise_A244A_2026-02-16_DSC_6956,0.2961287826940816,0.1737976319374105,0.9881511881909049,0.17416058053526845,15107,85714,14928.0,179.0,70786.0,False,0.1762489208297361,254,0.1750000000000007
nmousta5,1,test,mzehra2,254_B_2-5_WL_Bruise_OC_A244A_2026-02-16_DSC_6960,0.31687781873982446,0.18826786448894275,0.7564440473531383,0.2004166222821906,22385,84489,16933.0,5452.0,67556.0,False,0.26494573258057263,254,0.1750000000000007
nmousta5,1,test,mzehra2,254_B_2-5_WL_Bruise_OC_A244A_2026-02-16_DSC_6961,0.28985057896180405,0.16948845252705566,0.9554245283018868,0.17083936629320887,12720,71137,12153.000000000002,566.9999999999982,58984.0,False,0.17880990202004582,254,0.1750000000000007
nmousta5,1,test,mzehra2,260_A_2-5_WL_Bruise_A244A_2026-02-17_DSC_7634,0.7835103060587133,0.6440747586773464,0.9191090269636577,0.6827781406488134,3412,4593,3136.0,276.0,1457.0,False,0.7428695841497932,260,0.1750000000000007
nmousta5,1,test,mzehra2,260_A_2-5_WL_Bruise_A244A_2026-02-17_DSC_7635,0.7096195262024407,0.5499304589707927,0.8437900128040973,0.6122638587798079,2343,3229,1976.9999999999998,366.0000000000002,1252.0000000000002,False,0.7256116444719728,260,0.1750000000000007
nmousta5,1,test,mzehra2,260_A_2-5_WL_Bruise_A244A_2026-02-17_DSC_7636,0.7424616905585764,0.5904088050314465,0.8605805958747135,0.6528542451463344,2618,3451,2253.0,365.0,1198.0,False,0.7586206896551724,260,0.1750000000000007
nmousta5,1,test,mzehra2,260_A_2-5_WL_Bruise_OC_A244A_2026-02-17_DSC_7638,0.8376394597768644,0.7206365243748422,0.9123760793092421,0.7742198100407056,3127,3685,2853.0,274.0,832.0,False,0.8485753052917232,260,0.1750000000000007
nmousta5,1,test,mzehra2,260_A_2-5_WL_Bruise_OC_A244A_2026-02-17_DSC_7639,0.7610453533341146,0.6142640938327658,0.9788965933072054,0.6225076687116564,3317,5216,3247.0,70.0,1969.0,False,0.6359279141104295,260,0.1750000000000007
nmousta5,1,test,mzehra2,285_F_2-6_WL_Bruise_A244A_2026-04-06_DSC_2339,0.5143455497382199,0.3462080631519594,0.9816147082334132,0.34846765039727584,1251,3524,1228.0,23.0,2296.0,False,0.35499432463110103,285,0.1750000000000007
nmousta5,1,test,mzehra2,285_F_2-6_WL_Bruise_A244A_2026-04-06_DSC_2340,0.5170751717772536,0.348686030428769,0.6852405544985051,0.4151844532279315,3679,6072,2521.0,1158.0,3551.0,False,0.6058959156785244,285,0.1750000000000007
nmousta5,1,test,mzehra2,285_F_2-6_WL_Bruise_OC_A244A_2026-04-06_DSC_2343,0.891315652626105,0.8039399624765479,0.951165371809101,0.8385518590998043,901,1022,857.0,44.0,165.0,False,0.8816046966731899,285,0.1750000000000007
nmousta5,1,test,mzehra2,285_F_2-6_WL_Bruise_OC_A244A_2026-04-06_DSC_2344,0.7692307692307693,0.625,0.7010703363914373,0.852072105556588,6540,5381,4585.0,1955.0,796.0,False,1.2153874744471287,285,0.1750000000000007
nmousta5,1,test,mzehra2,285_G_2-6_WL_Bruise_A244A_2026-05-29_DSC_3860,0.8695220360024829,0.7691631891060839,0.8570729319627998,0.8823381204333586,4086,3969,3502.0,584.0,467.0,False,1.0294784580498866,285,0.1750000000000007
nmousta5,1,test,mzehra2,285_G_2-6_WL_Bruise_A244A_2026-05-29_DSC_3861,0.8237814675950723,0.7003642987249544,0.8363240891789016,0.8116094986807388,3678,3790,3076.0,602.0,714.0,False,0.970448548812665,285,0.1750000000000007
nmousta5,1,test,mzehra2,285_G_2-6_WL_Bruise_A244A_2026-05-29_DSC_3862,0.8606412522090381,0.7553733658320407,0.9324398249452954,0.7991092358180966,3656,4266,3409.0,247.0,857.0,False,0.857008907641819,285,0.1750000000000007
nmousta5,1,test,mzehra2,285_G_2-6_WL_Bruise_OC_A244A_2026-05-29_DSC_3864,0.877245809495132,0.7813338101197926,0.8858706669369552,0.8687872763419483,4933,5030,4370.0,563.0,660.0,False,0.9807157057654076,285,0.1750000000000007
nmousta5,1,test,mzehra2,285_G_2-6_WL_Bruise_OC_A244A_2026-05-29_DSC_3865,0.8959927960378208,0.8115823817292006,0.9275227219762293,0.8665360330938384,4291,4593,3980.0,311.0,613.0,False,0.9342477683431308,285,0.1750000000000007
nmousta5,1,test,nmousta5,170_F_2-4_WL_Bruise_A244A_2026-03-05_DSC_1856,0.8305084745762712,0.7101449275362319,0.9090578392142598,0.7644539614561028,2749,3269,2499.0,250.0,770.0,False,0.8409299479963291,170,0.1750000000000007
nmousta5,1,test,nmousta5,170_F_2-4_WL_Bruise_OC_A244A_2026-03-05_DSC_1860,0.41896928415370777,0.2649975613721346,0.8346134152585766,0.27968428277282087,1953,5828,1630.0,323.0,4198.0,False,0.3351063829787234,170,0.1750000000000007
nmousta5,1,test,nmousta5,182_Q_2-6_WL_Bruise_A244A_2026-04-06_DSC_2484,0.4356055592322965,0.27844995346476015,0.897463866921189,0.28759940575024034,3667,11443,3291.0,376.0,8152.0,False,0.32045792187363453,182,0.1750000000000007
nmousta5,1,test,nmousta5,182_Q_2-6_WL_Bruise_A244A_2026-04-06_DSC_2485,0.4782359679266896,0.314264207753105,0.5693828844186839,0.41224389039743276,2933,4051,1670.0,1263.0,2381.0,False,0.7240187607998025,182,0.1750000000000007
nmousta5,1,test,nmousta5,182_Q_2-6_WL_Bruise_A244A_2026-04-06_DSC_2486,0.39805825242718446,0.24848484848484848,0.8541666666666666,0.25949367088607594,1968,6478,1681.0,287.0,4797.0,False,0.3037974683544304,182,0.1750000000000007
nmousta5,1,test,nmousta5,182_Q_2-6_WL_Bruise_OC_A244A_2026-04-06_DSC_2488,0.7992166563595136,0.6655793991416309,0.7756326898069421,0.82427979164452,9997,9407,7754.000000000001,2242.999999999999,1652.999999999999,False,1.0627192516211332,182,0.1750000000000007
nmousta5,1,test,nmousta5,20_D_2-6_WL_Bruise_A244A_2026-04-04_DSC_0400,0.9577876235454501,0.9189946743903579,0.9496958578739018,0.9660184639560008,10357,10182,9836.0,521.0,346.0,False,1.0171871930858378,20,0.1750000000000007
nmousta5,1,test,nmousta5,20_D_2-6_WL_Bruise_OC_A244A_2026-04-04_DSC_0403,0.9297663393159499,0.868750791039109,0.9654461062403301,0.8966298005747627,21329,22966,20592.0,737.0,2374.0,False,0.9287207175825133,20,0.1750000000000007
nmousta5,1,test,nmousta5,20_D_2-6_WL_Bruise_OC_A244A_2026-04-04_DSC_0404,0.9519420671494404,0.9082914572864321,0.9602827763496143,0.9437449997894648,23340,23749,22413.0,927.0,1336.0,False,0.9827782222409365,20,0.1750000000000007
nmousta5,1,test,nmousta5,226_A_2-4_WL_Bruise_A244A_2026-03-06_DSC_3569,0.7825854700854701,0.6428258007898201,0.9379001280409731,0.6714023831347388,1562,2182,1465.0,97.0,717.0,False,0.7158570119156737,226,0.1750000000000007
nmousta5,1,test,nmousta5,226_A_2-4_WL_Bruise_A244A_2026-03-06_DSC_3570,0.8409818569903948,0.7255985267034991,0.8382978723404255,0.8436830835117773,1880,1868,1576.0,304.0,292.0,False,1.006423982869379,226,0.1750000000000007
nmousta5,1,test,nmousta5,226_A_2-4_WL_Bruise_A244A_2026-03-06_DSC_3571,0.536036940373419,0.366154690071311,0.527876631079478,0.5444535073409462,2529,2452,1335.0,1194.0,1117.0,False,1.0314029363784665,226,0.1750000000000007
nmousta5,1,test,nmousta5,226_A_2-4_WL_Bruise_OC_A244A_2026-03-06_DSC_3573,0.8741193048379521,0.7763871506049228,0.8219964664310954,0.9332998996990973,2264,1994,1861.0,403.0,133.0,False,1.135406218655968,226,0.1750000000000007
nmousta5,1,test,nmousta5,226_A_2-4_WL_Bruise_OC_A244A_2026-03-06_DSC_3574,0.7736887858591712,0.6309073724007561,0.9238754325259516,0.6655034895314058,1445,2006,1335.0,110.0,671.0,False,0.7203389830508474,226,0.1750000000000007
nmousta5,1,test,nmousta5,226_C_2-4_WL_Bruise_A244A_2026-03-06_DSC_3610,0.7109883606233971,0.5515763697581879,0.5517452541334966,0.9994453688297282,3266,1803,1802.0,1464.0,1.0,False,1.8114254021075984,226,0.1750000000000007
nmousta5,1,test,nmousta5,226_C_2-4_WL_Bruise_A244A_2026-03-06_DSC_3611,0.7534422617954838,0.6044182621502209,0.6044182621502209,1.0,3395,2052,2052.0,1343.0,0.0,False,1.6544834307992202,226,0.1750000000000007
nmousta5,1,test,nmousta5,226_C_2-4_WL_Bruise_A244A_2026-03-06_DSC_3612,0.7611572101368019,0.6144098479362781,0.6177648343647616,0.9912383177570093,2747,1712,1697.0,1050.0,15.0,False,1.6045560747663552,226,0.1750000000000007
nmousta5,1,test,nmousta5,226_C_2-4_WL_Bruise_OC_A244A_2026-03-06_DSC_3614,0.630946736209894,0.46086354190718076,0.46086354190718076,1.0,4331,1996,1995.9999999999998,2335.0,2.2737367544323206e-13,False,2.1698396793587174,226,0.1750000000000007
nmousta5,1,test,nmousta5,226_C_2-4_WL_Bruise_OC_A244A_2026-03-06_DSC_3615,0.7153484729835552,0.5568424260896069,0.5571820677035682,0.9989065062875888,3279,1829,1827.0,1452.0,2.0,False,1.7927829414980865,226,0.1750000000000007
nmousta5,1,test,nmousta5,228_B_2-4_WL_Bruise_A244A_2026-03-06_DSC_3718,0.7797709098768101,0.6390364860077932,0.646594982078853,0.9820359281437125,2790,1837,1804.0000000000002,985.9999999999998,32.99999999999977,False,1.5187806205770278,228,0.1750000000000007
nmousta5,1,test,nmousta5,228_B_2-4_WL_Bruise_A244A_2026-03-06_DSC_3719,0.75365141187926,0.6046875,0.6052549264935877,0.9984520123839009,3197,1938,1935.0,1262.0,3.0,False,1.649638802889577,228,0.1750000000000007
nmousta5,1,test,nmousta5,228_B_2-4_WL_Bruise_A244A_2026-03-06_DSC_3720,0.8022380030126963,0.6697808120733022,0.9437974683544303,0.6976047904191617,1975,2672,1864.0,111.0,808.0,False,0.7391467065868264,228,0.1750000000000007
nmousta5,1,test,nmousta5,228_B_2-4_WL_Bruise_A244A_2026-03-06_DSC_3721,0.8062385836728959,0.675376647834275,0.7775067750677507,0.8371753720455208,3690,3427,2869.0,821.0,558.0,False,1.0767435074409104,228,0.1750000000000007
nmousta5,1,test,nmousta5,228_B_2-4_WL_Bruise_OC_A244A_2026-03-06_DSC_3723,0.681733360978644,0.5171437558980811,0.5171437558980811,1.0,3179,1644,1644.0,1535.0,0.0,False,1.933698296836983,228,0.1750000000000007
nmousta5,1,test,nmousta5,228_B_2-4_WL_Bruise_OC_A244A_2026-03-06_DSC_3724,0.8509161041465767,0.7405169519973145,0.760952052431873,0.9650043744531933,2899,2286,2206.0,693.0,80.0,False,1.268153980752406,228,0.1750000000000007
nmousta5,1,test,nmousta5,232_A_2-4_WL_Bruise_A244A_2026-03-06_DSC_3868,0.44364988558352403,0.28505789376952767,0.37087517934002867,0.5519572953736654,8364,5620,3102.0,5262.0,2518.0,False,1.4882562277580071,232,0.1750000000000007
nmousta5,1,test,nmousta5,232_A_2-4_WL_Bruise_A244A_2026-03-06_DSC_3869,0.5151710781149128,0.34695652173913044,0.3548018292682927,0.9400875126220128,15744,5942,5586.0,10158.0,356.0,False,2.6496129249410973,232,0.1750000000000007
nmousta5,1,test,nmousta5,232_A_2-4_WL_Bruise_A244A_2026-03-06_DSC_3870,0.0,0.0,0.0,0.0,7496,5901,0.0,7496.0,5901.0,True,1.2702931706490426,232,0.1750000000000007
nmousta5,1,test,nmousta5,232_A_2-4_WL_Bruise_OC_A244A_2026-03-06_DSC_3876,0.1477006534336087,0.07973908413205538,0.6845714285714286,0.08278054173576561,875,7236,599.0,276.0,6637.0,False,0.12092316196793809,232,0.1750000000000007
nmousta5,1,test,nmousta5,232_A_2-4_WL_Bruise_OC_A244A_2026-03-06_DSC_3877,0.745823927765237,0.5946724262059035,0.7353115727002968,0.7566412213740458,6740,6550,4956.0,1784.0,1594.0,False,1.0290076335877862,232,0.1750000000000007
nmousta5,1,test,nmousta5,233_B_2-4_WL_Bruise_A244A_2026-03-06_DSC_4197,0.7499522627458468,0.5999388986481325,0.7955235973263115,0.7093191258804407,9874,11074,7854.999999999999,2019.000000000001,3219.000000000001,False,0.8916380711576666,233,0.1750000000000007
nmousta5,1,test,nmousta5,233_B_2-4_WL_Bruise_A244A_2026-03-06_DSC_4199,0.6313000050960608,0.4612405987042967,0.4631374308359503,0.991198591774684,13374,6249,6194.0,7180.0,55.0,False,2.14018242918867,233,0.1750000000000007
nmousta5,1,test,nmousta5,233_B_2-4_WL_Bruise_OC_A244A_2026-03-06_DSC_4201,0.7102216341382732,0.550654013849705,0.6667701863354037,0.7597310686482661,9660,8478,6441.0,3219.0,2037.0,False,1.1394196744515215,233,0.1750000000000007
nmousta5,1,test,nmousta5,235_A_2-4_WL_Bruise_A244A_2026-03-08_DSC_4349,0.879584017515052,0.7850512945774304,0.9752989014990593,0.8009769226935154,16477,20063,16070.0,407.0,3993.0,False,0.8212630214823307,235,0.1750000000000007
nmousta5,1,test,nmousta5,235_A_2-4_WL_Bruise_A244A_2026-03-08_DSC_4350,0.6686731773025761,0.5022607265943656,0.8424821002386634,0.5543148270928568,18855,28657,15884.999999999998,2970.000000000002,12772.000000000002,False,0.6579544264926545,235,0.1750000000000007
nmousta5,1,test,nmousta5,235_A_2-4_WL_Bruise_A244A_2026-03-08_DSC_4351,0.8709861975255667,0.7714575283461076,0.8994165866627281,0.8442980935875216,13541,14425,12179.0,1362.0,2246.0,False,0.9387175043327556,235,0.1750000000000007
nmousta5,1,test,nmousta5,235_A_2-4_WL_Bruise_OC_A244A_2026-03-08_DSC_4353,0.8690289302534201,0.768391830259766,0.8746783440928175,0.863452025491332,22151,22439,19375.0,2776.0,3064.0,False,0.9871652034404386,235,0.1750000000000007
nmousta5,1,test,nmousta5,235_A_2-4_WL_Bruise_OC_A244A_2026-03-08_DSC_4354,0.7818644884473304,0.6418534563948013,0.6583970940567277,0.9623270262637673,25878,17705,17038.0,8840.0,667.0,False,1.461621011013838,235,0.1750000000000007
nmousta5,1,test,nmousta5,236_C_2-4_WL_Bruise_A244A_2026-03-08_DSC_4462,0.7064579256360078,0.546142208774584,0.6722532588454376,0.7443298969072165,2148,1940,1444.0,704.0,496.0,False,1.1072164948453609,236,0.1750000000000007
nmousta5,1,test,nmousta5,236_C_2-4_WL_Bruise_A244A_2026-03-08_DSC_4463,0.3401732786137711,0.20494505494505494,0.447242206235012,0.2744665194996321,834,1359,373.0,461.0,986.0,False,0.6136865342163356,236,0.1750000000000007
nmousta5,1,test,nmousta5,236_C_2-4_WL_Bruise_A244A_2026-03-08_DSC_4464,0.0,0.0,0.0,0.0,1483,1900,0.0,1483.0,1900.0,True,0.7805263157894737,236,0.1750000000000007
nmousta5,1,test,nmousta5,236_C_2-4_WL_Bruise_OC_A244A_2026-03-08_DSC_4467,0.0,0.0,0.0,0.0,1923,1718,0.0,1923.0,1718.0,True,1.1193247962747381,236,0.1750000000000007
nmousta5,1,test,nmousta5,236_C_2-4_WL_Bruise_OC_A244A_2026-03-08_DSC_4468,0.0,0.0,0.0,0.0,2254,1729,0.0,2254.0,1729.0,True,1.3036437246963564,236,0.1750000000000007
nmousta5,1,test,nmousta5,236_E_2-4_WL_Bruise_OC_A244A_2026-02-26_DSC_5722,0.14771570158169847,0.07974785604339221,0.07974785604339221,1.0,13643,1088,1088.0,12555.0,0.0,False,12.539522058823529,236,0.1750000000000007
nmousta5,1,test,nmousta5,237_AC_2-5_WL_Bruise_A244A_2026-02-16_DSC_7084,0.8095385696278388,0.680020829717063,0.9284292349985781,0.7176405935152959,21098,27295,19588.0,1510.0,7707.0,False,0.7729620809672101,237,0.1750000000000007
nmousta5,1,test,nmousta5,237_AC_2-5_WL_Bruise_A244A_2026-02-16_DSC_7085,0.7029067329096365,0.5419091677859026,0.9293635898310868,0.5651880674448768,11722,19275,10894.0,828.0,8381.0,False,0.6081452658884565,237,0.1750000000000007
nmousta5,1,test,nmousta5,237_AC_2-5_WL_Bruise_A244A_2026-02-16_DSC_7086,0.845071960117174,0.7317096225345012,0.9648510532219868,0.7517480253787389,24069,30892,23223.0,846.0,7669.0,False,0.7791337563123139,237,0.1750000000000007
nmousta5,1,test,nmousta5,237_AC_2-5_WL_Bruise_OC_A244A_2026-02-16_DSC_7088,0.9070721413639411,0.8299469486448446,0.9580087481774631,0.8612786037976106,24005,26701,22997.0,1008.0,3704.0,False,0.8990299988764465,237,0.1750000000000007
nmousta5,1,test,nmousta5,237_AC_2-5_WL_Bruise_OC_A244A_2026-02-16_DSC_7089,0.8869412475069987,0.7968503419253025,0.9283361421786426,0.8490803993694167,26108,28545,24237.0,1871.0,4308.0,False,0.9146260290768962,237,0.1750000000000007
nmousta5,1,test,nmousta5,237_AD_2-5_WL_Bruise_A244A_2026-02-16_DSC_7116,0.8622485448789952,0.7578531681924251,0.8010371869466228,0.9335888553106804,15812,13567,12666.0,3146.0,901.0,False,1.1654750497530773,237,0.1750000000000007
nmousta5,1,test,nmousta5,237_AD_2-5_WL_Bruise_A244A_2026-02-16_DSC_7117,0.9192157313707452,0.8505080597967761,0.9095926263086026,0.9290446304044631,17576,17208,15987.0,1589.0,1221.0,False,1.0213854021385402,237,0.1750000000000007
nmousta5,1,test,nmousta5,237_AD_2-5_WL_Bruise_A244A_2026-02-16_DSC_7118,0.867897780264876,0.7666249258551374,0.9029653780468871,0.8354521295697767,12882,13923,11632.0,1250.0,2291.0,False,0.9252316311139841,237,0.1750000000000007
nmousta5,1,test,nmousta5,237_AD_2-5_WL_Bruise_OC_A244A_2026-02-16_DSC_7120,0.8535179520206087,0.7444669138299067,0.9413310604446339,0.7806903864278982,14079,16976,13253.0,826.0,3723.0,False,0.8293473138548539,237,0.1750000000000007
nmousta5,1,test,nmousta5,237_AD_2-5_WL_Bruise_OC_A244A_2026-02-16_DSC_7121,0.9290438533429187,0.8674900986775861,0.951900412492634,0.907259196854816,13576,14244,12923.0,653.0,1321.0,False,0.9531030609379387,237,0.1750000000000007
nmousta5,1,test,nmousta5,237_AE_2-5_WL_Bruise_A244A_2026-02-16_DSC_7217,0.8710040522287258,0.7714855433698903,0.7828814245244841,0.9814814814814815,4942,3942,3869.0,1073.0,73.0,False,1.2536783358701167,237,0.1750000000000007
nmousta5,1,test,nmousta5,237_AE_2-5_WL_Bruise_A244A_2026-02-16_DSC_7218,0.9239154131240462,0.8585899513776337,0.9846654275092936,0.8702258726899385,4304,4870,4238.0,66.0,632.0,False,0.8837782340862423,237,0.1750000000000007
nmousta5,1,test,nmousta5,237_AE_2-5_WL_Bruise_A244A_2026-02-16_DSC_7219,0.8741876030652828,0.7764949164225401,0.9890254609306409,0.7832435251173301,4556,5753,4506.0,50.0,1247.0,False,0.7919346427950634,237,0.1750000000000007
nmousta5,1,test,nmousta5,237_AE_2-5_WL_Bruise_OC_A244A_2026-02-16_DSC_7221,0.8707257671699952,0.7710489993098689,0.9452199661590525,0.8071157666606465,4728,5537,4469.0,259.0,1068.0,False,0.8538919992775872,237,0.1750000000000007
nmousta5,1,test,nmousta5,237_AE_2-5_WL_Bruise_OC_A244A_2026-02-16_DSC_7222,0.32333516785910843,0.19284424749712786,0.19958102140187975,0.8510381458232738,17662,4142,3525.0,14137.0,617.0,False,4.264123611781748,237,0.1750000000000007
nmousta5,1,test,nmousta5,237_B_2-4_WL_Bruise_A244A_2026-03-08_DSC_4584,0.8473662840057584,0.7351566002690066,0.7908771446289533,0.9125457147400222,14513,12578,11478.0,3035.0,1100.0,False,1.1538400381618699,237,0.1750000000000007
nmousta5,1,test,nmousta5,237_B_2-4_WL_Bruise_A244A_2026-03-08_DSC_4587,0.8105123516546556,0.6813961900168797,0.6966409861325116,0.9688839362249272,16225,11666,11303.0,4922.0,363.0,False,1.3907937596434081,237,0.1750000000000007
nmousta5,1,test,nmousta5,237_B_2-4_WL_Bruise_A244A_2026-03-08_DSC_4588,0.7621122211372343,0.6156553398058252,0.638595166163142,0.9448686906314024,15888,10738,10146.0,5742.0,592.0,False,1.4796051406220898,237,0.1750000000000007
nmousta5,1,test,nmousta5,237_B_2-4_WL_Bruise_OC_A244A_2026-03-08_DSC_4591,0.8229616025285098,0.6991799114594673,0.7261079288513718,0.9496303597831444,13268,10145,9634.0,3634.0,511.0,False,1.3078363725973385,237,0.1750000000000007
nmousta5,1,test,nmousta5,237_B_2-4_WL_Bruise_OC_A244A_2026-03-08_DSC_4592,0.7554656567395421,0.6070267653364686,0.6095985553549104,0.9930979859696764,14398,8838,8777.0,5621.0,61.0,False,1.6291016066983481,237,0.1750000000000007
nmousta5,1,test,nmousta5,237_C_2-4_WL_Bruise_A244A_2026-03-08_DSC_4608,0.6747576201436841,0.5091578947368421,0.8117133747273032,0.5773454285032227,5959,8378,4837.0,1122.0,3541.0,False,0.7112676056338029,237,0.1750000000000007
nmousta5,1,test,nmousta5,237_C_2-4_WL_Bruise_A244A_2026-03-08_DSC_4609,0.712453454695904,0.5533419023136247,0.7211055276381909,0.7040065412919051,3582,3669,2583.0,999.0,1086.0,False,0.9762878168438267,237,0.1750000000000007
nmousta5,1,test,nmousta5,237_C_2-4_WL_Bruise_A244A_2026-03-08_DSC_4610,0.7788596385783547,0.6378133613335083,0.8759801712483101,0.7011253787332276,11095,13862,9719.0,1376.0,4143.0,False,0.8003895541768864,237,0.1750000000000007
nmousta5,1,test,nmousta5,237_C_2-4_WL_Bruise_OC_A244A_2026-03-08_DSC_4613,0.6227837782759323,0.4522047943178455,0.6472747811352725,0.6000785443120827,7082,7639,4584.0,2498.0,3055.0,False,0.9270846969498625,237,0.1750000000000007
nmousta5,1,test,nmousta5,237_C_2-4_WL_Bruise_OC_A244A_2026-03-08_DSC_4615,0.7190126609213746,0.5612956810631229,0.6236618678479143,0.8487817131374027,5418,3981,3379.0,2039.0,602.0,False,1.360964581763376,237,0.1750000000000007
nmousta5,1,test,nmousta5,237_E_2-4_WL_Bruise_A244A_2026-03-08_DSC_4651,0.7294961490975366,0.5741786210087922,0.574284920855318,0.999677731227844,10803,6206,6204.0,4599.0,2.0,False,1.7407347728005156,237,0.1750000000000007
nmousta5,1,test,nmousta5,237_E_2-4_WL_Bruise_A244A_2026-03-08_DSC_4652,0.6966154682615197,0.5344665762853269,0.5393033778806693,0.9834964498176934,9503,5211,5125.0,4378.0,86.0,False,1.8236422951448858,237,0.1750000000000007
nmousta5,1,test,nmousta5,237_E_2-4_WL_Bruise_A244A_2026-03-08_DSC_4653,0.5750200979317401,0.40352856703251616,0.4036942021549513,0.9989842559674962,9745,3938,3934.0,5811.0,4.0,False,2.474606399187405,237,0.1750000000000007
nmousta5,1,test,nmousta5,237_E_2-4_WL_Bruise_OC_A244A_2026-03-08_DSC_4656,0.5840827338129496,0.4125119085423944,0.41325556733828206,0.9956566172713337,9430,3914,3897.0,5533.0,17.0,False,2.4092999489013796,237,0.1750000000000007
nmousta5,1,test,nmousta5,237_E_2-4_WL_Bruise_OC_A244A_2026-03-08_DSC_4657,0.7509642797249707,0.6012352309344791,0.6030164287638029,0.9951111111111111,7426,4500,4478.0,2948.0,22.0,False,1.6502222222222223,237,0.1750000000000007
nmousta5,1,test,nmousta5,237_J_2-4_WL_Bruise_A244A_2026-02-26_DSC_5578,0.9002349925229651,0.8185703185703186,0.8343453009503696,0.9774238441317458,15152,12934,12642.0,2510.0,292.0,False,1.1714860058759857,237,0.1750000000000007
nmousta5,1,test,nmousta5,237_J_2-4_WL_Bruise_A244A_2026-02-26_DSC_5579,0.7979978237214364,0.6638904982618772,0.7142745831385383,0.903954245143477,12834,10141,9167.0,3667.0,974.0,False,1.265555665121783,237,0.1750000000000007
nmousta5,1,test,nmousta5,237_J_2-4_WL_Bruise_A244A_2026-02-26_DSC_5580,0.8922395367815645,0.8054444678313337,0.8497409326424871,0.9392129591753252,13510,12223,11480.0,2030.0,743.0,False,1.1052932995173035,237,0.1750000000000007
nmousta5,1,test,nmousta5,237_J_2-4_WL_Bruise_OC_A244A_2026-02-26_DSC_5582,0.8194753223654958,0.6941619585687382,0.7049598367971439,0.9784109007255353,15686,11302,11058.0,4628.0,244.0,False,1.3878959476198902,237,0.1750000000000007
nmousta5,1,test,nmousta5,237_J_2-4_WL_Bruise_OC_A244A_2026-02-26_DSC_5583,0.8861226371599815,0.7955298013245033,0.8454297527931732,0.9309309309309309,11367,10323,9610.0,1757.0,713.0,False,1.101133391455972,237,0.1750000000000007
nmousta5,1,test,nmousta5,237_N_2-4_WL_Bruise_A244A_2026-02-26_DSC_5858,0.8912405967104424,0.8038178472861086,0.9971469329529244,0.80567081604426,3505,4338,3495.0,10.0,843.0,False,0.8079760258183495,237,0.1750000000000007
nmousta5,1,test,nmousta5,237_N_2-4_WL_Bruise_A244A_2026-02-26_DSC_5859,0.8252506095908968,0.702490774907749,0.8633786848072562,0.7903476907109497,3528,3854,3046.0,482.0,808.0,False,0.915412558380903,237,0.1750000000000007
nmousta5,1,test,nmousta5,237_N_2-4_WL_Bruise_A244A_2026-02-26_DSC_5860,0.8731796974409727,0.7749058971141781,0.9809402795425667,0.7867515923566879,3148,3925,3088.0,60.0,837.0,False,0.8020382165605096,237,0.1750000000000007
nmousta5,1,test,nmousta5,237_N_2-4_WL_Bruise_OC_A244A_2026-02-26_DSC_5862,0.7999238771885309,0.6665609472460091,0.7751413818539464,0.8263433813892529,8134,7630,6305.0,1829.0,1325.0,False,1.0660550458715596,237,0.1750000000000007
nmousta5,1,test,nmousta5,237_N_2-4_WL_Bruise_OC_A244A_2026-02-26_DSC_5863,0.8532680354115653,0.7440867279894875,0.9404193481419971,0.7808998448543355,4817,5801,4530.0,287.0,1271.0,False,0.8303740734356145,237,0.1750000000000007
nmousta5,1,test,nmousta5,237_S_2-4_WL_Bruise_A244A_2026-02-27_DSC_6307,0.7963302752293578,0.6615853658536586,0.7797029702970297,0.8136821931505708,12524,12001,9765.0,2759.0,2236.0,False,1.0435797016915258,237,0.1750000000000007
nmousta5,1,test,nmousta5,237_S_2-4_WL_Bruise_A244A_2026-02-27_DSC_6308,0.8077744732543041,0.6775349588925585,0.8412144477403595,0.7768914672467973,11462,12411,9642.0,1820.0,2769.0,False,0.9235355732817662,237,0.1750000000000007
nmousta5,1,test,nmousta5,237_S_2-4_WL_Bruise_A244A_2026-02-27_DSC_6309,0.781766841468334,0.6417218543046358,0.6733842946490618,0.9317307692307693,11512,8320,7752.0,3760.0,568.0,False,1.3836538461538461,237,0.1750000000000007
nmousta5,1,test,nmousta5,237_S_2-4_WL_Bruise_OC_A244A_2026-02-27_DSC_6311,0.7795433789954338,0.6387309188865609,0.708029197080292,0.8671271840715157,15070,12305,10670.0,4400.0,1635.0,False,1.224705404307192,237,0.1750000000000007
nmousta5,1,test,nmousta5,237_S_2-4_WL_Bruise_OC_A244A_2026-02-27_DSC_6312,0.7947995869708063,0.6594750369966508,0.7196158422573516,0.8875262054507338,11766,9540,8467.0,3299.0,1073.0,False,1.2333333333333334,237,0.1750000000000007
nmousta5,1,test,nmousta5,237_Z_2-5_WL_Bruise_A244A_2026-02-16_DSC_7025,0.8703628320985645,0.7704799884687455,0.885477636664826,0.8557553764875394,18110,18739,16036.000000000002,2073.999999999998,2702.999999999998,False,0.9664336410694274,237,0.1750000000000007
nmousta5,1,test,nmousta5,237_Z_2-5_WL_Bruise_A244A_2026-02-16_DSC_7026,0.8996408996408997,0.8175884575747165,0.8229598893499308,0.992080033347228,14460,11995,11900.0,2560.0,95.0,False,1.2055022926219259,237,0.1750000000000007
nmousta5,1,test,nmousta5,237_Z_2-5_WL_Bruise_A244A_2026-02-16_DSC_7027,0.9124728910637825,0.8390346167612619,0.9265909989270992,0.8987785506928849,17709,18257,16409.0,1300.0,1848.0,False,0.9699841156816563,237,0.1750000000000007
nmousta5,1,test,nmousta5,237_Z_2-5_WL_Bruise_OC_A244A_2026-02-16_DSC_7030,0.9122135155835739,0.8385961111412014,0.8624185372918175,0.9681110485837554,17953,15993,15483.0,2470.0,510.0,False,1.1225536172075283,237,0.1750000000000007
nmousta5,1,test,nmousta5,247_A_2-4_WL_Bruise_A244A_2026-02-27_DSC_6202,0.9150438690348812,0.8433925049309665,0.8671669032650577,0.9685164212910532,4931,4415,4276.0,655.0,139.0,False,1.1168742921857304,247,0.1750000000000007
nmousta5,1,test,nmousta5,247_A_2-4_WL_Bruise_A244A_2026-02-27_DSC_6203,0.8696275071633238,0.7693282636248415,0.7924281984334204,0.9634920634920635,3830,3150,3035.0,795.0,115.0,False,1.2158730158730158,247,0.1750000000000007
nmousta5,1,test,nmousta5,247_A_2-4_WL_Bruise_A244A_2026-02-27_DSC_6204,0.9014296463506396,0.8205479452054795,0.8428140703517588,0.9688077634011091,4975,4328,4193.0,782.0,135.0,False,1.1494916820702403,247,0.1750000000000007
nmousta5,1,test,nmousta5,247_A_2-4_WL_Bruise_OC_A244A_2026-02-27_DSC_6206,0.8681774656878392,0.7670614777213762,0.7926947736545561,0.9595484477892756,5147,4252,4080.0,1067.0,172.0,False,1.210489181561618,247,0.1750000000000007
nmousta5,1,test,nmousta5,247_A_2-4_WL_Bruise_OC_A244A_2026-02-27_DSC_6207,0.8656760772659733,0.7631647891013885,0.8572689817539729,0.8742496998799519,3398,3332,2913.0,485.0,419.0,False,1.0198079231692676,247,0.1750000000000007
nmousta5,1,test,nmousta5,250_A_2-4_WL_Bruise_A244A_2026-02-27_DSC_6537,0.923721350881786,0.8582548317190748,0.8619525628497824,0.9950264061939189,22514,19503,19406.0,3108.0,97.0,False,1.1543865046403117,250,0.1750000000000007
nmousta5,1,test,nmousta5,250_A_2-4_WL_Bruise_A244A_2026-02-27_DSC_6538,0.923772577895283,0.858343282211406,0.8706161799636719,0.9838421052631579,21471,19000,18693.0,2778.0,307.0,False,1.1300526315789474,250,0.1750000000000007
nmousta5,1,test,nmousta5,250_A_2-4_WL_Bruise_OC_A244A_2026-02-27_DSC_6541,0.9070948067091219,0.8299848992186987,0.836825207692053,0.990247532508225,30213,25532,25283.0,4930.0,249.0,False,1.1833385555381482,250,0.1750000000000007
nmousta5,1,test,nmousta5,250_A_2-4_WL_Bruise_OC_A244A_2026-02-27_DSC_6542,0.9253806756849866,0.861124171831588,0.869148798481384,0.9893920047146646,23179,20362,20146.0,3033.0,216.0,False,1.1383459385129162,250,0.1750000000000007
nmousta5,1,test,nmousta5,250_A_2-4_WL_Bruise_OC_A244A_2026-02-27_DSC_6543,0.9450777202072539,0.8958742632612967,0.9091122317344904,0.984006092916984,25581,23634,23256.0,2325.0,378.0,False,1.0823813150545825,250,0.1750000000000007
nmousta5,1,test,nmousta5,254_A_2-5_WL_Bruise_A244A_2026-02-16_DSC_6925,0.8399487836107554,0.7240618101545254,0.7240618101545254,1.0,906,656,656.0,250.0,0.0,False,1.3810975609756098,254,0.1750000000000007
nmousta5,1,test,nmousta5,254_A_2-5_WL_Bruise_A244A_2026-02-16_DSC_6926,0.8377021751254881,0.7207293666026872,0.7207293666026872,1.0,1042,751,751.0,291.0,0.0,False,1.3874833555259654,254,0.1750000000000007
nmousta5,1,test,nmousta5,254_A_2-5_WL_Bruise_A244A_2026-02-16_DSC_6927,0.5380875202593193,0.36807095343680707,0.36807095343680707,1.0,902,332,332.0,570.0,0.0,False,2.716867469879518,254,0.1750000000000007
nmousta5,1,test,nmousta5,254_A_2-5_WL_Bruise_OC_A244A_2026-02-16_DSC_6930,0.41965973534971646,0.26555023923444976,0.26555023923444976,1.0,1254,333,333.0,921.0,0.0,False,3.765765765765766,254,0.1750000000000007
nmousta5,1,test,nmousta5,254_A_2-5_WL_Bruise_OC_A244A_2026-02-16_DSC_6931,0.34215017064846415,0.20638188368502317,0.20918101199791342,0.9391100702576113,1917,427,401.0,1516.0,26.0,False,4.489461358313817,254,0.1750000000000007
nmousta5,1,test,nmousta5,254_B_2-5_WL_Bruise_A244A_2026-02-16_DSC_6954,0.338521271653282,0.20374697904807557,0.8163085663985916,0.21353736014150695,24993,95543,20402.0,4591.0,75141.0,False,0.26158902274368606,254,0.1750000000000007
nmousta5,1,test,nmousta5,254_B_2-5_WL_Bruise_A244A_2026-02-16_DSC_6955,0.2966419337565976,0.17415124842823784,0.9459459459459459,0.17590173452355032,20498,110232,19390.0,1108.0,90842.0,False,0.18595326221061034,254,0.1750000000000007
nmousta5,1,test,nmousta5,254_B_2-5_WL_Bruise_A244A_2026-02-16_DSC_6956,0.34282110279260447,0.20687030432882736,0.9714701793870392,0.2081347855684139,15107,70512,14676.000000000002,430.9999999999982,55836.0,False,0.21424722033129112,254,0.1750000000000007
nmousta5,1,test,nmousta5,254_B_2-5_WL_Bruise_OC_A244A_2026-02-16_DSC_6960,0.3551702920844041,0.21593134558257235,0.8767478222023677,0.22269122102324948,22385,88131,19626.0,2759.0,68505.0,False,0.253996890991819,254,0.1750000000000007
nmousta5,1,test,nmousta5,254_B_2-5_WL_Bruise_OC_A244A_2026-02-16_DSC_6961,0.3396031446804351,0.20453131044690764,0.9559748427672956,0.20647615166488378,12720,58893,12160.0,560.0,46733.0,False,0.21598492180734552,254,0.1750000000000007
nmousta5,1,test,nmousta5,260_A_2-5_WL_Bruise_A244A_2026-02-17_DSC_7634,0.5006547359231777,0.3339155749636099,0.3361664712778429,0.9803418803418803,3412,1170,1147.0,2265.0,23.0,False,2.916239316239316,260,0.1750000000000007
nmousta5,1,test,nmousta5,260_A_2-5_WL_Bruise_A244A_2026-02-17_DSC_7635,0.6120401337792643,0.44096385542168676,0.4686299615877081,0.8819277108433735,2343,1245,1098.0,1245.0,147.0,False,1.8819277108433734,260,0.1750000000000007
nmousta5,1,test,nmousta5,260_A_2-5_WL_Bruise_A244A_2026-02-17_DSC_7636,0.5160011328235627,0.3477099236641221,0.3479755538579068,0.9978094194961665,2618,913,911.0,1707.0,2.0,False,2.8674698795180724,260,0.1750000000000007
nmousta5,1,test,nmousta5,260_A_2-5_WL_Bruise_OC_A244A_2026-02-17_DSC_7638,0.44317333996518277,0.28466453674121406,0.2849376399104573,0.9966442953020134,3127,894,891.0,2236.0,3.0,False,3.4977628635346756,260,0.1750000000000007
nmousta5,1,test,nmousta5,260_A_2-5_WL_Bruise_OC_A244A_2026-02-17_DSC_7639,0.5559425337396604,0.3849864335242689,0.3849864335242689,1.0,3317,1277,1277.0,2040.0,0.0,False,2.5974941268598277,260,0.1750000000000007
nmousta5,1,test,nmousta5,285_F_2-6_WL_Bruise_A244A_2026-04-06_DSC_2339,0.5328855303666387,0.363220144982831,0.7609912070343725,0.4099913867355728,1251,2322,952.0,299.0,1370.0,False,0.5387596899224806,285,0.1750000000000007
nmousta5,1,test,nmousta5,285_F_2-6_WL_Bruise_A244A_2026-04-06_DSC_2340,0.5723406972289619,0.40089445438282645,0.6091329165534113,0.5397398843930635,3679,4152,2241.0,1438.0,1911.0,False,0.8860789980732178,285,0.1750000000000007
nmousta5,1,test,nmousta5,285_F_2-6_WL_Bruise_OC_A244A_2026-04-06_DSC_2343,0.7529411764705882,0.6037735849056604,0.9589345172031076,0.6197991391678622,901,1394,864.0,37.0,530.0,False,0.6463414634146342,285,0.1750000000000007
nmousta5,1,test,nmousta5,285_F_2-6_WL_Bruise_OC_A244A_2026-04-06_DSC_2344,0.49166193987521273,0.3259626955475331,0.33134556574923546,0.9525274725274725,6540,2275,2167.0,4373.0,108.0,False,2.8747252747252747,285,0.1750000000000007
nmousta5,1,test,nmousta5,285_G_2-6_WL_Bruise_A244A_2026-05-29_DSC_3860,0.7597807597807598,0.6126181042365133,0.9838472834067548,0.6188423645320197,4086,6496,4020.0,66.0,2476.0,False,0.6290024630541872,285,0.1750000000000007
nmousta5,1,test,nmousta5,285_G_2-6_WL_Bruise_A244A_2026-05-29_DSC_3861,0.7807574688308633,0.6403627242909512,0.9023926046764545,0.6880182421227198,3678,4824,3319.0,359.0,1505.0,False,0.7624378109452736,285,0.1750000000000007
nmousta5,1,test,nmousta5,285_G_2-6_WL_Bruise_A244A_2026-05-29_DSC_3862,0.8511984426329238,0.7409447151027325,0.9567833698030634,0.7666009204470743,3656,4563,3498.0,158.0,1065.0,False,0.8012272627657243,285,0.1750000000000007
nmousta5,1,test,nmousta5,285_G_2-6_WL_Bruise_OC_A244A_2026-05-29_DSC_3864,0.8453867750992352,0.7321817876907597,0.8850598013379283,0.8091178650852483,4933,5396,4366.0,567.0,1030.0,False,0.9141957005189029,285,0.1750000000000007
nmousta5,1,test,nmousta5,285_G_2-6_WL_Bruise_OC_A244A_2026-05-29_DSC_3865,0.8043739748496446,0.6727638558624474,0.8571428571428571,0.757725587144623,4291,4854,3678.0,613.0,1176.0,False,0.8840131850020602,285,0.1750000000000007
