train_masks,fold,split,eval_masks,stem,dice,iou,precision,recall,pred_positive_pixels,gt_positive_pixels,tp_pixels,fp_pixels,fn_pixels,complete_miss,pred_gt_ratio,subject,cut
hliu36,3,cv_val,hliu36,172_A_2-4_WL_Bruise_A244A_2026-03-04_DSC_8298,0.8409969918349807,0.7256210604375232,0.9640394088669951,0.7458079268292683,4060,5248,3914.0,146.0,1334.0,False,0.7736280487804879,172,0.9500000000000002
hliu36,3,cv_val,hliu36,172_A_2-4_WL_Bruise_A244A_2026-03-04_DSC_8299,0.8926207007912159,0.8060659084281131,0.9913916786226685,0.8117474302496329,2788,3405,2764.0,24.0,641.0,False,0.8187958883994126,172,0.9500000000000002
hliu36,3,cv_val,hliu36,172_A_2-4_WL_Bruise_A244A_2026-03-04_DSC_8300,0.687903527026306,0.5242781618544123,0.6335135135135135,0.7525099229512024,10175,8566,6446.0,3729.0,2120.0,False,1.1878356292318468,172,0.9500000000000002
hliu36,3,cv_val,hliu36,172_A_2-4_WL_Bruise_OC_A244A_2026-03-04_DSC_8302,0.9173460781557492,0.8473123863931447,0.937105112004595,0.8984030837004405,6964,7264,6526.0,438.0,738.0,False,0.9587004405286343,172,0.9500000000000002
hliu36,3,cv_val,hliu36,172_A_2-4_WL_Bruise_OC_A244A_2026-03-04_DSC_8303,0.47180100097109134,0.3087300811418516,0.38516892303939504,0.6087124132613724,8199,5188,3158.0,5041.0,2030.0,False,1.5803777949113338,172,0.9500000000000002
hliu36,3,cv_val,hliu36,222_A_2-4_WL_Bruise_A244A_2026-03-06_DSC_3371,0.6113869840519167,0.44028608188904866,0.9967446243467831,0.4409201152038805,11673,26388,11635.000000000002,37.99999999999818,14752.999999999998,False,0.44236016371077763,222,0.9500000000000002
hliu36,3,cv_val,hliu36,222_A_2-4_WL_Bruise_A244A_2026-03-06_DSC_3372,0.5393461418198242,0.3692497978212264,0.9728036094748715,0.3731013266679485,7979,20804,7762.0,217.0,13042.0,False,0.38353201307440876,222,0.9500000000000002
hliu36,3,cv_val,hliu36,222_A_2-4_WL_Bruise_A244A_2026-03-06_DSC_3373,0.7840007489409507,0.6447378551081685,1.0,0.6447378551081685,16749,25978,16749.0,0.0,9229.0,False,0.6447378551081685,222,0.9500000000000002
hliu36,3,cv_val,hliu36,222_A_2-4_WL_Bruise_OC_A244A_2026-03-06_DSC_3375,0.562422339938526,0.39122918751705943,0.9997674959311788,0.39126478616924476,12903,32970,12900.000000000002,2.999999999998181,20070.0,False,0.3913557779799818,222,0.9500000000000002
hliu36,3,cv_val,hliu36,222_A_2-4_WL_Bruise_OC_A244A_2026-03-06_DSC_3376,0.36072144288577157,0.2200488997555012,1.0,0.2200488997555012,7200,32720,7200.000000000001,-9.094947017729282e-13,25520.0,False,0.2200488997555012,222,0.9500000000000002
hliu36,3,cv_val,hliu36,270_C_2-6_WL_Bruise_A244A_2026-04-04_DSC_0273,0.7366522366522367,0.5830953740719589,0.5989147968910398,0.9566643241977044,6819,4269,4084.0,2735.0,185.0,False,1.5973295853829936,270,0.9500000000000002
hliu36,3,cv_val,hliu36,270_C_2-6_WL_Bruise_A244A_2026-04-04_DSC_0274,0.7883264276706899,0.6506095747844187,0.6587385217522204,0.9813859609777977,6643,4459,4376.0,2267.0,83.0,False,1.489795918367347,270,0.9500000000000002
hliu36,3,cv_val,hliu36,270_C_2-6_WL_Bruise_A244A_2026-04-04_DSC_0275,0.7474000462214005,0.5966789667896679,0.674733987064469,0.8376068376068376,4793,3861,3234.0,1559.0,627.0,False,1.2413882413882413,270,0.9500000000000002
hliu36,3,cv_val,hliu36,270_C_2-6_WL_Bruise_OC_A244A_2026-04-04_DSC_0283,0.7699502487562189,0.6259504934476622,0.6552074513124471,0.9334137515078408,5905,4145,3869.0,2036.0,276.0,False,1.4246079613992761,270,0.9500000000000002
hliu36,3,cv_val,hliu36,270_C_2-6_WL_Bruise_OC_A244A_2026-04-04_DSC_0284,0.7211761671395409,0.563937071399758,0.5791217895608948,0.9555707450444293,4828,2926,2796.0,2032.0,130.0,False,1.6500341763499657,270,0.9500000000000002
hliu36,3,cv_val,hliu36,286_C_2-6_WL_Bruise_A244A_2026-04-06_DSC_2277,0.7856371490280778,0.6469542018674966,0.6469542018674966,1.0,2249,1455,1455.0,794.0,0.0,False,1.545704467353952,286,0.9500000000000002
hliu36,3,cv_val,hliu36,286_C_2-6_WL_Bruise_A244A_2026-04-06_DSC_2278,0.6395939086294417,0.4701492537313433,0.8064759036144579,0.5299356754082137,1328,2021,1071.0,257.0,950.0,False,0.657100445324097,286,0.9500000000000002
hliu36,3,cv_val,hliu36,286_C_2-6_WL_Bruise_A244A_2026-04-06_DSC_2279,0.9203486624586715,0.8524498886414253,0.991580310880829,0.8586651710600112,1544,1783,1531.0,13.0,252.0,False,0.8659562535053281,286,0.9500000000000002
hliu36,3,cv_val,hliu36,286_C_2-6_WL_Bruise_OC_A244A_2026-04-06_DSC_2281,0.8313878080415046,0.7114317425083241,0.8319273199221285,0.830848995463383,1541,1543,1282.0,259.0,261.0,False,0.998703823720026,286,0.9500000000000002
hliu36,3,cv_val,hliu36,286_C_2-6_WL_Bruise_OC_A244A_2026-04-06_DSC_2282,0.9421564090698751,0.8906386701662292,0.9356617647058824,0.9487418452935694,2176,2146,2036.0,140.0,110.0,False,1.0139794967381175,286,0.9500000000000002
hliu36,3,cv_val,hliu36,286_D_2-6_WL_Bruise_A244A_2026-04-06_DSC_2359,0.44315740308267165,0.2846513860554422,0.46120941084969863,0.42646530025170803,5143,5562,2372.0,2771.0,3190.0,False,0.9246673858324344,286,0.9500000000000002
hliu36,3,cv_val,hliu36,286_D_2-6_WL_Bruise_A244A_2026-04-06_DSC_2360,0.5809994508511807,0.40944272445820434,1.0,0.40944272445820434,5290,12920,5290.0,0.0,7630.0,False,0.40944272445820434,286,0.9500000000000002
hliu36,3,cv_val,hliu36,286_D_2-6_WL_Bruise_A244A_2026-04-06_DSC_2361,0.3941026944585663,0.24540964923388628,0.3833827893175074,0.40543933054393305,5055,4780,1938.0,3117.0,2842.0,False,1.0575313807531381,286,0.9500000000000002
hliu36,3,cv_val,hliu36,286_D_2-6_WL_Bruise_OC_A244A_2026-04-06_DSC_2363,0.419589874558702,0.26549429657794676,0.31054036024016013,0.646677471636953,8994,4319,2793.0,6201.0,1526.0,False,2.0824264876128735,286,0.9500000000000002
hliu36,3,cv_val,hliu36,299_B_2-6_WL_Bruise_A244A_2026-05-29_DSC_3934,0.9114841663487219,0.8373641780581844,0.9313840155945419,0.8924168845722824,7695,8031,7167.0,528.0,864.0,False,0.9581621217781098,299,0.9500000000000002
hliu36,3,cv_val,hliu36,299_B_2-6_WL_Bruise_A244A_2026-05-29_DSC_3935,0.8423748231012872,0.7276749330539062,0.9290917199345919,0.7704635108481263,6727,8112,6250.0,477.0,1862.0,False,0.8292652859960552,299,0.9500000000000002
hliu36,3,cv_val,hliu36,299_B_2-6_WL_Bruise_A244A_2026-05-29_DSC_3936,0.9023139312977099,0.8220145604694121,0.8791400348634515,0.9267426191351219,8605,8163,7565.0,1040.0,598.0,False,1.0541467597696925,299,0.9500000000000002
hliu36,3,cv_val,hliu36,299_B_2-6_WL_Bruise_OC_A244A_2026-05-29_DSC_3938,0.8651144891283433,0.7622923024754154,0.8412124235998503,0.8904145761816742,8017,7574,6744.0,1273.0,830.0,False,1.0584895695801426,299,0.9500000000000002
hliu36,3,cv_val,hliu36,299_B_2-6_WL_Bruise_OC_A244A_2026-05-29_DSC_3939,0.8645996860282574,0.7614932595921189,0.8691478169384534,0.860098906819365,7604,7684,6609.0,995.0,1075.0,False,0.9895887558563248,299,0.9500000000000002
hliu36,3,cv_val,hliu36,29_M_2-4_WL_Bruise_A244A_2026-03-05_DSC_1662,0.8379556950985523,0.7211047733413389,0.9317300232738557,0.7613312202852615,2578,3155,2402.0,176.0,753.0,False,0.8171156893819335,29,0.9500000000000002
hliu36,3,cv_val,hliu36,29_M_2-4_WL_Bruise_A244A_2026-03-05_DSC_1663,0.8961456102783726,0.8118331716779825,0.933457249070632,0.8617021276595744,2690,2914,2511.0,179.0,403.0,False,0.9231297185998627,29,0.9500000000000002
hliu36,3,cv_val,hliu36,29_M_2-4_WL_Bruise_A244A_2026-03-05_DSC_1664,0.6934415723136083,0.5307390451275343,0.5514780835881753,0.9338319907940161,2943,1738,1623.0000000000002,1319.9999999999998,114.99999999999977,False,1.693325661680092,29,0.9500000000000002
hliu36,3,cv_val,hliu36,29_M_2-4_WL_Bruise_OC_A244A_2026-03-05_DSC_1666,0.7128564282141071,0.5538282160901671,0.884269314303444,0.5971087366436204,6446,9546,5700.0,746.0,3846.0,False,0.6752566520008381,29,0.9500000000000002
hliu36,3,cv_val,hliu36,29_M_2-4_WL_Bruise_OC_A244A_2026-03-05_DSC_1667,0.7709795639480713,0.6273122409784696,0.7285747828128669,0.8186255111462868,8518,7581,6206.0,2312.0,1375.0,False,1.1235984698588577,29,0.9500000000000002
hliu36,3,cv_val,hliu36,64_J_2-4_WL_Bruise_A244A_2026-02-26_DSC_5396,0.8532639791937582,0.744080558831534,0.7887296855466872,0.929299796057104,10399,8826,8202.0,2197.0,624.0,False,1.178223430772717,64,0.9500000000000002
hliu36,3,cv_val,hliu36,64_J_2-4_WL_Bruise_A244A_2026-02-26_DSC_5397,0.8703538127474774,0.7704658525554048,0.8268414027423856,0.9187002831333423,8241,7417,6814.0,1427.0,603.0,False,1.1110961305109883,64,0.9500000000000002
hliu36,3,cv_val,hliu36,64_J_2-4_WL_Bruise_A244A_2026-02-26_DSC_5398,0.8706837148763494,0.7709830508474577,0.7789041095890411,0.9869814268356188,7300,5761,5686.0,1614.0,75.0,False,1.2671411213331019,64,0.9500000000000002
hliu36,3,cv_val,hliu36,64_J_2-4_WL_Bruise_OC_A244A_2026-02-26_DSC_5400,0.8341053425834714,0.7154208463668069,0.7549131193565521,0.9318596918465789,26358,21353,19898.0,6460.0,1455.0,False,1.2343932936823865,64,0.9500000000000002
hliu36,3,cv_val,hliu36,64_J_2-4_WL_Bruise_OC_A244A_2026-02-26_DSC_5401,0.8654854111405835,0.7628684722430047,0.7920226813733106,0.9539692192543388,25748,21377,20393.0,5355.0,984.0,False,1.2044720961781354,64,0.9500000000000002
hliu36,3,cv_val,hliu36,64_J_2-4_WL_Bruise_OC_A244A_2026-02-26_DSC_5402,0.8768320180383314,0.7806775407779172,0.7847473303623981,0.9934007450771687,23786,18790,18666.0,5120.0,124.0,False,1.2658861096327834,64,0.9500000000000002
hliu36,3,cv_val,hliu36,64_K_2-4_WL_Bruise_A244A_2026-02-26_DSC_5419,0.7843317501659772,0.6451856830784742,0.7003191974464205,0.8912488393686165,10965,8616,7679.0,3286.0,937.0,False,1.2726323119777159,64,0.9500000000000002
hliu36,3,cv_val,hliu36,64_K_2-4_WL_Bruise_A244A_2026-02-26_DSC_5420,0.7940211447320452,0.658403869407497,0.7064547518650665,0.9063670411985019,9249,7209,6534.0,2715.0,675.0,False,1.2829796088223056,64,0.9500000000000002
hliu36,3,cv_val,hliu36,64_K_2-4_WL_Bruise_A244A_2026-02-26_DSC_5421,0.8194872885863206,0.6941791313750225,0.7424111014744146,0.9144213649851632,10377,8425,7704.0,2673.0,721.0,False,1.2316913946587538,64,0.9500000000000002
hliu36,3,cv_val,hliu36,64_K_2-4_WL_Bruise_OC_A244A_2026-02-26_DSC_5424,0.8522746162797141,0.7425771254767537,0.7805236983659799,0.9385525994630217,19706,16388,15381.0,4325.0,1007.0,False,1.2024652184525262,64,0.9500000000000002
hliu36,3,cv_val,hliu36,64_K_2-4_WL_Bruise_OC_A244A_2026-02-26_DSC_5425,0.8256429542627362,0.7030595654530226,0.7433840383413212,0.9283716088738534,19196,15371,14270.0,4926.0,1101.0,False,1.2488452280268036,64,0.9500000000000002
hliu36,3,cv_val,hliu36,64_L_2-4_WL_Bruise_A244A_2026-02-26_DSC_5440,0.7940705128205128,0.6584717607973422,0.6584717607973422,1.0,1505,991,991.0,514.0,0.0,False,1.5186680121089808,64,0.9500000000000002
hliu36,3,cv_val,hliu36,64_L_2-4_WL_Bruise_A244A_2026-02-26_DSC_5441,0.5433979686057249,0.37305863708399367,0.37555839183152523,0.9824707846410684,3134,1198,1177.0,1957.0,21.0,False,2.616026711185309,64,0.9500000000000002
hliu36,3,cv_val,hliu36,64_L_2-4_WL_Bruise_A244A_2026-02-26_DSC_5442,0.4055745164960182,0.2543703175169461,0.26834776063229204,0.830034924330617,2657,859,713.0,1944.0,146.0,False,3.0931315483119906,64,0.9500000000000002
hliu36,3,cv_val,hliu36,64_L_2-4_WL_Bruise_OC_A244A_2026-02-26_DSC_5444,0.7770370370370371,0.6353725015142337,0.6491336633663366,0.9677121771217713,1616,1084,1049.0,567.0,35.0,False,1.4907749077490775,64,0.9500000000000002
hliu36,3,cv_val,hliu36,64_N_2-5_WL_Bruise_A244A_2026-04-02_DSC_7973,0.47482282730324504,0.31132306187331865,0.60763723150358,0.3896541169268442,2095,3267,1273.0,822.0,1994.0,False,0.6412610958065503,64,0.9500000000000002
hliu36,3,cv_val,hliu36,64_N_2-5_WL_Bruise_A244A_2026-04-02_DSC_7974,0.41311244272118436,0.2603287427809862,0.4144271570014144,0.4118060435699227,2828,2846,1172.0,1656.0,1674.0,False,0.9936753338018272,64,0.9500000000000002
hliu36,3,cv_val,hliu36,64_N_2-5_WL_Bruise_A244A_2026-04-02_DSC_7975,0.27944111776447106,0.16241299303944315,0.45751633986928103,0.20114942528735633,918,2088,420.0,498.0,1668.0,False,0.4396551724137931,64,0.9500000000000002
hliu36,3,cv_val,hliu36,64_N_2-5_WL_Bruise_OC_A244A_2026-04-02_DSC_7978,0.5642395902916945,0.3929900744416873,0.7973568281938326,0.43659545141281875,1589,2902,1267.0,322.0,1635.0,False,0.5475534114403859,64,0.9500000000000002
hliu36,3,cv_val,hliu36,64_N_2-5_WL_Bruise_OC_A244A_2026-04-02_DSC_7979,0.0,0.0,0.0,0.0,3301,4975,0.0,3301.0,4975.0,True,0.6635175879396985,64,0.9500000000000002
hliu36,3,cv_val,hliu36,97_AA_2-5_WL_Bruise_A244A_2026-02-06_DSC_6710,0.6625132743362832,0.4953419436798645,0.6265818547037161,0.7028163725122043,14935,13315,9358.0,5577.0,3957.0,False,1.1216672925272249,97,0.9500000000000002
hliu36,3,cv_val,hliu36,97_AA_2-5_WL_Bruise_A244A_2026-02-06_DSC_6711,0.5997809088505269,0.4283479011546347,0.445435673006789,0.9178034682080924,17823,8650,7939.0,9884.0,711.0,False,2.060462427745665,97,0.9500000000000002
hliu36,3,cv_val,hliu36,97_AA_2-5_WL_Bruise_A244A_2026-02-06_DSC_6712,0.6034368803701256,0.43208707998106954,0.6668289713937918,0.5510512020923448,8215,9941,5478.0,2737.0,4463.0,False,0.8263756161351977,97,0.9500000000000002
hliu36,3,cv_val,hliu36,97_AA_2-5_WL_Bruise_OC_A244A_2026-02-06_DSC_6715,0.6610169491525424,0.4936708860759494,0.9992043284532145,0.4938650306748466,6284,12714,6279.0,5.0,6435.0,False,0.49425829793927956,97,0.9500000000000002
hliu36,3,cv_val,hliu36,97_AA_2-5_WL_Bruise_OC_A244A_2026-02-06_DSC_6716,0.7699355457305705,0.6259310583751949,0.8773825421876897,0.6859339407744874,8237,10536,7227.0,1010.0,3309.0,False,0.7817957479119211,97,0.9500000000000002
hliu36,3,cv_val,hliu36,97_AB_2-5_WL_Bruise_A244A_2026-02-06_DSC_6730,0.9434993389158219,0.8930418821958952,0.9614659121530584,0.9261919183179026,11133,11557,10704.0,429.0,853.0,False,0.9633122782729082,97,0.9500000000000002
hliu36,3,cv_val,hliu36,97_AB_2-5_WL_Bruise_A244A_2026-02-06_DSC_6731,0.9315879550395485,0.8719369642393281,0.9405940594059405,0.9227526802895629,10706,10913,10070.0,636.0,843.0,False,0.98103179693943,97,0.9500000000000002
hliu36,3,cv_val,hliu36,97_AB_2-5_WL_Bruise_A244A_2026-02-06_DSC_6732,0.9173120728929385,0.8472543656637913,0.9867679490321,0.8569908491168333,8162,9398,8054.0,108.0,1344.0,False,0.8684826558842307,97,0.9500000000000002
hliu36,3,cv_val,hliu36,97_AB_2-5_WL_Bruise_OC_A244A_2026-02-06_DSC_6734,0.9292434872464241,0.8678382771231207,0.9754510162137474,0.8872157025651677,8758,9629,8543.0,215.0,1086.0,False,0.909544085574826,97,0.9500000000000002
hliu36,3,cv_val,hliu36,97_AB_2-5_WL_Bruise_OC_A244A_2026-02-06_DSC_6735,0.9279815189142362,0.8656394785044715,0.9792784007801073,0.8817912413566019,8204,9111,8034.0,170.0,1077.0,False,0.9004500054878718,97,0.9500000000000002
hliu36,3,cv_val,hliu36,97_AD_2-5_WL_Bruise_A244A_2026-04-02_DSC_7828,0.5396240324364172,0.36951034830893487,0.38465580662112453,0.9037037037037037,1903,810,732.0,1171.0,78.0,False,2.3493827160493828,97,0.9500000000000002
hliu36,3,cv_val,hliu36,97_AD_2-5_WL_Bruise_A244A_2026-04-02_DSC_7829,0.7845614035087719,0.6454965357967667,0.6694610778443114,0.9474576271186441,835,590,559.0,276.0,31.0,False,1.4152542372881356,97,0.9500000000000002
hliu36,3,cv_val,hliu36,97_AD_2-5_WL_Bruise_OC_A244A_2026-04-02_DSC_7832,0.4605087014725569,0.2991304347826087,0.31548055759354365,0.8523290386521308,2726,1009,860.0,1866.0,149.0,False,2.7016848364717543,97,0.9500000000000002
hliu36,3,cv_val,hliu36,99_E_2-6_WL_Bruise_A244A_2026-03-09_DSC_9162,0.9018189787420556,0.821193374575933,0.9861011262880421,0.8308096103371694,4173,4953,4115.0,58.0,838.0,False,0.84251968503937,99,0.9500000000000002
hliu36,3,cv_val,hliu36,99_E_2-6_WL_Bruise_A244A_2026-03-09_DSC_9163,0.9078869923484403,0.8313123147399623,0.8401416122004357,0.987516005121639,3672,3124,3085.0,587.0,39.0,False,1.175416133162612,99,0.9500000000000002
hliu36,3,cv_val,hliu36,99_E_2-6_WL_Bruise_A244A_2026-03-09_DSC_9164,0.8373685497676694,0.7202355910811948,0.8349183126066813,0.8398332106941379,4101,4077,3424.0,677.0,653.0,False,1.0058866813833702,99,0.9500000000000002
hliu36,3,cv_val,hliu36,99_E_2-6_WL_Bruise_OC_A244A_2026-03-09_DSC_9166,0.7897316607128022,0.6525260845689181,1.0,0.6525260845689181,4753,7284,4753.0,0.0,2531.0,False,0.6525260845689181,99,0.9500000000000002
hliu36,3,cv_val,hliu36,99_E_2-6_WL_Bruise_OC_A244A_2026-03-09_DSC_9167,0.9449904275686024,0.8957173965642391,0.9600622406639004,0.9303845187232973,3856,3979,3702.0,154.0,277.0,False,0.9690877104800201,99,0.9500000000000002
hliu36,3,test,hliu36,170_F_2-4_WL_Bruise_A244A_2026-03-05_DSC_1856,0.7324487955687234,0.5778455284552846,0.9048376830044558,0.6152347976628435,3142,4621,2843.0,299.0,1778.0,False,0.6799394070547501,170,0.9500000000000002
hliu36,3,test,hliu36,170_F_2-4_WL_Bruise_OC_A244A_2026-03-05_DSC_1860,0.3592971413585104,0.21898976982097187,0.32215080733657314,0.4061264822134387,6379,5060,2055.0,4324.0,3005.0,False,1.2606719367588932,170,0.9500000000000002
hliu36,3,test,hliu36,182_Q_2-6_WL_Bruise_A244A_2026-04-06_DSC_2484,0.5462798500098678,0.3757806136301928,0.5635179153094463,0.530065109153581,2456,2611,1384.0,1072.0,1227.0,False,0.9406357717349675,182,0.9500000000000002
hliu36,3,test,hliu36,182_Q_2-6_WL_Bruise_A244A_2026-04-06_DSC_2485,0.37696118909991744,0.23225642330195878,0.2902097902097902,0.5376914016489989,3146,1698,913.0,2233.0,785.0,False,1.8527679623085984,182,0.9500000000000002
hliu36,3,test,hliu36,182_Q_2-6_WL_Bruise_A244A_2026-04-06_DSC_2486,0.40639323069690914,0.25501474926253687,0.38159346722577797,0.434640522875817,4531,3978,1729.0,2802.0,2249.0,False,1.1390145801910507,182,0.9500000000000002
hliu36,3,test,hliu36,182_Q_2-6_WL_Bruise_OC_A244A_2026-04-06_DSC_2488,0.6239817282070803,0.45346907159455574,0.49690796653328484,0.838379705400982,8247,4888,4098.0,4149.0,790.0,False,1.6871931260229132,182,0.9500000000000002
hliu36,3,test,hliu36,20_D_2-6_WL_Bruise_A244A_2026-04-04_DSC_0400,0.9435697712959894,0.8931680916150286,0.9118353619474696,0.9775927197802198,12488,11648,11387.0,1101.0,261.0,False,1.0721153846153846,20,0.9500000000000002
hliu36,3,test,hliu36,20_D_2-6_WL_Bruise_OC_A244A_2026-04-04_DSC_0403,0.9599123767798466,0.9229149115417018,0.9508798232462716,0.9691181792593189,25346,24869,24101.0,1245.0,768.0,False,1.0191805058506573,20,0.9500000000000002
hliu36,3,test,hliu36,20_D_2-6_WL_Bruise_OC_A244A_2026-04-04_DSC_0404,0.9363740613324455,0.8803603102284979,0.9309330293111692,0.9418790697674418,27191,26875,25313.0,1878.0,1562.0,False,1.0117581395348838,20,0.9500000000000002
hliu36,3,test,hliu36,226_A_2-4_WL_Bruise_A244A_2026-03-06_DSC_3569,0.7779071701879887,0.6365368908249387,0.6387978142076502,0.994470438111442,3660,2351,2338.0,1322.0,13.0,False,1.5567843470863463,226,0.9500000000000002
hliu36,3,test,hliu36,226_A_2-4_WL_Bruise_A244A_2026-03-06_DSC_3570,0.7053585137417473,0.5448292220113852,0.6176391503092229,0.822118826055834,3719,2794,2297.0,1422.0,497.0,False,1.3310665712240515,226,0.9500000000000002
hliu36,3,test,hliu36,226_A_2-4_WL_Bruise_A244A_2026-03-06_DSC_3571,0.37798436509613353,0.23303373713690242,0.23303373713690242,1.0,7677,1789,1789.0,5888.0,0.0,False,4.291224147568474,226,0.9500000000000002
hliu36,3,test,hliu36,226_A_2-4_WL_Bruise_OC_A244A_2026-03-06_DSC_3573,0.8369456485495165,0.7196100917431193,0.8125606992554225,0.8628394637332417,3089,2909,2510.0,579.0,399.0,False,1.0618769336541767,226,0.9500000000000002
hliu36,3,test,hliu36,226_A_2-4_WL_Bruise_OC_A244A_2026-03-06_DSC_3574,0.8070744288872513,0.6765505312577218,0.8327250608272506,0.7829568201315413,3288,3497,2738.0,550.0,759.0,False,0.9402344867028882,226,0.9500000000000002
hliu36,3,test,hliu36,226_C_2-4_WL_Bruise_A244A_2026-03-06_DSC_3610,0.8638860026718124,0.7603867258949569,0.7751731486414492,0.9755279919544083,3754,2983,2910.0,844.0,73.0,False,1.2584646329198794,226,0.9500000000000002
hliu36,3,test,hliu36,226_C_2-4_WL_Bruise_A244A_2026-03-06_DSC_3611,0.8515702479338843,0.7415083477259643,0.7484020918070889,0.9877300613496932,3442,2608,2576.0,866.0,32.0,False,1.3197852760736197,226,0.9500000000000002
hliu36,3,test,hliu36,226_C_2-4_WL_Bruise_A244A_2026-03-06_DSC_3612,0.811207729468599,0.6823797139141743,0.7435352461919943,0.8924319727891157,2823,2352,2099.0,724.0,253.0,False,1.2002551020408163,226,0.9500000000000002
hliu36,3,test,hliu36,226_C_2-4_WL_Bruise_OC_A244A_2026-03-06_DSC_3614,0.9143792495593049,0.8422639758756669,0.9880272108843537,0.8509491445980782,3675,4267,3631.0,44.0,636.0,False,0.8612608389969534,226,0.9500000000000002
hliu36,3,test,hliu36,226_C_2-4_WL_Bruise_OC_A244A_2026-03-06_DSC_3615,0.8986863415511966,0.8160130718954248,0.8700348432055749,0.929289170078154,2870,2687,2497.0,373.0,190.0,False,1.0681056940826201,226,0.9500000000000002
hliu36,3,test,hliu36,228_B_2-4_WL_Bruise_A244A_2026-03-06_DSC_3718,0.842200180342651,0.7274143302180686,0.7985180963237389,0.8909379968203498,3509,3145,2802.0,707.0,343.0,False,1.1157392686804453,228,0.9500000000000002
hliu36,3,test,hliu36,228_B_2-4_WL_Bruise_A244A_2026-03-06_DSC_3719,0.883763277693475,0.7917346383904296,0.8382268278641336,0.9345314505776636,3474,3116,2912.0,562.0,204.0,False,1.1148908857509627,228,0.9500000000000002
hliu36,3,test,hliu36,228_B_2-4_WL_Bruise_A244A_2026-03-06_DSC_3720,0.8894811656005686,0.80096,0.9865983445013796,0.8097703008735038,2537,3091,2503.0,34.0,588.0,False,0.8207699773536072,228,0.9500000000000002
hliu36,3,test,hliu36,228_B_2-4_WL_Bruise_A244A_2026-03-06_DSC_3721,0.7829604950023799,0.6433320297223308,0.6964436917866215,0.8940217391304348,4724,3680,3290.0,1434.0,390.0,False,1.2836956521739131,228,0.9500000000000002
hliu36,3,test,hliu36,228_B_2-4_WL_Bruise_OC_A244A_2026-03-06_DSC_3723,0.7990271377368151,0.6653165636324877,1.0,0.6653165636324877,3121,4691,3121.0,0.0,1570.0,False,0.6653165636324877,228,0.9500000000000002
hliu36,3,test,hliu36,228_B_2-4_WL_Bruise_OC_A244A_2026-03-06_DSC_3724,0.9378901373283396,0.8830443726124009,0.9665487294950145,0.9108820854804486,3109,3299,3005.0,104.0,294.0,False,0.9424067899363443,228,0.9500000000000002
hliu36,3,test,hliu36,232_A_2-4_WL_Bruise_A244A_2026-03-06_DSC_3868,0.2652317989435349,0.1528917804592049,0.1966240210147395,0.4073775448498287,20557,9922,4042.0,16515.0,5880.0,False,2.07186051199355,232,0.9500000000000002
hliu36,3,test,hliu36,232_A_2-4_WL_Bruise_A244A_2026-03-06_DSC_3869,0.5336864491794069,0.36396475288708885,0.509695715490151,0.5600471618662625,13047,11874,6649.999999999999,6397.000000000001,5224.000000000001,False,1.0987872662961091,232,0.9500000000000002
hliu36,3,test,hliu36,232_A_2-4_WL_Bruise_A244A_2026-03-06_DSC_3870,0.18223261250730566,0.10025078773069256,0.15610293381395815,0.21886845430296223,9987,7123,1559.0,8428.0,5564.0,False,1.4020777762178858,232,0.9500000000000002
hliu36,3,test,hliu36,232_A_2-4_WL_Bruise_OC_A244A_2026-03-06_DSC_3876,0.797153024911032,0.6627218934911243,0.7784330244313395,0.8167955801104972,9496,9050,7392.0,2104.0,1658.0,False,1.049281767955801,232,0.9500000000000002
hliu36,3,test,hliu36,232_A_2-4_WL_Bruise_OC_A244A_2026-03-06_DSC_3877,0.7018366939508884,0.540638216070742,0.6519239684747334,0.760025943141282,10785,9251,7031.0,3754.0,2220.0,False,1.165819911360934,232,0.9500000000000002
hliu36,3,test,hliu36,233_B_2-4_WL_Bruise_A244A_2026-03-06_DSC_4197,0.5127326440177252,0.3447481328460194,0.9977006208323752,0.34502226463104324,4349,12576,4339.0,10.0,8237.0,False,0.3458174300254453,233,0.9500000000000002
hliu36,3,test,hliu36,233_B_2-4_WL_Bruise_A244A_2026-03-06_DSC_4199,0.3421930267812026,0.206413069982931,1.0,0.206413069982931,3386,16404,3386.0,0.0,13018.0,False,0.206413069982931,233,0.9500000000000002
hliu36,3,test,hliu36,233_B_2-4_WL_Bruise_OC_A244A_2026-03-06_DSC_4201,0.35575881574196655,0.21636656419265116,1.0,0.21636656419265116,4434,20493,4434.0,0.0,16059.0,False,0.21636656419265116,233,0.9500000000000002
hliu36,3,test,hliu36,235_A_2-4_WL_Bruise_A244A_2026-03-08_DSC_4349,0.6146734083169951,0.44370288710782707,1.0,0.44370288710782707,14892,33563,14892.0,0.0,18671.0,False,0.44370288710782707,235,0.9500000000000002
hliu36,3,test,hliu36,235_A_2-4_WL_Bruise_A244A_2026-03-08_DSC_4350,0.24670368427716183,0.14070849408900535,1.0,0.14070849408900535,6820,48469,6820.0,0.0,41649.0,False,0.14070849408900535,235,0.9500000000000002
hliu36,3,test,hliu36,235_A_2-4_WL_Bruise_A244A_2026-03-08_DSC_4351,0.7371415770609319,0.5837088019299678,0.9564029529733186,0.5996646863724168,17203,27437,16453.0,750.0,10984.0,False,0.6270000364471334,235,0.9500000000000002
hliu36,3,test,hliu36,235_A_2-4_WL_Bruise_OC_A244A_2026-03-08_DSC_4353,0.7658878580333868,0.6205982681710837,0.9944080053817692,0.6227716775943334,23784,37977,23651.0,133.0,14326.0,False,0.6262737972983649,235,0.9500000000000002
hliu36,3,test,hliu36,235_A_2-4_WL_Bruise_OC_A244A_2026-03-08_DSC_4354,0.7360414748115557,0.5823304009930379,0.9455788274472001,0.6025240116149208,22822,35816,21580.0,1242.0,14236.0,False,0.6372012508376145,235,0.9500000000000002
hliu36,3,test,hliu36,236_C_2-4_WL_Bruise_A244A_2026-03-08_DSC_4462,0.3336640758502839,0.20023818187832876,0.8235374149659864,0.2092147103553159,7350,28932,6053.0,1297.0,22879.0,False,0.2540439651596848,236,0.9500000000000002
hliu36,3,test,hliu36,236_C_2-4_WL_Bruise_A244A_2026-03-08_DSC_4463,0.15700128738660518,0.08518795282497807,0.5301253538212697,0.09214549288350027,4946,28455,2622.0,2324.0,25833.0,False,0.17381830961166755,236,0.9500000000000002
hliu36,3,test,hliu36,236_C_2-4_WL_Bruise_A244A_2026-03-08_DSC_4464,0.0,0.0,0.0,0.0,1408,35344,0.0,1408.0,35344.0,True,0.039837030330466275,236,0.9500000000000002
hliu36,3,test,hliu36,236_C_2-4_WL_Bruise_OC_A244A_2026-03-08_DSC_4467,0.053811271863528395,0.02764956506302148,0.46131062569418735,0.028572083744181246,2701,43609,1246.0,1455.0,42363.0,False,0.061936756174184225,236,0.9500000000000002
hliu36,3,test,hliu36,236_C_2-4_WL_Bruise_OC_A244A_2026-03-08_DSC_4468,0.09509875640087784,0.04992319508448541,0.3953771289537713,0.05404955928820888,4110,30065,1625.0,2485.0,28440.0,False,0.1367038084151006,236,0.9500000000000002
hliu36,3,test,hliu36,236_E_2-4_WL_Bruise_OC_A244A_2026-02-26_DSC_5722,0.5098187719772789,0.34211863791476077,1.0,0.34211863791476077,4712,13773,4712.0,0.0,9061.0,False,0.34211863791476077,236,0.9500000000000002
hliu36,3,test,hliu36,237_AC_2-5_WL_Bruise_A244A_2026-02-16_DSC_7084,0.5108180669614656,0.34301924810435336,0.999382048509192,0.3430920180323522,12946,37710,12938.0,8.0,24772.0,False,0.34330416335189606,237,0.9500000000000002
hliu36,3,test,hliu36,237_AC_2-5_WL_Bruise_A244A_2026-02-16_DSC_7085,0.6170830621338808,0.44621845697114515,0.9982990442248502,0.44655797101449274,12346,27600,12325.0,21.0,15275.0,False,0.44731884057971016,237,0.9500000000000002
hliu36,3,test,hliu36,237_AC_2-5_WL_Bruise_A244A_2026-02-16_DSC_7086,0.5585403360995276,0.3874824596812948,1.0,0.3874824596812948,20158,52023,20158.0,0.0,31865.0,False,0.3874824596812948,237,0.9500000000000002
hliu36,3,test,hliu36,237_AC_2-5_WL_Bruise_OC_A244A_2026-02-16_DSC_7088,0.7545019741276924,0.6057833560990696,1.0,0.6057833560990696,23505,38801,23505.0,0.0,15296.0,False,0.6057833560990696,237,0.9500000000000002
hliu36,3,test,hliu36,237_AC_2-5_WL_Bruise_OC_A244A_2026-02-16_DSC_7089,0.8186631268976671,0.6929971844083382,0.9574589578872235,0.7150129260947203,28020,37521,26828.0,1192.0,10693.0,False,0.7467818021907732,237,0.9500000000000002
hliu36,3,test,hliu36,237_AD_2-5_WL_Bruise_A244A_2026-02-16_DSC_7116,0.648515239363786,0.4798539045741782,0.9521454043483263,0.49171270718232046,8693,16833,8277.0,416.0,8556.0,False,0.5164260678429275,237,0.9500000000000002
hliu36,3,test,hliu36,237_AD_2-5_WL_Bruise_A244A_2026-02-16_DSC_7117,0.8624508948057616,0.7581658592738261,0.8666593563243599,0.8582831079980453,18239,18417,15807.0,2432.0,2610.0,False,0.9903350165607863,237,0.9500000000000002
hliu36,3,test,hliu36,237_AD_2-5_WL_Bruise_A244A_2026-02-16_DSC_7118,0.7353161315737641,0.5814228756541241,0.982421052631579,0.5875354107648725,9500,15885,9333.0,167.0,6552.0,False,0.598048473402581,237,0.9500000000000002
hliu36,3,test,hliu36,237_AD_2-5_WL_Bruise_OC_A244A_2026-02-16_DSC_7120,0.8220213029477335,0.6978235727052886,0.9653116137008217,0.7157724454030736,13751,18545,13274.0,477.0,5271.0,False,0.7414936640603936,237,0.9500000000000002
hliu36,3,test,hliu36,237_AD_2-5_WL_Bruise_OC_A244A_2026-02-16_DSC_7121,0.7805089468144387,0.6400284321689683,0.9595798127426353,0.6577615444821289,13137,19165,12606.0,531.0,6559.0,False,0.6854683015914428,237,0.9500000000000002
hliu36,3,test,hliu36,237_AE_2-5_WL_Bruise_A244A_2026-02-16_DSC_7217,0.6848970045875686,0.5207934336525308,0.8053733869261688,0.5957746478873239,4727,6390,3807.0000000000005,919.9999999999995,2582.9999999999995,False,0.7397496087636932,237,0.9500000000000002
hliu36,3,test,hliu36,237_AE_2-5_WL_Bruise_A244A_2026-02-16_DSC_7218,0.750232991612302,0.6002982848620433,0.8824819118614339,0.6524558275247204,4561,6169,4025.0,536.0,2144.0,False,0.7393418706435403,237,0.9500000000000002
hliu36,3,test,hliu36,237_AE_2-5_WL_Bruise_A244A_2026-02-16_DSC_7219,0.5367983367983368,0.36686558681443593,1.0,0.36686558681443593,3873,10557,3873.0,0.0,6684.0,False,0.36686558681443593,237,0.9500000000000002
hliu36,3,test,hliu36,237_AE_2-5_WL_Bruise_OC_A244A_2026-02-16_DSC_7221,0.6591154261057174,0.4915526950925181,0.8395740295431123,0.5425083240843507,5822,9010,4888.0,934.0,4122.0,False,0.6461709211986681,237,0.9500000000000002
hliu36,3,test,hliu36,237_AE_2-5_WL_Bruise_OC_A244A_2026-02-16_DSC_7222,0.4020081342145399,0.251570826373976,0.400734828328899,0.40328955756725743,7893,7843,3163.0,4730.0,4680.0,False,1.0063751115644524,237,0.9500000000000002
hliu36,3,test,hliu36,237_B_2-4_WL_Bruise_A244A_2026-03-08_DSC_4584,0.7799538380675975,0.6392822357083989,0.9940004659832246,0.6417584897145651,17168,26591,17065.0,103.0,9526.0,False,0.645631980745365,237,0.9500000000000002
hliu36,3,test,hliu36,237_B_2-4_WL_Bruise_A244A_2026-03-08_DSC_4587,0.66525398436101,0.4984124144716247,0.98829475924448,0.5013720815151379,11277,22229,11145.0,132.0,11084.0,False,0.507310270367538,237,0.9500000000000002
hliu36,3,test,hliu36,237_B_2-4_WL_Bruise_A244A_2026-03-08_DSC_4588,0.7244278027128227,0.5679237947122862,0.9517200938232995,0.5847712078145643,15348,24979,14607.0,741.0,10372.0,False,0.6144361263461308,237,0.9500000000000002
hliu36,3,test,hliu36,237_B_2-4_WL_Bruise_OC_A244A_2026-03-08_DSC_4591,0.6528799663653563,0.484648695041548,0.9928868286445013,0.4863373003445036,12512,25544,12423.0,89.0,13121.0,False,0.4898214844973379,237,0.9500000000000002
hliu36,3,test,hliu36,237_B_2-4_WL_Bruise_OC_A244A_2026-03-08_DSC_4592,0.6582674989059585,0.49061008686098806,0.996652252754917,0.4914199250318099,14338,29079,14290.0,48.0,14789.0,False,0.49307060077719317,237,0.9500000000000002
hliu36,3,test,hliu36,237_C_2-4_WL_Bruise_A244A_2026-03-08_DSC_4608,0.7172641749300788,0.5591674925668979,0.8539427879521719,0.6183013698630137,6607,9125,5642.0,965.0,3483.0,False,0.724054794520548,237,0.9500000000000002
hliu36,3,test,hliu36,237_C_2-4_WL_Bruise_A244A_2026-03-08_DSC_4609,0.38961207175701057,0.24193678114694764,1.0,0.24193678114694764,3008,12433,3008.0,0.0,9425.0,False,0.24193678114694764,237,0.9500000000000002
hliu36,3,test,hliu36,237_C_2-4_WL_Bruise_A244A_2026-03-08_DSC_4610,0.7871739130434783,0.6490410467825776,0.7878018710566393,0.7865469553254653,13789,13811,10863.0,2926.0,2948.0,False,0.9984070668307871,237,0.9500000000000002
hliu36,3,test,hliu36,237_C_2-4_WL_Bruise_OC_A244A_2026-03-08_DSC_4613,0.48453442596609625,0.3197264486030854,0.839154028106303,0.34059976280567006,7187,17707,6031.0,1156.0,11676.0,False,0.40588467837578357,237,0.9500000000000002
hliu36,3,test,hliu36,237_C_2-4_WL_Bruise_OC_A244A_2026-03-08_DSC_4615,0.5168047729532649,0.34844015374988824,0.9796431264136718,0.3509814514676751,3979,11106,3898.0000000000005,80.99999999999955,7208.0,False,0.35827480641094905,237,0.9500000000000002
hliu36,3,test,hliu36,237_E_2-4_WL_Bruise_A244A_2026-03-08_DSC_4651,0.8618990997112281,0.7573134328358209,0.9448789571694599,0.792317301686446,10740,12808,10148.0,592.0,2660.0,False,0.8385384134915678,237,0.9500000000000002
hliu36,3,test,hliu36,237_E_2-4_WL_Bruise_A244A_2026-03-08_DSC_4652,0.8619896786061009,0.7574533045977011,0.8814002089864159,0.8434156584341566,9570,10001,8435.0,1135.0,1566.0,False,0.956904309569043,237,0.9500000000000002
hliu36,3,test,hliu36,237_E_2-4_WL_Bruise_A244A_2026-03-08_DSC_4653,0.8787212011390111,0.7836777098003002,0.9056830309498399,0.8533182503770739,7496,7956,6789.0,707.0,1167.0,False,0.9421820010055304,237,0.9500000000000002
hliu36,3,test,hliu36,237_E_2-4_WL_Bruise_OC_A244A_2026-03-08_DSC_4656,0.8348768608081224,0.7165567593028733,0.9350030731407498,0.7541207088858595,6508,8069,6085.0,423.0,1984.0,False,0.8065435617796505,237,0.9500000000000002
hliu36,3,test,hliu36,237_E_2-4_WL_Bruise_OC_A244A_2026-03-08_DSC_4657,0.8060583112457402,0.6751236838766966,0.9525684625022374,0.698608558676818,5587,7618,5322.0,265.0,2296.0,False,0.7333945917563665,237,0.9500000000000002
hliu36,3,test,hliu36,237_J_2-4_WL_Bruise_A244A_2026-02-26_DSC_5578,0.8468165164867809,0.7343293834793062,0.9688090023412129,0.7521106941838649,13241,17056,12828.0,413.0,4228.0,False,0.7763250469043153,237,0.9500000000000002
hliu36,3,test,hliu36,237_J_2-4_WL_Bruise_A244A_2026-02-26_DSC_5579,0.7087897408495859,0.5489344092696048,0.9028927963698241,0.5833760903027193,8815,13643,7959.0,856.0,5684.0,False,0.6461188888074471,237,0.9500000000000002
hliu36,3,test,hliu36,237_J_2-4_WL_Bruise_A244A_2026-02-26_DSC_5580,0.9051360985093972,0.8267110617832039,0.9519468347959444,0.8627133039919698,11737,12951,11173.0,564.0,1778.0,False,0.9062620647054281,237,0.9500000000000002
hliu36,3,test,hliu36,237_J_2-4_WL_Bruise_OC_A244A_2026-02-26_DSC_5582,0.8690250215703192,0.7683857186451022,0.9136429608127722,0.8285620269825601,13780,15195,12590.0,1190.0,2605.0,False,0.9068772622573215,237,0.9500000000000002
hliu36,3,test,hliu36,237_J_2-4_WL_Bruise_OC_A244A_2026-02-26_DSC_5583,0.7488690163072067,0.5985536495122772,0.8632064031045356,0.6612783351913787,8246,10764,7118.0,1128.0,3646.0,False,0.7660720921590487,237,0.9500000000000002
hliu36,3,test,hliu36,237_N_2-4_WL_Bruise_A244A_2026-02-26_DSC_5858,0.8628099173553719,0.7587209302325582,0.9217472118959108,0.8109566639411284,5380,6115,4959.0,421.0,1156.0,False,0.8798037612428454,237,0.9500000000000002
hliu36,3,test,hliu36,237_N_2-4_WL_Bruise_A244A_2026-02-26_DSC_5859,0.8245789561447391,0.701517945807916,0.955370942812983,0.72528600762687,5176,6818,4945.0,231.0,1873.0,False,0.7591669111176298,237,0.9500000000000002
hliu36,3,test,hliu36,237_N_2-4_WL_Bruise_A244A_2026-02-26_DSC_5860,0.9031449693020924,0.8233950194196938,0.9315068493150684,0.8764591439688716,3869,4112,3604.0,265.0,508.0,False,0.9409046692607004,237,0.9500000000000002
hliu36,3,test,hliu36,237_N_2-4_WL_Bruise_OC_A244A_2026-02-26_DSC_5862,0.8561091340450772,0.7484185419475267,0.772367294520548,0.9602182011708356,9344,7516,7217.0,2127.0,299.0,False,1.2432144757849921,237,0.9500000000000002
hliu36,3,test,hliu36,237_N_2-4_WL_Bruise_OC_A244A_2026-02-26_DSC_5863,0.9120574318812205,0.8383323335332934,0.9344700768973587,0.8906947100063735,5982,6276,5590.0,392.0,686.0,False,0.9531548757170172,237,0.9500000000000002
hliu36,3,test,hliu36,237_S_2-4_WL_Bruise_A244A_2026-02-27_DSC_6307,0.5909927842746951,0.419439146711874,0.9864606694908215,0.4218677844481546,12039,28151,11875.999999999998,163.00000000000182,16275.000000000002,False,0.4276579872828674,237,0.9500000000000002
hliu36,3,test,hliu36,237_S_2-4_WL_Bruise_A244A_2026-02-27_DSC_6308,0.688803528240148,0.5253244216830867,0.9862299356310601,0.5292060160895418,12273,22872,12104.000000000002,168.99999999999818,10767.999999999998,False,0.536594963273872,237,0.9500000000000002
hliu36,3,test,hliu36,237_S_2-4_WL_Bruise_A244A_2026-02-27_DSC_6309,0.7314064578546378,0.5765490943755958,0.9854442754725179,0.5815011858214217,9206,15601,9072.0,134.0,6529.0,False,0.5900903788218704,237,0.9500000000000002
hliu36,3,test,hliu36,237_S_2-4_WL_Bruise_OC_A244A_2026-02-27_DSC_6311,0.7316913402331979,0.5769032124780498,0.9597869049664891,0.5911929713136446,11638,18894,11170.0,468.0,7724.0,False,0.6159627394940193,237,0.9500000000000002
hliu36,3,test,hliu36,237_S_2-4_WL_Bruise_OC_A244A_2026-02-27_DSC_6312,0.7743624161073825,0.6318037454824225,0.954026790143873,0.6516435106743477,12094,17706,11538.0,556.0,6168.0,False,0.6830452953800972,237,0.9500000000000002
hliu36,3,test,hliu36,237_Z_2-5_WL_Bruise_A244A_2026-02-16_DSC_7025,0.7226283203515079,0.5657150004690579,0.9995027624309393,0.5658742571160463,18100,31970,18091.0,9.0,13879.0,False,0.5661557710353456,237,0.9500000000000002
hliu36,3,test,hliu36,237_Z_2-5_WL_Bruise_A244A_2026-02-16_DSC_7026,0.8470908132404761,0.7347420100115518,0.9973864750081672,0.7361593364197531,15305,20736,15265.0,40.0,5471.0,False,0.7380883487654321,237,0.9500000000000002
hliu36,3,test,hliu36,237_Z_2-5_WL_Bruise_A244A_2026-02-16_DSC_7027,0.8465753424657534,0.7339667458432304,1.0,0.7339667458432304,20394,27786,20394.0,0.0,7392.0,False,0.7339667458432304,237,0.9500000000000002
hliu36,3,test,hliu36,237_Z_2-5_WL_Bruise_OC_A244A_2026-02-16_DSC_7030,0.7515659442589319,0.6020069228348659,0.998550136287189,0.60253359462486,17243,28576,17218.0,25.0,11358.0,False,0.6034084546472565,237,0.9500000000000002
hliu36,3,test,hliu36,247_A_2-4_WL_Bruise_A244A_2026-02-27_DSC_6202,0.9008440617273424,0.8195780328886131,0.9015358361774743,0.9001533481001874,5860,5869,5283.0,577.0,586.0,False,0.9984665189981258,247,0.9500000000000002
hliu36,3,test,hliu36,247_A_2-4_WL_Bruise_A244A_2026-02-27_DSC_6203,0.853558394160584,0.7445284520493434,0.8736866682232081,0.8343366778149387,4283,4485,3742.0,541.0,743.0,False,0.9549609810479376,247,0.9500000000000002
hliu36,3,test,hliu36,247_A_2-4_WL_Bruise_A244A_2026-02-27_DSC_6204,0.896807345632213,0.812919975565058,0.9883030077979948,0.8208172706245181,5386,6485,5323.0,63.0,1162.0,False,0.8305319969159599,247,0.9500000000000002
hliu36,3,test,hliu36,247_A_2-4_WL_Bruise_OC_A244A_2026-02-27_DSC_6206,0.9032090649597786,0.8235015772870663,0.9718912881608339,0.843593472289546,5372,6189,5221.0,151.0,968.0,False,0.8679915979964453,247,0.9500000000000002
hliu36,3,test,hliu36,247_A_2-4_WL_Bruise_OC_A244A_2026-02-27_DSC_6207,0.8812882619110993,0.7877706400190341,0.8843482905982906,0.8782493368700265,3744,3770,3311.0,433.0,459.0,False,0.993103448275862,247,0.9500000000000002
hliu36,3,test,hliu36,250_A_2-4_WL_Bruise_A244A_2026-02-27_DSC_6537,0.9544934460124054,0.9129483142615774,0.960838991270611,0.9482311649982053,24744,25073,23775.0,969.0,1298.0,False,0.9868783153192677,250,0.9500000000000002
hliu36,3,test,hliu36,250_A_2-4_WL_Bruise_A244A_2026-02-27_DSC_6538,0.9112361342049519,0.8369456066945606,0.8420543043569775,0.9928032559062935,23755,20148,20003.0,3752.0,145.0,False,1.179025213420687,250,0.9500000000000002
hliu36,3,test,hliu36,250_A_2-4_WL_Bruise_OC_A244A_2026-02-27_DSC_6541,0.9298097564586572,0.868826605428437,0.8977386431859116,0.9642572007615304,34979,32566,31402.0,3577.0,1164.0,False,1.0740956826137689,250,0.9500000000000002
hliu36,3,test,hliu36,250_A_2-4_WL_Bruise_OC_A244A_2026-02-27_DSC_6542,0.9361334980489049,0.8799351199911527,0.9033796313817507,0.9713518352730528,26423,24574,23870.0,2553.0,704.0,False,1.0752421258240417,250,0.9500000000000002
hliu36,3,test,hliu36,250_A_2-4_WL_Bruise_OC_A244A_2026-02-27_DSC_6543,0.9434936559457067,0.8930316994833124,0.9147148220990524,0.974142198865151,27965,26259,25580.0,2385.0,679.0,False,1.064968201378575,250,0.9500000000000002
hliu36,3,test,hliu36,254_A_2-5_WL_Bruise_A244A_2026-02-16_DSC_6925,0.8618152085036794,0.757183908045977,0.7996965098634294,0.9343971631205674,1318,1128,1054.0,264.0,74.0,False,1.1684397163120568,254,0.9500000000000002
hliu36,3,test,hliu36,254_A_2-5_WL_Bruise_A244A_2026-02-16_DSC_6926,0.865211810012837,0.7624434389140271,0.763595166163142,0.998025666337611,1324,1013,1011.0,313.0,2.0,False,1.3070088845014807,254,0.9500000000000002
hliu36,3,test,hliu36,254_A_2-5_WL_Bruise_A244A_2026-02-16_DSC_6927,0.84248039914469,0.7278325123152709,0.7964959568733153,0.8940998487140696,742,661,591.0,151.0,70.0,False,1.1225416036308624,254,0.9500000000000002
hliu36,3,test,hliu36,254_A_2-5_WL_Bruise_OC_A244A_2026-02-16_DSC_6930,0.8503740648379052,0.7396963123644251,0.7732426303854876,0.9445983379501385,1323,1083,1023.0,300.0,60.0,False,1.221606648199446,254,0.9500000000000002
hliu36,3,test,hliu36,254_A_2-5_WL_Bruise_OC_A244A_2026-02-16_DSC_6931,0.15149436550710435,0.08195504664970314,0.08489840746842395,0.7027272727272728,9105,1100,773.0,8332.0,327.0,False,8.277272727272727,254,0.9500000000000002
hliu36,3,test,hliu36,254_B_2-5_WL_Bruise_A244A_2026-02-16_DSC_6954,0.1763737848429839,0.09671597357893758,0.9997115107221848,0.0967186729557993,10399,107487,10396.0,3.0,97091.0,False,0.09674658330774884,254,0.9500000000000002
hliu36,3,test,hliu36,254_B_2-5_WL_Bruise_A244A_2026-02-16_DSC_6955,0.1458927183208085,0.07868623340321454,1.0,0.07868623340321454,10697,135945,10697.0,0.0,125248.0,False,0.07868623340321454,254,0.9500000000000002
hliu36,3,test,hliu36,254_B_2-5_WL_Bruise_A244A_2026-02-16_DSC_6956,0.2035739150614992,0.11332162050434064,0.9965916837082481,0.1133655561012174,8802,77378,8772.0,30.0,68606.0,False,0.11375326320142676,254,0.9500000000000002
hliu36,3,test,hliu36,254_B_2-5_WL_Bruise_OC_A244A_2026-02-16_DSC_6960,0.19473473816458226,0.10787042895103126,0.999316205919703,0.10787839163125204,10237,94829,10230.0,7.0,84599.0,False,0.10795220871252464,254,0.9500000000000002
hliu36,3,test,hliu36,254_B_2-5_WL_Bruise_OC_A244A_2026-02-16_DSC_6961,0.22914854672672752,0.12940020818977524,0.9976263140047473,0.1294400610095914,8847,68186,8826.0,21.0,59360.0,False,0.1297480421200833,254,0.9500000000000002
hliu36,3,test,hliu36,260_A_2-5_WL_Bruise_A244A_2026-02-17_DSC_7634,0.5765976072366501,0.4050840508405084,0.4142557651991614,0.9481765834932822,4770,2084,1976.0,2794.0,108.0,False,2.2888675623800383,260,0.9500000000000002
hliu36,3,test,hliu36,260_A_2-5_WL_Bruise_A244A_2026-02-17_DSC_7635,0.591889007470651,0.42034257996058816,0.4272069018641195,0.9631816602987149,6491,2879,2773.0,3718.0,106.0,False,2.2546022924626605,260,0.9500000000000002
hliu36,3,test,hliu36,260_A_2-5_WL_Bruise_A244A_2026-02-17_DSC_7636,0.5039687878380197,0.3368705035971223,0.337234425639179,0.9968068121341139,5554,1879,1873.0000000000002,3681.0,5.999999999999773,False,2.955827567855242,260,0.9500000000000002
hliu36,3,test,hliu36,260_A_2-5_WL_Bruise_OC_A244A_2026-02-17_DSC_7638,0.42564917859035506,0.2703648848794937,0.2895875396596481,0.8028788484606157,6934,2501,2008.0,4926.0,493.0,False,2.7724910035985606,260,0.9500000000000002
hliu36,3,test,hliu36,260_A_2-5_WL_Bruise_OC_A244A_2026-02-17_DSC_7639,0.5399923944733173,0.369855877756555,0.3796114774549991,0.9350307287093942,5611,2278,2130.0,3481.0,148.0,False,2.4631255487269534,260,0.9500000000000002
hliu36,3,test,hliu36,285_F_2-6_WL_Bruise_A244A_2026-04-06_DSC_2339,0.2772940388479571,0.16096423017107309,0.7353463587921847,0.17086256706562114,1689,7269,1242.0,447.0,6027.0,False,0.2323565827486587,285,0.9500000000000002
hliu36,3,test,hliu36,285_F_2-6_WL_Bruise_A244A_2026-04-06_DSC_2340,0.622286541244573,0.45168067226890757,0.8666442727578099,0.4854186265286924,2977,5315,2580.0,397.0,2735.0,False,0.5601128880526811,285,0.9500000000000002
hliu36,3,test,hliu36,285_F_2-6_WL_Bruise_OC_A244A_2026-04-06_DSC_2343,0.8608582574772432,0.7557077625570776,0.7918660287081339,0.9430199430199431,1254,1053,993.0,261.0,60.0,False,1.190883190883191,285,0.9500000000000002
hliu36,3,test,hliu36,285_F_2-6_WL_Bruise_OC_A244A_2026-04-06_DSC_2344,0.44477057039428625,0.28598389531957724,0.6190087145969498,0.3470758894487708,3672,6549,2273.0,1399.0,4276.0,False,0.5606962895098488,285,0.9500000000000002
hliu36,3,test,hliu36,285_G_2-6_WL_Bruise_A244A_2026-05-29_DSC_3860,0.8469773980750513,0.7345713749765522,0.923367130393775,0.7822612864562525,4241,5006,3916.0,325.0,1090.0,False,0.8471833799440671,285,0.9500000000000002
hliu36,3,test,hliu36,285_G_2-6_WL_Bruise_A244A_2026-05-29_DSC_3861,0.8028541834503395,0.6706402614881753,0.8911599386816556,0.7304712041884817,3914,4775,3488.0,426.0,1287.0,False,0.8196858638743455,285,0.9500000000000002
hliu36,3,test,hliu36,285_G_2-6_WL_Bruise_A244A_2026-05-29_DSC_3862,0.9229480737018425,0.8569206842923794,0.9630461922596754,0.8860555938433264,4005,4353,3857.0,148.0,496.0,False,0.9200551343900758,285,0.9500000000000002
hliu36,3,test,hliu36,285_G_2-6_WL_Bruise_OC_A244A_2026-05-29_DSC_3864,0.8487185667229051,0.7371946964410327,0.9747185827643476,0.7515651678998293,5419,7028,5282.0,137.0,1746.0,False,0.7710586226522481,285,0.9500000000000002
hliu36,3,test,hliu36,285_G_2-6_WL_Bruise_OC_A244A_2026-05-29_DSC_3865,0.8504558204768583,0.73982003965228,0.9585062240663901,0.7642980935875217,5061,6347,4851.0,210.0,1496.0,False,0.797384591145423,285,0.9500000000000002
hliu36,3,test,mzehra2,170_F_2-4_WL_Bruise_A244A_2026-03-05_DSC_1856,0.623400365630713,0.45285524568393093,0.6511775938892426,0.597895967270602,3142,3422,2046.0,1096.0,1376.0,False,0.9181765049678551,170,0.9500000000000002
hliu36,3,test,mzehra2,170_F_2-4_WL_Bruise_OC_A244A_2026-03-05_DSC_1860,0.4023631184724127,0.25184891706286316,0.2989496786330146,0.6151612903225806,6379,3100,1907.0,4472.0,1193.0,False,2.057741935483871,170,0.9500000000000002
hliu36,3,test,mzehra2,182_Q_2-6_WL_Bruise_A244A_2026-04-06_DSC_2484,0.2974434611602753,0.17470401386081433,0.9853420195439739,0.1751592356687898,2456,13816,2420.0,36.0,11396.0,False,0.1777649102489867,182,0.9500000000000002
hliu36,3,test,mzehra2,182_Q_2-6_WL_Bruise_A244A_2026-04-06_DSC_2485,0.5589465530596437,0.3878735755751451,0.5734265734265734,0.5451798126322152,3146,3309,1804.0,1342.0,1505.0,False,0.9507404049561801,182,0.9500000000000002
hliu36,3,test,mzehra2,182_Q_2-6_WL_Bruise_A244A_2026-04-06_DSC_2486,0.3416405760801503,0.2060111765594321,0.30103729860957845,0.39490445859872614,4531,3454,1364.0,3167.0,2090.0,False,1.3118123914302258,182,0.9500000000000002
hliu36,3,test,mzehra2,182_Q_2-6_WL_Bruise_OC_A244A_2026-04-06_DSC_2488,0.7799287085275569,0.6392484717727436,0.8622529404631988,0.7119543452142572,8247,9988,7111.0,1136.0,2877.0,False,0.8256908289947937,182,0.9500000000000002
hliu36,3,test,mzehra2,20_D_2-6_WL_Bruise_A244A_2026-04-04_DSC_0400,0.9081551529352693,0.831762090902123,0.8689942344650865,0.9510121812286391,12488,11411,10852.0,1636.0,559.0,False,1.0943826132678993,20,0.9500000000000002
hliu36,3,test,mzehra2,20_D_2-6_WL_Bruise_OC_A244A_2026-04-04_DSC_0403,0.9094222631865599,0.8338903614920672,0.8564270496330783,0.9694087173990711,25346,22392,21707.0,3639.0,685.0,False,1.131922115041086,20,0.9500000000000002
hliu36,3,test,mzehra2,20_D_2-6_WL_Bruise_OC_A244A_2026-04-04_DSC_0404,0.9233532934131736,0.8576195773081201,0.9073590526277077,0.9399215208198407,27191,26249,24672.0,2519.0,1577.0,False,1.0358870814126253,20,0.9500000000000002
hliu36,3,test,mzehra2,226_A_2-4_WL_Bruise_A244A_2026-03-06_DSC_3569,0.6125211505922166,0.44146341463414634,0.49453551912568305,0.8044444444444444,3660,2250,1810.0,1850.0,440.0,False,1.6266666666666667,226,0.9500000000000002
hliu36,3,test,mzehra2,226_A_2-4_WL_Bruise_A244A_2026-03-06_DSC_3570,0.6050145348837209,0.43370669445168014,0.44770099489109977,0.9327731092436975,3719,1785,1665.0,2054.0,120.0,False,2.0834733893557424,226,0.9500000000000002
hliu36,3,test,mzehra2,226_A_2-4_WL_Bruise_A244A_2026-03-06_DSC_3571,0.47304204451772464,0.30979375877335064,0.37371369024358475,0.6442847518526836,7677,4453,2869.0,4808.0,1584.0,False,1.7240062878958007,226,0.9500000000000002
hliu36,3,test,mzehra2,226_A_2-4_WL_Bruise_OC_A244A_2026-03-06_DSC_3573,0.7180607987283926,0.560136391816491,0.5849789575914536,0.9295267489711934,3089,1944,1807.0,1282.0,137.0,False,1.588991769547325,226,0.9500000000000002
hliu36,3,test,mzehra2,226_A_2-4_WL_Bruise_OC_A244A_2026-03-06_DSC_3574,0.8640748319204911,0.7606793618116315,0.8990267639902676,0.8317388857625211,3288,3554,2956.0,332.0,598.0,False,0.9251547552054024,226,0.9500000000000002
hliu36,3,test,mzehra2,226_C_2-4_WL_Bruise_A244A_2026-03-06_DSC_3610,0.9150410677618069,0.8433877454459427,0.9496537027171018,0.8828628033680039,3754,4038,3565.0,189.0,473.0,False,0.9296681525507677,226,0.9500000000000002
hliu36,3,test,mzehra2,226_C_2-4_WL_Bruise_A244A_2026-03-06_DSC_3611,0.9235651214128036,0.8579851320174314,0.9723997675769901,0.8794009458749343,3442,3806,3347.0,95.0,459.0,False,0.9043615344193379,226,0.9500000000000002
hliu36,3,test,mzehra2,226_C_2-4_WL_Bruise_A244A_2026-03-06_DSC_3612,0.8954741379310345,0.8107317073170732,0.8831030818278427,0.9081967213114754,2823,2745,2493.0,330.0,252.0,False,1.028415300546448,226,0.9500000000000002
hliu36,3,test,mzehra2,226_C_2-4_WL_Bruise_OC_A244A_2026-03-06_DSC_3614,0.9098424179798502,0.8345971563981043,0.9583673469387755,0.8659945906073273,3675,4067,3522.0,153.0,545.0,False,0.9036144578313253,226,0.9500000000000002
hliu36,3,test,mzehra2,226_C_2-4_WL_Bruise_OC_A244A_2026-03-06_DSC_3615,0.8555588852262511,0.7475778999738152,0.9947735191637631,0.7505257623554153,2870,3804,2855.0,15.0,949.0,False,0.7544689800210305,226,0.9500000000000002
hliu36,3,test,mzehra2,228_B_2-4_WL_Bruise_A244A_2026-03-06_DSC_3718,0.9300813008130081,0.8693009118541033,0.896551724137931,0.9662162162162162,3509,3256,3146.0,363.0,110.0,False,1.0777027027027026,228,0.9500000000000002
hliu36,3,test,mzehra2,228_B_2-4_WL_Bruise_A244A_2026-03-06_DSC_3719,0.6936437546193643,0.5309759547383309,0.5402993667242372,0.9685242518059856,3474,1938,1877.0,1597.0,61.0,False,1.7925696594427245,228,0.9500000000000002
hliu36,3,test,mzehra2,228_B_2-4_WL_Bruise_A244A_2026-03-06_DSC_3720,0.8315591734502191,0.7116827438370846,0.7851793456838786,0.8837622005323869,2537,2254,1992.0,545.0,262.0,False,1.1255545696539486,228,0.9500000000000002
hliu36,3,test,mzehra2,228_B_2-4_WL_Bruise_A244A_2026-03-06_DSC_3721,0.6600538472438713,0.4925972927241963,0.49301439458086366,0.9982854693527646,4724,2333,2329.0,2395.0,4.0,False,2.024860694384912,228,0.9500000000000002
hliu36,3,test,mzehra2,228_B_2-4_WL_Bruise_OC_A244A_2026-03-06_DSC_3723,0.8087797619047619,0.6789506558401,0.6965716116629286,0.964079822616408,3121,2255,2174.0,947.0,81.0,False,1.3840354767184035,228,0.9500000000000002
hliu36,3,test,mzehra2,228_B_2-4_WL_Bruise_OC_A244A_2026-03-06_DSC_3724,0.7975212566652256,0.6632310642377757,0.8899967835316822,0.7224543080939948,3109,3830,2767.0,342.0,1063.0,False,0.8117493472584857,228,0.9500000000000002
hliu36,3,test,mzehra2,232_A_2-4_WL_Bruise_A244A_2026-03-06_DSC_3868,0.2529313232830821,0.14477468839884947,0.1469085956122002,0.9088173337345772,20557,3323,3020.0000000000005,17537.0,302.99999999999955,False,6.186277460126392,232,0.9500000000000002
hliu36,3,test,mzehra2,232_A_2-4_WL_Bruise_A244A_2026-03-06_DSC_3869,0.36684325334995327,0.2246221950847199,0.2255690963439871,0.9816544362908606,13047,2998,2943.0,10104.0,55.0,False,4.351901267511675,232,0.9500000000000002
hliu36,3,test,mzehra2,232_A_2-4_WL_Bruise_A244A_2026-03-06_DSC_3870,0.21487147681069532,0.12036751080914145,0.15610293381395815,0.34460654288240494,9987,4524,1559.0,8428.0,2965.0,False,2.207559681697613,232,0.9500000000000002
hliu36,3,test,mzehra2,232_A_2-4_WL_Bruise_OC_A244A_2026-03-06_DSC_3876,0.7301772086405381,0.5750229194254864,0.5944608256107835,0.9461951055983909,9496,5966,5645.0,3851.0,321.0,False,1.5916862219242374,232,0.9500000000000002
hliu36,3,test,mzehra2,232_A_2-4_WL_Bruise_OC_A244A_2026-03-06_DSC_3877,0.6334240334113775,0.4635117614373032,0.46407046824292997,0.9974093264248705,10785,5018,5005.0,5780.0,13.0,False,2.1492626544440014,232,0.9500000000000002
hliu36,3,test,mzehra2,233_B_2-4_WL_Bruise_A244A_2026-03-06_DSC_4197,0.5089610002977076,0.34134653781646834,0.9827546562428144,0.3434035031335369,4349,12446,4274.0,75.0,8172.0,False,0.34942953559376505,233,0.9500000000000002
hliu36,3,test,mzehra2,233_B_2-4_WL_Bruise_A244A_2026-03-06_DSC_4199,0.390784406459023,0.24284154840876648,0.8541051388068518,0.2533508541392904,3386,11415,2892.0,494.0,8523.0,False,0.29662724485326325,233,0.9500000000000002
hliu36,3,test,mzehra2,233_B_2-4_WL_Bruise_OC_A244A_2026-03-06_DSC_4201,0.43924261339991677,0.28142914278096254,0.9521876409562472,0.2854631507775524,4434,14790,4222.0,212.0,10568.0,False,0.2997971602434077,233,0.9500000000000002
hliu36,3,test,mzehra2,235_A_2-4_WL_Bruise_A244A_2026-03-08_DSC_4349,0.6007371260320794,0.42932399423173134,0.9795863550899812,0.43319970304380107,14892,33675,14588.0,304.0,19087.0,False,0.4422271714922049,235,0.9500000000000002
hliu36,3,test,mzehra2,235_A_2-4_WL_Bruise_A244A_2026-03-08_DSC_4350,0.30546009927453227,0.18026137899954936,0.9970674486803519,0.18035700076916955,6820,37703,6800.0,20.0,30903.0,False,0.18088746253613772,235,0.9500000000000002
hliu36,3,test,mzehra2,235_A_2-4_WL_Bruise_A244A_2026-03-08_DSC_4351,0.8518527848452024,0.7419368993812805,0.9828518281695053,0.7516671112296612,17203,22494,16908.0,295.0,5586.0,False,0.764781719569663,235,0.9500000000000002
hliu36,3,test,mzehra2,235_A_2-4_WL_Bruise_OC_A244A_2026-03-08_DSC_4353,0.8683025457219006,0.7672567808997889,0.993104608139926,0.7713660559746579,23784,30621,23620.0,164.0,7001.0,False,0.776721857548741,235,0.9500000000000002
hliu36,3,test,mzehra2,235_A_2-4_WL_Bruise_OC_A244A_2026-03-08_DSC_4354,0.6814904860794543,0.5168642917509668,0.8843221452983963,0.5543439448457714,22822,36407,20182.0,2640.0,16225.0,False,0.6268574724640866,235,0.9500000000000002
hliu36,3,test,mzehra2,236_C_2-4_WL_Bruise_A244A_2026-03-08_DSC_4462,0.211200918264862,0.11806855248382439,0.3004081632653061,0.16284386754185412,7350,13559,2208.0,5142.0,11351.0,False,0.5420753742901394,236,0.9500000000000002
hliu36,3,test,mzehra2,236_C_2-4_WL_Bruise_A244A_2026-03-08_DSC_4463,0.129462961131441,0.06921165336012267,0.2646583097452487,0.08568997119664834,4946,15276,1309.0,3637.0,13967.0,False,0.3237758575543336,236,0.9500000000000002
hliu36,3,test,mzehra2,236_C_2-4_WL_Bruise_A244A_2026-03-08_DSC_4464,0.0,0.0,0.0,0.0,1408,11326,0.0,1408.0,11326.0,True,0.12431573371004767,236,0.9500000000000002
hliu36,3,test,mzehra2,236_C_2-4_WL_Bruise_OC_A244A_2026-03-08_DSC_4467,0.0,0.0,0.0,0.0,2701,10556,0.0,2701.0,10556.0,True,0.2558734369079197,236,0.9500000000000002
hliu36,3,test,mzehra2,236_C_2-4_WL_Bruise_OC_A244A_2026-03-08_DSC_4468,0.022133975652626783,0.01119083667961293,0.0413625304136253,0.01510976802062039,4110,11251,170.0,3940.0,11081.0,False,0.36530086214558705,236,0.9500000000000002
hliu36,3,test,mzehra2,236_E_2-4_WL_Bruise_OC_A244A_2026-02-26_DSC_5722,0.5793577375446015,0.40781395348837207,0.46519524617996605,0.7677758318739054,4712,2855,2192.0,2520.0,663.0,False,1.6504378283712784,236,0.9500000000000002
hliu36,3,test,mzehra2,237_AC_2-5_WL_Bruise_A244A_2026-02-16_DSC_7084,0.6131703666749813,0.44213820641030255,0.9494052216900973,0.45280725022104334,12946,27144,12291.0,655.0,14853.0,False,0.4769378131447097,237,0.9500000000000002
hliu36,3,test,mzehra2,237_AC_2-5_WL_Bruise_A244A_2026-02-16_DSC_7085,0.656360150887391,0.4884941089837997,0.8597116474971651,0.5308061612322464,12346,19996,10614.0,1732.0,9382.0,False,0.6174234846969394,237,0.9500000000000002
hliu36,3,test,mzehra2,237_AC_2-5_WL_Bruise_A244A_2026-02-16_DSC_7086,0.7063324538258575,0.5459922496430757,0.9296061117174322,0.569539845602091,20158,32902,18739.0,1419.0,14163.0,False,0.6126679229226187,237,0.9500000000000002
hliu36,3,test,mzehra2,237_AC_2-5_WL_Bruise_OC_A244A_2026-02-16_DSC_7088,0.8469225740169982,0.7344889032885145,0.9644756434801106,0.7549117549117549,23505,30030,22670.0,835.0,7360.0,False,0.7827172827172827,237,0.9500000000000002
hliu36,3,test,mzehra2,237_AC_2-5_WL_Bruise_OC_A244A_2026-02-16_DSC_7089,0.8073083974489557,0.676879417715532,0.9193433261955746,0.7196133754225215,28020,35797,25760.0,2260.0,10037.0,False,0.7827471575830377,237,0.9500000000000002
hliu36,3,test,mzehra2,237_AD_2-5_WL_Bruise_A244A_2026-02-16_DSC_7116,0.653250650130026,0.4850573346800547,0.9391464396640975,0.5007974481658692,8693,16302,8164.0,529.0,8138.0,False,0.5332474543000859,237,0.9500000000000002
hliu36,3,test,mzehra2,237_AD_2-5_WL_Bruise_A244A_2026-02-16_DSC_7117,0.8967114163804767,0.8127623449511862,0.9448434672953561,0.8532455315145814,18239,20197,17233.0,1006.0,2964.0,False,0.9030549091449225,237,0.9500000000000002
hliu36,3,test,mzehra2,237_AD_2-5_WL_Bruise_A244A_2026-02-16_DSC_7118,0.7565852985795063,0.6084738243123337,0.8662105263157894,0.6715906308659104,9500,12253,8229.0,1271.0,4024.0,False,0.7753203297151718,237,0.9500000000000002
hliu36,3,test,mzehra2,237_AD_2-5_WL_Bruise_OC_A244A_2026-02-16_DSC_7120,0.8295534402350987,0.7087495224059822,0.9442949603665188,0.7396753061805753,13751,17555,12985.0,766.0,4570.0,False,0.7833095984050128,237,0.9500000000000002
hliu36,3,test,mzehra2,237_AD_2-5_WL_Bruise_OC_A244A_2026-02-16_DSC_7121,0.8013375796178344,0.6685264891864605,0.957676790743701,0.6888791545748234,13137,18263,12581.0,556.0,5682.0,False,0.7193232218145978,237,0.9500000000000002
hliu36,3,test,mzehra2,237_AE_2-5_WL_Bruise_A244A_2026-02-16_DSC_7217,0.6866848081073473,0.5228636753358102,0.7740638883012482,0.6170320404721754,4727,5930,3659.0000000000005,1067.9999999999995,2270.9999999999995,False,0.797133220910624,237,0.9500000000000002
hliu36,3,test,mzehra2,237_AE_2-5_WL_Bruise_A244A_2026-02-16_DSC_7218,0.849659131682813,0.7386150966936993,0.7787765840824381,0.9347368421052632,4561,3800,3552.0,1009.0,248.0,False,1.200263157894737,237,0.9500000000000002
hliu36,3,test,mzehra2,237_AE_2-5_WL_Bruise_A244A_2026-02-16_DSC_7219,0.8300101385603245,0.7094165222414789,0.9512006196746708,0.7362110311750599,3873,5004,3684.0,189.0,1320.0,False,0.7739808153477218,237,0.9500000000000002
hliu36,3,test,mzehra2,237_AE_2-5_WL_Bruise_OC_A244A_2026-02-16_DSC_7221,0.8500317921700427,0.7391785150078989,0.8036757128134662,0.9020628494312705,5822,5187,4679.0,1143.0,508.0,False,1.122421438210912,237,0.9500000000000002
hliu36,3,test,mzehra2,237_AE_2-5_WL_Bruise_OC_A244A_2026-02-16_DSC_7222,0.5007767995857069,0.33402417962003456,0.3675408589889776,0.7855402112103981,7893,3693,2901.0,4992.0,792.0,False,2.1372867587327375,237,0.9500000000000002
hliu36,3,test,mzehra2,237_B_2-4_WL_Bruise_A244A_2026-03-08_DSC_4584,0.8177462116605453,0.6916841542196437,0.9791472506989748,0.7020254750469826,17168,23945,16810.0,358.0,7135.0,False,0.716976404259762,237,0.9500000000000002
hliu36,3,test,mzehra2,237_B_2-4_WL_Bruise_A244A_2026-03-08_DSC_4587,0.6923910016400037,0.5295092053575654,0.9921078300966569,0.5317490494296578,11277,21040,11188.0,89.0,9852.0,False,0.5359790874524715,237,0.9500000000000002
hliu36,3,test,mzehra2,237_B_2-4_WL_Bruise_A244A_2026-03-08_DSC_4588,0.8097156536462895,0.6802707740606299,0.9035704977847276,0.7335237490743679,15348,18906,13868.0,1480.0,5038.0,False,0.8118057759441447,237,0.9500000000000002
hliu36,3,test,mzehra2,237_B_2-4_WL_Bruise_OC_A244A_2026-03-08_DSC_4591,0.5876571483098356,0.4160867508952098,0.9844149616368286,0.41884585302819055,12512,29407,12317.0,195.0,17090.0,False,0.4254769272622165,237,0.9500000000000002
hliu36,3,test,mzehra2,237_B_2-4_WL_Bruise_OC_A244A_2026-03-08_DSC_4592,0.7591053964967719,0.6117404285212504,0.9717533826196122,0.6228152518886058,14338,22371,13933.0,405.0,8438.0,False,0.6409190469804658,237,0.9500000000000002
hliu36,3,test,mzehra2,237_C_2-4_WL_Bruise_A244A_2026-03-08_DSC_4608,0.5821331074084534,0.41056964546540964,0.9359769940971697,0.4224332263132728,6607,14639,6184.0,423.0,8455.0,False,0.45132864266684886,237,0.9500000000000002
hliu36,3,test,mzehra2,237_C_2-4_WL_Bruise_A244A_2026-03-08_DSC_4609,0.5724111578142912,0.4009635974304068,0.9960106382978723,0.40160857908847186,3008,7460,2996.0,12.0,4464.0,False,0.4032171581769437,237,0.9500000000000002
hliu36,3,test,mzehra2,237_C_2-4_WL_Bruise_A244A_2026-03-08_DSC_4610,0.7046997619257561,0.5440435670524166,0.8693886431213286,0.5924681229613522,13789,20234,11988.0,1801.0,8246.0,False,0.6814767223485223,237,0.9500000000000002
hliu36,3,test,mzehra2,237_C_2-4_WL_Bruise_OC_A244A_2026-03-08_DSC_4613,0.5594633952605799,0.3883715230976596,0.8820091832475303,0.40965490500193874,7187,15474,6339.0,848.0,9135.0,False,0.46445650769031926,237,0.9500000000000002
hliu36,3,test,mzehra2,237_C_2-4_WL_Bruise_OC_A244A_2026-03-08_DSC_4615,0.5860227536568378,0.41444991789819374,0.9514953505906006,0.4233952135987475,3979,8942,3786.0000000000005,192.99999999999955,5156.0,False,0.4449787519570566,237,0.9500000000000002
hliu36,3,test,mzehra2,237_E_2-4_WL_Bruise_A244A_2026-03-08_DSC_4651,0.8463224663028777,0.7335866752910737,0.8447858472998138,0.8478646855434071,10740,10701,9073.0,1667.0,1628.0,False,1.0036445192038128,237,0.9500000000000002
hliu36,3,test,mzehra2,237_E_2-4_WL_Bruise_A244A_2026-03-08_DSC_4652,0.8176464909740322,0.691541476159373,0.8850574712643678,0.7597775385719412,9570,11148,8470.0,1100.0,2678.0,False,0.8584499461786868,237,0.9500000000000002
hliu36,3,test,mzehra2,237_E_2-4_WL_Bruise_A244A_2026-03-08_DSC_4653,0.834033229870367,0.7153147510178516,0.9140875133404482,0.7668718522663682,7496,8935,6852.0,644.0,2083.0,False,0.8389479574706211,237,0.9500000000000002
hliu36,3,test,mzehra2,237_E_2-4_WL_Bruise_OC_A244A_2026-03-08_DSC_4656,0.8699880205764217,0.769892741332003,0.9485248924400738,0.8034621892489913,6508,7683,6173.0,335.0,1510.0,False,0.8470649485877912,237,0.9500000000000002
hliu36,3,test,mzehra2,237_E_2-4_WL_Bruise_OC_A244A_2026-03-08_DSC_4657,0.7957586837294333,0.6607966966237552,0.9738679076427421,0.6727250247279921,5587,8088,5441.0,146.0,2647.0,False,0.6907764589515332,237,0.9500000000000002
hliu36,3,test,mzehra2,237_J_2-4_WL_Bruise_A244A_2026-02-26_DSC_5578,0.7980574666127074,0.663973063973064,0.8191224227777358,0.7780487804878049,13241,13940,10846.0,2395.0,3094.0,False,0.9498565279770445,237,0.9500000000000002
hliu36,3,test,mzehra2,237_J_2-4_WL_Bruise_A244A_2026-02-26_DSC_5579,0.6778371710526315,0.5126729902037008,0.7480431083380601,0.6196786016351846,8815,10641,6593.999999999999,2221.000000000001,4047.000000000001,False,0.8283995865050278,237,0.9500000000000002
hliu36,3,test,mzehra2,237_J_2-4_WL_Bruise_A244A_2026-02-26_DSC_5580,0.7398899050756361,0.5871629058888277,0.7271875266252024,0.7530439385918475,11737,11334,8535.0,3202.0,2799.0,False,1.0355567319569436,237,0.9500000000000002
hliu36,3,test,mzehra2,237_J_2-4_WL_Bruise_OC_A244A_2026-02-26_DSC_5582,0.8647096362476069,0.761663856098932,0.7866473149492017,0.9599716613531704,13780,11292,10840.0,2940.0,452.0,False,1.220332979100248,237,0.9500000000000002
hliu36,3,test,mzehra2,237_J_2-4_WL_Bruise_OC_A244A_2026-02-26_DSC_5583,0.7948903887990182,0.6596000740603591,0.8640552995391705,0.7359776882553455,8246,9681,7124.999999999999,1121.000000000001,2556.000000000001,False,0.8517715112075199,237,0.9500000000000002
hliu36,3,test,mzehra2,237_N_2-4_WL_Bruise_A244A_2026-02-26_DSC_5858,0.45765849143914855,0.29672967296729674,0.7353159851301115,0.3322136378904938,5380,11908,3956.0,1424.0,7952.0,False,0.4517971111857575,237,0.9500000000000002
hliu36,3,test,mzehra2,237_N_2-4_WL_Bruise_A244A_2026-02-26_DSC_5859,0.9233094830192482,0.8575439910146013,0.8850463678516228,0.9650305456077523,5176,4747,4581.0,595.0,166.0,False,1.0903728670739414,237,0.9500000000000002
hliu36,3,test,mzehra2,237_N_2-4_WL_Bruise_A244A_2026-02-26_DSC_5860,0.8275364410448838,0.705809945839488,0.7410183509950892,0.9369281045751634,3869,3060,2867.0,1002.0,193.0,False,1.2643790849673202,237,0.9500000000000002
hliu36,3,test,mzehra2,237_N_2-4_WL_Bruise_OC_A244A_2026-02-26_DSC_5862,0.8236228166605595,0.7001349807911951,0.7216395547945206,0.9591749644381223,9344,7030,6743.0,2601.0,287.0,False,1.3291607396870555,237,0.9500000000000002
hliu36,3,test,mzehra2,237_N_2-4_WL_Bruise_OC_A244A_2026-02-26_DSC_5863,0.7251810822326374,0.5688502673796791,0.5690404546974256,0.9994128009395185,5982,3406,3404.0,2578.0,2.0,False,1.7563123899001762,237,0.9500000000000002
hliu36,3,test,mzehra2,237_S_2-4_WL_Bruise_A244A_2026-02-27_DSC_6307,0.6953152938371677,0.5329374143444495,0.9690173602458676,0.5421759538969187,12039,21517,11666.0,373.0,9851.0,False,0.559511084258958,237,0.9500000000000002
hliu36,3,test,mzehra2,237_S_2-4_WL_Bruise_A244A_2026-02-27_DSC_6308,0.7315469855380955,0.5767237549972855,0.9520899535565877,0.5939612667107202,12273,19673,11685.0,588.0,7988.0,False,0.6238499466273573,237,0.9500000000000002
hliu36,3,test,mzehra2,237_S_2-4_WL_Bruise_A244A_2026-02-27_DSC_6309,0.7061261190820595,0.5457457094512932,0.980990658266348,0.5515788187870274,9206,16373,9031.0,175.0,7342.0,False,0.5622671471324742,237,0.9500000000000002
hliu36,3,test,mzehra2,237_S_2-4_WL_Bruise_OC_A244A_2026-02-27_DSC_6311,0.721601399280925,0.5644572818485862,0.9571232170476027,0.5791005978684689,11638,19235,11139.0,499.0,8096.0,False,0.6050428905640759,237,0.9500000000000002
hliu36,3,test,mzehra2,237_S_2-4_WL_Bruise_OC_A244A_2026-02-27_DSC_6312,0.848792307109866,0.737305972112602,0.9269059037539276,0.7828212290502793,12094,14320,11210.0,884.0,3110.0,False,0.8445530726256983,237,0.9500000000000002
hliu36,3,test,mzehra2,237_Z_2-5_WL_Bruise_A244A_2026-02-16_DSC_7025,0.8481812013986744,0.7363842319891255,0.8979005524861878,0.8036791613094649,18100,20222,16252.0,1848.0,3970.0,False,0.8950647809316586,237,0.9500000000000002
hliu36,3,test,mzehra2,237_Z_2-5_WL_Bruise_A244A_2026-02-16_DSC_7026,0.9182049847722046,0.8487790864694054,0.9652401176086246,0.8755408048361287,15305,16873,14773.0,532.0,2100.0,False,0.9070704676109761,237,0.9500000000000002
hliu36,3,test,mzehra2,237_Z_2-5_WL_Bruise_A244A_2026-02-16_DSC_7027,0.9001000707817725,0.8183472394816261,0.9041384720996372,0.8960975846819265,20394,20577,18439.0,1955.0,2138.0,False,0.9911065753025222,237,0.9500000000000002
hliu36,3,test,mzehra2,237_Z_2-5_WL_Bruise_OC_A244A_2026-02-16_DSC_7030,0.8933374339474935,0.8072356121469355,0.9265209070347388,0.8624487151803066,17243,18524,15976.0,1267.0,2548.0,False,0.9308464694450442,237,0.9500000000000002
hliu36,3,test,mzehra2,247_A_2-4_WL_Bruise_A244A_2026-02-27_DSC_6202,0.8268743914313534,0.7048472775564409,0.7245733788395905,0.9628117913832199,5860,4410,4246.0,1614.0,164.0,False,1.3287981859410432,247,0.9500000000000002
hliu36,3,test,mzehra2,247_A_2-4_WL_Bruise_A244A_2026-02-27_DSC_6203,0.8926787672067243,0.8061606160616062,0.8554751342516927,0.9332654100866021,4283,3926,3664.0,619.0,262.0,False,1.0909322465613855,247,0.9500000000000002
hliu36,3,test,mzehra2,247_A_2-4_WL_Bruise_A244A_2026-02-27_DSC_6204,0.863001122105478,0.7590166876009331,0.785369476420349,0.9576635725605614,5386,4417,4230.0,1156.0,187.0,False,1.2193796694589087,247,0.9500000000000002
hliu36,3,test,mzehra2,247_A_2-4_WL_Bruise_OC_A244A_2026-02-27_DSC_6206,0.8666315234580917,0.7646511627906977,0.7650781831720029,0.9992706053975201,5372,4113,4110.0,1262.0,3.0,False,1.3061026015074155,247,0.9500000000000002
hliu36,3,test,mzehra2,247_A_2-4_WL_Bruise_OC_A244A_2026-02-27_DSC_6207,0.8679350090265241,0.7666830225711482,0.8346688034188035,0.9039629736765982,3744,3457,3125.0,619.0,332.0,False,1.0830199595024588,247,0.9500000000000002
hliu36,3,test,mzehra2,250_A_2-4_WL_Bruise_A244A_2026-02-27_DSC_6537,0.9397967806426348,0.8864307931570762,0.921395085677336,0.9589484752891693,24744,23775,22799.0,1945.0,976.0,False,1.0407570977917981,250,0.9500000000000002
hliu36,3,test,mzehra2,250_A_2-4_WL_Bruise_A244A_2026-02-27_DSC_6538,0.9295750696171587,0.8684168718722695,0.9204378025678804,0.9388955685331501,23755,23288,21865.0,1890.0,1423.0,False,1.020053246307111,250,0.9500000000000002
hliu36,3,test,mzehra2,250_A_2-4_WL_Bruise_OC_A244A_2026-02-27_DSC_6541,0.9292636804160265,0.8678735029527016,0.8991108951084936,0.9615090647833929,34979,32709,31450.0,3529.0,1259.0,False,1.0693998593659237,250,0.9500000000000002
hliu36,3,test,mzehra2,250_A_2-4_WL_Bruise_OC_A244A_2026-02-27_DSC_6542,0.9518459069020867,0.9081163859111792,0.920145327933997,0.9858087012934356,26423,24663,24313.0,2110.0,350.0,False,1.0713619592101529,250,0.9500000000000002
hliu36,3,test,mzehra2,250_A_2-4_WL_Bruise_OC_A244A_2026-02-27_DSC_6543,0.9412633366559604,0.8890438663784085,0.9117110674056856,0.9727956045633179,27965,26209,25496.0,2469.0,713.0,False,1.0669998855355032,250,0.9500000000000002
hliu36,3,test,mzehra2,254_A_2-5_WL_Bruise_A244A_2026-02-16_DSC_6925,0.8353096179183136,0.7171945701357466,0.7215477996965098,0.9916579770594369,1318,959,951.0,367.0,8.0,False,1.3743482794577686,254,0.9500000000000002
hliu36,3,test,mzehra2,254_A_2-5_WL_Bruise_A244A_2026-02-16_DSC_6926,0.9172121678860223,0.8470839260312945,0.899546827794562,0.9355852317360566,1324,1273,1191.0,133.0,82.0,False,1.040062843676355,254,0.9500000000000002
hliu36,3,test,mzehra2,254_A_2-5_WL_Bruise_A244A_2026-02-16_DSC_6927,0.8305190744215134,0.7101604278074867,0.894878706199461,0.7747957992998833,742,857,664.0,78.0,193.0,False,0.8658109684947491,254,0.9500000000000002
hliu36,3,test,mzehra2,254_A_2-5_WL_Bruise_OC_A244A_2026-02-16_DSC_6930,0.7679558011049724,0.6233183856502242,0.6303854875283447,0.9823321554770318,1323,849,834.0,489.0,15.0,False,1.558303886925795,254,0.9500000000000002
hliu36,3,test,mzehra2,254_A_2-5_WL_Bruise_OC_A244A_2026-02-16_DSC_6931,0.12994466079114572,0.06948706707584393,0.06963207029104887,0.9709035222052067,9105,653,634.0,8471.0,19.0,False,13.94333843797856,254,0.9500000000000002
hliu36,3,test,mzehra2,254_B_2-5_WL_Bruise_A244A_2026-02-16_DSC_6954,0.1843379247703501,0.10152656008251676,0.9465333205115877,0.1021121646575513,10399,96394,9843.0,556.0,86551.0,False,0.10788015851609022,254,0.9500000000000002
hliu36,3,test,mzehra2,254_B_2-5_WL_Bruise_A244A_2026-02-16_DSC_6955,0.15130864620835477,0.08184635358304805,0.9900906796298028,0.08191345372984261,10697,129295,10591.0,106.0,118704.0,False,0.08273328434974284,254,0.9500000000000002
hliu36,3,test,mzehra2,254_B_2-5_WL_Bruise_A244A_2026-02-16_DSC_6956,0.18032925642219308,0.09909993720492127,0.9681890479436491,0.09942366474554915,8802,85714,8522.0,280.0,77192.0,False,0.102690342301141,254,0.9500000000000002
hliu36,3,test,mzehra2,254_B_2-5_WL_Bruise_OC_A244A_2026-02-16_DSC_6960,0.20634250364208348,0.11504008098595694,0.9546742209631728,0.11567186260933376,10237,84489,9773.0,464.0,74716.0,False,0.12116370178366415,254,0.9500000000000002
hliu36,3,test,mzehra2,254_B_2-5_WL_Bruise_OC_A244A_2026-02-16_DSC_6961,0.20979195839167833,0.11718859122272816,0.9483440714366452,0.11794143694561199,8847,71137,8390.0,457.0,62747.0,False,0.1243656606266781,254,0.9500000000000002
hliu36,3,test,mzehra2,260_A_2-5_WL_Bruise_A244A_2026-02-17_DSC_7634,0.7792374239025953,0.6383202099737533,0.7647798742138365,0.7942521227955585,4770,4593,3648.0,1122.0,945.0,False,1.038536903984324,260,0.9500000000000002
hliu36,3,test,mzehra2,260_A_2-5_WL_Bruise_A244A_2026-02-17_DSC_7635,0.6146090534979424,0.4436358235556216,0.46017562779232785,0.9250541963456178,6491,3229,2987.0,3504.0,242.0,False,2.0102198823165067,260,0.9500000000000002
hliu36,3,test,mzehra2,260_A_2-5_WL_Bruise_A244A_2026-02-17_DSC_7636,0.7098278734036646,0.5501807540024101,0.5754411235145841,0.9261083743842364,5554,3451,3196.0,2358.0,255.0,False,1.6093885830194146,260,0.9500000000000002
hliu36,3,test,mzehra2,260_A_2-5_WL_Bruise_OC_A244A_2026-02-17_DSC_7638,0.685751954044637,0.5217827457724277,0.5250937409864436,0.9880597014925373,6934,3685,3641.0,3293.0,44.0,False,1.8816824966078698,260,0.9500000000000002
hliu36,3,test,mzehra2,260_A_2-5_WL_Bruise_OC_A244A_2026-02-17_DSC_7639,0.7050891290292787,0.5445078459343795,0.6802708964533951,0.7317868098159509,5611,5216,3817.0,1794.0,1399.0,False,1.075728527607362,260,0.9500000000000002
hliu36,3,test,mzehra2,285_F_2-6_WL_Bruise_A244A_2026-04-06_DSC_2339,0.4542489929023595,0.29386944651278235,0.7010065127294257,0.33598183881952326,1689,3524,1184.0,505.0,2340.0,False,0.4792849035187287,285,0.9500000000000002
hliu36,3,test,mzehra2,285_F_2-6_WL_Bruise_A244A_2026-04-06_DSC_2340,0.5719969057354404,0.40055718928958367,0.8693315418206248,0.4262187088274045,2977,6072,2588.0,389.0,3484.0,False,0.4902832674571805,285,0.9500000000000002
hliu36,3,test,mzehra2,285_F_2-6_WL_Bruise_OC_A244A_2026-04-06_DSC_2343,0.844463971880492,0.7307984790874524,0.766347687400319,0.9403131115459883,1254,1022,961.0,293.0,61.0,False,1.2270058708414873,285,0.9500000000000002
hliu36,3,test,mzehra2,285_F_2-6_WL_Bruise_OC_A244A_2026-04-06_DSC_2344,0.4778526455318679,0.31393323657474603,0.5890522875816994,0.4019698940717339,3672,5381,2163.0,1509.0,3218.0,False,0.6824010406987548,285,0.9500000000000002
hliu36,3,test,mzehra2,285_G_2-6_WL_Bruise_A244A_2026-05-29_DSC_3860,0.8570036540803898,0.7497868712702472,0.8295213393067673,0.8863693625598388,4241,3969,3518.0,723.0,451.0,False,1.0685311161501638,285,0.9500000000000002
hliu36,3,test,mzehra2,285_G_2-6_WL_Bruise_A244A_2026-05-29_DSC_3861,0.8123052959501558,0.6839344262295082,0.7994379151762903,0.8255936675461741,3914,3790,3129.0,785.0,661.0,False,1.0327176781002638,285,0.9500000000000002
hliu36,3,test,mzehra2,285_G_2-6_WL_Bruise_A244A_2026-05-29_DSC_3862,0.8601136501027687,0.7545608824777259,0.8881398252184769,0.8338021565869667,4005,4266,3557.0,448.0,709.0,False,0.9388185654008439,285,0.9500000000000002
hliu36,3,test,mzehra2,285_G_2-6_WL_Bruise_OC_A244A_2026-05-29_DSC_3864,0.8823810890994354,0.7895187532111663,0.8507104631850895,0.9165009940357853,5419,5030,4610.0,809.0,420.0,False,1.0773359840954275,285,0.9500000000000002
hliu36,3,test,mzehra2,285_G_2-6_WL_Bruise_OC_A244A_2026-05-29_DSC_3865,0.8638906152889994,0.7603938730853391,0.8239478363959691,0.9079033311561071,5061,4593,4170.0,891.0,423.0,False,1.101894186806009,285,0.9500000000000002
hliu36,3,test,nmousta5,170_F_2-4_WL_Bruise_A244A_2026-03-05_DSC_1856,0.8042427078458899,0.6725802243673363,0.8204964990451942,0.7886203732028143,3142,3269,2578.0,564.0,691.0,False,0.961150198837565,170,0.9500000000000002
hliu36,3,test,nmousta5,170_F_2-4_WL_Bruise_OC_A244A_2026-03-05_DSC_1860,0.3314491685098714,0.19864493322859386,0.31713434707634425,0.34711736444749486,6379,5828,2023.0,4356.0,3805.0,False,1.0945435827041867,170,0.9500000000000002
hliu36,3,test,nmousta5,182_Q_2-6_WL_Bruise_A244A_2026-04-06_DSC_2484,0.32304482336858764,0.19263772095417883,0.9140879478827362,0.19618981036441493,2456,11443,2245.0,211.0,9198.0,False,0.2146290308485537,182,0.9500000000000002
hliu36,3,test,nmousta5,182_Q_2-6_WL_Bruise_A244A_2026-04-06_DSC_2485,0.6836181742392664,0.51931602279924,0.7819453273998729,0.6072574672920267,3146,4051,2460.0,686.0,1591.0,False,0.7765983707726487,182,0.9500000000000002
hliu36,3,test,nmousta5,182_Q_2-6_WL_Bruise_A244A_2026-04-06_DSC_2486,0.29394132073757834,0.17229262059418593,0.3570955638931803,0.24976844705155912,4531,6478,1618.0,2913.0,4860.0,False,0.6994442729237419,182,0.9500000000000002
hliu36,3,test,nmousta5,182_Q_2-6_WL_Bruise_OC_A244A_2026-04-06_DSC_2488,0.7583550470148408,0.6107664233576642,0.8116890990663271,0.7115977463590943,8247,9407,6694.0,1553.0,2713.0,False,0.8766875730838737,182,0.9500000000000002
hliu36,3,test,nmousta5,20_D_2-6_WL_Bruise_A244A_2026-04-04_DSC_0400,0.8965152183502426,0.8124400383754398,0.8137411915438821,0.9980357493616185,12488,10182,10162.0,2326.0,20.0,False,1.226478098605382,20,0.9500000000000002
hliu36,3,test,nmousta5,20_D_2-6_WL_Bruise_OC_A244A_2026-04-04_DSC_0403,0.9120715350223547,0.8383561643835616,0.869249585733449,0.9593311852303406,25346,22966,22032.0,3314.0,934.0,False,1.1036314551946356,20,0.9500000000000002
hliu36,3,test,nmousta5,20_D_2-6_WL_Bruise_OC_A244A_2026-04-04_DSC_0404,0.9252453867294856,0.8608898955212976,0.8666838292081939,0.9922944123963114,27191,23749,23566.0,3625.0,183.0,False,1.1449324182070824,20,0.9500000000000002
hliu36,3,test,nmousta5,226_A_2-4_WL_Bruise_A244A_2026-03-06_DSC_3569,0.641218760698391,0.47190728143109095,0.5117486338797814,0.8583868010999084,3660,2182,1873.0000000000002,1786.9999999999998,308.9999999999998,False,1.6773602199816682,226,0.9500000000000002
hliu36,3,test,nmousta5,226_A_2-4_WL_Bruise_A244A_2026-03-06_DSC_3570,0.6425630928942188,0.4733649789029536,0.48265662812584026,0.9609207708779444,3719,1868,1795.0,1924.0,73.0,False,1.990899357601713,226,0.9500000000000002
hliu36,3,test,nmousta5,226_A_2-4_WL_Bruise_A244A_2026-03-06_DSC_3571,0.38858722480007896,0.24114691826981988,0.2563501367721766,0.802610114192496,7677,2452,1967.9999999999998,5709.0,484.0000000000002,False,3.1309135399673735,226,0.9500000000000002
hliu36,3,test,nmousta5,226_A_2-4_WL_Bruise_OC_A244A_2026-03-06_DSC_3573,0.7464096006295495,0.5954174513496547,0.6141146001942376,0.9513540621865597,3089,1994,1897.0000000000002,1191.9999999999998,96.99999999999977,False,1.5491474423269809,226,0.9500000000000002
hliu36,3,test,nmousta5,226_A_2-4_WL_Bruise_OC_A244A_2026-03-06_DSC_3574,0.6207026822818285,0.4500136948781156,0.4996958637469586,0.8190428713858424,3288,2006,1643.0,1645.0,363.0,False,1.6390827517447657,226,0.9500000000000002
hliu36,3,test,nmousta5,226_C_2-4_WL_Bruise_A244A_2026-03-06_DSC_3610,0.6489112830664028,0.48028769312733083,0.48028769312733083,1.0,3754,1803,1803.0000000000002,1950.9999999999998,-2.2737367544323206e-13,False,2.082085413200222,226,0.9500000000000002
hliu36,3,test,nmousta5,226_C_2-4_WL_Bruise_A244A_2026-03-06_DSC_3611,0.7469967236985803,0.5961650203370134,0.5961650203370134,1.0,3442,2052,2052.0,1390.0,0.0,False,1.6773879142300194,226,0.9500000000000002
hliu36,3,test,nmousta5,226_C_2-4_WL_Bruise_A244A_2026-03-06_DSC_3612,0.7519294377067255,0.6024734982332155,0.6039674105561459,0.9959112149532711,2823,1712,1705.0,1118.0,7.0,False,1.6489485981308412,226,0.9500000000000002
hliu36,3,test,nmousta5,226_C_2-4_WL_Bruise_OC_A244A_2026-03-06_DSC_3614,0.6968788573443837,0.5347767253044655,0.5376870748299319,0.9899799599198397,3675,1996,1976.0,1699.0,20.0,False,1.841182364729459,226,0.9500000000000002
hliu36,3,test,nmousta5,226_C_2-4_WL_Bruise_OC_A244A_2026-03-06_DSC_3615,0.7759097680357523,0.6338664812239221,0.635191637630662,0.9967195188627666,2870,1829,1823.0,1047.0,6.0,False,1.5691634773100054,226,0.9500000000000002
hliu36,3,test,nmousta5,228_B_2-4_WL_Bruise_A244A_2026-03-06_DSC_3718,0.6872427983539094,0.5235109717868338,0.5235109717868338,1.0,3509,1837,1837.0,1672.0,0.0,False,1.910179640718563,228,0.9500000000000002
hliu36,3,test,nmousta5,228_B_2-4_WL_Bruise_A244A_2026-03-06_DSC_3719,0.7161862527716186,0.5578583765112263,0.5578583765112263,1.0,3474,1938,1938.0,1536.0,0.0,False,1.7925696594427245,228,0.9500000000000002
hliu36,3,test,nmousta5,228_B_2-4_WL_Bruise_A244A_2026-03-06_DSC_3720,0.8581301593396046,0.7515131136516476,0.8809617658651951,0.8364520958083832,2537,2672,2235.0,302.0,437.0,False,0.9494760479041916,228,0.9500000000000002
hliu36,3,test,nmousta5,228_B_2-4_WL_Bruise_A244A_2026-03-06_DSC_3721,0.7905778432094221,0.6536822884966524,0.6820491109229466,0.9401809162532827,4724,3427,3222.0,1502.0,205.0,False,1.3784651298511819,228,0.9500000000000002
hliu36,3,test,nmousta5,228_B_2-4_WL_Bruise_OC_A244A_2026-03-06_DSC_3723,0.6900314795383001,0.5267542454341557,0.5267542454341557,1.0,3121,1644,1644.0,1477.0,0.0,False,1.8984184914841848,228,0.9500000000000002
hliu36,3,test,nmousta5,228_B_2-4_WL_Bruise_OC_A244A_2026-03-06_DSC_3724,0.8378127896200185,0.7208931419457735,0.7269218398198778,0.9886264216972879,3109,2286,2260.0,849.0,26.0,False,1.3600174978127735,228,0.9500000000000002
hliu36,3,test,nmousta5,232_A_2-4_WL_Bruise_A244A_2026-03-06_DSC_3868,0.3061466172594262,0.18073973838520524,0.1949214379530087,0.7129893238434164,20557,5620,4007.0,16550.0,1613.0,False,3.657829181494662,232,0.9500000000000002
hliu36,3,test,nmousta5,232_A_2-4_WL_Bruise_A244A_2026-03-06_DSC_3869,0.5638000947917216,0.3925638017013787,0.410285889476508,0.9008751262201279,13047,5942,5353.0,7694.0,589.0,False,2.195725345001683,232,0.9500000000000002
hliu36,3,test,nmousta5,232_A_2-4_WL_Bruise_A244A_2026-03-06_DSC_3870,0.19624874118831823,0.10880033498499546,0.15610293381395815,0.2641925097441112,9987,5901,1559.0,8428.0,4342.0,False,1.6924250127097102,232,0.9500000000000002
hliu36,3,test,nmousta5,232_A_2-4_WL_Bruise_OC_A244A_2026-03-06_DSC_3876,0.7927324886445135,0.6566336633663367,0.6983993260320135,0.9165284687672748,9496,7236,6632.0,2864.0,604.0,False,1.31232725262576,232,0.9500000000000002
hliu36,3,test,nmousta5,232_A_2-4_WL_Bruise_OC_A244A_2026-03-06_DSC_3877,0.7163541967118546,0.5580621966564803,0.5757070004636069,0.9479389312977099,10785,6550,6209.0,4576.0,341.0,False,1.6465648854961832,232,0.9500000000000002
hliu36,3,test,nmousta5,233_B_2-4_WL_Bruise_A244A_2026-03-06_DSC_4197,0.5511249432665499,0.3803812762910588,0.977236146240515,0.38378183131659743,4349,11074,4250.0,99.0,6824.0,False,0.39272169044608995,233,0.9500000000000002
hliu36,3,test,nmousta5,233_B_2-4_WL_Bruise_A244A_2026-03-06_DSC_4199,0.5343020238713025,0.3645376009063872,0.7601890135853514,0.4119059049447912,3386,6249,2574.0,812.0,3675.0,False,0.5418466954712754,233,0.9500000000000002
hliu36,3,test,nmousta5,233_B_2-4_WL_Bruise_OC_A244A_2026-03-06_DSC_4201,0.5199814126394052,0.35133437990580846,0.7571041948579161,0.39596602972399153,4434,8478,3357.0,1077.0,5121.0,False,0.5230007077140835,233,0.9500000000000002
hliu36,3,test,nmousta5,235_A_2-4_WL_Bruise_A244A_2026-03-08_DSC_4349,0.8332427406665713,0.714152608866222,0.9779076013967231,0.7258635298808752,14892,20063,14563.0,329.0,5500.0,False,0.7422618750934556,235,0.9500000000000002
hliu36,3,test,nmousta5,235_A_2-4_WL_Bruise_A244A_2026-03-08_DSC_4350,0.3517772077684133,0.21342819030680302,0.9149560117302052,0.21774784520361518,6820,28657,6240.0,580.0,22417.0,False,0.2379872282513871,235,0.9500000000000002
hliu36,3,test,nmousta5,235_A_2-4_WL_Bruise_A244A_2026-03-08_DSC_4351,0.9038826356393069,0.82462212991808,0.8309015869325118,0.9909185441941074,17203,14425,14294.0,2909.0,131.0,False,1.192582322357019,235,0.9500000000000002
hliu36,3,test,nmousta5,235_A_2-4_WL_Bruise_OC_A244A_2026-03-08_DSC_4353,0.8798217337689029,0.7854301054501912,0.8549445005045408,0.9061901154240385,23784,22439,20334.0,3450.0,2105.0,False,1.0599402825437854,235,0.9500000000000002
hliu36,3,test,nmousta5,235_A_2-4_WL_Bruise_OC_A244A_2026-03-08_DSC_4354,0.7583586251141214,0.6107710651828299,0.6733415125755849,0.8679469076532053,22822,17705,15367.0,7455.0,2338.0,False,1.2890144027110986,235,0.9500000000000002
hliu36,3,test,nmousta5,236_C_2-4_WL_Bruise_A244A_2026-03-08_DSC_4462,0.38170075349838534,0.2358653718238659,0.24122448979591837,0.9139175257731958,7350,1940,1773.0,5577.0,167.0,False,3.788659793814433,236,0.9500000000000002
hliu36,3,test,nmousta5,236_C_2-4_WL_Bruise_A244A_2026-03-08_DSC_4463,0.42379064234734337,0.2688669752465285,0.27011726647796197,0.9830757910228108,4946,1359,1336.0,3610.0,23.0,False,3.6394407652685796,236,0.9500000000000002
hliu36,3,test,nmousta5,236_C_2-4_WL_Bruise_A244A_2026-03-08_DSC_4464,0.0,0.0,0.0,0.0,1408,1900,0.0,1408.0,1900.0,True,0.7410526315789474,236,0.9500000000000002
hliu36,3,test,nmousta5,236_C_2-4_WL_Bruise_OC_A244A_2026-03-08_DSC_4467,0.0,0.0,0.0,0.0,2701,1718,0.0,2701.0,1718.0,True,1.5721769499417928,236,0.9500000000000002
hliu36,3,test,nmousta5,236_C_2-4_WL_Bruise_OC_A244A_2026-03-08_DSC_4468,0.0,0.0,0.0,0.0,4110,1729,0.0,4110.0,1729.0,True,2.3770965876229035,236,0.9500000000000002
hliu36,3,test,nmousta5,236_E_2-4_WL_Bruise_OC_A244A_2026-02-26_DSC_5722,0.37517241379310345,0.23089983022071306,0.23089983022071306,1.0,4712,1088,1088.0,3624.0,0.0,False,4.330882352941177,236,0.9500000000000002
hliu36,3,test,nmousta5,237_AC_2-5_WL_Bruise_A244A_2026-02-16_DSC_7084,0.5933252155761537,0.4217927428187825,0.9221381121581956,0.4373694815900348,12946,27295,11938.0,1008.0,15357.0,False,0.47429932222018684,237,0.9500000000000002
hliu36,3,test,nmousta5,237_AC_2-5_WL_Bruise_A244A_2026-02-16_DSC_7085,0.6774611808608203,0.5122429459588713,0.8675684432204762,0.5556939040207522,12346,19275,10711.0,1635.0,8564.0,False,0.6405188067444877,237,0.9500000000000002
hliu36,3,test,nmousta5,237_AC_2-5_WL_Bruise_A244A_2026-02-16_DSC_7086,0.7363761018609206,0.5827494264277299,0.9324337731917849,0.6084423151625016,20158,30892,18796.0,1362.0,12096.0,False,0.6525313997151366,237,0.9500000000000002
hliu36,3,test,nmousta5,237_AC_2-5_WL_Bruise_OC_A244A_2026-02-16_DSC_7088,0.8745169900011951,0.7770148302835097,0.933971495426505,0.8221789446088161,23505,26701,21953.0,1552.0,4748.0,False,0.8803041084603573,237,0.9500000000000002
hliu36,3,test,nmousta5,237_AC_2-5_WL_Bruise_OC_A244A_2026-02-16_DSC_7089,0.8361707769822329,0.7184651841049945,0.8440042826552463,0.828481345244351,28020,28545,23649.0,4371.0,4896.0,False,0.9816079873883342,237,0.9500000000000002
hliu36,3,test,nmousta5,237_AD_2-5_WL_Bruise_A244A_2026-02-16_DSC_7116,0.6984725965858042,0.5366560817340881,0.8942827562406535,0.5730080342006338,8693,13567,7774.000000000001,918.9999999999991,5792.999999999999,False,0.640745927618486,237,0.9500000000000002
hliu36,3,test,nmousta5,237_AD_2-5_WL_Bruise_A244A_2026-02-16_DSC_7117,0.9015149377944537,0.8206893009399558,0.8760348703328034,0.9285216178521618,18239,17208,15978.0,2261.0,1230.0,False,1.0599139934913993,237,0.9500000000000002
hliu36,3,test,nmousta5,237_AD_2-5_WL_Bruise_A244A_2026-02-16_DSC_7118,0.7605345173547368,0.6135987875447781,0.9375789473684211,0.6397328162034044,9500,13923,8907.0,593.0,5016.0,False,0.6823242117359765,237,0.9500000000000002
hliu36,3,test,nmousta5,237_AD_2-5_WL_Bruise_OC_A244A_2026-02-16_DSC_7120,0.8505223419142773,0.739920724801812,0.9502581630426878,0.7697337417530632,13751,16976,13067.0,684.0,3909.0,False,0.8100259189443921,237,0.9500000000000002
hliu36,3,test,nmousta5,237_AD_2-5_WL_Bruise_OC_A244A_2026-02-16_DSC_7121,0.8588437237500457,0.752608333866735,0.8950293065387835,0.8254703734905925,13137,14244,11758.0,1379.0,2486.0,False,0.9222830665543387,237,0.9500000000000002
hliu36,3,test,nmousta5,237_AE_2-5_WL_Bruise_A244A_2026-02-16_DSC_7217,0.8520013842427039,0.7421623794212219,0.7812566109583245,0.936834094368341,4727,3942,3693.0,1034.0,249.0,False,1.1991374936580417,237,0.9500000000000002
hliu36,3,test,nmousta5,237_AE_2-5_WL_Bruise_A244A_2026-02-16_DSC_7218,0.8756229456049199,0.7787627310448887,0.9052839289629467,0.8478439425051335,4561,4870,4129.0,432.0,741.0,False,0.9365503080082136,237,0.9500000000000002
hliu36,3,test,nmousta5,237_AE_2-5_WL_Bruise_A244A_2026-02-16_DSC_7219,0.7612715562019531,0.6145588728614559,0.9460366640846889,0.6368851034243004,3873,5753,3664.0,209.0,2089.0,False,0.6732139753172258,237,0.9500000000000002
hliu36,3,test,nmousta5,237_AE_2-5_WL_Bruise_OC_A244A_2026-02-16_DSC_7221,0.7868650409367022,0.6486211901306241,0.7676056338028169,0.8071157666606465,5822,5537,4469.0,1353.0,1068.0,False,1.0514719162001083,237,0.9500000000000002
hliu36,3,test,nmousta5,237_AE_2-5_WL_Bruise_OC_A244A_2026-02-16_DSC_7222,0.4511840465309514,0.29130901287553645,0.34397567464842266,0.6554804442298406,7893,4142,2715.0,5178.0,1427.0,False,1.9056011588604538,237,0.9500000000000002
hliu36,3,test,nmousta5,237_B_2-4_WL_Bruise_A244A_2026-03-08_DSC_4584,0.7894843004101392,0.6521884025772051,0.6839468779123952,0.9335347432024169,17168,12578,11742.0,5426.0,836.0,False,1.3649228812211798,237,0.9500000000000002
hliu36,3,test,nmousta5,237_B_2-4_WL_Bruise_A244A_2026-03-08_DSC_4587,0.7802815673625942,0.6397226986849628,0.7937394697171234,0.7672724155666039,11277,11666,8951.0,2326.0,2715.0,False,0.9666552374421395,237,0.9500000000000002
hliu36,3,test,nmousta5,237_B_2-4_WL_Bruise_A244A_2026-03-08_DSC_4588,0.6937054358659818,0.53104824509919,0.5895230648944488,0.8426150121065376,15348,10738,9048.0,6300.0,1690.0,False,1.4293164462655987,237,0.9500000000000002
hliu36,3,test,nmousta5,237_B_2-4_WL_Bruise_OC_A244A_2026-03-08_DSC_4591,0.7476718012093393,0.5970254458306901,0.6769501278772379,0.8348940364711681,12512,10145,8470.0,4042.0,1675.0,False,1.233316904879251,237,0.9500000000000002
hliu36,3,test,nmousta5,237_B_2-4_WL_Bruise_OC_A244A_2026-03-08_DSC_4592,0.7305833620987228,0.5755268524813052,0.5904589203515135,0.957909029192125,14338,8838,8466.0,5872.0,372.0,False,1.6223127404390134,237,0.9500000000000002
hliu36,3,test,nmousta5,237_C_2-4_WL_Bruise_A244A_2026-03-08_DSC_4608,0.6798798798798799,0.5150136487716106,0.7710004540638716,0.6080210074003342,6607,8378,5094.0,1513.0,3284.0,False,0.7886130341370255,237,0.9500000000000002
hliu36,3,test,nmousta5,237_C_2-4_WL_Bruise_A244A_2026-03-08_DSC_4609,0.7242773700763816,0.5677389058464428,0.8038563829787234,0.6590351594439902,3008,3669,2418.0,590.0,1251.0,False,0.8198419187789588,237,0.9500000000000002
hliu36,3,test,nmousta5,237_C_2-4_WL_Bruise_A244A_2026-03-08_DSC_4610,0.8370764167661205,0.7198034581415599,0.8392921894263543,0.8348723127975761,13789,13862,11573.0,2216.0,2289.0,False,0.9947338046457943,237,0.9500000000000002
hliu36,3,test,nmousta5,237_C_2-4_WL_Bruise_OC_A244A_2026-03-08_DSC_4613,0.5928773775799272,0.42134023583549035,0.6115208014470572,0.5753370860060217,7187,7639,4395.0,2792.0,3244.0,False,0.9408299515643409,237,0.9500000000000002
hliu36,3,test,nmousta5,237_C_2-4_WL_Bruise_OC_A244A_2026-03-08_DSC_4615,0.7512562814070352,0.6016096579476862,0.7514450867052023,0.7510675709620699,3979,3981,2990.0,989.0,991.0,False,0.9994976136649083,237,0.9500000000000002
hliu36,3,test,nmousta5,237_E_2-4_WL_Bruise_A244A_2026-03-08_DSC_4651,0.7313820370588929,0.576518745929854,0.5770018621973929,0.9985497905252981,10740,6206,6197.0,4543.0,9.0,False,1.7305833064776024,237,0.9500000000000002
hliu36,3,test,nmousta5,237_E_2-4_WL_Bruise_A244A_2026-03-08_DSC_4652,0.6985995534808199,0.5368059887710542,0.5394984326018809,0.9907887161773172,9570,5211,5163.0,4407.0,48.0,False,1.8364997121473805,237,0.9500000000000002
hliu36,3,test,nmousta5,237_E_2-4_WL_Bruise_A244A_2026-03-08_DSC_4653,0.6681826132587021,0.5017073811400052,0.5096051227321238,0.9700355510411376,7496,3938,3820.0,3676.0,118.0,False,1.9035043169121382,237,0.9500000000000002
hliu36,3,test,nmousta5,237_E_2-4_WL_Bruise_OC_A244A_2026-03-08_DSC_4656,0.7303780464402226,0.5752720677146312,0.584818684695759,0.9724067450178845,6508,3914,3806.0,2702.0,108.0,False,1.6627491057741441,237,0.9500000000000002
hliu36,3,test,nmousta5,237_E_2-4_WL_Bruise_OC_A244A_2026-03-08_DSC_4657,0.8272033310201249,0.7053254437869823,0.7467334884553427,0.9271111111111111,5587,4500,4172.0,1415.0,328.0,False,1.2415555555555555,237,0.9500000000000002
hliu36,3,test,nmousta5,237_J_2-4_WL_Bruise_A244A_2026-02-26_DSC_5578,0.8530276981852913,0.7437212710678835,0.8431387357450344,0.8631513839492809,13241,12934,11164.0,2077.0,1770.0,False,1.0237358899025824,237,0.9500000000000002
hliu36,3,test,nmousta5,237_J_2-4_WL_Bruise_A244A_2026-02-26_DSC_5579,0.7619751002321165,0.6154763933867394,0.8192853091321611,0.7121585642441574,8815,10141,7222.0,1593.0,2919.0,False,0.869243664332906,237,0.9500000000000002
hliu36,3,test,nmousta5,237_J_2-4_WL_Bruise_A244A_2026-02-26_DSC_5580,0.8441569282136895,0.7303387015237958,0.861634148419528,0.8273746216149881,11737,12223,10113.0,1624.0,2110.0,False,0.9602388938885708,237,0.9500000000000002
hliu36,3,test,nmousta5,237_J_2-4_WL_Bruise_OC_A244A_2026-02-26_DSC_5582,0.8822262977434017,0.7892709373662434,0.8029027576197387,0.978941780215891,13780,11302,11064.0,2716.0,238.0,False,1.2192532295168996,237,0.9500000000000002
hliu36,3,test,nmousta5,237_J_2-4_WL_Bruise_OC_A244A_2026-02-26_DSC_5583,0.7616996068716678,0.6151169870400974,0.8576279408197914,0.6850721689431367,8246,10323,7072.0,1174.0,3251.0,False,0.7987987987987988,237,0.9500000000000002
hliu36,3,test,nmousta5,237_N_2-4_WL_Bruise_A244A_2026-02-26_DSC_5858,0.8781642313233176,0.7827921482296826,0.7931226765799256,0.9836330106039649,5380,4338,4267.0,1113.0,71.0,False,1.24020285846012,237,0.9500000000000002
hliu36,3,test,nmousta5,237_N_2-4_WL_Bruise_A244A_2026-02-26_DSC_5859,0.7789590254706534,0.6379466715037185,0.6794822256568779,0.9125583809029579,5176,3854,3517.0000000000005,1658.9999999999995,336.99999999999955,False,1.3430202387130254,237,0.9500000000000002
hliu36,3,test,nmousta5,237_N_2-4_WL_Bruise_A244A_2026-02-26_DSC_5860,0.8565563253784962,0.7491023339317774,0.8627552339105712,0.8504458598726115,3869,3925,3338.0,531.0,587.0,False,0.9857324840764331,237,0.9500000000000002
hliu36,3,test,nmousta5,237_N_2-4_WL_Bruise_OC_A244A_2026-02-26_DSC_5862,0.7882644043831742,0.6505250875145857,0.7159674657534246,0.8768020969855832,9344,7630,6690.0,2654.0,940.0,False,1.2246395806028834,237,0.9500000000000002
hliu36,3,test,nmousta5,237_N_2-4_WL_Bruise_OC_A244A_2026-02-26_DSC_5863,0.8502079266740219,0.7394449365219958,0.8373453694416583,0.8634718152042751,5982,5801,5009.0,973.0,792.0,False,1.031201516979831,237,0.9500000000000002
hliu36,3,test,nmousta5,237_S_2-4_WL_Bruise_A244A_2026-02-27_DSC_6307,0.7914309484193012,0.6548495904178426,0.7901819087964117,0.7926839430047496,12039,12001,9513.0,2526.0,2488.0,False,1.0031664027997667,237,0.9500000000000002
hliu36,3,test,nmousta5,237_S_2-4_WL_Bruise_A244A_2026-02-27_DSC_6308,0.8182628423270134,0.6924237230030854,0.8228631956326896,0.8137136411248086,12273,12411,10099.0,2174.0,2312.0,False,0.9888808315204254,237,0.9500000000000002
hliu36,3,test,nmousta5,237_S_2-4_WL_Bruise_A244A_2026-02-27_DSC_6309,0.7677735935182015,0.623078347842193,0.7308277210514882,0.8086538461538462,9206,8320,6728.0,2478.0,1592.0,False,1.1064903846153846,237,0.9500000000000002
hliu36,3,test,nmousta5,237_S_2-4_WL_Bruise_OC_A244A_2026-02-27_DSC_6311,0.8212838825544,0.6967613918219828,0.8448186973706823,0.7990247866720845,11638,12305,9832.0,1806.0,2473.0,False,0.9457943925233645,237,0.9500000000000002
hliu36,3,test,nmousta5,237_S_2-4_WL_Bruise_OC_A244A_2026-02-27_DSC_6312,0.7866321530923547,0.6483047619047619,0.703572019183066,0.8919287211740042,12094,9540,8509.0,3585.0,1031.0,False,1.2677148846960167,237,0.9500000000000002
hliu36,3,test,nmousta5,237_Z_2-5_WL_Bruise_A244A_2026-02-16_DSC_7025,0.8525747170118624,0.7430328838419683,0.8676243093922652,0.838038315811943,18100,18739,15704.0,2396.0,3035.0,False,0.9658999946635359,237,0.9500000000000002
hliu36,3,test,nmousta5,237_Z_2-5_WL_Bruise_A244A_2026-02-16_DSC_7026,0.8736996336996337,0.7757252504227917,0.7792224763149298,0.9942476031679867,15305,11995,11926.0,3379.0,69.0,False,1.275948311796582,237,0.9500000000000002
hliu36,3,test,nmousta5,237_Z_2-5_WL_Bruise_A244A_2026-02-16_DSC_7027,0.9137150397143671,0.8411375220311532,0.8658428949691086,0.9671906665936353,20394,18257,17658.0,2736.0,599.0,False,1.1170509941392344,237,0.9500000000000002
hliu36,3,test,nmousta5,237_Z_2-5_WL_Bruise_OC_A244A_2026-02-16_DSC_7030,0.9098567818028643,0.8346213292117465,0.8768775735080903,0.9454136184580754,17243,15993,15120.0,2123.0,873.0,False,1.0781591946476583,237,0.9500000000000002
hliu36,3,test,nmousta5,247_A_2-4_WL_Bruise_A244A_2026-02-27_DSC_6202,0.8574209245742093,0.7504258943781942,0.7517064846416383,0.9977349943374858,5860,4415,4405.0,1455.0,10.0,False,1.3272933182332955,247,0.9500000000000002
hliu36,3,test,nmousta5,247_A_2-4_WL_Bruise_A244A_2026-02-27_DSC_6203,0.8365397551459707,0.7190101757631823,0.7258930656082185,0.986984126984127,4283,3150,3109.0,1174.0,41.0,False,1.3596825396825396,247,0.9500000000000002
hliu36,3,test,nmousta5,247_A_2-4_WL_Bruise_A244A_2026-02-27_DSC_6204,0.8867613753345687,0.7965600147956353,0.7996658002227999,0.9951478743068392,5386,4328,4307.0,1079.0,21.0,False,1.2444547134935304,247,0.9500000000000002
hliu36,3,test,nmousta5,247_A_2-4_WL_Bruise_OC_A244A_2026-02-27_DSC_6206,0.8586866167913549,0.752367079388201,0.7691734921816828,0.9717779868297272,5372,4252,4132.0,1240.0,120.0,False,1.2634054562558796,247,0.9500000000000002
hliu36,3,test,nmousta5,247_A_2-4_WL_Bruise_OC_A244A_2026-02-27_DSC_6207,0.8849632560768796,0.7936628643852979,0.8362713675213675,0.9396758703481393,3744,3332,3131.0,613.0,201.0,False,1.1236494597839135,247,0.9500000000000002
hliu36,3,test,nmousta5,250_A_2-4_WL_Bruise_A244A_2026-02-27_DSC_6537,0.8815512916129907,0.7881910766246363,0.7881910766246363,1.0,24744,19503,19503.0,5241.0,0.0,False,1.2687278880172281,250,0.9500000000000002
hliu36,3,test,nmousta5,250_A_2-4_WL_Bruise_A244A_2026-02-27_DSC_6538,0.8761548356917319,0.7796045785639958,0.7884655861923805,0.9857894736842105,23755,19000,18730.0,5025.0,270.0,False,1.2502631578947367,250,0.9500000000000002
hliu36,3,test,nmousta5,250_A_2-4_WL_Bruise_OC_A244A_2026-02-27_DSC_6541,0.8410702186379336,0.7257300935432353,0.7274936390405672,0.9966708444305186,34979,25532,25447.0,9532.0,85.0,False,1.3700062666457777,250,0.9500000000000002
hliu36,3,test,nmousta5,250_A_2-4_WL_Bruise_OC_A244A_2026-02-27_DSC_6542,0.8701934380677567,0.7702145370615612,0.7703894334481323,0.9997053334642962,26423,20362,20356.0,6067.0,6.0,False,1.2976623121500834,250,0.9500000000000002
hliu36,3,test,nmousta5,250_A_2-4_WL_Bruise_OC_A244A_2026-02-27_DSC_6543,0.9077307699761623,0.8310503903477644,0.8374396567137493,0.990902936447491,27965,23634,23419.0,4546.0,215.0,False,1.1832529406786834,250,0.9500000000000002
hliu36,3,test,nmousta5,254_A_2-5_WL_Bruise_A244A_2026-02-16_DSC_6925,0.6646403242147924,0.4977238239757208,0.4977238239757208,1.0,1318,656,656.0,662.0,0.0,False,2.0091463414634148,254,0.9500000000000002
hliu36,3,test,nmousta5,254_A_2-5_WL_Bruise_A244A_2026-02-16_DSC_6926,0.723855421686747,0.5672205438066465,0.5672205438066465,1.0,1324,751,751.0,573.0,0.0,False,1.762982689747004,254,0.9500000000000002
hliu36,3,test,nmousta5,254_A_2-5_WL_Bruise_A244A_2026-02-16_DSC_6927,0.6182495344506518,0.4474393530997305,0.4474393530997305,1.0,742,332,332.0,410.0,0.0,False,2.2349397590361444,254,0.9500000000000002
hliu36,3,test,nmousta5,254_A_2-5_WL_Bruise_OC_A244A_2026-02-16_DSC_6930,0.40217391304347827,0.25170068027210885,0.25170068027210885,1.0,1323,333,333.0,990.0,0.0,False,3.972972972972973,254,0.9500000000000002
hliu36,3,test,nmousta5,254_A_2-5_WL_Bruise_OC_A244A_2026-02-16_DSC_6931,0.08959295006294586,0.04689730917078528,0.04689730917078528,1.0,9105,427,427.0,8678.0,0.0,False,21.3231850117096,254,0.9500000000000002
hliu36,3,test,nmousta5,254_B_2-5_WL_Bruise_A244A_2026-02-16_DSC_6954,0.1830057956240207,0.10071897597872163,0.932205019713434,0.1014621688663743,10399,95543,9694.0,705.0,85849.0,False,0.10884104539317375,254,0.9500000000000002
hliu36,3,test,nmousta5,254_B_2-5_WL_Bruise_A244A_2026-02-16_DSC_6955,0.16804902049963202,0.09173226924743608,0.9498924932223988,0.09217831482691051,10697,110232,10161.0,536.0,100071.0,False,0.09704078670440526,254,0.9500000000000002
hliu36,3,test,nmousta5,254_B_2-5_WL_Bruise_A244A_2026-02-16_DSC_6956,0.21466575888241674,0.12023841471165661,0.9671665530561236,0.12073122305423191,8802,70512,8513.0,289.0,61999.0,False,0.12482981620149762,254,0.9500000000000002
hliu36,3,test,nmousta5,254_B_2-5_WL_Bruise_OC_A244A_2026-02-16_DSC_6960,0.20022771633051398,0.11125169453230908,0.9620005861092117,0.11174274659313976,10237,88131,9848.0,389.0,78283.0,False,0.11615663047054953,254,0.9500000000000002
hliu36,3,test,nmousta5,254_B_2-5_WL_Bruise_OC_A244A_2026-02-16_DSC_6961,0.24906997342781223,0.14225010117361392,0.9535435740929129,0.1432428302175131,8847,58893,8436.0,411.0,50457.0,False,0.15022158830421273,254,0.9500000000000002
hliu36,3,test,nmousta5,260_A_2-5_WL_Bruise_A244A_2026-02-17_DSC_7634,0.3939393939393939,0.24528301886792453,0.24528301886792453,1.0,4770,1170,1170.0,3600.0,0.0,False,4.076923076923077,260,0.9500000000000002
hliu36,3,test,nmousta5,260_A_2-5_WL_Bruise_A244A_2026-02-17_DSC_7635,0.3218717683557394,0.1918040363580342,0.1918040363580342,1.0,6491,1245,1245.0,5246.0,0.0,False,5.213654618473895,260,0.9500000000000002
hliu36,3,test,nmousta5,260_A_2-5_WL_Bruise_A244A_2026-02-17_DSC_7636,0.2823565795577547,0.1643860280878646,0.1643860280878646,1.0,5554,913,912.9999999999999,4641.0,1.1368683772161603e-13,False,6.0832420591456735,260,0.9500000000000002
hliu36,3,test,nmousta5,260_A_2-5_WL_Bruise_OC_A244A_2026-02-17_DSC_7638,0.2284108329075115,0.1289299105855206,0.1289299105855206,1.0,6934,894,894.0,6040.0,0.0,False,7.756152125279642,260,0.9500000000000002
hliu36,3,test,nmousta5,260_A_2-5_WL_Bruise_OC_A244A_2026-02-17_DSC_7639,0.3707897793263647,0.22758866512208162,0.22758866512208162,1.0,5611,1277,1277.0,4334.0,0.0,False,4.3938919342208305,260,0.9500000000000002
hliu36,3,test,nmousta5,285_F_2-6_WL_Bruise_A244A_2026-04-06_DSC_2339,0.6761406133133882,0.5107344632768361,0.8028419182948491,0.5839793281653747,1689,2322,1356.0,333.0,966.0,False,0.727390180878553,285,0.9500000000000002
hliu36,3,test,nmousta5,285_F_2-6_WL_Bruise_A244A_2026-04-06_DSC_2340,0.8037592930284753,0.6719043151969981,0.9623782331205912,0.690028901734104,2977,4152,2865.0,112.0,1287.0,False,0.7170038535645472,285,0.9500000000000002
hliu36,3,test,nmousta5,285_F_2-6_WL_Bruise_OC_A244A_2026-04-06_DSC_2343,0.8149546827794562,0.6876991714467814,0.8604465709728868,0.7740315638450502,1254,1394,1079.0,175.0,315.0,False,0.8995695839311334,285,0.9500000000000002
hliu36,3,test,nmousta5,285_F_2-6_WL_Bruise_OC_A244A_2026-04-06_DSC_2344,0.5572557592063225,0.38624708624708626,0.45125272331154687,0.7283516483516483,3672,2275,1657.0,2015.0,618.0,False,1.614065934065934,285,0.9500000000000002
hliu36,3,test,nmousta5,285_G_2-6_WL_Bruise_A244A_2026-05-29_DSC_3860,0.7570084753655584,0.6090214296418403,0.9582645602452252,0.625615763546798,4241,6496,4064.0,177.0,2432.0,False,0.6528633004926109,285,0.9500000000000002
hliu36,3,test,nmousta5,285_G_2-6_WL_Bruise_A244A_2026-05-29_DSC_3861,0.7793545433737697,0.6384774048378024,0.8699540112416965,0.7058457711442786,3914,4824,3405.0,509.0,1419.0,False,0.8113598673300166,285,0.9500000000000002
hliu36,3,test,nmousta5,285_G_2-6_WL_Bruise_A244A_2026-05-29_DSC_3862,0.8531746031746031,0.7439446366782007,0.9126092384519351,0.8010081087004164,4005,4563,3655.0,350.0,908.0,False,0.8777120315581854,285,0.9500000000000002
hliu36,3,test,nmousta5,285_G_2-6_WL_Bruise_OC_A244A_2026-05-29_DSC_3864,0.8780397595931576,0.7825943629470908,0.8761764163129728,0.8799110452186805,5419,5396,4748.0,671.0,648.0,False,1.0042624166048926,285,0.9500000000000002
hliu36,3,test,nmousta5,285_G_2-6_WL_Bruise_OC_A244A_2026-05-29_DSC_3865,0.7989914271306102,0.6652670473631173,0.7826516498715669,0.8160280181293779,5061,4854,3961.0,1100.0,893.0,False,1.042645241038319,285,0.9500000000000002
