train_masks,fold,split,eval_masks,stem,dice,iou,precision,recall,pred_positive_pixels,gt_positive_pixels,tp_pixels,fp_pixels,fn_pixels,complete_miss,pred_gt_ratio,subject,cut
nmousta5,2,cv_val,nmousta5,150_AM_2-4_WL_Bruise_A244A_2026-03-05_DSC_1529,0.8574295068117014,0.7504390424253627,0.8577012465666596,0.8571579391891891,9466,9472,8119.0,1347.0,1353.0,False,0.9993665540540541,150,2.8499999999999996
nmousta5,2,cv_val,nmousta5,150_AM_2-4_WL_Bruise_A244A_2026-03-05_DSC_1530,0.8590951932139491,0.7529946303180504,0.8345159075303273,0.8851663025006069,8738,8238,7292.0,1446.0,946.0,False,1.0606943432872056,150,2.8499999999999996
nmousta5,2,cv_val,nmousta5,150_AM_2-4_WL_Bruise_A244A_2026-03-05_DSC_1531,0.8029989028404242,0.6708422446277625,0.7970716360116167,0.809014984033407,8264,8142,6587.0,1677.0,1555.0,False,1.0149840334070253,150,2.8499999999999996
nmousta5,2,cv_val,nmousta5,150_AM_2-4_WL_Bruise_OC_A244A_2026-03-05_DSC_1533,0.8522021075385031,0.742467043314501,0.8058252427184466,0.904243119266055,7828,6976,6308.0,1520.0,668.0,False,1.1221330275229358,150,2.8499999999999996
nmousta5,2,cv_val,nmousta5,150_AM_2-4_WL_Bruise_OC_A244A_2026-03-05_DSC_1534,0.8426133659664151,0.7280310150375939,0.8499519956110273,0.8354003774602319,7291,7418,6197.0,1094.0,1221.0,False,0.9828794823402535,150,2.8499999999999996
nmousta5,2,cv_val,nmousta5,150_AS_2-4_WL_Bruise_A244A_2026-02-27_DSC_6179,0.898159509202454,0.8151447661469933,0.8693586698337292,0.9289340101522843,3368,3152,2928.0,440.0,224.0,False,1.0685279187817258,150,2.8499999999999996
nmousta5,2,cv_val,nmousta5,150_AS_2-4_WL_Bruise_A244A_2026-02-27_DSC_6180,0.7835420393559929,0.6441176470588236,0.832347972972973,0.740142696207285,2368,2663,1971.0,397.0,692.0,False,0.8892226811866316,150,2.8499999999999996
nmousta5,2,cv_val,nmousta5,150_AS_2-4_WL_Bruise_A244A_2026-02-27_DSC_6182,0.7740176025784059,0.6313447927199191,0.6467785373938264,0.9635802469135802,4827,3240,3122.0,1705.0,118.0,False,1.489814814814815,150,2.8499999999999996
nmousta5,2,cv_val,nmousta5,150_AS_2-4_WL_Bruise_OC_A244A_2026-02-27_DSC_6184,0.8751322751322751,0.7779868297271872,0.781072912731394,0.9949470644850819,5294,4156,4135.0,1159.0,21.0,False,1.2738209817131858,150,2.8499999999999996
nmousta5,2,cv_val,nmousta5,150_AS_2-4_WL_Bruise_OC_A244A_2026-02-27_DSC_6185,0.8221747388414055,0.6980447490425318,0.7178689883913765,0.9619444444444445,4824,3600,3463.0,1361.0,137.0,False,1.34,150,2.8499999999999996
nmousta5,2,cv_val,nmousta5,150_BB_2-6_WL_Bruise_OC_A244A_2026-04-06_DSC_1978,0.4668783532245702,0.30452792458220257,0.33359411672664685,0.7775346462436178,6391,2742,2132.0,4259.0,610.0,False,2.3307804522246536,150,2.8499999999999996
nmousta5,2,cv_val,nmousta5,150_BB_2-6_WL_Bruise_OC_A244A_2026-04-06_DSC_1980,0.20047732696897375,0.11140583554376658,0.1395638629283489,0.35574377977766014,4815,1889,672.0,4143.0,1217.0,False,2.548967707781895,150,2.8499999999999996
nmousta5,2,cv_val,nmousta5,150_BC_2-6_WL_Bruise_A244A_2026-04-07_DSC_3491,0.8049760765550239,0.6736066623959001,0.8029782359679267,0.8069838833461244,2619,2606,2103.0,516.0,503.0,False,1.0049884881043745,150,2.8499999999999996
nmousta5,2,cv_val,nmousta5,150_BC_2-6_WL_Bruise_A244A_2026-04-07_DSC_3492,0.7414066631411952,0.5890756302521009,0.6890563564875491,0.8023655093475772,3052,2621,2103.0,949.0,518.0,False,1.1644410530331935,150,2.8499999999999996
nmousta5,2,cv_val,nmousta5,150_BC_2-6_WL_Bruise_A244A_2026-04-07_DSC_3493,0.4235943428768541,0.2687089715536105,0.4225739848589126,0.42461964038727523,1453,1446,614.0,839.0,832.0,False,1.0048409405255878,150,2.8499999999999996
nmousta5,2,cv_val,nmousta5,150_BC_2-6_WL_Bruise_OC_A244A_2026-04-07_DSC_3495,0.6753075571177505,0.5097844112769486,0.5591124045107312,0.8524681087077094,2749,1803,1537.0,1212.0,266.0,False,1.5246810870770937,150,2.8499999999999996
nmousta5,2,cv_val,nmousta5,150_BC_2-6_WL_Bruise_OC_A244A_2026-04-07_DSC_3496,0.5667588634649233,0.3954385964912281,0.4637860082304527,0.7285067873303167,2430,1547,1127.0,1303.0,420.0,False,1.570782159017453,150,2.8499999999999996
nmousta5,2,cv_val,nmousta5,150_BF_2-6_WL_Bruise_A244A_2026-04-07_DSC_3549,0.6982401377751467,0.536381676864561,0.744178042904669,0.6576439578264396,8717,9864,6487.000000000001,2229.999999999999,3376.999999999999,False,0.8837185725871858,150,2.8499999999999996
nmousta5,2,cv_val,nmousta5,150_BF_2-6_WL_Bruise_A244A_2026-04-07_DSC_3550,0.6047706832020557,0.43345611787315824,0.6589166159464395,0.5588478215981829,8215,9686,5413.0,2802.0,4273.0,False,0.848131323559777,150,2.8499999999999996
nmousta5,2,cv_val,nmousta5,150_BF_2-6_WL_Bruise_A244A_2026-04-07_DSC_3551,0.67820842175807,0.5130978536420483,0.7701674277016742,0.6058670923967272,7884,10022,6072.0,1812.0,3950.0,False,0.786669327479545,150,2.8499999999999996
nmousta5,2,cv_val,nmousta5,150_BF_2-6_WL_Bruise_OC_A244A_2026-04-07_DSC_3554,0.3457835964574509,0.2090316573556797,0.5017190991920234,0.2637953631310164,11634,22127,5837.0,5797.0,16290.0,False,0.5257829800695982,150,2.8499999999999996
nmousta5,2,cv_val,nmousta5,150_BF_2-6_WL_Bruise_OC_A244A_2026-04-07_DSC_3555,0.48879675119984095,0.32344871650317586,0.7611214292031485,0.3599933071195516,11307,23906,8606.0,2701.0,15300.0,False,0.47297749518949217,150,2.8499999999999996
nmousta5,2,cv_val,nmousta5,160_G_2-4_WL_Bruise_A244A_2026-03-04_DSC_8093,0.6322340689313166,0.4622384975164062,0.9582832230907997,0.47173092577517944,13304,27026,12749.0,555.0,14277.0,False,0.49226670613483314,160,2.8499999999999996
nmousta5,2,cv_val,nmousta5,160_G_2-4_WL_Bruise_A244A_2026-03-04_DSC_8094,0.5758319760799281,0.4043286792066364,0.9671729544341009,0.4099546571596691,12246,28891,11844.0,402.0,17047.0,False,0.4238690249558686,160,2.8499999999999996
nmousta5,2,cv_val,nmousta5,160_G_2-4_WL_Bruise_A244A_2026-03-04_DSC_8095,0.5929871948779512,0.421451171388958,0.9339793587016466,0.4343922904986992,12693,27291,11855.0,838.0,15436.0,False,0.46509838408266463,160,2.8499999999999996
nmousta5,2,cv_val,nmousta5,160_G_2-4_WL_Bruise_OC_A244A_2026-03-04_DSC_8097,0.6962362478286045,0.534020252265056,0.996188898094449,0.5351134846461949,12070,22470,12024.0,46.0,10446.0,False,0.5371606586559857,160,2.8499999999999996
nmousta5,2,cv_val,nmousta5,160_G_2-4_WL_Bruise_OC_A244A_2026-03-04_DSC_8098,0.6773397172140345,0.51210407239819,0.9325368215058193,0.531806167400881,9709,17025,9054.0,655.0,7971.0,False,0.5702790014684288,160,2.8499999999999996
nmousta5,2,cv_val,nmousta5,186_A_2-4_WL_Bruise_A244A_2026-03-04_DSC_9401,0.0,0.0,0.0,0.0,275,26731,0.0,275.0,26731.0,True,0.010287680969660694,186,2.8499999999999996
nmousta5,2,cv_val,nmousta5,186_A_2-4_WL_Bruise_A244A_2026-03-04_DSC_9402,0.6239233358051451,0.4534073951251865,0.5661490683229814,0.6948291195527887,9660,7871,5469.0,4191.0,2402.0,False,1.2272900520899503,186,2.8499999999999996
nmousta5,2,cv_val,nmousta5,186_A_2-4_WL_Bruise_A244A_2026-03-04_DSC_9403,0.09519633246960335,0.04997697877861956,0.4327654947444726,0.05348024724536415,2759,22326,1194.0,1565.0,21132.0,False,0.12357789124787244,186,2.8499999999999996
nmousta5,2,cv_val,nmousta5,186_A_2-4_WL_Bruise_OC_A244A_2026-03-04_DSC_9405,0.17187296628920995,0.09401587697127194,0.4190068221481834,0.10810921445822588,6303,24429,2641.0,3662.0,21788.0,False,0.2580130173154857,186,2.8499999999999996
nmousta5,2,cv_val,nmousta5,186_A_2-4_WL_Bruise_OC_A244A_2026-03-04_DSC_9406,0.12467888337044014,0.06648401826484018,0.35847941697853064,0.07546231030765403,5077,24118,1820.0,3257.0,22298.0,False,0.21050667551206567,186,2.8499999999999996
nmousta5,2,cv_val,nmousta5,186_D_2-4_WL_Bruise_A244A_2026-03-05_DSC_9882,0.8075980392156863,0.6772867420349434,0.945480631276901,0.704812834224599,3485,4675,3295.0,190.0,1380.0,False,0.7454545454545455,186,2.8499999999999996
nmousta5,2,cv_val,nmousta5,186_D_2-4_WL_Bruise_A244A_2026-03-05_DSC_9883,0.834343135806118,0.7157707910750507,0.8643600734843846,0.8063410454155956,3266,3501,2823.0,443.0,678.0,False,0.9328763210511283,186,2.8499999999999996
nmousta5,2,cv_val,nmousta5,186_D_2-4_WL_Bruise_A244A_2026-03-05_DSC_9884,0.7954065469904963,0.6603111987727373,0.8630764823832713,0.7375764993880048,3491,4085,3013.0,478.0,1072.0,False,0.8545899632802938,186,2.8499999999999996
nmousta5,2,cv_val,nmousta5,186_D_2-4_WL_Bruise_OC_A244A_2026-03-05_DSC_9887,0.8308536761519573,0.7106498640968619,0.9092633575719253,0.7648936170212766,3163,3760,2876.0,287.0,884.0,False,0.8412234042553192,186,2.8499999999999996
nmousta5,2,cv_val,nmousta5,186_D_2-4_WL_Bruise_OC_A244A_2026-03-05_DSC_9888,0.7994152996589248,0.6658549783549783,0.9696611505122144,0.6800221055540204,2538,3619,2461.0,77.0,1158.0,False,0.7012987012987013,186,2.8499999999999996
nmousta5,2,cv_val,nmousta5,208_A_2-4_WL_Bruise_A244A_2026-03-05_DSC_1607,0.6485231283670816,0.4798625429553265,0.7681813180767961,0.5611187012778269,9089,12443,6982.0,2107.0,5461.0,False,0.7304508559029173,208,2.8499999999999996
nmousta5,2,cv_val,nmousta5,208_A_2-4_WL_Bruise_A244A_2026-03-05_DSC_1608,0.5909522678698647,0.4193983315075419,0.73342175066313,0.49482998608073175,6786,10058,4977.0,1809.0,5081.0,False,0.6746868164645059,208,2.8499999999999996
nmousta5,2,cv_val,nmousta5,208_A_2-4_WL_Bruise_A244A_2026-03-05_DSC_1609,0.6046087617118258,0.4332897793263647,0.9590295629820051,0.44146143036757635,6224,13521,5969.0,255.0,7552.0,False,0.4603209821758746,208,2.8499999999999996
nmousta5,2,cv_val,nmousta5,208_A_2-4_WL_Bruise_OC_A244A_2026-03-05_DSC_1611,0.6548567736377342,0.4868305179729405,0.6978425522148267,0.6168594035301278,8714,9858,6081.0,2633.0,3777.0,False,0.8839521201054981,208,2.8499999999999996
nmousta5,2,cv_val,nmousta5,208_A_2-4_WL_Bruise_OC_A244A_2026-03-05_DSC_1612,0.451094984265622,0.29123476241811097,0.6404084609773888,0.34817091305640924,5484,10087,3512.0,1972.0,6575.0,False,0.5436700703876276,208,2.8499999999999996
nmousta5,2,cv_val,nmousta5,22_AF_2-4_WL_Bruise_A244A_2026-03-05_DSC_9938,0.4822389666307858,0.3177304964539007,0.3308714918759232,0.8888888888888888,3385,1260,1120.0,2265.0,140.0,False,2.6865079365079363,22,2.8499999999999996
nmousta5,2,cv_val,nmousta5,22_AF_2-4_WL_Bruise_A244A_2026-03-05_DSC_9939,0.7568901686548746,0.6088682991396426,0.6279863481228669,0.9523809523809523,1465,966,920.0,545.0,46.0,False,1.5165631469979297,22,2.8499999999999996
nmousta5,2,cv_val,nmousta5,22_AF_2-4_WL_Bruise_A244A_2026-03-05_DSC_9940,0.39043478260869563,0.24257158292814696,0.24896035486553922,0.904330312185297,3607,993,898.0,2709.0,95.0,False,3.6324269889224574,22,2.8499999999999996
nmousta5,2,cv_val,nmousta5,22_AF_2-4_WL_Bruise_OC_A244A_2026-03-05_DSC_9942,0.8335766423357664,0.7146433041301627,0.7182389937106918,0.9930434782608696,1590,1150,1142.0,448.0,8.0,False,1.382608695652174,22,2.8499999999999996
nmousta5,2,cv_val,nmousta5,22_AF_2-4_WL_Bruise_OC_A244A_2026-03-05_DSC_9943,0.8686282635723166,0.7677655677655678,0.8791946308724832,0.8583128583128583,1192,1221,1048.0,144.0,173.0,False,0.9762489762489762,22,2.8499999999999996
nmousta5,2,cv_val,nmousta5,257_A_2-5_WL_Bruise_A244A_2026-02-17_DSC_7443,0.8610763454317898,0.756043956043956,0.9908352971982194,0.7613682092555332,3819,4970,3784.0000000000005,34.999999999999545,1185.9999999999995,False,0.7684104627766599,257,2.8499999999999996
nmousta5,2,cv_val,nmousta5,257_A_2-5_WL_Bruise_A244A_2026-02-17_DSC_7444,0.8306379155435759,0.7103342297349212,0.9414460285132383,0.7431672025723473,3928,4976,3698.0,230.0,1278.0,False,0.7893890675241158,257,2.8499999999999996
nmousta5,2,cv_val,nmousta5,257_A_2-5_WL_Bruise_A244A_2026-02-17_DSC_7445,0.8313707018370231,0.7114066908504635,0.9971751412429378,0.712843295638126,3540,4952,3530.0,10.0,1422.0,False,0.7148626817447497,257,2.8499999999999996
nmousta5,2,cv_val,nmousta5,257_A_2-5_WL_Bruise_OC_A244A_2026-02-17_DSC_7447,0.854230377166157,0.7455516014234875,0.9533560864618885,0.7737765466297323,4395,5415,4190.0,205.0,1225.0,False,0.8116343490304709,257,2.8499999999999996
nmousta5,2,cv_val,nmousta5,257_A_2-5_WL_Bruise_OC_A244A_2026-02-17_DSC_7448,0.8714796602592758,0.7722321251733016,0.9781736076266935,0.7857718661829908,3986,4962,3899.0,87.0,1063.0,False,0.8033051189036678,257,2.8499999999999996
nmousta5,2,cv_val,nmousta5,257_F_2-5_WL_Bruise_A244A_2026-02-17_DSC_7534,0.7877056277056277,0.6497643193829453,0.7810782967032966,0.7944463849109326,5824,5726,4549.0,1275.0,1177.0,False,1.017114914425428,257,2.8499999999999996
nmousta5,2,cv_val,nmousta5,257_F_2-5_WL_Bruise_A244A_2026-02-17_DSC_7535,0.7828495230280029,0.6431822012472611,0.7881040892193308,0.7776645608314653,4842,4907,3816.0000000000005,1025.9999999999995,1090.9999999999995,False,0.9867536172814347,257,2.8499999999999996
nmousta5,2,cv_val,nmousta5,257_F_2-5_WL_Bruise_A244A_2026-02-17_DSC_7536,0.7749322826889928,0.6325628140703518,0.7503576537911302,0.8011710794297352,8388,7856,6294.0,2094.0,1562.0,False,1.0677189409368635,257,2.8499999999999996
nmousta5,2,cv_val,nmousta5,257_F_2-5_WL_Bruise_OC_A244A_2026-02-17_DSC_7538,0.8420361639911679,0.7271696557410843,0.7712911337050399,0.9270696452036794,9147,7610,7055.0,2092.0,555.0,False,1.2019710906701708,257,2.8499999999999996
nmousta5,2,cv_val,nmousta5,257_F_2-5_WL_Bruise_OC_A244A_2026-02-17_DSC_7539,0.7542940320232897,0.6055153073147932,0.6273607748184019,0.9456204379562044,8260,5480,5182.0,3078.0,298.0,False,1.5072992700729928,257,2.8499999999999996
nmousta5,2,cv_val,nmousta5,262_A_2-5_WL_A244A_2026-02-17_DSC_7765,0.5812033031852143,0.40964523281596454,0.40964523281596454,1.0,1804,739,739.0,1065.0,0.0,False,2.4411366711772664,262,2.8499999999999996
nmousta5,2,cv_val,nmousta5,262_A_2-5_WL_A244A_2026-02-17_DSC_7766,0.5779870512065921,0.4064569536423841,0.4132996632996633,0.9608610567514677,1188,511,491.0,697.0,20.0,False,2.324853228962818,262,2.8499999999999996
nmousta5,2,cv_val,nmousta5,262_A_2-5_WL_A244A_2026-02-17_DSC_7767,0.2391111111111111,0.13579000504795558,0.13579000504795558,1.0,1981,269,269.0,1712.0,0.0,False,7.364312267657993,262,2.8499999999999996
nmousta5,2,cv_val,nmousta5,262_A_2-5_WL_OC_A244A_2026-02-17_DSC_7769,0.4868519909842224,0.3217477656405164,0.32222774738935855,0.9953917050691244,2011,651,648.0,1363.0,3.0,False,3.089093701996928,262,2.8499999999999996
nmousta5,2,cv_val,nmousta5,262_A_2-5_WL_OC_A244A_2026-02-17_DSC_7770,0.38236914600550964,0.23637602179836512,0.23637602179836512,1.0,1468,347,347.0,1121.0,0.0,False,4.230547550432276,262,2.8499999999999996
nmousta5,2,cv_val,nmousta5,295_B_2-6_WL_Bruise_A244A_2026-04-07_DSC_3275,0.8538534471082216,0.7449775466792721,0.7452417543444851,0.9995243380371016,8459,6307,6304.0,2155.0,3.0,False,1.341208181385762,295,2.8499999999999996
nmousta5,2,cv_val,nmousta5,295_B_2-6_WL_Bruise_A244A_2026-04-07_DSC_3276,0.7801736208345001,0.6395775941230487,0.6705712451861361,0.932604329390761,6232,4481,4179.0,2053.0,302.0,False,1.3907609908502567,295,2.8499999999999996
nmousta5,2,cv_val,nmousta5,295_B_2-6_WL_Bruise_A244A_2026-04-07_DSC_3277,0.807411907654921,0.6770249617931737,0.7046659597030753,0.9452347083926032,7544,5624,5316.0,2228.0,308.0,False,1.341394025604552,295,2.8499999999999996
nmousta5,2,cv_val,nmousta5,295_B_2-6_WL_Bruise_OC_A244A_2026-04-07_DSC_3280,0.6816759776536313,0.5170777184507162,0.5278594912614639,0.9619993692841375,11558,6342,6101.0,5457.0,241.0,False,1.8224534847051403,295,2.8499999999999996
nmousta5,2,cv_val,nmousta5,295_B_2-6_WL_Bruise_OC_A244A_2026-04-07_DSC_3281,0.7780780156585603,0.6367657065094126,0.6526792979193304,0.9631217838765008,8603,5830,5615.0,2988.0,215.0,False,1.4756432246998286,295,2.8499999999999996
nmousta5,2,cv_val,nmousta5,88_H_2-4_WL_Bruise_A244A_2026-03-03_DSC_7088,0.6804928257596706,0.515717412564616,0.994343180389692,0.5172349369453526,11137,21410,11074.0,63.0,10336.0,False,0.5201774871555348,88,2.8499999999999996
nmousta5,2,cv_val,nmousta5,88_H_2-4_WL_Bruise_A244A_2026-03-03_DSC_7089,0.6743674689964525,0.5087137296532201,1.0,0.5087137296532201,11501,22608,11501.0,0.0,11107.0,False,0.5087137296532201,88,2.8499999999999996
nmousta5,2,cv_val,nmousta5,88_H_2-4_WL_Bruise_A244A_2026-03-03_DSC_7090,0.6497413901854422,0.4811977390573177,0.991911410688493,0.48309337335271774,10385,21323,10301.0,84.0,11022.0,False,0.4870327815035408,88,2.8499999999999996
nmousta5,2,cv_val,nmousta5,88_H_2-4_WL_Bruise_OC_A244A_2026-03-03_DSC_7092,0.833246949064694,0.7141587916969551,0.9640209332751853,0.7337150443946561,9172,12051,8842.0,330.0,3209.0,False,0.7610986640112853,88,2.8499999999999996
nmousta5,2,cv_val,nmousta5,88_H_2-4_WL_Bruise_OC_A244A_2026-03-03_DSC_7093,0.793748330216404,0.6580287929125138,0.9777314611671786,0.6680407734972268,9116,13342,8913.0,203.0,4429.0,False,0.6832558836756109,88,2.8499999999999996
nmousta5,2,test,hliu36,170_F_2-4_WL_Bruise_A244A_2026-03-05_DSC_1856,0.7021248162501671,0.5409802306425041,0.9178895877009084,0.5684916684700281,2862,4621,2627.0,235.0,1994.0,False,0.6193464618048041,170,2.8499999999999996
nmousta5,2,test,hliu36,170_F_2-4_WL_Bruise_OC_A244A_2026-03-05_DSC_1860,0.3730891596182199,0.22932366688924927,0.3071419445509135,0.475098814229249,7827,5060,2404.0,5423.0,2656.0,False,1.5468379446640317,170,2.8499999999999996
nmousta5,2,test,hliu36,182_Q_2-6_WL_Bruise_A244A_2026-04-06_DSC_2484,0.5502668089647812,0.37956419316843343,0.6215043394406943,0.49368058215243205,2074,2611,1289.0,785.0,1322.0,False,0.7943316736882421,182,2.8499999999999996
nmousta5,2,test,hliu36,182_Q_2-6_WL_Bruise_A244A_2026-04-06_DSC_2485,0.09010287335934729,0.04717682020802377,0.11329170383586083,0.07479387514723204,1121,1698,127.0,994.0,1571.0,False,0.660188457008245,182,2.8499999999999996
nmousta5,2,test,hliu36,182_Q_2-6_WL_Bruise_A244A_2026-04-06_DSC_2486,0.40070852194449913,0.25055377799655426,0.9229374433363554,0.2559074912016088,1103,3978,1018.0,85.0,2960.0,False,0.27727501256913023,182,2.8499999999999996
nmousta5,2,test,hliu36,182_Q_2-6_WL_Bruise_OC_A244A_2026-04-06_DSC_2488,0.7121630506245891,0.5529916275270573,0.9966875230033124,0.5540098199672667,2717,4888,2708.0,9.0,2180.0,False,0.5558510638297872,182,2.8499999999999996
nmousta5,2,test,hliu36,20_D_2-6_WL_Bruise_A244A_2026-04-04_DSC_0400,0.8994071791999253,0.817202476885232,0.9855754475703324,0.8270947802197802,9775,11648,9634.0,141.0,2014.0,False,0.8391998626373627,20,2.8499999999999996
nmousta5,2,test,hliu36,20_D_2-6_WL_Bruise_OC_A244A_2026-04-04_DSC_0403,0.8626914036649095,0.7585376620249609,0.9973617560151963,0.7600627286983795,18952,24869,18902.0,50.0,5967.0,False,0.7620732639028509,20,2.8499999999999996
nmousta5,2,test,hliu36,20_D_2-6_WL_Bruise_OC_A244A_2026-04-04_DSC_0404,0.8587152123875288,0.7524109860291152,0.9810662204159694,0.7634976744186046,20915,26875,20519.0,396.0,6356.0,False,0.7782325581395348,20,2.8499999999999996
nmousta5,2,test,hliu36,226_A_2-4_WL_Bruise_A244A_2026-03-06_DSC_3569,0.7000350017500875,0.5385029617662898,0.5947071067499257,0.8507018290089323,3363,2351,2000.0,1363.0,351.0,False,1.4304551254785198,226,2.8499999999999996
nmousta5,2,test,hliu36,226_A_2-4_WL_Bruise_A244A_2026-03-06_DSC_3570,0.7969267851762579,0.6624092161282243,0.6880853277835588,0.9466714387974231,3844,2794,2645.0,1199.0,149.0,False,1.3758052970651395,226,2.8499999999999996
nmousta5,2,test,hliu36,226_A_2-4_WL_Bruise_A244A_2026-03-06_DSC_3571,0.43355184743742553,0.27677382537568956,0.295551492992078,0.8133035215204024,4923,1789,1455.0,3468.0,334.0,False,2.751816657350475,226,2.8499999999999996
nmousta5,2,test,hliu36,226_A_2-4_WL_Bruise_OC_A244A_2026-03-06_DSC_3573,0.6974373907979033,0.5354348312094791,0.604950745137661,0.8233069783430732,3959,2909,2395.0,1564.0,514.0,False,1.360948779649364,226,2.8499999999999996
nmousta5,2,test,hliu36,226_A_2-4_WL_Bruise_OC_A244A_2026-03-06_DSC_3574,0.6624157405720532,0.49523290656496866,0.9126506024096386,0.519874177866743,1992,3497,1818.0,174.0,1679.0,False,0.5696311123820418,226,2.8499999999999996
nmousta5,2,test,hliu36,226_C_2-4_WL_Bruise_A244A_2026-03-06_DSC_3610,0.8100323624595469,0.680717976611368,0.7829214888958399,0.8390881662755615,3197,2983,2503.0,694.0,480.0,False,1.0717398592021454,226,2.8499999999999996
nmousta5,2,test,hliu36,226_C_2-4_WL_Bruise_A244A_2026-03-06_DSC_3611,0.8053691275167785,0.6741573033707865,0.7465618860510805,0.8742331288343558,3054,2608,2280.0,774.0,328.0,False,1.1710122699386503,226,2.8499999999999996
nmousta5,2,test,hliu36,226_C_2-4_WL_Bruise_A244A_2026-03-06_DSC_3612,0.7015384615384616,0.5402843601895735,0.6404494382022472,0.7755102040816326,2848,2352,1824.0,1024.0,528.0,False,1.2108843537414966,226,2.8499999999999996
nmousta5,2,test,hliu36,226_C_2-4_WL_Bruise_OC_A244A_2026-03-06_DSC_3614,0.8533465789146901,0.7442061944985922,0.907554146856841,0.805249589875791,3786,4267,3436.0,350.0,831.0,False,0.8872744316850246,226,2.8499999999999996
nmousta5,2,test,hliu36,226_C_2-4_WL_Bruise_OC_A244A_2026-03-06_DSC_3615,0.8221542887969789,0.6980152671755725,0.7954070981210856,0.8507629326386305,2874,2687,2286.0,588.0,401.0,False,1.0695943431336064,226,2.8499999999999996
nmousta5,2,test,hliu36,228_B_2-4_WL_Bruise_A244A_2026-03-06_DSC_3718,0.7564166252690843,0.6082556591211717,0.7892190739460954,0.7262321144674085,2894,3145,2284.0,610.0,861.0,False,0.9201907790143085,228,2.8499999999999996
nmousta5,2,test,hliu36,228_B_2-4_WL_Bruise_A244A_2026-03-06_DSC_3719,0.7895218904561275,0.6522397094430993,0.9197609901835254,0.691591784338896,2343,3116,2155.0,188.0,961.0,False,0.7519255455712451,228,2.8499999999999996
nmousta5,2,test,hliu36,228_B_2-4_WL_Bruise_A244A_2026-03-06_DSC_3720,0.7187564766839378,0.5609835004852799,1.0,0.5609835004852799,1734,3091,1734.0,0.0,1357.0,False,0.5609835004852799,228,2.8499999999999996
nmousta5,2,test,hliu36,228_B_2-4_WL_Bruise_A244A_2026-03-06_DSC_3721,0.762054837693035,0.6155804480651731,0.9069767441860465,0.6570652173913043,2666,3680,2418.0,248.0,1262.0,False,0.7244565217391304,228,2.8499999999999996
nmousta5,2,test,hliu36,228_B_2-4_WL_Bruise_OC_A244A_2026-03-06_DSC_3723,0.7466353064157847,0.5957047539616347,0.9645509790681972,0.6090385845235557,2962,4691,2857.0,105.0,1834.0,False,0.6314218716691536,228,2.8499999999999996
nmousta5,2,test,hliu36,228_B_2-4_WL_Bruise_OC_A244A_2026-03-06_DSC_3724,0.8469823901521628,0.7345788849347569,0.9713725490196078,0.7508335859351318,2550,3299,2477.0,73.0,822.0,False,0.7729615034859049,228,2.8499999999999996
nmousta5,2,test,hliu36,232_A_2-4_WL_Bruise_A244A_2026-03-06_DSC_3868,0.12766906394603333,0.06818723201524536,0.14285714285714285,0.11540012094335819,8015,9922,1145.0,6870.0,8777.0,False,0.8078008466035074,232,2.8499999999999996
nmousta5,2,test,hliu36,232_A_2-4_WL_Bruise_A244A_2026-03-06_DSC_3869,0.4949455843764787,0.3288556076369041,0.5058471819220962,0.4845039582280613,11373,11874,5753.0,5620.0,6121.0,False,0.9578069732187974,232,2.8499999999999996
nmousta5,2,test,hliu36,232_A_2-4_WL_Bruise_A244A_2026-03-06_DSC_3870,0.0,0.0,0.0,0.0,9317,7123,0.0,9317.0,7123.0,True,1.308016285273059,232,2.8499999999999996
nmousta5,2,test,hliu36,232_A_2-4_WL_Bruise_OC_A244A_2026-03-06_DSC_3876,0.5972711267605634,0.42579228114213996,0.8884766477520734,0.4498342541436464,4582,9050,4071.0,511.0,4979.0,False,0.5062983425414365,232,2.8499999999999996
nmousta5,2,test,hliu36,232_A_2-4_WL_Bruise_OC_A244A_2026-03-06_DSC_3877,0.6246712425428187,0.4541977611940298,0.7682234143262859,0.5263214787590531,6338,9251,4869.0,1469.0,4382.0,False,0.685115122689439,232,2.8499999999999996
nmousta5,2,test,hliu36,233_B_2-4_WL_Bruise_A244A_2026-03-06_DSC_4197,0.5033774195379463,0.33634225896988545,0.8795873834556636,0.3525763358778626,5041,12576,4434.0,607.0,8142.0,False,0.40084287531806617,233,2.8499999999999996
nmousta5,2,test,hliu36,233_B_2-4_WL_Bruise_A244A_2026-03-06_DSC_4199,0.6024289449270473,0.43105425140305353,0.9771545827633379,0.4354425749817118,7310,16404,7143.0,167.0,9261.0,False,0.4456230187759083,233,2.8499999999999996
nmousta5,2,test,hliu36,233_B_2-4_WL_Bruise_OC_A244A_2026-03-06_DSC_4201,0.35556090515166106,0.21622017274191188,1.0,0.21622017274191188,4431,20493,4431.0,0.0,16062.0,False,0.21622017274191188,233,2.8499999999999996
nmousta5,2,test,hliu36,235_A_2-4_WL_Bruise_A244A_2026-03-08_DSC_4349,0.7253669559273114,0.5690790453773501,1.0,0.5690790453773501,19100,33563,19100.0,0.0,14463.0,False,0.5690790453773501,235,2.8499999999999996
nmousta5,2,test,hliu36,235_A_2-4_WL_Bruise_A244A_2026-03-08_DSC_4350,0.5817617884156779,0.41020033423425284,1.0,0.41020033423425284,19882,48469,19882.0,0.0,28587.0,False,0.41020033423425284,235,2.8499999999999996
nmousta5,2,test,hliu36,235_A_2-4_WL_Bruise_A244A_2026-03-08_DSC_4351,0.6875324798034677,0.5238472337208884,0.976908102302477,0.5304151328498014,14897,27437,14553.0,344.0,12884.0,False,0.542952946750738,235,2.8499999999999996
nmousta5,2,test,hliu36,235_A_2-4_WL_Bruise_OC_A244A_2026-03-08_DSC_4353,0.6458437210627538,0.47693440639629686,0.9975246163155289,0.4774995391947758,18179,37977,18134.0,45.0,19843.0,False,0.4786844669141849,235,2.8499999999999996
nmousta5,2,test,hliu36,235_A_2-4_WL_Bruise_OC_A244A_2026-03-08_DSC_4354,0.7058315955993385,0.5453939326591843,0.9909145972138098,0.5481349117712754,19812,35816,19632.0,180.0,16184.0,False,0.5531605986151441,235,2.8499999999999996
nmousta5,2,test,hliu36,236_C_2-4_WL_Bruise_A244A_2026-03-08_DSC_4462,0.14100638377769434,0.07585092414907585,0.7450396825396826,0.0778722521775197,3024,28932,2253.0,771.0,26679.0,False,0.10452094566569888,236,2.8499999999999996
nmousta5,2,test,hliu36,236_C_2-4_WL_Bruise_A244A_2026-03-08_DSC_4463,0.0725867208228242,0.03766017470514259,0.5342333654773385,0.03893867510103673,2074,28455,1108.0,966.0,27347.0,False,0.07288701458443156,236,2.8499999999999996
nmousta5,2,test,hliu36,236_C_2-4_WL_Bruise_A244A_2026-03-08_DSC_4464,0.0,0.0,0.0,0.0,874,35344,0.0,874.0,35344.0,True,0.024728383884110458,236,2.8499999999999996
nmousta5,2,test,hliu36,236_C_2-4_WL_Bruise_OC_A244A_2026-03-08_DSC_4467,0.031708749266001174,0.016109785202863963,0.3073355817875211,0.016716732784516956,2372,43609,729.0,1643.0,42880.0,False,0.05439244192712513,236,2.8499999999999996
nmousta5,2,test,hliu36,236_C_2-4_WL_Bruise_OC_A244A_2026-03-08_DSC_4468,0.05321996535978586,0.027337431252022,0.5,0.028105770829868617,1690,30065,845.0,845.0,29220.0,False,0.056211541659737234,236,2.8499999999999996
nmousta5,2,test,hliu36,236_E_2-4_WL_Bruise_OC_A244A_2026-02-26_DSC_5722,0.6294355580069866,0.4592528003219532,0.8576976074157585,0.49713206999201337,7983,13773,6847.0,1136.0,6926.0,False,0.5796122849052494,236,2.8499999999999996
nmousta5,2,test,hliu36,237_AC_2-5_WL_Bruise_A244A_2026-02-16_DSC_7084,0.4172565445026178,0.26362866518471473,0.9922310756972111,0.26417395916202596,10040,37710,9962.0,78.0,27748.0,False,0.2662423760275789,237,2.8499999999999996
nmousta5,2,test,hliu36,237_AC_2-5_WL_Bruise_A244A_2026-02-16_DSC_7085,0.457985422659108,0.2970045999492919,0.998903642343769,0.2971014492753623,8209,27600,8200.0,9.0,19400.0,False,0.29742753623188406,237,2.8499999999999996
nmousta5,2,test,hliu36,237_AC_2-5_WL_Bruise_A244A_2026-02-16_DSC_7086,0.5088569135519376,0.341252907367895,1.0,0.341252907367895,17753,52023,17753.0,0.0,34270.0,False,0.341252907367895,237,2.8499999999999996
nmousta5,2,test,hliu36,237_AC_2-5_WL_Bruise_OC_A244A_2026-02-16_DSC_7088,0.653257436395821,0.485064817917064,1.0,0.485064817917064,18821,38801,18821.0,0.0,19980.0,False,0.485064817917064,237,2.8499999999999996
nmousta5,2,test,hliu36,237_AC_2-5_WL_Bruise_OC_A244A_2026-02-16_DSC_7089,0.7248768891152997,0.5684760027699356,0.9988300809583976,0.568854774659524,21369,37521,21344.0,25.0,16177.0,False,0.569521068201807,237,2.8499999999999996
nmousta5,2,test,hliu36,237_AD_2-5_WL_Bruise_A244A_2026-02-16_DSC_7116,0.8381962864721485,0.7214611872146118,0.9975401771072483,0.7227469850888136,12196,16833,12166.0,30.0,4667.0,False,0.724529198597992,237,2.8499999999999996
nmousta5,2,test,hliu36,237_AD_2-5_WL_Bruise_A244A_2026-02-16_DSC_7117,0.8030504166078237,0.6709141535702488,0.8368259948198729,0.7718955313026009,16988,18417,14216.0,2772.0,4201.0,False,0.9224086441874355,237,2.8499999999999996
nmousta5,2,test,hliu36,237_AD_2-5_WL_Bruise_A244A_2026-02-16_DSC_7118,0.8174638322999704,0.691280194744398,0.9878690571759878,0.6971986150456405,11211,15885,11075.0,136.0,4810.0,False,0.7057601510859302,237,2.8499999999999996
nmousta5,2,test,hliu36,237_AD_2-5_WL_Bruise_OC_A244A_2026-02-16_DSC_7120,0.8065553104317681,0.6758212738988064,0.9704967766401214,0.6899973038554866,13185,18545,12796.0,389.0,5749.0,False,0.7109733081693179,237,2.8499999999999996
nmousta5,2,test,hliu36,237_AD_2-5_WL_Bruise_OC_A244A_2026-02-16_DSC_7121,0.7248379843935987,0.568428149146917,0.9893492192436141,0.5719279937385859,11079,19165,10961.0,118.0,8204.0,False,0.5780850508739891,237,2.8499999999999996
nmousta5,2,test,hliu36,237_AE_2-5_WL_Bruise_A244A_2026-02-16_DSC_7217,0.6955757398183416,0.5332434860736748,0.9251753702260327,0.5572769953051643,3849,6390,3561.0,288.0,2829.0,False,0.6023474178403756,237,2.8499999999999996
nmousta5,2,test,hliu36,237_AE_2-5_WL_Bruise_A244A_2026-02-16_DSC_7218,0.5852539846347896,0.4136813097746799,1.0,0.4136813097746799,2552,6169,2552.0,0.0,3617.0,False,0.4136813097746799,237,2.8499999999999996
nmousta5,2,test,hliu36,237_AE_2-5_WL_Bruise_A244A_2026-02-16_DSC_7219,0.4216191971294012,0.26712134129013926,1.0,0.26712134129013926,2820,10557,2820.0,0.0,7737.0,False,0.26712134129013926,237,2.8499999999999996
nmousta5,2,test,hliu36,237_AE_2-5_WL_Bruise_OC_A244A_2026-02-16_DSC_7221,0.40703856233620367,0.2555231738272069,0.6255466052934407,0.3016648168701443,4345,9010,2718.0,1627.0,6292.0,False,0.48224195338512765,237,2.8499999999999996
nmousta5,2,test,hliu36,237_AE_2-5_WL_Bruise_OC_A244A_2026-02-16_DSC_7222,0.16524805447470817,0.0900656107097886,0.157931435212086,0.17327553232181564,8605,7843,1359.0,7246.0,6484.0,False,1.0971567002422542,237,2.8499999999999996
nmousta5,2,test,hliu36,237_B_2-4_WL_Bruise_A244A_2026-03-08_DSC_4584,0.7879833000544564,0.6501422794668265,0.9933070190492534,0.6530028957165959,17481,26591,17364.0,117.0,9227.0,False,0.6574028806739122,237,2.8499999999999996
nmousta5,2,test,hliu36,237_B_2-4_WL_Bruise_A244A_2026-03-08_DSC_4587,0.7877279396352966,0.6497946833801599,0.943158290984378,0.6762787349858294,15939,22229,15033.000000000002,905.9999999999982,7195.999999999998,False,0.7170363039273022,237,2.8499999999999996
nmousta5,2,test,hliu36,237_B_2-4_WL_Bruise_A244A_2026-03-08_DSC_4588,0.6804498757461636,0.5156680775055333,0.9449267112565818,0.531646583129829,14054,24979,13280.000000000002,773.9999999999982,11698.999999999998,False,0.5626326113935706,237,2.8499999999999996
nmousta5,2,test,hliu36,237_B_2-4_WL_Bruise_OC_A244A_2026-03-08_DSC_4591,0.6621990181563158,0.4949906803355079,0.9839444230027017,0.49902129658628247,12955,25544,12747.0,208.0,12797.0,False,0.5071641089884121,237,2.8499999999999996
nmousta5,2,test,hliu36,237_B_2-4_WL_Bruise_OC_A244A_2026-03-08_DSC_4592,0.6478953983198465,0.479175499820619,0.9027897259432223,0.5052443343993948,16274,29079,14692.0,1582.0,14387.0,False,0.5596478558409849,237,2.8499999999999996
nmousta5,2,test,hliu36,237_C_2-4_WL_Bruise_A244A_2026-03-08_DSC_4608,0.8383573379022327,0.7216998525073747,0.8196189279731994,0.857972602739726,9552,9125,7829.0,1723.0,1296.0,False,1.0467945205479452,237,2.8499999999999996
nmousta5,2,test,hliu36,237_C_2-4_WL_Bruise_A244A_2026-03-08_DSC_4609,0.5921768898366911,0.42063302240293393,0.9795766802822131,0.42435454033620207,5386,12433,5276.0,110.0,7157.0,False,0.43320196251910237,237,2.8499999999999996
nmousta5,2,test,hliu36,237_C_2-4_WL_Bruise_A244A_2026-03-08_DSC_4610,0.7782579916676401,0.6370068200650137,0.8418126684636119,0.7236260951415538,11872,13811,9994.0,1878.0,3817.0,False,0.8596046629498226,237,2.8499999999999996
nmousta5,2,test,hliu36,237_C_2-4_WL_Bruise_OC_A244A_2026-03-08_DSC_4613,0.6063814667424673,0.4351129468155627,0.8175720992622401,0.4818998136330265,10437,17707,8533.0,1904.0,9174.0,False,0.5894279098661547,237,2.8499999999999996
nmousta5,2,test,hliu36,237_C_2-4_WL_Bruise_OC_A244A_2026-03-08_DSC_4615,0.6569605926535652,0.48915958017314026,0.7663226116178589,0.5749144606518999,8332,11106,6385.0,1947.0,4721.0,False,0.7502251035476319,237,2.8499999999999996
nmousta5,2,test,hliu36,237_E_2-4_WL_Bruise_A244A_2026-03-08_DSC_4651,0.7760527939989555,0.6340574088440651,0.9900666262870987,0.6381168019987508,8255,12808,8173.0,82.0,4635.0,False,0.6445190505933791,237,2.8499999999999996
nmousta5,2,test,hliu36,237_E_2-4_WL_Bruise_A244A_2026-03-08_DSC_4652,0.7595014428685455,0.6122549990100971,0.9839325485205218,0.6184381561843816,6286,10001,6185.0,101.0,3816.0,False,0.6285371462853715,237,2.8499999999999996
nmousta5,2,test,hliu36,237_E_2-4_WL_Bruise_A244A_2026-03-08_DSC_4653,0.7746800731261426,0.6322267810518464,0.9831786542923434,0.6391402714932126,5172,7956,5085.0,87.0,2871.0,False,0.6500754147812972,237,2.8499999999999996
nmousta5,2,test,hliu36,237_E_2-4_WL_Bruise_OC_A244A_2026-03-08_DSC_4656,0.8328122876172352,0.7135204378712007,0.9220466516177577,0.7593258148469451,6645,8069,6127.0,518.0,1942.0,False,0.8235221217003346,237,2.8499999999999996
nmousta5,2,test,hliu36,237_E_2-4_WL_Bruise_OC_A244A_2026-03-08_DSC_4657,0.8493571011104617,0.7381587301587301,0.9576606260296541,0.7630611709110002,6070,7618,5813.0,257.0,1805.0,False,0.7967970595956944,237,2.8499999999999996
nmousta5,2,test,hliu36,237_J_2-4_WL_Bruise_A244A_2026-02-26_DSC_5578,0.8448377216051484,0.731358474394686,0.8943989518506387,0.8004807692307693,15265,17056,13653.0,1612.0,3403.0,False,0.8949929643527205,237,2.8499999999999996
nmousta5,2,test,hliu36,237_J_2-4_WL_Bruise_A244A_2026-02-26_DSC_5579,0.7474033622443517,0.5966831937083262,0.7283984972867678,0.7674265190940409,14374,13643,10470.0,3904.0,3173.0,False,1.0535805907791542,237,2.8499999999999996
nmousta5,2,test,hliu36,237_J_2-4_WL_Bruise_A244A_2026-02-26_DSC_5580,0.8979754445691934,0.8148415932693571,0.8456343792633015,0.9572233804339433,14660,12951,12397.0,2263.0,554.0,False,1.1319589220909583,237,2.8499999999999996
nmousta5,2,test,hliu36,237_J_2-4_WL_Bruise_OC_A244A_2026-02-26_DSC_5582,0.8534211279702262,0.7443196004993757,0.9352890422778257,0.7847318196775255,12749,15195,11924.0,825.0,3271.0,False,0.8390259953932214,237,2.8499999999999996
nmousta5,2,test,hliu36,237_J_2-4_WL_Bruise_OC_A244A_2026-02-26_DSC_5583,0.8189659572296228,0.6934312878133103,0.908709933174765,0.7453548866592344,8829,10764,8023.0,806.0,2741.0,False,0.8202341137123745,237,2.8499999999999996
nmousta5,2,test,hliu36,237_N_2-4_WL_Bruise_A244A_2026-02-26_DSC_5858,0.5360306440028729,0.3661488143908422,1.0,0.3661488143908422,2239,6115,2239.0,0.0,3876.0,False,0.3661488143908422,237,2.8499999999999996
nmousta5,2,test,hliu36,237_N_2-4_WL_Bruise_A244A_2026-02-26_DSC_5859,0.5541299968190012,0.38325022000586684,1.0,0.38325022000586684,2613,6818,2613.0,0.0,4205.0,False,0.38325022000586684,237,2.8499999999999996
nmousta5,2,test,hliu36,237_N_2-4_WL_Bruise_A244A_2026-02-26_DSC_5860,0.6670698518294527,0.5004537205081669,0.8816946442845723,0.5364785992217899,2502,4112,2206.0,296.0,1906.0,False,0.6084630350194552,237,2.8499999999999996
nmousta5,2,test,hliu36,237_N_2-4_WL_Bruise_OC_A244A_2026-02-26_DSC_5862,0.6207925010651896,0.45010812480692,0.6657021017362169,0.5815593400745077,6566,7516,4371.0,2195.0,3145.0,False,0.8736029803086748,237,2.8499999999999996
nmousta5,2,test,hliu36,237_N_2-4_WL_Bruise_OC_A244A_2026-02-26_DSC_5863,0.755559779509599,0.607148312204063,0.9361752237399906,0.6333652007648184,4246,6276,3975.0,271.0,2301.0,False,0.6765455704270236,237,2.8499999999999996
nmousta5,2,test,hliu36,237_S_2-4_WL_Bruise_A244A_2026-02-27_DSC_6307,0.5381280020771129,0.36810883773799374,0.9999035121574682,0.36812191396398,10364,28151,10363.000000000002,0.999999999998181,17788.0,False,0.36815743668075734,237,2.8499999999999996
nmousta5,2,test,hliu36,237_S_2-4_WL_Bruise_A244A_2026-02-27_DSC_6308,0.6222101743923376,0.4516002098635887,1.0,0.4516002098635887,10329,22872,10329.0,0.0,12543.0,False,0.4516002098635887,237,2.8499999999999996
nmousta5,2,test,hliu36,237_S_2-4_WL_Bruise_A244A_2026-02-27_DSC_6309,0.7228038606248978,0.565930195325008,0.9984182578239746,0.5664380488430228,8851,15601,8837.0,14.0,6764.0,False,0.5673354272162041,237,2.8499999999999996
nmousta5,2,test,hliu36,237_S_2-4_WL_Bruise_OC_A244A_2026-02-27_DSC_6311,0.601056168987038,0.4296499656829101,0.9942577886377519,0.43071874669207155,8185,18894,8138.0,47.0,10756.0,False,0.43320630888112627,237,2.8499999999999996
nmousta5,2,test,hliu36,237_S_2-4_WL_Bruise_OC_A244A_2026-02-27_DSC_6312,0.6858260163801373,0.5218685082252541,0.9888297872340426,0.5249632892804699,9400,17706,9295.0,105.0,8411.0,False,0.5308934824353326,237,2.8499999999999996
nmousta5,2,test,hliu36,237_Z_2-5_WL_Bruise_A244A_2026-02-16_DSC_7025,0.6232586180909933,0.45270566155771036,1.0,0.45270566155771036,14473,31970,14473.0,0.0,17497.0,False,0.45270566155771036,237,2.8499999999999996
nmousta5,2,test,hliu36,237_Z_2-5_WL_Bruise_A244A_2026-02-16_DSC_7026,0.658168052544731,0.49049961419753085,1.0,0.49049961419753085,10171,20736,10171.0,0.0,10565.0,False,0.49049961419753085,237,2.8499999999999996
nmousta5,2,test,hliu36,237_Z_2-5_WL_Bruise_A244A_2026-02-16_DSC_7027,0.6871101871101871,0.5233570863024545,1.0,0.5233570863024545,14542,27786,14542.0,0.0,13244.0,False,0.5233570863024545,237,2.8499999999999996
nmousta5,2,test,hliu36,237_Z_2-5_WL_Bruise_OC_A244A_2026-02-16_DSC_7030,0.6367062640141214,0.46703527435610304,1.0,0.46703527435610304,13346,28576,13346.0,0.0,15230.0,False,0.46703527435610304,237,2.8499999999999996
nmousta5,2,test,hliu36,247_A_2-4_WL_Bruise_A244A_2026-02-27_DSC_6202,0.8585778482685699,0.7522000926354794,0.8890510948905109,0.8301243823479298,5480,5869,4872.0,608.0,997.0,False,0.933719543363435,247,2.8499999999999996
nmousta5,2,test,hliu36,247_A_2-4_WL_Bruise_A244A_2026-02-27_DSC_6203,0.8375877828558689,0.720560030686613,0.8374944271065538,0.8376811594202899,4486,4485,3757.0,729.0,728.0,False,1.0002229654403567,247,2.8499999999999996
nmousta5,2,test,hliu36,247_A_2-4_WL_Bruise_A244A_2026-02-27_DSC_6204,0.9054099462365591,0.827168073676132,0.9944639232330689,0.8309946029298381,5419,6485,5389.0,30.0,1096.0,False,0.8356206630686199,247,2.8499999999999996
nmousta5,2,test,hliu36,247_A_2-4_WL_Bruise_OC_A244A_2026-02-27_DSC_6206,0.888731521642914,0.7997451011629759,0.9827721221613156,0.8111164970108257,5108,6189,5020.0,88.0,1169.0,False,0.8253352722572306,247,2.8499999999999996
nmousta5,2,test,hliu36,247_A_2-4_WL_Bruise_OC_A244A_2026-02-27_DSC_6207,0.8661685673089526,0.7639306358381502,0.8561803576055973,0.8763925729442971,3859,3770,3304.0,555.0,466.0,False,1.023607427055703,247,2.8499999999999996
nmousta5,2,test,hliu36,250_A_2-4_WL_Bruise_A244A_2026-02-27_DSC_6537,0.9102161822942589,0.8352263701350278,0.9949380263033399,0.8387907310652893,21138,25073,21031.0,107.0,4042.0,False,0.843058269852032,250,2.8499999999999996
nmousta5,2,test,hliu36,250_A_2-4_WL_Bruise_A244A_2026-02-27_DSC_6538,0.9500183486238533,0.9047951908290228,0.9367491677522073,0.9636688505062537,20727,20148,19416.0,1311.0,732.0,False,1.0287373436569387,250,2.8499999999999996
nmousta5,2,test,hliu36,250_A_2-4_WL_Bruise_OC_A244A_2026-02-27_DSC_6541,0.9030644359781348,0.82326115188306,0.9803985038124011,0.8370386292452251,27804,32566,27259.0,545.0,5307.0,False,0.8537738745931339,250,2.8499999999999996
nmousta5,2,test,hliu36,250_A_2-4_WL_Bruise_OC_A244A_2026-02-27_DSC_6542,0.9369465258855586,0.8813729023989747,0.9823676457459155,0.8955400016277366,22402,24574,22007.0,395.0,2567.0,False,0.911613900870839,250,2.8499999999999996
nmousta5,2,test,hliu36,250_A_2-4_WL_Bruise_OC_A244A_2026-02-27_DSC_6543,0.9248925330361407,0.8602791455333012,0.9686522989703614,0.8849156479683157,23989,26259,23237.0,752.0,3022.0,False,0.913553448341521,250,2.8499999999999996
nmousta5,2,test,hliu36,254_A_2-5_WL_Bruise_A244A_2026-02-16_DSC_6925,0.7595031990967256,0.6122572815533981,0.6599084368868542,0.8945035460992907,1529,1128,1009.0,520.0,119.0,False,1.3554964539007093,254,2.8499999999999996
nmousta5,2,test,hliu36,254_A_2-5_WL_Bruise_A244A_2026-02-16_DSC_6926,0.6812373907195696,0.5165731769505354,0.5165731769505354,1.0,1961,1013,1013.0,948.0,0.0,False,1.9358341559723593,254,2.8499999999999996
nmousta5,2,test,hliu36,254_A_2-5_WL_Bruise_A244A_2026-02-16_DSC_6927,0.25759013282732446,0.1478355567655867,0.15274261603375527,0.8214826021180031,3555,661,543.0,3012.0,118.0,False,5.37821482602118,254,2.8499999999999996
nmousta5,2,test,hliu36,254_A_2-5_WL_Bruise_OC_A244A_2026-02-16_DSC_6930,0.790641387656313,0.6537691794529686,0.7020057306590258,0.9048938134810711,1396,1083,979.9999999999999,416.0000000000001,103.00000000000011,False,1.289012003693444,254,2.8499999999999996
nmousta5,2,test,hliu36,254_A_2-5_WL_Bruise_OC_A244A_2026-02-16_DSC_6931,0.1185257346971911,0.0629962029685882,0.0721486459774659,0.33181818181818185,5059,1100,365.0,4694.0,735.0,False,4.599090909090909,254,2.8499999999999996
nmousta5,2,test,hliu36,254_B_2-5_WL_Bruise_A244A_2026-02-16_DSC_6954,0.11855091000224692,0.06301042671443663,0.8337182448036952,0.06381236800729391,8227,107487,6859.0,1368.0,100628.0,False,0.07653948849628327,254,2.8499999999999996
nmousta5,2,test,hliu36,254_B_2-5_WL_Bruise_A244A_2026-02-16_DSC_6955,0.08177727784026996,0.042631794992083506,0.9239078633836378,0.042782007429475154,6295,135945,5816.0,479.0,130129.0,False,0.0463054911912906,254,2.8499999999999996
nmousta5,2,test,hliu36,254_B_2-5_WL_Bruise_A244A_2026-02-16_DSC_6956,0.16506772342816584,0.08995848268392687,0.9748497974011457,0.09016774793869059,7157,77378,6976.999999999999,180.0000000000009,70401.0,False,0.09249399053994675,254,2.8499999999999996
nmousta5,2,test,hliu36,254_B_2-5_WL_Bruise_OC_A244A_2026-02-16_DSC_6960,0.12621762067534725,0.067359807663918,0.9992178945721883,0.06736335930991574,6393,94829,6388.0,5.0,88441.0,False,0.06741608579653903,254,2.8499999999999996
nmousta5,2,test,hliu36,254_B_2-5_WL_Bruise_OC_A244A_2026-02-16_DSC_6961,0.09406800694961528,0.049355384815731214,0.786669741697417,0.050024931804182673,4336,68186,3411.0,925.0,64775.0,False,0.06359076643299211,254,2.8499999999999996
nmousta5,2,test,hliu36,260_A_2-5_WL_Bruise_A244A_2026-02-17_DSC_7634,0.6228504122497055,0.45227505986999655,0.6117538176770014,0.6343570057581573,2161,2084,1322.0,839.0,762.0,False,1.0369481765834934,260,2.8499999999999996
nmousta5,2,test,hliu36,260_A_2-5_WL_Bruise_A244A_2026-02-17_DSC_7635,0.6612334801762114,0.4939124712076341,0.9036724864539434,0.5213615838832928,1661,2879,1501.0,160.0,1378.0,False,0.5769364362625912,260,2.8499999999999996
nmousta5,2,test,hliu36,260_A_2-5_WL_Bruise_A244A_2026-02-17_DSC_7636,0.5935601458080194,0.4220302375809935,0.6914366595895258,0.5199574241617881,1413,1879,977.0,436.0,902.0,False,0.7519957424161788,260,2.8499999999999996
nmousta5,2,test,hliu36,260_A_2-5_WL_Bruise_OC_A244A_2026-02-17_DSC_7638,0.3882430357534547,0.24088187261839955,0.43002915451895046,0.35385845661735305,2058,2501,885.0,1173.0,1616.0,False,0.8228708516593363,260,2.8499999999999996
nmousta5,2,test,hliu36,260_A_2-5_WL_Bruise_OC_A244A_2026-02-17_DSC_7639,0.6134198256638962,0.44239766081871346,0.5698681732580038,0.664179104477612,2655,2278,1513.0,1142.0,765.0,False,1.165496049165935,260,2.8499999999999996
nmousta5,2,test,hliu36,285_F_2-6_WL_Bruise_A244A_2026-04-06_DSC_2339,0.29870699101468334,0.17557645240242176,0.7339795368874529,0.18750859815655524,1857,7269,1363.0,494.0,5906.0,False,0.2554684275691292,285,2.8499999999999996
nmousta5,2,test,hliu36,285_F_2-6_WL_Bruise_A244A_2026-04-06_DSC_2340,0.3205649988029686,0.19087669280114042,0.44060546232313264,0.251928504233302,3039,5315,1339.0,1700.0,3976.0,False,0.5717779868297271,285,2.8499999999999996
nmousta5,2,test,hliu36,285_F_2-6_WL_Bruise_OC_A244A_2026-04-06_DSC_2343,0.7243816254416962,0.5678670360110804,0.5768148564997186,0.97340930674264,1777,1053,1025.0,752.0,28.0,False,1.687559354226021,285,2.8499999999999996
nmousta5,2,test,hliu36,285_F_2-6_WL_Bruise_OC_A244A_2026-04-06_DSC_2344,0.6978592719718183,0.5359322974472808,0.8542680229986731,0.5898610474881661,4522,6549,3863.0,659.0,2686.0,False,0.6904870972667583,285,2.8499999999999996
nmousta5,2,test,hliu36,285_G_2-6_WL_Bruise_A244A_2026-05-29_DSC_3860,0.9245615855556708,0.8597066769587032,0.9619952494061758,0.8899320815021974,4631,5006,4455.0,176.0,551.0,False,0.9250898921294447,285,2.8499999999999996
nmousta5,2,test,hliu36,285_G_2-6_WL_Bruise_A244A_2026-05-29_DSC_3861,0.8496533795493935,0.7386064030131827,0.8799641014135069,0.8213612565445026,4457,4775,3922.0,535.0,853.0,False,0.9334031413612566,285,2.8499999999999996
nmousta5,2,test,hliu36,285_G_2-6_WL_Bruise_A244A_2026-05-29_DSC_3862,0.906583850931677,0.8291297432401726,0.9870164998647553,0.8382724557776247,3697,4353,3649.0,48.0,704.0,False,0.8492993337927865,285,2.8499999999999996
nmousta5,2,test,hliu36,285_G_2-6_WL_Bruise_OC_A244A_2026-05-29_DSC_3864,0.7961630695443646,0.6613545816733067,1.0,0.6613545816733067,4648,7028,4648.0,0.0,2380.0,False,0.6613545816733067,285,2.8499999999999996
nmousta5,2,test,hliu36,285_G_2-6_WL_Bruise_OC_A244A_2026-05-29_DSC_3865,0.8424914824844938,0.7278490566037736,0.9454901960784313,0.7597290058295257,5100,6347,4822.0,278.0,1525.0,False,0.8035292264061762,285,2.8499999999999996
nmousta5,2,test,mzehra2,170_F_2-4_WL_Bruise_A244A_2026-03-05_DSC_1856,0.7078294080203692,0.547783251231527,0.777078965758211,0.6499123319696084,2862,3422,2224.0,638.0,1198.0,False,0.8363530099357102,170,2.8499999999999996
nmousta5,2,test,mzehra2,170_F_2-4_WL_Bruise_OC_A244A_2026-03-05_DSC_1860,0.40614990390775146,0.25482315112540194,0.28350581321068097,0.7158064516129032,7827,3100,2219.0,5608.0,881.0,False,2.5248387096774194,170,2.8499999999999996
nmousta5,2,test,mzehra2,182_Q_2-6_WL_Bruise_A244A_2026-04-06_DSC_2484,0.23398363750786658,0.13249233839355712,0.8963355834136933,0.13455414012738853,2074,13816,1859.0,215.0,11957.0,False,0.15011580775911987,182,2.8499999999999996
nmousta5,2,test,mzehra2,182_Q_2-6_WL_Bruise_A244A_2026-04-06_DSC_2485,0.05733634311512415,0.02951429235417151,0.11329170383586083,0.03838017527954065,1121,3309,127.0,994.0,3182.0,False,0.33877304321547297,182,2.8499999999999996
nmousta5,2,test,mzehra2,182_Q_2-6_WL_Bruise_A244A_2026-04-06_DSC_2486,0.4358130348913759,0.2786195286195286,0.900271985494107,0.287492762015055,1103,3454,993.0,110.0,2461.0,False,0.3193398957730168,182,2.8499999999999996
nmousta5,2,test,mzehra2,182_Q_2-6_WL_Bruise_OC_A244A_2026-04-06_DSC_2488,0.42172373081463993,0.2672052663076002,0.986013986013986,0.2682218662394874,2717,9988,2679.0,38.0,7309.0,False,0.2720264317180617,182,2.8499999999999996
nmousta5,2,test,mzehra2,20_D_2-6_WL_Bruise_A244A_2026-04-04_DSC_0400,0.9010667421882376,0.8199467399707929,0.9764705882352941,0.8364735781263692,9775,11411,9545.0,230.0,1866.0,False,0.8566295679607396,20,2.8499999999999996
nmousta5,2,test,mzehra2,20_D_2-6_WL_Bruise_OC_A244A_2026-04-04_DSC_0403,0.9080882352941176,0.8316498316498316,0.9905023216547066,0.838335119685602,18952,22392,18772.0,180.0,3620.0,False,0.8463737048946052,20,2.8499999999999996
nmousta5,2,test,mzehra2,20_D_2-6_WL_Bruise_OC_A244A_2026-04-04_DSC_0404,0.8758375031803918,0.7791022255752547,0.9875209180014344,0.786849022819917,20915,26249,20654.0,261.0,5595.0,False,0.7967922587527144,20,2.8499999999999996
nmousta5,2,test,mzehra2,226_A_2-4_WL_Bruise_A244A_2026-03-06_DSC_3569,0.6068056297879921,0.43554987212276214,0.5063931013975617,0.7568888888888889,3363,2250,1703.0,1660.0,547.0,False,1.4946666666666666,226,2.8499999999999996
nmousta5,2,test,mzehra2,226_A_2-4_WL_Bruise_A244A_2026-03-06_DSC_3570,0.6324391543791081,0.462457781241881,0.4630593132154006,0.9971988795518207,3844,1785,1779.9999999999998,2064.0,5.000000000000227,False,2.153501400560224,226,2.8499999999999996
nmousta5,2,test,mzehra2,226_A_2-4_WL_Bruise_A244A_2026-03-06_DSC_3571,0.4268344709897611,0.27132203389830506,0.4064594759293114,0.44935998203458344,4923,4453,2001.0,2922.0,2452.0,False,1.1055468223669436,226,2.8499999999999996
nmousta5,2,test,mzehra2,226_A_2-4_WL_Bruise_OC_A244A_2026-03-06_DSC_3573,0.5817380992715568,0.4101767797419971,0.4336953776206113,0.8832304526748971,3959,1944,1717.0,2242.0,227.0,False,2.036522633744856,226,2.8499999999999996
nmousta5,2,test,mzehra2,226_A_2-4_WL_Bruise_OC_A244A_2026-03-06_DSC_3574,0.5968265416516408,0.42534052942688255,0.8308232931726908,0.46567248171074843,1992,3554,1655.0,337.0,1899.0,False,0.5604952166572875,226,2.8499999999999996
nmousta5,2,test,mzehra2,226_C_2-4_WL_Bruise_A244A_2026-03-06_DSC_3610,0.8356599861783,0.7177113010446344,0.945573975602127,0.7486379395740466,3197,4038,3023.0,174.0,1015.0,False,0.79172857850421,226,2.8499999999999996
nmousta5,2,test,mzehra2,226_C_2-4_WL_Bruise_A244A_2026-03-06_DSC_3611,0.858600583090379,0.7522349936143039,0.964309102815979,0.7737782448765108,3054,3806,2945.0,109.0,861.0,False,0.8024172359432475,226,2.8499999999999996
nmousta5,2,test,mzehra2,226_C_2-4_WL_Bruise_A244A_2026-03-06_DSC_3612,0.8228142320758091,0.6989671931956257,0.807935393258427,0.8382513661202186,2848,2745,2301.0,547.0,444.0,False,1.0375227686703097,226,2.8499999999999996
nmousta5,2,test,mzehra2,226_C_2-4_WL_Bruise_OC_A244A_2026-03-06_DSC_3614,0.849866293136381,0.7389282550930026,0.881405176967776,0.8205065158593557,3786,4067,3337.0,449.0,730.0,False,0.9309073026801082,226,2.8499999999999996
nmousta5,2,test,mzehra2,226_C_2-4_WL_Bruise_OC_A244A_2026-03-06_DSC_3615,0.8343815513626834,0.7158273381294964,0.9693806541405706,0.7323869610935857,2874,3804,2786.0,88.0,1018.0,False,0.7555205047318612,226,2.8499999999999996
nmousta5,2,test,mzehra2,228_B_2-4_WL_Bruise_A244A_2026-03-06_DSC_3718,0.8240650406504065,0.7007743362831859,0.8756046993780235,0.7782555282555282,2894,3256,2534.0,360.0,722.0,False,0.8888206388206388,228,2.8499999999999996
nmousta5,2,test,mzehra2,228_B_2-4_WL_Bruise_A244A_2026-03-06_DSC_3719,0.8381219341275403,0.721351025331725,0.765685019206146,0.9256965944272446,2343,1938,1794.0,549.0,144.0,False,1.2089783281733746,228,2.8499999999999996
nmousta5,2,test,mzehra2,228_B_2-4_WL_Bruise_A244A_2026-03-06_DSC_3720,0.7953861584754263,0.6602830974188176,0.9146482122260668,0.7036379769299024,1734,2254,1586.0,148.0,668.0,False,0.769299023957409,228,2.8499999999999996
nmousta5,2,test,mzehra2,228_B_2-4_WL_Bruise_A244A_2026-03-06_DSC_3721,0.7677535507101421,0.6230519480519481,0.7198049512378094,0.8225460780111444,2666,2333,1919.0,747.0,414.0,False,1.1427346763823403,228,2.8499999999999996
nmousta5,2,test,mzehra2,228_B_2-4_WL_Bruise_OC_A244A_2026-03-06_DSC_3723,0.7839754648265287,0.644703656998739,0.6904118838622553,0.9068736141906873,2962,2255,2045.0,917.0,210.0,False,1.3135254988913525,228,2.8499999999999996
nmousta5,2,test,mzehra2,228_B_2-4_WL_Bruise_OC_A244A_2026-03-06_DSC_3724,0.7369905956112852,0.5835194837428642,0.9219607843137255,0.6138381201044386,2550,3830,2351.0,199.0,1479.0,False,0.6657963446475196,228,2.8499999999999996
nmousta5,2,test,mzehra2,232_A_2-4_WL_Bruise_A244A_2026-03-06_DSC_3868,0.20197565708237786,0.11233199254390268,0.14285714285714285,0.3445681613000301,8015,3323,1145.0,6870.0,2178.0,False,2.411977129100211,232,2.8499999999999996
nmousta5,2,test,mzehra2,232_A_2-4_WL_Bruise_A244A_2026-03-06_DSC_3869,0.39287453900215713,0.2444579147904399,0.24821946715906093,0.9416277518345564,11373,2998,2823.0,8550.0,175.0,False,3.7935290193462308,232,2.8499999999999996
nmousta5,2,test,mzehra2,232_A_2-4_WL_Bruise_A244A_2026-03-06_DSC_3870,0.0,0.0,0.0,0.0,9317,4524,0.0,9317.0,4524.0,True,2.0594606542882405,232,2.8499999999999996
nmousta5,2,test,mzehra2,232_A_2-4_WL_Bruise_OC_A244A_2026-03-06_DSC_3876,0.7597648843382632,0.6125974621617489,0.8745089480576168,0.6716392893060678,4582,5966,4007.0,575.0,1959.0,False,0.7680187730472678,232,2.8499999999999996
nmousta5,2,test,mzehra2,232_A_2-4_WL_Bruise_OC_A244A_2026-03-06_DSC_3877,0.7441000352236703,0.592483522647595,0.6666140738403282,0.8419689119170984,6338,5018,4225.0,2113.0,793.0,False,1.2630530091669987,232,2.8499999999999996
nmousta5,2,test,mzehra2,233_B_2-4_WL_Bruise_A244A_2026-03-06_DSC_4197,0.5486361296963459,0.3780141843971631,0.9515969053759175,0.3854250361561948,5041,12446,4797.0,244.0,7649.0,False,0.4050297284268038,233,2.8499999999999996
nmousta5,2,test,mzehra2,233_B_2-4_WL_Bruise_A244A_2026-03-06_DSC_4199,0.6789853137516689,0.5139877102199224,0.8696306429548564,0.5568988173455979,7310,11415,6357.0,953.0,5058.0,False,0.6403854577310556,233,2.8499999999999996
nmousta5,2,test,mzehra2,233_B_2-4_WL_Bruise_OC_A244A_2026-03-06_DSC_4201,0.4593933718328911,0.2981899230041875,0.9963890769577973,0.2985125084516565,4431,14790,4415.0,16.0,10375.0,False,0.2995943204868154,233,2.8499999999999996
nmousta5,2,test,mzehra2,235_A_2-4_WL_Bruise_A244A_2026-03-08_DSC_4349,0.7238275698720985,0.5671863400148478,1.0,0.5671863400148478,19100,33675,19100.0,0.0,14575.0,False,0.5671863400148478,235,2.8499999999999996
nmousta5,2,test,mzehra2,235_A_2-4_WL_Bruise_A244A_2026-03-08_DSC_4350,0.6844490752800209,0.5202756217329321,0.9911980686047681,0.5226905020820625,19882,37703,19707.0,175.0,17996.0,False,0.5273320425430337,235,2.8499999999999996
nmousta5,2,test,mzehra2,235_A_2-4_WL_Bruise_A244A_2026-03-08_DSC_4351,0.7960739215319195,0.6612315621112493,0.9990602134657984,0.6616431048279541,14897,22494,14883.0,14.0,7611.0,False,0.662265493020361,235,2.8499999999999996
nmousta5,2,test,mzehra2,235_A_2-4_WL_Bruise_OC_A244A_2026-03-08_DSC_4353,0.7447950819672131,0.5933653312436739,0.9996699488420705,0.5934815975964207,18179,30621,18173.0,6.0,12448.0,False,0.5936775415564481,235,2.8499999999999996
nmousta5,2,test,mzehra2,235_A_2-4_WL_Bruise_OC_A244A_2026-03-08_DSC_4354,0.6868496415802486,0.5230548331166016,0.9745103977387441,0.5303101051995496,19812,36407,19307.0,505.0,17100.0,False,0.5441810640810834,235,2.8499999999999996
nmousta5,2,test,mzehra2,236_C_2-4_WL_Bruise_A244A_2026-03-08_DSC_4462,0.1541337514321896,0.08350212348905586,0.4226190476190476,0.09425473855004056,3024,13559,1278.0,1746.0,12281.0,False,0.22302529685080022,236,2.8499999999999996
nmousta5,2,test,mzehra2,236_C_2-4_WL_Bruise_A244A_2026-03-08_DSC_4463,0.06593659942363113,0.03409226367862677,0.2757955641272903,0.03744435716156062,2074,15276,572.0,1502.0,14704.0,False,0.13576852579209217,236,2.8499999999999996
nmousta5,2,test,mzehra2,236_C_2-4_WL_Bruise_A244A_2026-03-08_DSC_4464,0.0,0.0,0.0,0.0,874,11326,0.0,874.0,11326.0,True,0.07716757902171993,236,2.8499999999999996
nmousta5,2,test,mzehra2,236_C_2-4_WL_Bruise_OC_A244A_2026-03-08_DSC_4467,0.0,0.0,0.0,0.0,2372,10556,0.0,2372.0,10556.0,True,0.224706328154604,236,2.8499999999999996
nmousta5,2,test,mzehra2,236_C_2-4_WL_Bruise_OC_A244A_2026-03-08_DSC_4468,0.05022795765396801,0.025760938490805328,0.19230769230769232,0.028886321215891922,1690,11251,325.0,1365.0,10926.0,False,0.150208870322638,236,2.8499999999999996
nmousta5,2,test,mzehra2,236_E_2-4_WL_Bruise_OC_A244A_2026-02-26_DSC_5722,0.4960324783170327,0.3298159509202454,0.33671552048102216,0.9415061295971979,7983,2855,2688.0,5295.0,167.0,False,2.7961471103327495,236,2.8499999999999996
nmousta5,2,test,mzehra2,237_AC_2-5_WL_Bruise_A244A_2026-02-16_DSC_7084,0.5164586919104991,0.34812558915234576,0.9563745019920319,0.35374300029472444,10040,27144,9601.999999999998,438.0000000000018,17542.0,False,0.36987916298261125,237,2.8499999999999996
nmousta5,2,test,mzehra2,237_AC_2-5_WL_Bruise_A244A_2026-02-16_DSC_7085,0.5452933876972168,0.3748476724348038,0.936776708490681,0.3845769153830766,8209,19996,7690.0,519.0,12306.0,False,0.41053210642128424,237,2.8499999999999996
nmousta5,2,test,mzehra2,237_AC_2-5_WL_Bruise_A244A_2026-02-16_DSC_7086,0.6943835751653341,0.5318434740534655,0.9906494676956007,0.5345267764877515,17753,32902,17587.0,166.0,15315.0,False,0.5395720624886026,237,2.8499999999999996
nmousta5,2,test,mzehra2,237_AC_2-5_WL_Bruise_OC_A244A_2026-02-16_DSC_7088,0.7705471740598964,0.6267399267399267,1.0,0.6267399267399267,18821,30030,18821.0,0.0,11209.0,False,0.6267399267399267,237,2.8499999999999996
nmousta5,2,test,mzehra2,237_AC_2-5_WL_Bruise_OC_A244A_2026-02-16_DSC_7089,0.7418745408109716,0.5896665832429576,0.9923253310870888,0.5923680755370562,21369,35797,21205.0,164.0,14592.0,False,0.5969494650389697,237,2.8499999999999996
nmousta5,2,test,mzehra2,237_AD_2-5_WL_Bruise_A244A_2026-02-16_DSC_7116,0.8460242824057829,0.7331387216444688,0.9884388324040669,0.7394798184271868,12196,16302,12055.0,141.0,4247.0,False,0.7481290639185376,237,2.8499999999999996
nmousta5,2,test,mzehra2,237_AD_2-5_WL_Bruise_A244A_2026-02-16_DSC_7117,0.8693290305230603,0.7688611930358672,0.951436307982105,0.8002673664405605,16988,20197,16162.999999999998,825.0000000000018,4034.000000000002,False,0.8411150170817449,237,2.8499999999999996
nmousta5,2,test,mzehra2,237_AD_2-5_WL_Bruise_A244A_2026-02-16_DSC_7118,0.8223661779747699,0.698320787492762,0.8605833556328606,0.7873990043254713,11211,12253,9648.0,1563.0,2605.0,False,0.9149596017301885,237,2.8499999999999996
nmousta5,2,test,mzehra2,237_AD_2-5_WL_Bruise_OC_A244A_2026-02-16_DSC_7120,0.814508783344177,0.68706437626914,0.9494880546075085,0.7131301623469097,13185,17555,12519.0,666.0,5036.0,False,0.7510680717744233,237,2.8499999999999996
nmousta5,2,test,mzehra2,237_AD_2-5_WL_Bruise_OC_A244A_2026-02-16_DSC_7121,0.7522322950037489,0.6028624494701191,0.9961187832836899,0.604281881399551,11079,18263,11036.0,43.0,7227.0,False,0.6066363686141378,237,2.8499999999999996
nmousta5,2,test,mzehra2,237_AE_2-5_WL_Bruise_A244A_2026-02-16_DSC_7217,0.7088659372123939,0.5490258197370506,0.9004936347103144,0.5844856661045531,3849,5930,3466.0,383.0,2464.0,False,0.6490725126475548,237,2.8499999999999996
nmousta5,2,test,mzehra2,237_AE_2-5_WL_Bruise_A244A_2026-02-16_DSC_7218,0.8006926952141058,0.6676292990286165,0.9964733542319749,0.6692105263157895,2552,3800,2543.0,9.0,1257.0,False,0.671578947368421,237,2.8499999999999996
nmousta5,2,test,mzehra2,237_AE_2-5_WL_Bruise_A244A_2026-02-16_DSC_7219,0.7208588957055214,0.5635491606714629,1.0,0.5635491606714629,2820,5004,2820.0,0.0,2184.0,False,0.5635491606714629,237,2.8499999999999996
nmousta5,2,test,mzehra2,237_AE_2-5_WL_Bruise_OC_A244A_2026-02-16_DSC_7221,0.5702895509861519,0.39888464925154093,0.6255466052934407,0.5240023134759977,4345,5187,2717.9999999999995,1627.0000000000005,2469.0000000000005,False,0.8376711008289955,237,2.8499999999999996
nmousta5,2,test,mzehra2,237_AE_2-5_WL_Bruise_OC_A244A_2026-02-16_DSC_7222,0.22101154659294195,0.12423439071213091,0.157931435212086,0.36799350121852153,8605,3693,1359.0,7246.0,2334.0,False,2.330083942594097,237,2.8499999999999996
nmousta5,2,test,mzehra2,237_B_2-4_WL_Bruise_A244A_2026-03-08_DSC_4584,0.8150436923671125,0.6878259452411994,0.9657342257307935,0.7050323658383796,17481,23945,16882.0,599.0,7063.0,False,0.7300480267279181,237,2.8499999999999996
nmousta5,2,test,mzehra2,237_B_2-4_WL_Bruise_A244A_2026-03-08_DSC_4587,0.8201952459504043,0.6951957458512882,0.9514398644833427,0.7207699619771863,15939,21040,15165.0,774.0,5875.0,False,0.7575570342205323,237,2.8499999999999996
nmousta5,2,test,mzehra2,237_B_2-4_WL_Bruise_A244A_2026-03-08_DSC_4588,0.793871359223301,0.658197917190723,0.9309093496513449,0.6920025388765472,14054,18906,13083.0,971.0,5823.0,False,0.7433618956944885,237,2.8499999999999996
nmousta5,2,test,mzehra2,237_B_2-4_WL_Bruise_OC_A244A_2026-03-08_DSC_4591,0.6115858552476275,0.4404923830250272,0.9999228097259746,0.4405073621926752,12955,29407,12953.999999999998,1.000000000001819,16453.0,False,0.44054136770156765,237,2.8499999999999996
nmousta5,2,test,mzehra2,237_B_2-4_WL_Bruise_OC_A244A_2026-03-08_DSC_4592,0.8172337947988096,0.6909512557976721,0.9703207570357626,0.7058692056680523,16274,22371,15791.0,483.0,6580.0,False,0.7274596575924187,237,2.8499999999999996
nmousta5,2,test,mzehra2,237_C_2-4_WL_Bruise_A244A_2026-03-08_DSC_4608,0.6899260055392501,0.5266313265177331,0.8736390284757118,0.5700525992212583,9552,14639,8345.0,1207.0,6294.0,False,0.6525035863105403,237,2.8499999999999996
nmousta5,2,test,mzehra2,237_C_2-4_WL_Bruise_A244A_2026-03-08_DSC_4609,0.722248170636774,0.5652491775313756,0.8613070924619384,0.6218498659517426,5386,7460,4639.0,747.0,2821.0,False,0.7219839142091152,237,2.8499999999999996
nmousta5,2,test,mzehra2,237_C_2-4_WL_Bruise_A244A_2026-03-08_DSC_4610,0.662430698311842,0.49524962742175854,0.8957210242587601,0.5255510526836018,11872,20234,10634.0,1238.0,9600.0,False,0.5867351981812791,237,2.8499999999999996
nmousta5,2,test,mzehra2,237_C_2-4_WL_Bruise_OC_A244A_2026-03-08_DSC_4613,0.5433213693026128,0.3729864349300551,0.6744275174858676,0.4548920770324415,10437,15474,7039.0,3398.0,8435.0,False,0.6744862349747964,237,2.8499999999999996
nmousta5,2,test,mzehra2,237_C_2-4_WL_Bruise_OC_A244A_2026-03-08_DSC_4615,0.5595692948940605,0.3884735953701471,0.5800528084493519,0.5404831133974503,8332,8942,4833.0,3499.0,4109.0,False,0.9317825989711473,237,2.8499999999999996
nmousta5,2,test,mzehra2,237_E_2-4_WL_Bruise_A244A_2026-03-08_DSC_4651,0.8272842371808399,0.7054430949167791,0.9498485766202301,0.7327352583870667,8255,10701,7841.0,414.0,2860.0,False,0.7714232314736941,237,2.8499999999999996
nmousta5,2,test,mzehra2,237_E_2-4_WL_Bruise_A244A_2026-03-08_DSC_4652,0.6954227371802225,0.5330636651424552,0.9643652561247216,0.5437746681019017,6286,11148,6062.0,224.0,5086.0,False,0.5638679583781844,237,2.8499999999999996
nmousta5,2,test,mzehra2,237_E_2-4_WL_Bruise_A244A_2026-03-08_DSC_4653,0.7221946551357482,0.565183623654721,0.9849187935034803,0.57011751538892,5172,8935,5094.0,78.0,3841.0,False,0.5788472299944041,237,2.8499999999999996
nmousta5,2,test,mzehra2,237_E_2-4_WL_Bruise_OC_A244A_2026-03-08_DSC_4656,0.8834450027917364,0.7912239029878735,0.9524454477050414,0.8237667577769101,6645,7683,6329.0,316.0,1354.0,False,0.8648965247950019,237,2.8499999999999996
nmousta5,2,test,mzehra2,237_E_2-4_WL_Bruise_OC_A244A_2026-03-08_DSC_4657,0.8379714648961718,0.7211281303185023,0.9772652388797364,0.7334322453016815,6070,8088,5932.0,138.0,2156.0,False,0.7504945598417408,237,2.8499999999999996
nmousta5,2,test,mzehra2,237_J_2-4_WL_Bruise_A244A_2026-02-26_DSC_5578,0.8030131826741996,0.670862177470107,0.768162463150999,0.8411764705882353,15265,13940,11726.0,3539.0,2214.0,False,1.0950502152080344,237,2.8499999999999996
nmousta5,2,test,mzehra2,237_J_2-4_WL_Bruise_A244A_2026-02-26_DSC_5579,0.6257045772536478,0.45529117458839957,0.5444552664533185,0.7354571938727563,14374,10641,7826.0,6548.0,2815.0,False,1.3508128935250447,237,2.8499999999999996
nmousta5,2,test,mzehra2,237_J_2-4_WL_Bruise_A244A_2026-02-26_DSC_5580,0.7293221512656767,0.57396306388132,0.6465893587994543,0.8363331568731251,14660,11334,9479.0,5181.0,1855.0,False,1.293453326274925,237,2.8499999999999996
nmousta5,2,test,mzehra2,237_J_2-4_WL_Bruise_OC_A244A_2026-02-26_DSC_5582,0.8899796181523231,0.8017687176796823,0.8391246372264491,0.9473963868225292,12749,11292,10698.0,2051.0,594.0,False,1.1290294013460858,237,2.8499999999999996
nmousta5,2,test,mzehra2,237_J_2-4_WL_Bruise_OC_A244A_2026-02-26_DSC_5583,0.8363047001620746,0.7186629526462396,0.8766564729867482,0.7995041834521227,8829,9681,7740.0,1089.0,1941.0,False,0.9119925627517819,237,2.8499999999999996
nmousta5,2,test,mzehra2,237_N_2-4_WL_Bruise_A244A_2026-02-26_DSC_5858,0.31271647699158833,0.18533724340175953,0.9879410451094238,0.18575747396708095,2239,11908,2212.0,27.0,9696.0,False,0.18802485723883103,237,2.8499999999999996
nmousta5,2,test,mzehra2,237_N_2-4_WL_Bruise_A244A_2026-02-26_DSC_5859,0.710054347826087,0.5504529176321887,1.0,0.5504529176321887,2613,4747,2613.0,0.0,2134.0,False,0.5504529176321887,237,2.8499999999999996
nmousta5,2,test,mzehra2,237_N_2-4_WL_Bruise_A244A_2026-02-26_DSC_5860,0.786767349874146,0.6484884410195614,0.8745003996802558,0.7150326797385621,2502,3060,2188.0,314.0,872.0,False,0.8176470588235294,237,2.8499999999999996
nmousta5,2,test,mzehra2,237_N_2-4_WL_Bruise_OC_A244A_2026-02-26_DSC_5862,0.626949102677258,0.45661024212556245,0.6491014316174231,0.6062588904694168,6566,7030,4262.0,2304.0,2768.0,False,0.9339971550497866,237,2.8499999999999996
nmousta5,2,test,mzehra2,237_N_2-4_WL_Bruise_OC_A244A_2026-02-26_DSC_5863,0.8037114479874543,0.6718374481101158,0.7242110221384833,0.9028185554903112,4246,3406,3075.0,1171.0,331.0,False,1.2466236054022313,237,2.8499999999999996
nmousta5,2,test,mzehra2,237_S_2-4_WL_Bruise_A244A_2026-02-27_DSC_6307,0.6466547473416768,0.4778194965929634,0.994596680818217,0.479063066412604,10364,21517,10308.0,56.0,11209.0,False,0.48166565971092623,237,2.8499999999999996
nmousta5,2,test,mzehra2,237_S_2-4_WL_Bruise_A244A_2026-02-27_DSC_6308,0.6862209186054263,0.5223259590014208,0.9966114822344855,0.5232552228943221,10329,19673,10294.0,35.0,9379.0,False,0.5250343109845982,237,2.8499999999999996
nmousta5,2,test,mzehra2,237_S_2-4_WL_Bruise_A244A_2026-02-27_DSC_6309,0.697034570250555,0.5349601411793342,0.9932211049598916,0.5369205399132718,8851,16373,8791.0,60.0,7582.0,False,0.5405851096317107,237,2.8499999999999996
nmousta5,2,test,mzehra2,237_S_2-4_WL_Bruise_OC_A244A_2026-02-27_DSC_6311,0.5970094821298323,0.425526384195477,1.0,0.425526384195477,8185,19235,8185.000000000001,-9.094947017729282e-13,11050.0,False,0.425526384195477,237,2.8499999999999996
nmousta5,2,test,mzehra2,237_S_2-4_WL_Bruise_OC_A244A_2026-02-27_DSC_6312,0.7770657672849915,0.6354109211252068,0.9804255319148936,0.6435754189944134,9400,14320,9216.0,184.0,5104.0,False,0.6564245810055865,237,2.8499999999999996
nmousta5,2,test,mzehra2,237_Z_2-5_WL_Bruise_A244A_2026-02-16_DSC_7025,0.788701542008935,0.6511207347832294,0.9453465072894355,0.6765898526357432,14473,20222,13682.0,791.0,6540.0,False,0.7157056670952429,237,2.8499999999999996
nmousta5,2,test,mzehra2,237_Z_2-5_WL_Bruise_A244A_2026-02-16_DSC_7026,0.7521076763792338,0.6027023823633993,0.9999016812506145,0.6027381022936051,10171,16873,10170.0,1.0,6703.0,False,0.6027973685770165,237,2.8499999999999996
nmousta5,2,test,mzehra2,237_Z_2-5_WL_Bruise_A244A_2026-02-16_DSC_7027,0.7875508983740995,0.6495537811178957,0.9509696052812543,0.6720610390241532,14542,20577,13829.0,713.0,6748.0,False,0.7067113767798999,237,2.8499999999999996
nmousta5,2,test,mzehra2,237_Z_2-5_WL_Bruise_OC_A244A_2026-02-16_DSC_7030,0.8125509883903358,0.6842828453651834,0.9701783305859434,0.6989851004102785,13346,18524,12948.0,398.0,5576.0,False,0.7204707406607644,237,2.8499999999999996
nmousta5,2,test,mzehra2,247_A_2-4_WL_Bruise_A244A_2026-02-27_DSC_6202,0.8382204246713852,0.721496953872933,0.7563868613138686,0.9399092970521542,5480,4410,4145.0,1335.0,265.0,False,1.2426303854875282,247,2.8499999999999996
nmousta5,2,test,mzehra2,247_A_2-4_WL_Bruise_A244A_2026-02-27_DSC_6203,0.855206847360913,0.7470404984423676,0.8018279090503789,0.9161996943453897,4486,3926,3597.0,889.0,329.0,False,1.142638818135507,247,2.8499999999999996
nmousta5,2,test,mzehra2,247_A_2-4_WL_Bruise_A244A_2026-02-27_DSC_6204,0.8529890199267995,0.7436624711930508,0.7741280679092083,0.9497396422911478,5419,4417,4195.0,1224.0,222.0,False,1.2268508037129273,247,2.8499999999999996
nmousta5,2,test,mzehra2,247_A_2-4_WL_Bruise_OC_A244A_2026-02-27_DSC_6206,0.8916603405270578,0.8045009784735813,0.8048159749412686,0.99951373693168,5108,4113,4111.0,997.0,2.0,False,1.2419158764891807,247,2.8499999999999996
nmousta5,2,test,mzehra2,247_A_2-4_WL_Bruise_OC_A244A_2026-02-27_DSC_6207,0.8624931656642975,0.7582311944244172,0.8175693184762892,0.9126410182238935,3859,3457,3155.0,704.0,302.0,False,1.1162857969337576,247,2.8499999999999996
nmousta5,2,test,mzehra2,250_A_2-4_WL_Bruise_A244A_2026-02-27_DSC_6537,0.9280163872375482,0.865700162007228,0.9859021667139748,0.8765509989484753,21138,23775,20840.0,298.0,2935.0,False,0.8890851735015773,250,2.8499999999999996
nmousta5,2,test,mzehra2,250_A_2-4_WL_Bruise_A244A_2026-02-27_DSC_6538,0.9291832329887538,0.8677331749130103,0.9865875428185459,0.8780917210580557,20727,23288,20449.0,278.0,2839.0,False,0.8900291995877705,250,2.8499999999999996
nmousta5,2,test,mzehra2,250_A_2-4_WL_Bruise_OC_A244A_2026-02-27_DSC_6541,0.8963363244261564,0.8121462581978259,0.9753992231333621,0.8291295973585252,27804,32709,27120.0,684.0,5589.0,False,0.8500412730441163,250,2.8499999999999996
nmousta5,2,test,mzehra2,250_A_2-4_WL_Bruise_OC_A244A_2026-02-27_DSC_6542,0.925656007648996,0.8616011391503837,0.9723685385233461,0.8832258849288408,22402,24663,21783.0,619.0,2880.0,False,0.9083242103555934,250,2.8499999999999996
nmousta5,2,test,mzehra2,250_A_2-4_WL_Bruise_OC_A244A_2026-02-27_DSC_6543,0.9293995776724172,0.8681106025082803,0.972404018508483,0.8900377732839864,23989,26209,23327.0,662.0,2882.0,False,0.9152962722728833,250,2.8499999999999996
nmousta5,2,test,mzehra2,254_A_2-5_WL_Bruise_A244A_2026-02-16_DSC_6925,0.7660771704180064,0.6208469055374592,0.6232831916285154,0.9937434827945777,1529,959,952.9999999999999,576.0000000000001,6.000000000000114,False,1.5943691345151199,254,2.8499999999999996
nmousta5,2,test,mzehra2,254_A_2-5_WL_Bruise_A244A_2026-02-16_DSC_6926,0.738404452690167,0.5852941176470589,0.6088730239673635,0.9379418695993715,1961,1273,1194.0,767.0,79.0,False,1.5404556166535743,254,2.8499999999999996
nmousta5,2,test,mzehra2,254_A_2-5_WL_Bruise_A244A_2026-02-16_DSC_6927,0.2724388032638259,0.15770139071109945,0.16905766526019692,0.7012835472578763,3555,857,601.0,2954.0,256.0,False,4.148191365227538,254,2.8499999999999996
nmousta5,2,test,mzehra2,254_A_2-5_WL_Bruise_OC_A244A_2026-02-16_DSC_6930,0.7314031180400891,0.5765449438202247,0.58810888252149,0.967020023557126,1396,849,821.0,575.0,28.0,False,1.6442873969375735,254,2.8499999999999996
nmousta5,2,test,mzehra2,254_A_2-5_WL_Bruise_OC_A244A_2026-02-16_DSC_6931,0.13620448179271707,0.07307909073830547,0.07689266653488831,0.5957120980091883,5059,653,388.99999999999994,4670.0,264.00000000000006,False,7.747320061255743,254,2.8499999999999996
nmousta5,2,test,mzehra2,254_B_2-5_WL_Bruise_A244A_2026-02-16_DSC_6954,0.12616969824413837,0.06733251038042869,0.8022365382277865,0.06846899184596551,8227,96394,6600.0,1627.0,89794.0,False,0.08534763574496337,254,2.8499999999999996
nmousta5,2,test,mzehra2,254_B_2-5_WL_Bruise_A244A_2026-02-16_DSC_6955,0.0837967401725791,0.0437306114279996,0.902462271644162,0.04393828067597355,6295,129295,5681.0,614.0,123614.0,False,0.048687110870489964,254,2.8499999999999996
nmousta5,2,test,mzehra2,254_B_2-5_WL_Bruise_A244A_2026-02-16_DSC_6956,0.14969150757502342,0.08090083798882682,0.971216990359089,0.08109527031756772,7157,85714,6951.0,206.0,78763.0,False,0.08349861166203887,254,2.8499999999999996
nmousta5,2,test,mzehra2,254_B_2-5_WL_Bruise_OC_A244A_2026-02-16_DSC_6960,0.13699082326533307,0.07353201743506148,0.973721257625528,0.07367823030216951,6393,84489,6225.0,168.0,78264.0,False,0.07566665483080638,254,2.8499999999999996
nmousta5,2,test,mzehra2,254_B_2-5_WL_Bruise_OC_A244A_2026-02-16_DSC_6961,0.08426854636757516,0.04398766132267301,0.7333948339483395,0.044702475505011455,4336,71137,3180.0,1156.0,67957.0,False,0.06095280936783952,254,2.8499999999999996
nmousta5,2,test,mzehra2,260_A_2-5_WL_Bruise_A244A_2026-02-17_DSC_7634,0.5910571513177376,0.41950399327448507,0.923646459972235,0.4345743522752014,2161,4593,1996.0,165.0,2597.0,False,0.47049858480296103,260,2.8499999999999996
nmousta5,2,test,mzehra2,260_A_2-5_WL_Bruise_A244A_2026-02-17_DSC_7635,0.5096114519427403,0.3419319429198683,0.7501505117399158,0.385877980799009,1661,3229,1246.0,415.0,1983.0,False,0.5144007432641685,260,2.8499999999999996
nmousta5,2,test,mzehra2,260_A_2-5_WL_Bruise_A244A_2026-02-17_DSC_7636,0.5172697368421053,0.3488630061009429,0.8903043170559094,0.3645320197044335,1413,3451,1258.0,155.0,2193.0,False,0.4094465372355839,260,2.8499999999999996
nmousta5,2,test,mzehra2,260_A_2-5_WL_Bruise_OC_A244A_2026-02-17_DSC_7638,0.7093853386731673,0.5496492174851592,0.9897959183673469,0.5527815468113976,2058,3685,2037.0,21.0,1648.0,False,0.5584803256445048,260,2.8499999999999996
nmousta5,2,test,mzehra2,260_A_2-5_WL_Bruise_OC_A244A_2026-02-17_DSC_7639,0.6746283826705628,0.509010736196319,1.0,0.509010736196319,2655,5216,2655.0,0.0,2561.0,False,0.509010736196319,260,2.8499999999999996
nmousta5,2,test,mzehra2,285_F_2-6_WL_Bruise_A244A_2026-04-06_DSC_2339,0.5281546181007247,0.35883838383838385,0.7652127086698977,0.40323496027241773,1857,3524,1420.9999999999998,436.0000000000002,2103.0,False,0.5269580022701476,285,2.8499999999999996
nmousta5,2,test,mzehra2,285_F_2-6_WL_Bruise_A244A_2026-04-06_DSC_2340,0.3005158599495116,0.17682769310255747,0.4504771306350773,0.22546113306982873,3039,6072,1369.0,1670.0,4703.0,False,0.5004940711462451,285,2.8499999999999996
nmousta5,2,test,mzehra2,285_F_2-6_WL_Bruise_OC_A244A_2026-04-06_DSC_2343,0.6952483029653448,0.5328587075575028,0.5475520540236354,0.952054794520548,1777,1022,973.0,804.0,49.0,False,1.738747553816047,285,2.8499999999999996
nmousta5,2,test,mzehra2,285_F_2-6_WL_Bruise_OC_A244A_2026-04-06_DSC_2344,0.7854185600323135,0.6466577984702361,0.8600176912870411,0.7227281174502881,4522,5381,3889.0,633.0,1492.0,False,0.8403642445642074,285,2.8499999999999996
nmousta5,2,test,mzehra2,285_G_2-6_WL_Bruise_A244A_2026-05-29_DSC_3860,0.8748837209302326,0.7775940471269119,0.8123515439429929,0.9478458049886621,4631,3969,3762.0,869.0,207.0,False,1.1667926429831192,285,2.8499999999999996
nmousta5,2,test,mzehra2,285_G_2-6_WL_Bruise_A244A_2026-05-29_DSC_3861,0.8434582272341458,0.7292933529041727,0.7803455238949967,0.9176781002638522,4457,3790,3478.0,979.0,312.0,False,1.1759894459102902,285,2.8499999999999996
nmousta5,2,test,mzehra2,285_G_2-6_WL_Bruise_A244A_2026-05-29_DSC_3862,0.8554564862489011,0.7474215492648673,0.9212875304300785,0.7984060009376465,3697,4266,3406.0,291.0,860.0,False,0.8666197843413034,285,2.8499999999999996
nmousta5,2,test,mzehra2,285_G_2-6_WL_Bruise_OC_A244A_2026-05-29_DSC_3864,0.8974994833643315,0.814058106841612,0.9343803786574871,0.8634194831013916,4648,5030,4343.0,305.0,687.0,False,0.9240556660039762,285,2.8499999999999996
nmousta5,2,test,mzehra2,285_G_2-6_WL_Bruise_OC_A244A_2026-05-29_DSC_3865,0.9025069637883009,0.8223350253807107,0.8576470588235294,0.9523187459177008,5100,4593,4374.0,726.0,219.0,False,1.1103853690398433,285,2.8499999999999996
nmousta5,2,test,nmousta5,170_F_2-4_WL_Bruise_A244A_2026-03-05_DSC_1856,0.7979122492252487,0.6637720488466757,0.8546470999301188,0.7482410523095748,2862,3269,2446.0,416.0,823.0,False,0.8754970939125115,170,2.8499999999999996
nmousta5,2,test,nmousta5,170_F_2-4_WL_Bruise_OC_A244A_2026-03-05_DSC_1860,0.34566093006224824,0.2089420097388225,0.30152037817810146,0.40494166094715167,7827,5828,2360.0,5467.0,3468.0,False,1.3429993136582017,170,2.8499999999999996
nmousta5,2,test,nmousta5,182_Q_2-6_WL_Bruise_A244A_2026-04-06_DSC_2484,0.27402530147222015,0.15876553793399056,0.892960462873674,0.1618456698418247,2074,11443,1852.0,222.0,9591.0,False,0.18124617670191384,182,2.8499999999999996
nmousta5,2,test,nmousta5,182_Q_2-6_WL_Bruise_A244A_2026-04-06_DSC_2485,0.04911059551430781,0.025173439048562934,0.11329170383586083,0.03135028388052333,1121,4051,127.0,994.0,3924.0,False,0.27672179708713895,182,2.8499999999999996
nmousta5,2,test,nmousta5,182_Q_2-6_WL_Bruise_A244A_2026-04-06_DSC_2486,0.283076111330959,0.1648740012292563,0.9728014505893019,0.16563754245137388,1103,6478,1073.0,30.0,5405.0,False,0.17026860142019143,182,2.8499999999999996
nmousta5,2,test,nmousta5,182_Q_2-6_WL_Bruise_OC_A244A_2026-04-06_DSC_2488,0.42411745298581327,0.2691301161938658,0.9462642620537357,0.2733071117253109,2717,9407,2571.0,146.0,6836.0,False,0.28882746890613376,182,2.8499999999999996
nmousta5,2,test,nmousta5,20_D_2-6_WL_Bruise_A244A_2026-04-04_DSC_0400,0.9356115648644586,0.879013275586103,0.9550895140664961,0.9169121979964644,9775,10182,9336.0,439.0,846.0,False,0.9600274995089373,20,2.8499999999999996
nmousta5,2,test,nmousta5,20_D_2-6_WL_Bruise_OC_A244A_2026-04-04_DSC_0403,0.8945083257789017,0.8091497626240829,0.9892359645420008,0.8163371941130366,18952,22966,18748.0,204.0,4218.0,False,0.8252198902725768,20,2.8499999999999996
nmousta5,2,test,nmousta5,20_D_2-6_WL_Bruise_OC_A244A_2026-04-04_DSC_0404,0.9108902024001433,0.8363621412712771,0.9726033946928042,0.8565413280559181,20915,23749,20342.0,573.0,3407.0,False,0.8806686597330414,20,2.8499999999999996
nmousta5,2,test,nmousta5,226_A_2-4_WL_Bruise_A244A_2026-03-06_DSC_3569,0.6146077547339945,0.4436344701900547,0.5066904549509367,0.7809349220898258,3363,2182,1703.9999999999998,1659.0000000000002,478.0000000000002,False,1.5412465627864345,226,2.8499999999999996
nmousta5,2,test,nmousta5,226_A_2-4_WL_Bruise_A244A_2026-03-06_DSC_3570,0.65406162464986,0.48595213319458896,0.48595213319458896,1.0,3844,1868,1868.0,1976.0,0.0,False,2.057815845824411,226,2.8499999999999996
nmousta5,2,test,nmousta5,226_A_2-4_WL_Bruise_A244A_2026-03-06_DSC_3571,0.38508474576271184,0.23845507976490343,0.2884420069063579,0.5791190864600326,4923,2452,1420.0,3503.0,1032.0,False,2.007748776508972,226,2.8499999999999996
nmousta5,2,test,nmousta5,226_A_2-4_WL_Bruise_OC_A244A_2026-03-06_DSC_3573,0.5802116579875692,0.40866067203028866,0.4362212679969689,0.866098294884654,3959,1994,1726.9999999999998,2232.0,267.0000000000002,False,1.985456369107322,226,2.8499999999999996
nmousta5,2,test,nmousta5,226_A_2-4_WL_Bruise_OC_A244A_2026-03-06_DSC_3574,0.6523261630815408,0.4840386043058649,0.6546184738955824,0.650049850448654,1992,2006,1304.0,688.0,702.0,False,0.9930209371884346,226,2.8499999999999996
nmousta5,2,test,nmousta5,226_C_2-4_WL_Bruise_A244A_2026-03-06_DSC_3610,0.7028,0.5417823003391921,0.549577729121051,0.9744869661674986,3197,1803,1757.0,1440.0,46.0,False,1.7731558513588463,226,2.8499999999999996
nmousta5,2,test,nmousta5,226_C_2-4_WL_Bruise_A244A_2026-03-06_DSC_3611,0.7751664708186448,0.6328749600255836,0.6480026195153896,0.9644249512670565,3054,2052,1979.0,1075.0,73.0,False,1.4883040935672514,226,2.8499999999999996
nmousta5,2,test,nmousta5,226_C_2-4_WL_Bruise_A244A_2026-03-06_DSC_3612,0.7135964912280702,0.5547221275144902,0.5712780898876404,0.9503504672897196,2848,1712,1627.0000000000002,1220.9999999999998,84.99999999999977,False,1.6635514018691588,226,2.8499999999999996
nmousta5,2,test,nmousta5,226_C_2-4_WL_Bruise_OC_A244A_2026-03-06_DSC_3614,0.663784157730889,0.496764172922599,0.5068674062334918,0.9614228456913828,3786,1996,1919.0,1867.0,77.0,False,1.8967935871743486,226,2.8499999999999996
nmousta5,2,test,nmousta5,226_C_2-4_WL_Bruise_OC_A244A_2026-03-06_DSC_3615,0.7352753561556453,0.5813718897108272,0.6016005567153793,0.9453253143794423,2874,1829,1729.0,1145.0,100.0,False,1.5713504647348278,226,2.8499999999999996
nmousta5,2,test,nmousta5,228_B_2-4_WL_Bruise_A244A_2026-03-06_DSC_3718,0.7271190023250899,0.5712387910993025,0.5943331029716655,0.9363091997822537,2894,1837,1720.0,1174.0,117.0,False,1.5753946652150246,228,2.8499999999999996
nmousta5,2,test,nmousta5,228_B_2-4_WL_Bruise_A244A_2026-03-06_DSC_3719,0.8376547535622518,0.7206591639871383,0.7652582159624414,0.9251805985552115,2343,1938,1793.0,550.0,145.0,False,1.2089783281733746,228,2.8499999999999996
nmousta5,2,test,nmousta5,228_B_2-4_WL_Bruise_A244A_2026-03-06_DSC_3720,0.7503404448479346,0.6004358881220486,0.9532871972318339,0.6186377245508982,1734,2672,1653.0,81.0,1019.0,False,0.6489520958083832,228,2.8499999999999996
nmousta5,2,test,nmousta5,228_B_2-4_WL_Bruise_A244A_2026-03-06_DSC_3721,0.7999343508944691,0.6665754923413567,0.9141035258814704,0.7111175955646338,2666,3427,2437.0,229.0,990.0,False,0.7779398891158448,228,2.8499999999999996
nmousta5,2,test,nmousta5,228_B_2-4_WL_Bruise_OC_A244A_2026-03-06_DSC_3723,0.7138514980460269,0.5550303848750844,0.5550303848750844,1.0,2962,1644,1644.0,1318.0,0.0,False,1.8017031630170317,228,2.8499999999999996
nmousta5,2,test,nmousta5,228_B_2-4_WL_Bruise_OC_A244A_2026-03-06_DSC_3724,0.8854425144747725,0.7944341372912801,0.8396078431372549,0.9365704286964129,2550,2286,2141.0,409.0,145.0,False,1.1154855643044619,228,2.8499999999999996
nmousta5,2,test,nmousta5,232_A_2-4_WL_Bruise_A244A_2026-03-06_DSC_3868,0.16795012834616796,0.09167333867093674,0.14285714285714285,0.20373665480427047,8015,5620,1145.0,6870.0,4475.0,False,1.4261565836298933,232,2.8499999999999996
nmousta5,2,test,nmousta5,232_A_2-4_WL_Bruise_A244A_2026-03-06_DSC_3869,0.5732601790355183,0.4017972797927461,0.4363844192385474,0.8352406597105352,11373,5942,4963.0,6410.0,979.0,False,1.9140020195220464,232,2.8499999999999996
nmousta5,2,test,nmousta5,232_A_2-4_WL_Bruise_A244A_2026-03-06_DSC_3870,0.0,0.0,0.0,0.0,9317,5901,0.0,9317.0,5901.0,True,1.5788849347568208,232,2.8499999999999996
nmousta5,2,test,nmousta5,232_A_2-4_WL_Bruise_OC_A244A_2026-03-06_DSC_3876,0.6796412252496192,0.51473981030505,0.8764731558271497,0.5550027639579879,4582,7236,4016.0,566.0,3220.0,False,0.6332227750138197,232,2.8499999999999996
nmousta5,2,test,nmousta5,232_A_2-4_WL_Bruise_OC_A244A_2026-03-06_DSC_3877,0.7136871508379888,0.5548317046688382,0.7256232249921111,0.7021374045801527,6338,6550,4599.0,1739.0,1951.0,False,0.9676335877862595,232,2.8499999999999996
nmousta5,2,test,nmousta5,233_B_2-4_WL_Bruise_A244A_2026-03-06_DSC_4197,0.5721377598510704,0.40069534984789223,0.9145010910533624,0.41629040996929745,5041,11074,4610.0,431.0,6464.0,False,0.4552104027451689,233,2.8499999999999996
nmousta5,2,test,nmousta5,233_B_2-4_WL_Bruise_A244A_2026-03-06_DSC_4199,0.62320230105465,0.45264623955431754,0.5779753761969905,0.6761081773083694,7310,6249,4225.0,3085.0,2024.0,False,1.1697871659465515,233,2.8499999999999996
nmousta5,2,test,nmousta5,233_B_2-4_WL_Bruise_OC_A244A_2026-03-06_DSC_4201,0.525679758308157,0.35655737704918034,0.7657413676371022,0.4002123142250531,4431,8478,3392.9999999999995,1038.0000000000005,5085.0,False,0.5226468506723284,233,2.8499999999999996
nmousta5,2,test,nmousta5,235_A_2-4_WL_Bruise_A244A_2026-03-08_DSC_4349,0.853254347215484,0.7440659095969717,0.8747643979057592,0.8327767532273339,19100,20063,16708.0,2392.0,3355.0,False,0.9520011962318696,235,2.8499999999999996
nmousta5,2,test,nmousta5,235_A_2-4_WL_Bruise_A244A_2026-03-08_DSC_4350,0.7212756752302273,0.5640587742475994,0.8804446232773363,0.6108455176745646,19882,28657,17505.0,2377.0,11152.0,False,0.6937920926824162,235,2.8499999999999996
nmousta5,2,test,nmousta5,235_A_2-4_WL_Bruise_A244A_2026-03-08_DSC_4351,0.9257213014119091,0.8617142857142858,0.911055917298785,0.9408665511265165,14897,14425,13572.0,1325.0,853.0,False,1.0327209705372618,235,2.8499999999999996
nmousta5,2,test,nmousta5,235_A_2-4_WL_Bruise_OC_A244A_2026-03-08_DSC_4353,0.8334236052981436,0.7144183690697282,0.9310743165190605,0.7543116894692277,18179,22439,16926.0,1253.0,5513.0,False,0.8101519675564864,235,2.8499999999999996
nmousta5,2,test,nmousta5,235_A_2-4_WL_Bruise_OC_A244A_2026-03-08_DSC_4354,0.8585441266625796,0.7521483280403513,0.8128911770644054,0.909630048009037,19812,17705,16105.0,3707.0,1600.0,False,1.1190059305280995,235,2.8499999999999996
nmousta5,2,test,nmousta5,236_C_2-4_WL_Bruise_A244A_2026-03-08_DSC_4462,0.532232070910556,0.362613230853692,0.43683862433862436,0.6809278350515464,3024,1940,1321.0,1703.0,619.0,False,1.5587628865979382,236,2.8499999999999996
nmousta5,2,test,nmousta5,236_C_2-4_WL_Bruise_A244A_2026-03-08_DSC_4463,0.5010195164579085,0.33424018655266224,0.4146576663452266,0.6328182487122884,2074,1359,860.0,1214.0,499.0,False,1.5261221486387049,236,2.8499999999999996
nmousta5,2,test,nmousta5,236_C_2-4_WL_Bruise_A244A_2026-03-08_DSC_4464,0.0,0.0,0.0,0.0,874,1900,0.0,874.0,1900.0,True,0.46,236,2.8499999999999996
nmousta5,2,test,nmousta5,236_C_2-4_WL_Bruise_OC_A244A_2026-03-08_DSC_4467,0.0,0.0,0.0,0.0,2372,1718,0.0,2372.0,1718.0,True,1.3806752037252619,236,2.8499999999999996
nmousta5,2,test,nmousta5,236_C_2-4_WL_Bruise_OC_A244A_2026-03-08_DSC_4468,0.1491664229306815,0.08059418457648546,0.15088757396449703,0.1474840948525159,1690,1729,255.00000000000003,1435.0,1474.0,False,0.9774436090225563,236,2.8499999999999996
nmousta5,2,test,nmousta5,236_E_2-4_WL_Bruise_OC_A244A_2026-02-26_DSC_5722,0.23988534891412192,0.1362896154327947,0.1362896154327947,1.0,7983,1088,1088.0,6895.0,0.0,False,7.337316176470588,236,2.8499999999999996
nmousta5,2,test,nmousta5,237_AC_2-5_WL_Bruise_A244A_2026-02-16_DSC_7084,0.4959421454399357,0.32973608291484136,0.9221115537848605,0.3391830005495512,10040,27295,9258.0,782.0,18037.0,False,0.36783293643524456,237,2.8499999999999996
nmousta5,2,test,nmousta5,237_AC_2-5_WL_Bruise_A244A_2026-02-16_DSC_7085,0.5508659583757822,0.3801345786883599,0.9221586064076014,0.3927367055771725,8209,19275,7569.999999999999,639.0000000000009,11705.0,False,0.4258884565499351,237,2.8499999999999996
nmousta5,2,test,nmousta5,237_AC_2-5_WL_Bruise_A244A_2026-02-16_DSC_7086,0.7137424195703567,0.5548985136646956,0.9778628964118741,0.5619577884241875,17753,30892,17360.0,393.0,13532.0,False,0.5746795286805646,237,2.8499999999999996
nmousta5,2,test,nmousta5,237_AC_2-5_WL_Bruise_OC_A244A_2026-02-16_DSC_7088,0.8173630332586441,0.6911360427966416,0.9884703257000159,0.6967529306018502,18821,26701,18604.0,217.0,8097.0,False,0.7048799670424328,237,2.8499999999999996
nmousta5,2,test,nmousta5,237_AC_2-5_WL_Bruise_OC_A244A_2026-02-16_DSC_7089,0.8441719757983732,0.7303612285932192,0.985914174739108,0.7380627080049046,21369,28545,21068.0,301.0,7477.0,False,0.7486074619022596,237,2.8499999999999996
nmousta5,2,test,nmousta5,237_AD_2-5_WL_Bruise_A244A_2026-02-16_DSC_7116,0.9151884485502465,0.8436381852010877,0.9666284027550016,0.8689467089260706,12196,13567,11789.0,407.0,1778.0,False,0.8989459718434436,237,2.8499999999999996
nmousta5,2,test,nmousta5,237_AD_2-5_WL_Bruise_A244A_2026-02-16_DSC_7117,0.859983623815651,0.7543607633901087,0.8655521544619732,0.8544862854486286,16988,17208,14704.0,2284.0,2504.0,False,0.9872152487215249,237,2.8499999999999996
nmousta5,2,test,nmousta5,237_AD_2-5_WL_Bruise_A244A_2026-02-16_DSC_7118,0.8142754834089282,0.6867324340648279,0.9127642493979128,0.7349709114414997,11211,13923,10233.0,978.0,3690.0,False,0.8052143934496876,237,2.8499999999999996
nmousta5,2,test,nmousta5,237_AD_2-5_WL_Bruise_OC_A244A_2026-02-16_DSC_7120,0.822452836444415,0.6984457709201487,0.9406901782328404,0.730619698397738,13185,16976,12403.0,782.0,4573.0,False,0.7766847313854854,237,2.8499999999999996
nmousta5,2,test,nmousta5,237_AD_2-5_WL_Bruise_OC_A244A_2026-02-16_DSC_7121,0.8308652213402835,0.710666756738499,0.9495441826879683,0.7385565852288682,11079,14244,10520.0,559.0,3724.0,False,0.7778011794439764,237,2.8499999999999996
nmousta5,2,test,nmousta5,237_AE_2-5_WL_Bruise_A244A_2026-02-16_DSC_7217,0.9015530740598126,0.8207525122692217,0.9124447908547675,0.8909183155758498,3849,3942,3512.0,337.0,430.0,False,0.9764079147640792,237,2.8499999999999996
nmousta5,2,test,nmousta5,237_AE_2-5_WL_Bruise_A244A_2026-02-16_DSC_7218,0.6876852600377257,0.5240246406570842,1.0,0.5240246406570842,2552,4870,2552.0,0.0,2318.0,False,0.5240246406570842,237,2.8499999999999996
nmousta5,2,test,nmousta5,237_AE_2-5_WL_Bruise_A244A_2026-02-16_DSC_7219,0.6578793887787239,0.4901790370241613,1.0,0.4901790370241613,2820,5753,2820.0,0.0,2933.0,False,0.4901790370241613,237,2.8499999999999996
nmousta5,2,test,nmousta5,237_AE_2-5_WL_Bruise_OC_A244A_2026-02-16_DSC_7221,0.5492815219591176,0.37862723214285715,0.6246260069044879,0.4901571247968214,4345,5537,2714.0,1631.0,2823.0,False,0.784720968033231,237,2.8499999999999996
nmousta5,2,test,nmousta5,237_AE_2-5_WL_Bruise_OC_A244A_2026-02-16_DSC_7222,0.21322664156272064,0.11933614330874605,0.157931435212086,0.32810236600676,8605,4142,1359.0,7246.0,2783.0,False,2.0774987928536937,237,2.8499999999999996
nmousta5,2,test,nmousta5,237_B_2-4_WL_Bruise_A244A_2026-03-08_DSC_4584,0.7983632190026282,0.6643964562569213,0.6864023797265603,0.9539672443949754,17481,12578,11999.0,5482.0,579.0,False,1.389807600572428,237,2.8499999999999996
nmousta5,2,test,nmousta5,237_B_2-4_WL_Bruise_A244A_2026-03-08_DSC_4587,0.8359355189277304,0.7181178813717558,0.7238848108413326,0.9890279444539688,15939,11666,11538.0,4401.0,128.0,False,1.3662780730327446,237,2.8499999999999996
nmousta5,2,test,nmousta5,237_B_2-4_WL_Bruise_A244A_2026-03-08_DSC_4588,0.7531461761858664,0.6040372670807453,0.6642948626725488,0.869435649096666,14054,10738,9336.0,4718.0,1402.0,False,1.308809834233563,237,2.8499999999999996
nmousta5,2,test,nmousta5,237_B_2-4_WL_Bruise_OC_A244A_2026-03-08_DSC_4591,0.817056277056277,0.6906975042084462,0.7284446159783867,0.9302119270576639,12955,10145,9437.0,3518.0,708.0,False,1.2769837358304583,237,2.8499999999999996
nmousta5,2,test,nmousta5,237_B_2-4_WL_Bruise_OC_A244A_2026-03-08_DSC_4592,0.6999840713603058,0.53844268823133,0.5400639056163206,0.9944557592215434,16274,8838,8789.0,7485.0,49.0,False,1.841366825073546,237,2.8499999999999996
nmousta5,2,test,nmousta5,237_C_2-4_WL_Bruise_A244A_2026-03-08_DSC_4608,0.7338538761851645,0.5795965113205885,0.6887562814070352,0.7852709477202197,9552,8378,6579.0,2973.0,1799.0,False,1.1401289090475053,237,2.8499999999999996
nmousta5,2,test,nmousta5,237_C_2-4_WL_Bruise_A244A_2026-03-08_DSC_4609,0.6604086140254003,0.49299258037922505,0.5551429632380245,0.8149359498500954,5386,3669,2990.0,2396.0,679.0,False,1.467974925047697,237,2.8499999999999996
nmousta5,2,test,nmousta5,237_C_2-4_WL_Bruise_A244A_2026-03-08_DSC_4610,0.7907049040180306,0.6538560411311054,0.8569743935309974,0.7339489251190304,11872,13862,10174.0,1698.0,3688.0,False,0.8564420718511038,237,2.8499999999999996
nmousta5,2,test,nmousta5,237_C_2-4_WL_Bruise_OC_A244A_2026-03-08_DSC_4613,0.5604115954857269,0.38928598877872567,0.48529270863274887,0.663044901165074,10437,7639,5065.0,5372.0,2574.0,False,1.3662783086791466,237,2.8499999999999996
nmousta5,2,test,nmousta5,237_C_2-4_WL_Bruise_OC_A244A_2026-03-08_DSC_4615,0.556160155932754,0.38519518506018674,0.4109457513202112,0.8600854056769656,8332,3981,3424.0,4908.0,557.0,False,2.0929414719919617,237,2.8499999999999996
nmousta5,2,test,nmousta5,237_E_2-4_WL_Bruise_A244A_2026-03-08_DSC_4651,0.8271903741096743,0.7053066037735849,0.7245305875227135,0.9637447631324525,8255,6206,5981.0,2274.0,225.0,False,1.3301643570737995,237,2.8499999999999996
nmousta5,2,test,nmousta5,237_E_2-4_WL_Bruise_A244A_2026-03-08_DSC_4652,0.7448899712968601,0.5934857934857934,0.68119630925867,0.821723277681827,6286,5211,4282.0,2004.0,929.0,False,1.2062943772788333,237,2.8499999999999996
nmousta5,2,test,nmousta5,237_E_2-4_WL_Bruise_A244A_2026-03-08_DSC_4653,0.6941822173435784,0.531607262945528,0.611368909512761,0.8029456576942611,5172,3938,3161.9999999999995,2010.0000000000005,776.0000000000005,False,1.313357034027425,237,2.8499999999999996
nmousta5,2,test,nmousta5,237_E_2-4_WL_Bruise_OC_A244A_2026-03-08_DSC_4656,0.692110995359409,0.5291817523533672,0.5498871331828442,0.9335717935615738,6645,3914,3654.0,2991.0,260.0,False,1.697751660705161,237,2.8499999999999996
nmousta5,2,test,nmousta5,237_E_2-4_WL_Bruise_OC_A244A_2026-03-08_DSC_4657,0.8054872280037843,0.674322825914779,0.7013179571663921,0.946,6070,4500,4257.0,1813.0,243.0,False,1.3488888888888888,237,2.8499999999999996
nmousta5,2,test,nmousta5,237_J_2-4_WL_Bruise_A244A_2026-02-26_DSC_5578,0.8106670449306713,0.6816148846085038,0.7487716999672454,0.8837173341580331,15265,12934,11430.0,3835.0,1504.0,False,1.180222668934591,237,2.8499999999999996
nmousta5,2,test,nmousta5,237_J_2-4_WL_Bruise_A244A_2026-02-26_DSC_5579,0.7113196002447482,0.5519751835907825,0.6065813273966885,0.8597771422936594,14374,10141,8719.0,5655.0,1422.0,False,1.4174144561680309,237,2.8499999999999996
nmousta5,2,test,nmousta5,237_J_2-4_WL_Bruise_A244A_2026-02-26_DSC_5580,0.824982330841052,0.7021020640749652,0.7564120054570259,0.9072240857399984,14660,12223,11089.0,3571.0,1134.0,False,1.1993782213859119,237,2.8499999999999996
nmousta5,2,test,nmousta5,237_J_2-4_WL_Bruise_OC_A244A_2026-02-26_DSC_5582,0.8844538688620016,0.7928438315318673,0.834261510706722,0.9410723765705185,12749,11302,10636.0,2113.0,666.0,False,1.1280304370907803,237,2.8499999999999996
nmousta5,2,test,nmousta5,237_J_2-4_WL_Bruise_OC_A244A_2026-02-26_DSC_5583,0.8438805346700083,0.729925029355975,0.9152791935666553,0.7828150731376537,8829,10323,8081.0,748.0,2242.0,False,0.8552746294681779,237,2.8499999999999996
nmousta5,2,test,nmousta5,237_N_2-4_WL_Bruise_A244A_2026-02-26_DSC_5858,0.6808575338300137,0.5161364684186261,1.0,0.5161364684186261,2239,4338,2239.0,0.0,2099.0,False,0.5161364684186261,237,2.8499999999999996
nmousta5,2,test,nmousta5,237_N_2-4_WL_Bruise_A244A_2026-02-26_DSC_5859,0.7969692283902892,0.6624678663239074,0.9862227324913893,0.6686559418785677,2613,3854,2577.0,36.0,1277.0,False,0.6779968863518422,237,2.8499999999999996
nmousta5,2,test,nmousta5,237_N_2-4_WL_Bruise_A244A_2026-02-26_DSC_5860,0.7583631554379959,0.6107769423558898,0.9740207833733013,0.620891719745223,2502,3925,2437.0,65.0,1488.0,False,0.6374522292993631,237,2.8499999999999996
nmousta5,2,test,nmousta5,237_N_2-4_WL_Bruise_OC_A244A_2026-02-26_DSC_5862,0.6582135812905043,0.49055018899622005,0.7115443192202254,0.6123197903014417,6566,7630,4672.0,1894.0,2958.0,False,0.8605504587155963,237,2.8499999999999996
nmousta5,2,test,nmousta5,237_N_2-4_WL_Bruise_OC_A244A_2026-02-26_DSC_5863,0.7152383796158057,0.5567090176634645,0.8462081959491285,0.6193759696604034,4246,5801,3593.0,653.0,2208.0,False,0.7319427684881917,237,2.8499999999999996
nmousta5,2,test,nmousta5,237_S_2-4_WL_Bruise_A244A_2026-02-27_DSC_6307,0.7643192488262911,0.6185410334346505,0.8246815901196449,0.7121906507791017,10364,12001,8547.0,1817.0,3454.0,False,0.8635947004416299,237,2.8499999999999996
nmousta5,2,test,nmousta5,237_S_2-4_WL_Bruise_A244A_2026-02-27_DSC_6308,0.7977132805628848,0.6634967081199707,0.8781101752347759,0.7308033196358069,10329,12411,9070.0,1259.0,3341.0,False,0.8322455885907662,237,2.8499999999999996
nmousta5,2,test,nmousta5,237_S_2-4_WL_Bruise_A244A_2026-02-27_DSC_6309,0.75208199871877,0.6026694045174538,0.7295220878996723,0.7760817307692308,8851,8320,6457.0,2394.0,1863.0,False,1.0638221153846155,237,2.8499999999999996
nmousta5,2,test,nmousta5,237_S_2-4_WL_Bruise_OC_A244A_2026-02-27_DSC_6311,0.7342118106393363,0.5800431832202344,0.9189981673793525,0.6112962210483543,8185,12305,7522.0,663.0,4783.0,False,0.6651767574156847,237,2.8499999999999996
nmousta5,2,test,nmousta5,237_S_2-4_WL_Bruise_OC_A244A_2026-02-27_DSC_6312,0.8038014783526927,0.6719632768361582,0.8097872340425532,0.7979035639412998,9400,9540,7612.0,1788.0,1928.0,False,0.9853249475890985,237,2.8499999999999996
nmousta5,2,test,nmousta5,237_Z_2-5_WL_Bruise_A244A_2026-02-16_DSC_7025,0.7865831627122727,0.6482382133995037,0.9025081185656049,0.6970489353754202,14473,18739,13062.0,1411.0,5677.0,False,0.7723464432467048,237,2.8499999999999996
nmousta5,2,test,nmousta5,237_Z_2-5_WL_Bruise_A244A_2026-02-16_DSC_7026,0.8368672742037354,0.7194942207741836,0.911906400550585,0.7732388495206336,10171,11995,9275.0,896.0,2720.0,False,0.8479366402667778,237,2.8499999999999996
nmousta5,2,test,nmousta5,237_Z_2-5_WL_Bruise_A244A_2026-02-16_DSC_7027,0.8470380194518126,0.7346625766871165,0.955233117865493,0.7608588486607877,14542,18257,13891.0,651.0,4366.0,False,0.7965164046667031,237,2.8499999999999996
nmousta5,2,test,nmousta5,237_Z_2-5_WL_Bruise_OC_A244A_2026-02-16_DSC_7030,0.8580387879614165,0.751372970391595,0.9431290274239472,0.7870318264240606,13346,15993,12587.0,759.0,3406.0,False,0.8344900894141187,237,2.8499999999999996
nmousta5,2,test,nmousta5,247_A_2-4_WL_Bruise_A244A_2026-02-27_DSC_6202,0.8764022233451239,0.7799964022306171,0.7912408759124088,0.9821064552661382,5480,4415,4336.0,1144.0,79.0,False,1.2412231030577576,247,2.8499999999999996
nmousta5,2,test,nmousta5,247_A_2-4_WL_Bruise_A244A_2026-02-27_DSC_6203,0.8040859088528025,0.6723609286027157,0.6843513152028533,0.9746031746031746,4486,3150,3070.0,1416.0,80.0,False,1.4241269841269841,247,2.8499999999999996
nmousta5,2,test,nmousta5,247_A_2-4_WL_Bruise_A244A_2026-02-27_DSC_6204,0.8819123832974248,0.788768581391081,0.7931352648090053,0.9930683918669131,5419,4328,4298.0,1121.0,30.0,False,1.2520794824399262,247,2.8499999999999996
nmousta5,2,test,nmousta5,247_A_2-4_WL_Bruise_OC_A244A_2026-02-27_DSC_6206,0.8848290598290598,0.7934470205020119,0.8106891151135474,0.9738946378174976,5108,4252,4141.0,967.0,111.0,False,1.2013170272812794,247,2.8499999999999996
nmousta5,2,test,nmousta5,247_A_2-4_WL_Bruise_OC_A244A_2026-02-27_DSC_6207,0.8708107356417745,0.7711822660098522,0.8113500906970718,0.9396758703481393,3859,3332,3131.0,728.0,201.0,False,1.1581632653061225,247,2.8499999999999996
nmousta5,2,test,nmousta5,250_A_2-4_WL_Bruise_A244A_2026-02-27_DSC_6537,0.9384611599124038,0.8840572991516388,0.9021667139748321,0.9777982874429575,21138,19503,19070.0,2068.0,433.0,False,1.083833256422089,250,2.8499999999999996
nmousta5,2,test,nmousta5,250_A_2-4_WL_Bruise_A244A_2026-02-27_DSC_6538,0.9276310821355753,0.8650298108070044,0.8889853813865972,0.9697894736842105,20727,19000,18426.0,2301.0,574.0,False,1.0908947368421054,250,2.8499999999999996
nmousta5,2,test,nmousta5,250_A_2-4_WL_Bruise_OC_A244A_2026-02-27_DSC_6541,0.9244412779361032,0.8594986577415193,0.8866709825924327,0.9655726147579508,27804,25532,24653.0,3151.0,879.0,False,1.0889863700454332,250,2.8499999999999996
nmousta5,2,test,nmousta5,250_A_2-4_WL_Bruise_OC_A244A_2026-02-27_DSC_6542,0.9293330839023478,0.8679945834971389,0.8870190161592715,0.9758864551615755,22402,20362,19871.0,2531.0,491.0,False,1.100186622139279,250,2.8499999999999996
nmousta5,2,test,nmousta5,250_A_2-4_WL_Bruise_OC_A244A_2026-02-27_DSC_6543,0.9452155471095899,0.8961219939480809,0.9382216849389303,0.9523144622154524,23989,23634,22507.0,1482.0,1127.0,False,1.015020732842515,250,2.8499999999999996
nmousta5,2,test,nmousta5,254_A_2-5_WL_Bruise_A244A_2026-02-16_DSC_6925,0.6004576659038902,0.4290385873119686,0.4290385873119686,1.0,1529,656,656.0,873.0,0.0,False,2.330792682926829,254,2.8499999999999996
nmousta5,2,test,nmousta5,254_A_2-5_WL_Bruise_A244A_2026-02-16_DSC_6926,0.553834808259587,0.38296787353391126,0.38296787353391126,1.0,1961,751,750.9999999999999,1210.0,1.1368683772161603e-13,False,2.611185086551265,254,2.8499999999999996
nmousta5,2,test,nmousta5,254_A_2-5_WL_Bruise_A244A_2026-02-16_DSC_6927,0.17082582968870594,0.09338959212376934,0.09338959212376934,1.0,3555,332,332.0,3223.0,0.0,False,10.707831325301205,254,2.8499999999999996
nmousta5,2,test,nmousta5,254_A_2-5_WL_Bruise_OC_A244A_2026-02-16_DSC_6930,0.38519375361480623,0.23853868194842406,0.23853868194842406,1.0,1396,333,333.0,1063.0,0.0,False,4.192192192192192,254,2.8499999999999996
nmousta5,2,test,nmousta5,254_A_2-5_WL_Bruise_OC_A244A_2026-02-16_DSC_6931,0.09004739336492891,0.04714640198511166,0.048823878236805694,0.5784543325526932,5059,427,247.0,4812.0,180.0,False,11.847775175644028,254,2.8499999999999996
nmousta5,2,test,nmousta5,254_B_2-5_WL_Bruise_A244A_2026-02-16_DSC_6954,0.12575888985255854,0.06709856547894494,0.7931202139297435,0.06829385721612258,8227,95543,6525.0,1702.0,89018.0,False,0.08610782579571502,254,2.8499999999999996
nmousta5,2,test,nmousta5,254_B_2-5_WL_Bruise_A244A_2026-02-16_DSC_6955,0.09578895878208483,0.05030375137454257,0.8865766481334393,0.05062958124682488,6295,110232,5581.0,714.0,104651.0,False,0.05710682923289063,254,2.8499999999999996
nmousta5,2,test,nmousta5,254_B_2-5_WL_Bruise_A244A_2026-02-16_DSC_6956,0.17113648946169,0.09357532067076862,0.9286013692888082,0.09425346040390288,7157,70512,6646.0,511.0,63866.0,False,0.10150045382346268,254,2.8499999999999996
nmousta5,2,test,nmousta5,254_B_2-5_WL_Bruise_OC_A244A_2026-02-16_DSC_6960,0.1297659853582159,0.0693848921270265,0.9593305177537932,0.06958958822661719,6393,88131,6133.0,260.0,81998.0,False,0.07253974197501446,254,2.8499999999999996
nmousta5,2,test,nmousta5,254_B_2-5_WL_Bruise_OC_A244A_2026-02-16_DSC_6961,0.09944803808379067,0.05232587168178414,0.7250922509225092,0.05338495237124955,4336,58893,3144.0,1192.0,55749.0,False,0.07362504881734672,254,2.8499999999999996
nmousta5,2,test,nmousta5,260_A_2-5_WL_Bruise_A244A_2026-02-17_DSC_7634,0.5968177724407085,0.42533162173727,0.45997223507635354,0.8495726495726496,2161,1170,994.0000000000001,1167.0,175.9999999999999,False,1.847008547008547,260,2.8499999999999996
nmousta5,2,test,nmousta5,260_A_2-5_WL_Bruise_A244A_2026-02-17_DSC_7635,0.6717136958017894,0.505699481865285,0.5875978326309452,0.7839357429718875,1661,1245,976.0,685.0,269.0,False,1.334136546184739,260,2.8499999999999996
nmousta5,2,test,nmousta5,260_A_2-5_WL_Bruise_A244A_2026-02-17_DSC_7636,0.6741186586414445,0.5084306095979247,0.5548478414720452,0.8587075575027382,1413,913,783.9999999999999,629.0000000000001,129.0000000000001,False,1.547645125958379,260,2.8499999999999996
nmousta5,2,test,nmousta5,260_A_2-5_WL_Bruise_OC_A244A_2026-02-17_DSC_7638,0.4268292682926829,0.2713178294573643,0.30612244897959184,0.7046979865771812,2058,894,630.0,1428.0,264.0,False,2.302013422818792,260,2.8499999999999996
nmousta5,2,test,nmousta5,260_A_2-5_WL_Bruise_OC_A244A_2026-02-17_DSC_7639,0.6210579857578841,0.45038731095536705,0.4598870056497175,0.9561472200469852,2655,1277,1221.0,1434.0,56.0,False,2.0790916209866874,260,2.8499999999999996
nmousta5,2,test,nmousta5,285_F_2-6_WL_Bruise_A244A_2026-04-06_DSC_2339,0.5451064848049773,0.37467105263157896,0.613354873451804,0.4905254091300603,1857,2322,1139.0,718.0,1183.0,False,0.7997416020671835,285,2.8499999999999996
nmousta5,2,test,nmousta5,285_F_2-6_WL_Bruise_A244A_2026-04-06_DSC_2340,0.3801974690585454,0.2347184065934066,0.44981901941428104,0.3292389210019268,3039,4152,1367.0,1672.0,2785.0,False,0.7319364161849711,285,2.8499999999999996
nmousta5,2,test,nmousta5,285_F_2-6_WL_Bruise_OC_A244A_2026-04-06_DSC_2343,0.7265846736045412,0.5705794947994056,0.6482836240855374,0.8263988522238164,1777,1394,1152.0,625.0,242.0,False,1.2747489239598278,285,2.8499999999999996
nmousta5,2,test,nmousta5,285_F_2-6_WL_Bruise_OC_A244A_2026-04-06_DSC_2344,0.5508312490804766,0.3801015228426396,0.41397611676249446,0.8228571428571428,4522,2275,1872.0,2650.0,403.0,False,1.9876923076923076,285,2.8499999999999996
nmousta5,2,test,nmousta5,285_G_2-6_WL_Bruise_A244A_2026-05-29_DSC_3860,0.8083041251011054,0.6782805429864254,0.9710645648887929,0.6922721674876847,4631,6496,4497.0,134.0,1999.0,False,0.7129002463054187,285,2.8499999999999996
nmousta5,2,test,nmousta5,285_G_2-6_WL_Bruise_A244A_2026-05-29_DSC_3861,0.8262040728369787,0.7038736919405177,0.8602198788422706,0.7947761194029851,4457,4824,3833.9999999999995,623.0000000000005,990.0000000000005,False,0.923922056384743,285,2.8499999999999996
nmousta5,2,test,nmousta5,285_G_2-6_WL_Bruise_A244A_2026-05-29_DSC_3862,0.8537530266343826,0.7448246725813266,0.9537462807681905,0.7727372342756959,3697,4563,3526.0,171.0,1037.0,False,0.8102125794433487,285,2.8499999999999996
nmousta5,2,test,nmousta5,285_G_2-6_WL_Bruise_OC_A244A_2026-05-29_DSC_3864,0.900637196336121,0.8192356457163558,0.9731067125645438,0.8382134914751668,4648,5396,4523.0,125.0,873.0,False,0.8613787991104522,285,2.8499999999999996
nmousta5,2,test,nmousta5,285_G_2-6_WL_Bruise_OC_A244A_2026-05-29_DSC_3865,0.801486839461523,0.6687342833193629,0.782156862745098,0.8217964565306963,5100,4854,3989.0,1111.0,865.0,False,1.0506798516687268,285,2.8499999999999996
