train_masks,fold,split,eval_masks,stem,dice,iou,precision,recall,pred_positive_pixels,gt_positive_pixels,tp_pixels,fp_pixels,fn_pixels,complete_miss,pred_gt_ratio,subject,cut
nmousta5,3,cv_val,nmousta5,172_B_2-4_WL_Bruise_A244A_2026-03-04_DSC_8320,0.7465787304204452,0.5956327282294133,0.7479352494218698,0.7452271231073074,3027,3038,2264.0,763.0,774.0,False,0.9963791968400263,172,4.200000000000001
nmousta5,3,cv_val,nmousta5,172_B_2-4_WL_Bruise_A244A_2026-03-04_DSC_8321,0.7274119448698315,0.5716004813477737,0.9099616858237548,0.6058673469387755,2088,3136,1900.0,188.0,1236.0,False,0.6658163265306123,172,4.200000000000001
nmousta5,3,cv_val,nmousta5,172_B_2-4_WL_Bruise_A244A_2026-03-04_DSC_8322,0.78001549186677,0.6393650793650794,0.860316104228962,0.7134254339355296,2341,2823,2014.0000000000002,326.9999999999998,808.9999999999998,False,0.8292596528515763,172,4.200000000000001
nmousta5,3,cv_val,nmousta5,172_B_2-4_WL_Bruise_OC_A244A_2026-03-04_DSC_8324,0.8092399403874814,0.6795994993742178,0.8822095857026807,0.7474191328286304,2462,2906,2172.0,290.0,734.0,False,0.8472126634549209,172,4.200000000000001
nmousta5,3,cv_val,nmousta5,172_B_2-4_WL_Bruise_OC_A244A_2026-03-04_DSC_8325,0.5846205507051713,0.4130486358244365,0.6830129462534327,0.5110067508071617,2549,3407,1741.0,808.0,1666.0,False,0.7481655415321398,172,4.200000000000001
nmousta5,3,cv_val,nmousta5,222_C_2-4_WL_Bruise_A244A_2026-03-06_DSC_3407,0.4274918179113359,0.27185347763566187,0.7363673636736368,0.30116542298985494,4878,11927,3592.0,1286.0,8335.0,False,0.40898801039657917,222,4.200000000000001
nmousta5,3,cv_val,nmousta5,222_C_2-4_WL_Bruise_A244A_2026-03-06_DSC_3408,0.6110800223838836,0.4399677679290894,0.7072538860103627,0.5379310344827586,6948,9135,4914.0,2034.0,4221.0,False,0.7605911330049261,222,4.200000000000001
nmousta5,3,cv_val,nmousta5,222_C_2-4_WL_Bruise_A244A_2026-03-06_DSC_3409,0.5048360462373201,0.3376459450930893,0.8756137479541735,0.35465694398409014,4888,12068,4280.0,608.0,7788.0,False,0.4050381173351011,222,4.200000000000001
nmousta5,3,cv_val,nmousta5,222_C_2-4_WL_Bruise_OC_A244A_2026-03-06_DSC_3411,0.5291036088474971,0.3597150771666007,0.6049916805324459,0.47013188518231186,6010,7734,3636.0,2374.0,4098.0,False,0.7770881820532712,222,4.200000000000001
nmousta5,3,cv_val,nmousta5,222_C_2-4_WL_Bruise_OC_A244A_2026-03-06_DSC_3412,0.6751797835876067,0.5096387987012987,0.8148929266709929,0.5763625932300631,6164,8715,5023.0,1141.0,3692.0,False,0.7072862880091796,222,4.200000000000001
nmousta5,3,cv_val,nmousta5,270_D_2-6_WL_Bruise_A244A_2026-04-04_DSC_0299,0.7065770348837209,0.5462845905323781,0.6156403356023429,0.82903432104029,6317,4691,3889.0,2428.0,802.0,False,1.3466211895118312,270,4.200000000000001
nmousta5,3,cv_val,nmousta5,270_D_2-6_WL_Bruise_A244A_2026-04-04_DSC_0300,0.6043104363520544,0.43298341700897613,0.4335110434120335,0.9971969166082691,6565,2854,2846.0,3719.0,8.0,False,2.300280308339173,270,4.200000000000001
nmousta5,3,cv_val,nmousta5,270_D_2-6_WL_Bruise_A244A_2026-04-04_DSC_0301,0.6536783948822332,0.48552915766738663,0.4895470383275261,0.9833770778652668,6888,3429,3372.0,3516.0,57.0,False,2.0087489063867014,270,4.200000000000001
nmousta5,3,cv_val,nmousta5,270_D_2-6_WL_Bruise_OC_A244A_2026-04-04_DSC_0303,0.6738265114532482,0.508098312379658,0.6910043130006162,0.657482046020812,6492,6823,4486.0,2006.0,2337.0,False,0.9514876154184376,270,4.200000000000001
nmousta5,3,cv_val,nmousta5,270_D_2-6_WL_Bruise_OC_A244A_2026-04-04_DSC_0304,0.5134621476084891,0.34540805454932877,0.5653007846556234,0.47033222109386336,5735,6893,3242.0,2493.0,3651.0,False,0.8320034817931234,270,4.200000000000001
nmousta5,3,cv_val,nmousta5,286_A_2-6_WL_Bruise_A244A_2026-04-06_DSC_2239,0.7967823878069432,0.6622097114707952,0.6692745376955903,0.9843096234309623,2812,1912,1881.9999999999998,930.0000000000002,30.000000000000227,False,1.4707112970711298,286,4.200000000000001
nmousta5,3,cv_val,nmousta5,286_A_2-6_WL_Bruise_A244A_2026-04-06_DSC_2240,0.8001289490651193,0.6668457818377217,0.6886792452830188,0.9546153846153846,1802,1300,1241.0,561.0,59.0,False,1.386153846153846,286,4.200000000000001
nmousta5,3,cv_val,nmousta5,286_A_2-6_WL_Bruise_A244A_2026-04-06_DSC_2241,0.8694955964771818,0.7691218130311614,0.7911607576493443,0.965047393364929,2059,1688,1629.0,430.0,59.0,False,1.21978672985782,286,4.200000000000001
nmousta5,3,cv_val,nmousta5,286_A_2-6_WL_Bruise_OC_A244A_2026-04-06_DSC_2243,0.8861819566044918,0.7956254272043746,0.8191414496833216,0.9651741293532339,2842,2412,2328.0,514.0,84.0,False,1.1782752902155886,286,4.200000000000001
nmousta5,3,cv_val,nmousta5,286_A_2-6_WL_Bruise_OC_A244A_2026-04-06_DSC_2244,0.8846960167714885,0.793233082706767,0.836748182419035,0.938472942920682,3026,2698,2532.0,494.0,166.0,False,1.1215715344699777,286,4.200000000000001
nmousta5,3,cv_val,nmousta5,286_B_2-6_WL_Bruise_A244A_2026-04-06_DSC_2260,0.8082408874801902,0.6781914893617021,0.6781914893617021,1.0,2256,1530,1530.0,726.0,0.0,False,1.4745098039215687,286,4.200000000000001
nmousta5,3,cv_val,nmousta5,286_B_2-6_WL_Bruise_A244A_2026-04-06_DSC_2261,0.8054375531011045,0.6742532005689901,0.6869565217391305,0.973305954825462,2760,1948,1896.0,864.0,52.0,False,1.4168377823408624,286,4.200000000000001
nmousta5,3,cv_val,nmousta5,286_B_2-6_WL_Bruise_OC_A244A_2026-04-06_DSC_2263,0.8809106830122592,0.7871674491392802,0.8747826086956522,0.8871252204585538,1725,1701,1509.0,216.0,192.0,False,1.0141093474426808,286,4.200000000000001
nmousta5,3,cv_val,nmousta5,286_B_2-6_WL_Bruise_OC_A244A_2026-04-06_DSC_2264,0.7268170426065163,0.5708661417322834,0.5827974276527331,0.9653794940079894,2488,1502,1450.0,1038.0,52.0,False,1.6564580559254327,286,4.200000000000001
nmousta5,3,cv_val,nmousta5,299_C_2-6_WL_Bruise_A244A_2026-05-29_DSC_3954,0.8981380065717415,0.8151093439363817,0.917568071615069,0.8795137647479442,5362,5594,4920.0,442.0,674.0,False,0.9585269932070075,299,4.200000000000001
nmousta5,3,cv_val,nmousta5,299_C_2-6_WL_Bruise_A244A_2026-05-29_DSC_3955,0.819871065604854,0.6947300771208226,0.8844344446717121,0.7640925958649938,4889,5659,4324.0,565.0,1335.0,False,0.863933557165577,299,4.200000000000001
nmousta5,3,cv_val,nmousta5,299_C_2-6_WL_Bruise_A244A_2026-05-29_DSC_3956,0.8499099459675805,0.7389942578736732,0.8818521594684385,0.8202008497489378,4816,5178,4247.0,569.0,931.0,False,0.9300888373889533,299,4.200000000000001
nmousta5,3,cv_val,nmousta5,299_C_2-6_WL_Bruise_OC_A244A_2026-05-29_DSC_3958,0.8807759372275501,0.786952288218111,0.8922499448001766,0.8695932859909619,4529,4647,4041.0,488.0,606.0,False,0.9746072735097913,299,4.200000000000001
nmousta5,3,cv_val,nmousta5,299_C_2-6_WL_Bruise_OC_A244A_2026-05-29_DSC_3959,0.8467956010618126,0.734297928313055,0.9270689177968447,0.7793159609120521,7226,8596,6699.0,527.0,1897.0,False,0.8406235458352722,299,4.200000000000001
nmousta5,3,cv_val,nmousta5,29_L_2-4_WL_Bruise_A244A_2026-03-05_DSC_1644,0.755729919471402,0.6073680716893461,0.832007274380541,0.6922640438812181,4399,5287,3660.0,739.0,1627.0,False,0.8320408549271798,29,4.200000000000001
nmousta5,3,cv_val,nmousta5,29_L_2-4_WL_Bruise_A244A_2026-03-05_DSC_1645,0.7364359214218896,0.5828243568387933,0.6384833738848338,0.8698895027624309,4932,3620,3149.0,1783.0,471.0,False,1.3624309392265193,29,4.200000000000001
nmousta5,3,cv_val,nmousta5,29_L_2-4_WL_Bruise_A244A_2026-03-05_DSC_1646,0.6598127409583256,0.49232876712328766,0.7904112601715417,0.5662517724909406,4547,6347,3594.0,953.0,2753.0,False,0.7164014495037025,29,4.200000000000001
nmousta5,3,cv_val,nmousta5,29_L_2-4_WL_Bruise_OC_A244A_2026-03-05_DSC_1648,0.7831374138629915,0.6435709526982012,0.8011278819041301,0.7659372026641293,6029,6306,4830.0,1199.0,1476.0,False,0.9560735807167777,29,4.200000000000001
nmousta5,3,cv_val,nmousta5,29_L_2-4_WL_Bruise_OC_A244A_2026-03-05_DSC_1649,0.7711183189959103,0.627495983474868,0.9250549822365082,0.6611050658928788,5911,8271,5468.0,443.0,2803.0,False,0.7146656994317495,29,4.200000000000001
nmousta5,3,cv_val,nmousta5,64_K_2-4_WL_Bruise_A244A_2026-02-26_DSC_5419,0.8919818046031638,0.8050245098039216,0.929794762915782,0.8571242171189979,7065,7664,6569.0,496.0,1095.0,False,0.9218423799582464,64,4.200000000000001
nmousta5,3,cv_val,nmousta5,64_K_2-4_WL_Bruise_A244A_2026-02-26_DSC_5420,0.8843794242567249,0.7927241962774958,0.9207940251572327,0.8507354276375522,5088,5507,4685.0,403.0,822.0,False,0.9239150172507717,64,4.200000000000001
nmousta5,3,cv_val,nmousta5,64_K_2-4_WL_Bruise_A244A_2026-02-26_DSC_5421,0.8484371928445056,0.7367702287470126,0.8664346895074947,0.8311721658749519,7472,7789,6474.0,998.0,1315.0,False,0.9593015791500834,64,4.200000000000001
nmousta5,3,cv_val,nmousta5,64_K_2-4_WL_Bruise_OC_A244A_2026-02-26_DSC_5424,0.8150996444223931,0.6879056458929443,0.8064304998772805,0.8239572013708936,12223,11963,9857.0,2366.0,2106.0,False,1.0217336788430995,64,4.200000000000001
nmousta5,3,cv_val,nmousta5,64_K_2-4_WL_Bruise_OC_A244A_2026-02-26_DSC_5425,0.8420082541972193,0.7271280276816608,0.819898556379243,0.8653434360072476,12815,12142,10507.0,2308.0,1635.0,False,1.055427441937078,64,4.200000000000001
nmousta5,3,cv_val,nmousta5,64_M_2-4_WL_Bruise_A244A_2026-02-26_DSC_5461,0.45396641574985525,0.29363295880149815,0.3312209547950993,0.7212511499540019,2367,1087,784.0,1583.0,303.0,False,2.177552897884085,64,4.200000000000001
nmousta5,3,cv_val,nmousta5,64_M_2-4_WL_Bruise_A244A_2026-02-26_DSC_5462,0.1850784502081332,0.10197600564573042,0.10388209920920201,0.8475073313782991,5564,682,578.0,4986.0,104.0,False,8.158357771260997,64,4.200000000000001
nmousta5,3,cv_val,nmousta5,64_M_2-4_WL_Bruise_A244A_2026-02-26_DSC_5463,0.10256410256410256,0.05405405405405406,0.055714285714285716,0.6446280991735537,7000,605,390.0,6610.0,215.0,False,11.570247933884298,64,4.200000000000001
nmousta5,3,cv_val,nmousta5,64_M_2-4_WL_Bruise_OC_A244A_2026-02-26_DSC_5466,0.7838577291381669,0.6445444319460067,0.6589994249568718,0.9670886075949368,1739,1185,1146.0,593.0,39.0,False,1.4675105485232067,64,4.200000000000001
nmousta5,3,cv_val,nmousta5,64_M_2-4_WL_Bruise_OC_A244A_2026-02-26_DSC_5467,0.8364235681911826,0.7188385269121813,0.7837837837837838,0.8966431095406361,1295,1132,1015.0,280.0,117.0,False,1.1439929328621907,64,4.200000000000001
nmousta5,3,cv_val,nmousta5,64_N_2-5_WL_Bruise_A244A_2026-04-02_DSC_7973,0.0,0.0,0.0,0.0,405,2101,0.0,405.0,2101.0,True,0.19276534983341265,64,4.200000000000001
nmousta5,3,cv_val,nmousta5,64_N_2-5_WL_Bruise_A244A_2026-04-02_DSC_7974,0.015402843601895734,0.007761194029850746,0.019622641509433963,0.012676743052169674,1325,2051,26.0,1299.0,2025.0,False,0.6460263286201853,64,4.200000000000001
nmousta5,3,cv_val,nmousta5,64_N_2-5_WL_Bruise_A244A_2026-04-02_DSC_7975,0.0,0.0,0.0,0.0,1393,928,0.0,1393.0,928.0,True,1.5010775862068966,64,4.200000000000001
nmousta5,3,cv_val,nmousta5,64_N_2-5_WL_Bruise_OC_A244A_2026-04-02_DSC_7978,0.14892685063512923,0.08045433033601515,0.7589285714285714,0.0825643516270034,224,2059,170.0,54.0,1889.0,False,0.10879067508499271,64,4.200000000000001
nmousta5,3,cv_val,nmousta5,64_N_2-5_WL_Bruise_OC_A244A_2026-04-02_DSC_7979,0.0,0.0,0.0,0.0,1429,1906,0.0,1429.0,1906.0,True,0.7497376705141658,64,4.200000000000001
nmousta5,3,cv_val,nmousta5,64_R_2-5_WL_Bruise_A244A_2026-04-02_DSC_8076,0.346646571213263,0.2096627164995442,0.888030888030888,0.2153558052434457,259,1068,229.99999999999997,29.00000000000003,838.0,False,0.24250936329588016,64,4.200000000000001
nmousta5,3,cv_val,nmousta5,64_R_2-5_WL_Bruise_A244A_2026-04-02_DSC_8077,0.6294912331129635,0.45931208053691275,0.5485971943887775,0.7383681726230613,1996,1483,1095.0,901.0,388.0,False,1.3459204315576534,64,4.200000000000001
nmousta5,3,cv_val,nmousta5,64_R_2-5_WL_Bruise_A244A_2026-04-02_DSC_8078,0.6277495769881557,0.45745992601726265,0.8198895027624309,0.5085675119945168,905,1459,742.0,163.0,717.0,False,0.6202878684030158,64,4.200000000000001
nmousta5,3,cv_val,nmousta5,64_R_2-5_WL_Bruise_OC_A244A_2026-04-02_DSC_8080,0.5350214416989993,0.3652076944521885,0.46735640385301463,0.6255969436485196,2803,2094,1310.0,1493.0,784.0,False,1.3385864374403056,64,4.200000000000001
nmousta5,3,cv_val,nmousta5,64_R_2-5_WL_Bruise_OC_A244A_2026-04-02_DSC_8081,0.3648456057007126,0.2231260894828588,0.5013054830287206,0.2867811799850635,766,1339,384.00000000000006,381.99999999999994,955.0,False,0.572068707991038,64,4.200000000000001
nmousta5,3,cv_val,nmousta5,97_AD_2-5_WL_Bruise_OC_A244A_2026-04-02_DSC_7832,0.13744626466829324,0.07379452311147153,0.40033840947546534,0.08296514482081492,2955,14259,1183.0,1772.0,13076.0,False,0.20723753418893331,97,4.200000000000001
nmousta5,3,cv_val,nmousta5,97_AF_2-5_WL_Bruise_A244A_2026-04-02_DSC_7866,0.42013177977143285,0.265928369462771,0.8219956300072834,0.28217821782178215,6865,19998,5643.0,1222.0,14355.0,False,0.3432843284328433,97,4.200000000000001
nmousta5,3,cv_val,nmousta5,97_AF_2-5_WL_Bruise_A244A_2026-04-02_DSC_7867,0.6787244985427738,0.5136888542883093,0.7869210892466706,0.5966842501883949,10062,13270,7918.0,2144.0,5352.0,False,0.7582516955538809,97,4.200000000000001
nmousta5,3,cv_val,nmousta5,97_AF_2-5_WL_Bruise_A244A_2026-04-02_DSC_7868,0.42070588235294115,0.266388557806913,0.5807708964919879,0.32980816527299556,6927,12198,4022.9999999999995,2904.0000000000005,8175.0,False,0.5678799803246434,97,4.200000000000001
nmousta5,3,cv_val,nmousta5,97_AF_2-5_WL_Bruise_OC_A244A_2026-04-02_DSC_7870,0.630822620851459,0.4607311152363273,0.9196237708422402,0.48006249070078855,7017,13442,6453.0,564.0,6989.0,False,0.5220205326588305,97,4.200000000000001
nmousta5,3,cv_val,nmousta5,97_AF_2-5_WL_Bruise_OC_A244A_2026-04-02_DSC_7871,0.7856680336714872,0.646996089584074,0.7074829931972789,0.8832807570977917,5145,4121,3640.0,1505.0,481.0,False,1.2484833778209172,97,4.200000000000001
nmousta5,3,cv_val,nmousta5,97_AG_2-5_WL_Bruise_A244A_2026-04-02_DSC_8268,0.8530238462235924,0.7437154150197628,0.8256977356503423,0.8822205551387847,5697,5332,4704.0,993.0,628.0,False,1.0684546136534134,97,4.200000000000001
nmousta5,3,cv_val,nmousta5,97_AG_2-5_WL_Bruise_A244A_2026-04-02_DSC_8270,0.9072707343807088,0.8302795238732111,0.9251862891207153,0.8900358422939069,6710,6975,6208.0,502.0,767.0,False,0.9620071684587813,97,4.200000000000001
nmousta5,3,cv_val,nmousta5,97_AJ_2-6_WL_Bruise_A244A_2026-03-09_DSC_8985,0.8477739269528126,0.7357704766311892,0.7405682347461574,0.9912718204488778,2147,1604,1590.0,557.0,14.0,False,1.3385286783042394,97,4.200000000000001
nmousta5,3,cv_val,nmousta5,97_AJ_2-6_WL_Bruise_A244A_2026-03-09_DSC_8986,0.8250073035349109,0.7021382396817504,0.8228438228438228,0.8271821909783246,1716,1707,1412.0,304.0,295.0,False,1.0052724077328647,97,4.200000000000001
nmousta5,3,cv_val,nmousta5,97_AJ_2-6_WL_Bruise_A244A_2026-03-09_DSC_8987,0.38480937546358107,0.23824393828067597,0.26742268041237116,0.6858804865150714,4850,1891,1297.0,3553.0,594.0,False,2.5647805393971446,97,4.200000000000001
nmousta5,3,cv_val,nmousta5,97_AJ_2-6_WL_Bruise_OC_A244A_2026-03-09_DSC_8990,0.5960614793467819,0.4245638043106398,0.4319526627218935,0.9612703330751355,2873,1291,1241.0,1632.0,50.0,False,2.2254066615027113,97,4.200000000000001
nmousta5,3,cv_val,nmousta5,97_AJ_2-6_WL_Bruise_OC_A244A_2026-03-09_DSC_8991,0.7739837398373983,0.6312997347480106,0.6343847179031542,0.9923558026407228,2251,1439,1428.0,823.0,11.0,False,1.5642807505211953,97,4.200000000000001
nmousta5,3,cv_val,nmousta5,99_F_2-6_WL_Bruise_A244A_2026-03-09_DSC_9180,0.5449765980637302,0.3745483387679563,0.9054111631870473,0.3898009722094836,4694,10903,4250.0,444.0,6653.0,False,0.43052370907089793,99,4.200000000000001
nmousta5,3,cv_val,nmousta5,99_F_2-6_WL_Bruise_A244A_2026-03-09_DSC_9181,0.5618372488136387,0.3906631904839498,0.8034517426273459,0.43194306819205475,5968,11101,4795.0,1173.0,6306.0,False,0.5376092243941987,99,4.200000000000001
nmousta5,3,cv_val,nmousta5,99_F_2-6_WL_Bruise_A244A_2026-03-09_DSC_9182,0.44618674269422665,0.2871559633027523,0.48922630344981577,0.41010762751520824,8957,10685,4382.0,4575.0,6303.0,False,0.8382779597566682,99,4.200000000000001
nmousta5,3,cv_val,nmousta5,99_F_2-6_WL_Bruise_OC_A244A_2026-03-09_DSC_9184,0.4479594300893504,0.2886261086043255,0.7476823861346231,0.31977245302534046,4962,11602,3710.0,1252.0,7892.0,False,0.4276848819169109,99,4.200000000000001
nmousta5,3,cv_val,nmousta5,99_F_2-6_WL_Bruise_OC_A244A_2026-03-09_DSC_9185,0.5066781031736307,0.33929597111676374,0.6749918380672544,0.40555119654766575,6126,10196,4135.0,1991.0,6061.0,False,0.600823852491173,99,4.200000000000001
nmousta5,3,test,hliu36,170_F_2-4_WL_Bruise_A244A_2026-03-05_DSC_1856,0.6827519647042604,0.5183169353150513,0.9407294832826748,0.5358147587102359,2632,4621,2476.0,156.0,2145.0,False,0.5695736853494915,170,4.200000000000001
nmousta5,3,test,hliu36,170_F_2-4_WL_Bruise_OC_A244A_2026-03-05_DSC_1860,0.3387725023686704,0.20392902408111532,0.36246902455507995,0.31798418972332015,4439,5060,1609.0,2830.0,3451.0,False,0.8772727272727273,170,4.200000000000001
nmousta5,3,test,hliu36,182_Q_2-6_WL_Bruise_A244A_2026-04-06_DSC_2484,0.5966782858314538,0.42518994739918176,0.6421006178287731,0.5572577556491766,2266,2611,1455.0,811.0,1156.0,False,0.8678667177326694,182,4.200000000000001
nmousta5,3,test,hliu36,182_Q_2-6_WL_Bruise_A244A_2026-04-06_DSC_2485,0.3911832946635731,0.24314969714450532,0.32274119448698313,0.49646643109540634,2612,1698,843.0,1769.0,855.0,False,1.5382803297997645,182,4.200000000000001
nmousta5,3,test,hliu36,182_Q_2-6_WL_Bruise_A244A_2026-04-06_DSC_2486,0.3581836665537106,0.21816305469556244,0.5493762993762994,0.2657114127702363,1924,3978,1057.0,867.0,2921.0,False,0.48366013071895425,182,4.200000000000001
nmousta5,3,test,hliu36,182_Q_2-6_WL_Bruise_OC_A244A_2026-04-06_DSC_2488,0.7147711373176094,0.5561430793157076,0.6987104337631888,0.7315875613747954,5118,4888,3576.0,1542.0,1312.0,False,1.0470540098199672,182,4.200000000000001
nmousta5,3,test,hliu36,20_D_2-6_WL_Bruise_A244A_2026-04-04_DSC_0400,0.8916382650917409,0.8044650379106992,0.9772797052502302,0.8197973901098901,9771,11648,9549.0,222.0,2099.0,False,0.8388564560439561,20,4.200000000000001
nmousta5,3,test,hliu36,20_D_2-6_WL_Bruise_OC_A244A_2026-04-04_DSC_0403,0.818546758830376,0.6928304314608549,1.0,0.6928304314608549,17230,24869,17230.0,0.0,7639.0,False,0.6928304314608549,20,4.200000000000001
nmousta5,3,test,hliu36,20_D_2-6_WL_Bruise_OC_A244A_2026-04-04_DSC_0404,0.808998715734467,0.6792593143452071,0.9989610105539454,0.679739534883721,18287,26875,18268.0,19.0,8607.0,False,0.6804465116279069,20,4.200000000000001
nmousta5,3,test,hliu36,226_A_2-4_WL_Bruise_A244A_2026-03-06_DSC_3569,0.8911092985318108,0.8036042662743655,0.8558558558558559,0.9293917481922586,2553,2351,2185.0,368.0,166.0,False,1.0859208847299022,226,4.200000000000001
nmousta5,3,test,hliu36,226_A_2-4_WL_Bruise_A244A_2026-03-06_DSC_3570,0.7131050767414404,0.5541284403669725,0.791958041958042,0.6485325697924124,2288,2794,1812.0,476.0,982.0,False,0.8188976377952756,226,4.200000000000001
nmousta5,3,test,hliu36,226_A_2-4_WL_Bruise_A244A_2026-03-06_DSC_3571,0.5829263528032819,0.4113592500689275,0.44804804804804804,0.8339854667411962,3330,1789,1492.0,1838.0,297.0,False,1.8613750698714366,226,4.200000000000001
nmousta5,3,test,hliu36,226_A_2-4_WL_Bruise_OC_A244A_2026-03-06_DSC_3573,0.8788814236426367,0.7839326206673145,0.9314857582755967,0.8319009969061533,2598,2909,2420.0,178.0,489.0,False,0.8930904090752836,226,4.200000000000001
nmousta5,3,test,hliu36,226_A_2-4_WL_Bruise_OC_A244A_2026-03-06_DSC_3574,0.7277580071174378,0.5720279720279721,0.9632595383890721,0.5847869602516442,2123,3497,2045.0000000000002,77.99999999999977,1451.9999999999998,False,0.607091792965399,226,4.200000000000001
nmousta5,3,test,hliu36,226_C_2-4_WL_Bruise_A244A_2026-03-06_DSC_3610,0.896596645497476,0.8125737898465171,0.8717542748575048,0.9228964130070398,3158,2983,2753.0,405.0,230.0,False,1.0586657727120348,226,4.200000000000001
nmousta5,3,test,hliu36,226_C_2-4_WL_Bruise_A244A_2026-03-06_DSC_3611,0.8422355854262469,0.7274671555148182,0.7816808929743927,0.9129601226993865,3046,2608,2381.0,665.0,227.0,False,1.1679447852760736,226,4.200000000000001
nmousta5,3,test,hliu36,226_C_2-4_WL_Bruise_A244A_2026-03-06_DSC_3612,0.7519364448857994,0.6024824952259707,0.7055534849049572,0.8048469387755102,2683,2352,1893.0,790.0,459.0,False,1.1407312925170068,226,4.200000000000001
nmousta5,3,test,hliu36,226_C_2-4_WL_Bruise_OC_A244A_2026-03-06_DSC_3614,0.8643643643643644,0.7611282503305421,0.927248322147651,0.8094680103116944,3725,4267,3454.0,271.0,813.0,False,0.8729786735411296,226,4.200000000000001
nmousta5,3,test,hliu36,226_C_2-4_WL_Bruise_OC_A244A_2026-03-06_DSC_3615,0.8470259898831327,0.73464447806354,0.7971109652002626,0.9036099739486416,3046,2687,2428.0,618.0,259.0,False,1.1336062523260142,226,4.200000000000001
nmousta5,3,test,hliu36,228_B_2-4_WL_Bruise_A244A_2026-03-06_DSC_3718,0.8015633327411619,0.6688407945449155,0.9082125603864735,0.717329093799682,2484,3145,2256.0,228.0,889.0,False,0.7898251192368839,228,4.200000000000001
nmousta5,3,test,hliu36,228_B_2-4_WL_Bruise_A244A_2026-03-06_DSC_3719,0.8332137733142038,0.7141100522594528,0.9443089430894309,0.7455070603337612,2460,3116,2323.0,137.0,793.0,False,0.7894736842105263,228,4.200000000000001
nmousta5,3,test,hliu36,228_B_2-4_WL_Bruise_A244A_2026-03-06_DSC_3720,0.6767979452054794,0.5114849563248139,1.0,0.5114849563248139,1581,3091,1581.0,0.0,1510.0,False,0.5114849563248139,228,4.200000000000001
nmousta5,3,test,hliu36,228_B_2-4_WL_Bruise_A244A_2026-03-06_DSC_3721,0.7083457971881544,0.5484020379805465,0.7877578176979375,0.6434782608695652,3006,3680,2368.0,638.0,1312.0,False,0.8168478260869565,228,4.200000000000001
nmousta5,3,test,hliu36,228_B_2-4_WL_Bruise_OC_A244A_2026-03-06_DSC_3723,0.6832399945362655,0.5188796680497926,0.9509505703422053,0.5331485823918141,2630,4691,2501.0,129.0,2190.0,False,0.5606480494564059,228,4.200000000000001
nmousta5,3,test,hliu36,228_B_2-4_WL_Bruise_OC_A244A_2026-03-06_DSC_3724,0.8318491356731272,0.7121076233183856,0.9810543657331137,0.722036980903304,2428,3299,2382.0,46.0,917.0,False,0.7359806001818733,228,4.200000000000001
nmousta5,3,test,hliu36,232_A_2-4_WL_Bruise_A244A_2026-03-06_DSC_3868,0.20873362445414848,0.11652852267186738,0.22767325553703263,0.19270308405563394,8398,9922,1912.0,6486.0,8010.0,False,0.8464019350937311,232,4.200000000000001
nmousta5,3,test,hliu36,232_A_2-4_WL_Bruise_A244A_2026-03-06_DSC_3869,0.6023722425451724,0.430996192893401,0.8809987029831388,0.4576385379821459,6168,11874,5434.0,734.0,6440.0,False,0.5194542698332492,232,4.200000000000001
nmousta5,3,test,hliu36,232_A_2-4_WL_Bruise_A244A_2026-03-06_DSC_3870,0.0,0.0,0.0,0.0,4212,7123,0.0,4212.0,7123.0,True,0.5913238803874772,232,4.200000000000001
nmousta5,3,test,hliu36,232_A_2-4_WL_Bruise_OC_A244A_2026-03-06_DSC_3876,0.6689067562702508,0.502524341868013,0.7318802521008403,0.6159116022099448,7616,9050,5574.0,2042.0,3476.0,False,0.8415469613259668,232,4.200000000000001
nmousta5,3,test,hliu36,232_A_2-4_WL_Bruise_OC_A244A_2026-03-06_DSC_3877,0.6930328084680605,0.5302602949472157,0.6757034298623947,0.7112744568154794,9738,9251,6580.0,3158.0,2671.0,False,1.0526429575181062,232,4.200000000000001
nmousta5,3,test,hliu36,233_B_2-4_WL_Bruise_A244A_2026-03-06_DSC_4197,0.5452820713129848,0.3748369773686229,0.9141253507951357,0.3885178117048346,5345,12576,4886.0,459.0,7690.0,False,0.425015903307888,233,4.200000000000001
nmousta5,3,test,hliu36,233_B_2-4_WL_Bruise_A244A_2026-03-06_DSC_4199,0.6255171272546748,0.4550927040693475,0.9732234809474768,0.46086320409656184,7768,16404,7559.999999999999,208.0000000000009,8844.0,False,0.47354303828334554,233,4.200000000000001
nmousta5,3,test,hliu36,233_B_2-4_WL_Bruise_OC_A244A_2026-03-06_DSC_4201,0.4109642150971194,0.25862489630605573,1.0,0.25862489630605573,5300,20493,5300.0,0.0,15193.0,False,0.25862489630605573,233,4.200000000000001
nmousta5,3,test,hliu36,235_A_2-4_WL_Bruise_A244A_2026-03-08_DSC_4349,0.7067776364967441,0.5465244465631797,1.0,0.5465244465631797,18343,33563,18343.0,0.0,15220.0,False,0.5465244465631797,235,4.200000000000001
nmousta5,3,test,hliu36,235_A_2-4_WL_Bruise_A244A_2026-03-08_DSC_4350,0.6029170149597901,0.43155418927561945,1.0,0.43155418927561945,20917,48469,20917.0,0.0,27552.0,False,0.43155418927561945,235,4.200000000000001
nmousta5,3,test,hliu36,235_A_2-4_WL_Bruise_A244A_2026-03-08_DSC_4351,0.6691153372157649,0.502759822790326,0.9927577800086046,0.5046105623792688,13946,27437,13844.999999999998,101.00000000000182,13592.000000000002,False,0.5082917228559973,235,4.200000000000001
nmousta5,3,test,hliu36,235_A_2-4_WL_Bruise_OC_A244A_2026-03-08_DSC_4353,0.6611835153222966,0.4938567181457023,0.9982981439132054,0.49427284935618926,18803,37977,18771.0,32.0,19206.0,False,0.4951154646233246,235,4.200000000000001
nmousta5,3,test,hliu36,235_A_2-4_WL_Bruise_OC_A244A_2026-03-08_DSC_4354,0.6964032439902534,0.5342167666341191,0.9984878506622171,0.5346493187402278,19178,35816,19149.0,29.0,16667.0,False,0.53545901273174,235,4.200000000000001
nmousta5,3,test,hliu36,236_C_2-4_WL_Bruise_A244A_2026-03-08_DSC_4462,0.15849584831228328,0.08606868910234261,0.9960015993602559,0.08609843771602378,2501,28932,2491.0,10.0,26441.0,False,0.08644407576386008,236,4.200000000000001
nmousta5,3,test,hliu36,236_C_2-4_WL_Bruise_A244A_2026-03-08_DSC_4463,0.1097522135167845,0.058062342038753156,0.5854570166496772,0.0605517483746266,2943,28455,1723.0,1220.0,26732.0,False,0.10342646283605693,236,4.200000000000001
nmousta5,3,test,hliu36,236_C_2-4_WL_Bruise_A244A_2026-03-08_DSC_4464,0.0,0.0,0.0,0.0,2021,35344,0.0,2021.0,35344.0,True,0.057180851063829786,236,4.200000000000001
nmousta5,3,test,hliu36,236_C_2-4_WL_Bruise_OC_A244A_2026-03-08_DSC_4467,0.024675933156332968,0.012492093611638203,0.45627062706270627,0.012680868628035497,1212,43609,553.0,659.0,43056.0,False,0.027792428168497328,236,4.200000000000001
nmousta5,3,test,hliu36,236_C_2-4_WL_Bruise_OC_A244A_2026-03-08_DSC_4468,0.03745964777703199,0.019087326145728153,0.4795417348608838,0.01949110261100948,1222,30065,586.0,636.0,29479.0,False,0.04064526858473308,236,4.200000000000001
nmousta5,3,test,hliu36,236_E_2-4_WL_Bruise_OC_A244A_2026-02-26_DSC_5722,0.5362129583124058,0.3663189678836124,0.8698060941828255,0.387569883104625,6137,13773,5338.0,799.0,8435.0,False,0.4455819356712408,236,4.200000000000001
nmousta5,3,test,hliu36,237_AC_2-5_WL_Bruise_A244A_2026-02-16_DSC_7084,0.419828615726288,0.2656854945637762,1.0,0.2656854945637762,10019,37710,10019.0,0.0,27691.0,False,0.2656854945637762,237,4.200000000000001
nmousta5,3,test,hliu36,237_AC_2-5_WL_Bruise_A244A_2026-02-16_DSC_7085,0.49714130138851076,0.3307971014492754,1.0,0.3307971014492754,9130,27600,9130.0,0.0,18470.0,False,0.3307971014492754,237,4.200000000000001
nmousta5,3,test,hliu36,237_AC_2-5_WL_Bruise_A244A_2026-02-16_DSC_7086,0.48050354879224233,0.31622551563731427,1.0,0.31622551563731427,16451,52023,16451.0,0.0,35572.0,False,0.31622551563731427,237,4.200000000000001
nmousta5,3,test,hliu36,237_AC_2-5_WL_Bruise_OC_A244A_2026-02-16_DSC_7088,0.6058352197190183,0.4345506559109301,1.0,0.4345506559109301,16861,38801,16861.0,0.0,21940.0,False,0.4345506559109301,237,4.200000000000001
nmousta5,3,test,hliu36,237_AC_2-5_WL_Bruise_OC_A244A_2026-02-16_DSC_7089,0.5979223496879787,0.4264545188028038,1.0,0.4264545188028038,16001,37521,16001.0,0.0,21520.0,False,0.4264545188028038,237,4.200000000000001
nmousta5,3,test,hliu36,237_AD_2-5_WL_Bruise_A244A_2026-02-16_DSC_7116,0.4777305989700967,0.3138278931750742,0.9967954759660698,0.31414483455117925,5305,16833,5288.0,17.0,11545.0,False,0.31515475553971367,237,4.200000000000001
nmousta5,3,test,hliu36,237_AD_2-5_WL_Bruise_A244A_2026-02-16_DSC_7117,0.5781889212398187,0.4066566436829281,0.8999541073887104,0.42591084324265627,8716,18417,7844.0,872.0,10573.0,False,0.47325840256284957,237,4.200000000000001
nmousta5,3,test,hliu36,237_AD_2-5_WL_Bruise_A244A_2026-02-16_DSC_7118,0.5409873708381171,0.37079005350960026,1.0,0.37079005350960026,5890,15885,5890.0,0.0,9995.0,False,0.37079005350960026,237,4.200000000000001
nmousta5,3,test,hliu36,237_AD_2-5_WL_Bruise_OC_A244A_2026-02-16_DSC_7120,0.5274018810270249,0.358143796485933,0.9986474301172227,0.35831760582367217,6654,18545,6645.0,9.0,11900.0,False,0.35880291183607443,237,4.200000000000001
nmousta5,3,test,hliu36,237_AD_2-5_WL_Bruise_OC_A244A_2026-02-16_DSC_7121,0.38759885579673564,0.2403861205322202,1.0,0.2403861205322202,4607,19165,4607.0,0.0,14558.0,False,0.2403861205322202,237,4.200000000000001
nmousta5,3,test,hliu36,237_AE_2-5_WL_Bruise_A244A_2026-02-16_DSC_7217,0.7244879463476527,0.5679977263038226,0.8606804478897502,0.625508607198748,4644,6390,3997.0,647.0,2393.0,False,0.7267605633802817,237,4.200000000000001
nmousta5,3,test,hliu36,237_AE_2-5_WL_Bruise_A244A_2026-02-16_DSC_7218,0.6865515436944009,0.5227091633466135,0.9686946249261665,0.5316907116226293,3386,6169,3280.0,106.0,2889.0,False,0.5488733992543362,237,4.200000000000001
nmousta5,3,test,hliu36,237_AE_2-5_WL_Bruise_A244A_2026-02-16_DSC_7219,0.5556163633876043,0.3846736762337785,1.0,0.3846736762337785,4061,10557,4061.0,0.0,6496.0,False,0.3846736762337785,237,4.200000000000001
nmousta5,3,test,hliu36,237_AE_2-5_WL_Bruise_OC_A244A_2026-02-16_DSC_7221,0.4726793943383805,0.30948275862068964,0.9140674729471674,0.31875693673695893,3142,9010,2872.0,270.0,6138.0,False,0.34872364039955606,237,4.200000000000001
nmousta5,3,test,hliu36,237_AE_2-5_WL_Bruise_OC_A244A_2026-02-16_DSC_7222,0.23756458942912284,0.1347933592370187,0.2321167883211679,0.24327425729950275,8220,7843,1908.0,6312.0,5935.0,False,1.048068341195971,237,4.200000000000001
nmousta5,3,test,hliu36,237_B_2-4_WL_Bruise_A244A_2026-03-08_DSC_4584,0.6473456946913894,0.47857437938934166,0.9971828781594804,0.47922229325711707,12779,26591,12743.0,36.0,13848.0,False,0.4805761347824452,237,4.200000000000001
nmousta5,3,test,hliu36,237_B_2-4_WL_Bruise_A244A_2026-03-08_DSC_4587,0.6617078250520678,0.49444197421076036,0.9770670415604955,0.5002474245355166,11381,22229,11120.0,261.0,11109.0,False,0.5119888434027622,237,4.200000000000001
nmousta5,3,test,hliu36,237_B_2-4_WL_Bruise_A244A_2026-03-08_DSC_4588,0.5961616544406247,0.42466545833172653,0.9204279505182213,0.44085031426398175,11964,24979,11012.0,952.0,13967.0,False,0.47896232835581887,237,4.200000000000001
nmousta5,3,test,hliu36,237_B_2-4_WL_Bruise_OC_A244A_2026-03-08_DSC_4591,0.6338128924568794,0.4639283220851757,0.9804902041150914,0.46825086125900406,12199,25544,11961.0,238.0,13583.0,False,0.4775681177575947,237,4.200000000000001
nmousta5,3,test,hliu36,237_B_2-4_WL_Bruise_OC_A244A_2026-03-08_DSC_4592,0.5691106906338694,0.3977321564349235,0.9113703507310053,0.41373499776470996,13201,29079,12031.0,1170.0,17048.0,False,0.45397021905842705,237,4.200000000000001
nmousta5,3,test,hliu36,237_C_2-4_WL_Bruise_A244A_2026-03-08_DSC_4608,0.747410154751247,0.5966918521543803,0.8972823583602026,0.6404383561643836,6513,9125,5844.0,669.0,3281.0,False,0.7137534246575342,237,4.200000000000001
nmousta5,3,test,hliu36,237_C_2-4_WL_Bruise_A244A_2026-03-08_DSC_4609,0.4252036534189089,0.27000548632337956,0.9135507822858658,0.2770851765462881,3771,12433,3445.0,326.0,8988.0,False,0.3033057186519746,237,4.200000000000001
nmousta5,3,test,hliu36,237_C_2-4_WL_Bruise_A244A_2026-03-08_DSC_4610,0.7332474226804123,0.5788402848423194,0.9013623402682437,0.6179856636014771,9469,13811,8535.0,934.0,5276.0,False,0.6856129172398813,237,4.200000000000001
nmousta5,3,test,hliu36,237_C_2-4_WL_Bruise_OC_A244A_2026-03-08_DSC_4613,0.33652530779753764,0.20230263157894737,0.8737864077669902,0.20839216129214436,4223,17707,3690.0000000000005,532.9999999999995,14017.0,False,0.2384932512565652,237,4.200000000000001
nmousta5,3,test,hliu36,237_C_2-4_WL_Bruise_OC_A244A_2026-03-08_DSC_4615,0.4131059846205283,0.26032361368616214,0.8025461158742531,0.27813794345398885,3849,11106,3089.0,760.0,8017.0,False,0.3465694219340897,237,4.200000000000001
nmousta5,3,test,hliu36,237_E_2-4_WL_Bruise_A244A_2026-03-08_DSC_4651,0.7663488717481914,0.6212038834951457,0.991692498450093,0.6244534665833854,8065,12808,7998.0,67.0,4810.0,False,0.629684572142411,237,4.200000000000001
nmousta5,3,test,hliu36,237_E_2-4_WL_Bruise_A244A_2026-03-08_DSC_4652,0.7950892592372931,0.6598739909430991,0.9771137026239067,0.6702329767023297,6860,10001,6703.0,157.0,3298.0,False,0.6859314068593141,237,4.200000000000001
nmousta5,3,test,hliu36,237_E_2-4_WL_Bruise_A244A_2026-03-08_DSC_4653,0.7617120155910352,0.6151331719128329,0.9435468895078923,0.6386375062845651,5385,7956,5081.0,304.0,2875.0,False,0.6768476621417798,237,4.200000000000001
nmousta5,3,test,hliu36,237_E_2-4_WL_Bruise_OC_A244A_2026-03-08_DSC_4656,0.8354093771868439,0.7173416656651844,0.9594920430798907,0.7397447019457182,6221,8069,5969.0,252.0,2100.0,False,0.770975337712232,237,4.200000000000001
nmousta5,3,test,hliu36,237_E_2-4_WL_Bruise_OC_A244A_2026-03-08_DSC_4657,0.8330197908044247,0.7138251225174104,0.9760183389172985,0.7265686531898136,5671,7618,5535.0,136.0,2083.0,False,0.7444211079023366,237,4.200000000000001
nmousta5,3,test,hliu36,237_J_2-4_WL_Bruise_A244A_2026-02-26_DSC_5578,0.6928264868179032,0.5300187617260788,1.0,0.5300187617260788,9040,17056,9040.0,0.0,8016.0,False,0.5300187617260788,237,4.200000000000001
nmousta5,3,test,hliu36,237_J_2-4_WL_Bruise_A244A_2026-02-26_DSC_5579,0.5905457867092944,0.4189889825016202,0.7834464372273389,0.47386938356666425,8252,13643,6465.0,1787.0,7178.0,False,0.6048523052114637,237,4.200000000000001
nmousta5,3,test,hliu36,237_J_2-4_WL_Bruise_A244A_2026-02-26_DSC_5580,0.8074033849217124,0.6770129771571678,0.9752924456105827,0.6888271175970967,9147,12951,8921.0,226.0,4030.0,False,0.7062775075283761,237,4.200000000000001
nmousta5,3,test,hliu36,237_J_2-4_WL_Bruise_OC_A244A_2026-02-26_DSC_5582,0.5235388427342953,0.3545903257650543,1.0,0.3545903257650543,5388,15195,5388.0,0.0,9807.0,False,0.3545903257650543,237,4.200000000000001
nmousta5,3,test,hliu36,237_J_2-4_WL_Bruise_OC_A244A_2026-02-26_DSC_5583,0.5659315489823964,0.39463356758236745,0.9572725260128404,0.4017094017094017,4517,10764,4324.0,193.0,6440.0,False,0.4196395392047566,237,4.200000000000001
nmousta5,3,test,hliu36,237_N_2-4_WL_Bruise_A244A_2026-02-26_DSC_5858,0.656191627293704,0.48830744071954213,1.0,0.48830744071954213,2986,6115,2986.0,0.0,3129.0,False,0.48830744071954213,237,4.200000000000001
nmousta5,3,test,hliu36,237_N_2-4_WL_Bruise_A244A_2026-02-26_DSC_5859,0.591031204794379,0.4194778527427398,1.0,0.4194778527427398,2860,6818,2860.0,0.0,3958.0,False,0.4194778527427398,237,4.200000000000001
nmousta5,3,test,hliu36,237_N_2-4_WL_Bruise_A244A_2026-02-26_DSC_5860,0.7139978297938304,0.5552073288331726,0.9846088071825566,0.560068093385214,2339,4112,2303.0,36.0,1809.0,False,0.5688229571984436,237,4.200000000000001
nmousta5,3,test,hliu36,237_N_2-4_WL_Bruise_OC_A244A_2026-02-26_DSC_5862,0.708820093457944,0.5489708210812033,0.7854368932038835,0.6458222458754657,6180,7516,4854.0,1326.0,2662.0,False,0.8222458754656732,237,4.200000000000001
nmousta5,3,test,hliu36,237_N_2-4_WL_Bruise_OC_A244A_2026-02-26_DSC_5863,0.7707698170731707,0.627034568283987,0.9585308056872038,0.6445188017845762,4220,6276,4045.0,175.0,2231.0,False,0.6724028043339707,237,4.200000000000001
nmousta5,3,test,hliu36,237_S_2-4_WL_Bruise_A244A_2026-02-27_DSC_6307,0.5215975632171835,0.35281162303292957,1.0,0.35281162303292957,9932,28151,9932.0,0.0,18219.0,False,0.35281162303292957,237,4.200000000000001
nmousta5,3,test,hliu36,237_S_2-4_WL_Bruise_A244A_2026-02-27_DSC_6308,0.6210888044854405,0.45041972717733475,1.0,0.45041972717733475,10302,22872,10302.0,0.0,12570.0,False,0.45041972717733475,237,4.200000000000001
nmousta5,3,test,hliu36,237_S_2-4_WL_Bruise_A244A_2026-02-27_DSC_6309,0.6734069668649107,0.5076213654412707,0.9983625141705504,0.5080443561310173,7939,15601,7925.999999999999,13.00000000000091,7675.000000000001,False,0.5088776360489712,237,4.200000000000001
nmousta5,3,test,hliu36,237_S_2-4_WL_Bruise_OC_A244A_2026-02-27_DSC_6311,0.6556962025316456,0.487758945386064,0.9767441860465116,0.4934899968243887,9546,18894,9324.0,222.0,9570.0,False,0.5052397586535408,237,4.200000000000001
nmousta5,3,test,hliu36,237_S_2-4_WL_Bruise_OC_A244A_2026-02-27_DSC_6312,0.6145678819579983,0.4435929223486983,0.9949443882709808,0.44459505252456794,7912,17706,7872.0,40.0,9834.0,False,0.44685417372642044,237,4.200000000000001
nmousta5,3,test,hliu36,237_Z_2-5_WL_Bruise_A244A_2026-02-16_DSC_7025,0.567652329749104,0.39630903972474196,1.0,0.39630903972474196,12670,31970,12670.0,0.0,19300.0,False,0.39630903972474196,237,4.200000000000001
nmousta5,3,test,hliu36,237_Z_2-5_WL_Bruise_A244A_2026-02-16_DSC_7026,0.6815450643776824,0.5169270833333334,1.0,0.5169270833333334,10719,20736,10719.0,0.0,10017.0,False,0.5169270833333334,237,4.200000000000001
nmousta5,3,test,hliu36,237_Z_2-5_WL_Bruise_A244A_2026-02-16_DSC_7027,0.5947504172356244,0.42323472252213346,1.0,0.42323472252213346,11760,27786,11760.000000000002,-1.8189894035458565e-12,16025.999999999998,False,0.42323472252213346,237,4.200000000000001
nmousta5,3,test,hliu36,237_Z_2-5_WL_Bruise_OC_A244A_2026-02-16_DSC_7030,0.5982537035220249,0.42679171332586785,1.0,0.42679171332586785,12196,28576,12196.0,0.0,16380.0,False,0.42679171332586785,237,4.200000000000001
nmousta5,3,test,hliu36,247_A_2-4_WL_Bruise_A244A_2026-02-27_DSC_6202,0.8518684469934582,0.741960661879488,0.8984877126654064,0.8098483557675924,5290,5869,4753.0,537.0,1116.0,False,0.9013460555460896,247,4.200000000000001
nmousta5,3,test,hliu36,247_A_2-4_WL_Bruise_A244A_2026-02-27_DSC_6203,0.8332759609868043,0.7142014162077105,0.8583924349881796,0.80958751393534,4230,4485,3631.0,599.0,854.0,False,0.9431438127090301,247,4.200000000000001
nmousta5,3,test,hliu36,247_A_2-4_WL_Bruise_A244A_2026-02-27_DSC_6204,0.8916214382632293,0.8044376434583015,0.9905784812511776,0.8106399383191981,5307,6485,5257.0,50.0,1228.0,False,0.8183500385505011,247,4.200000000000001
nmousta5,3,test,hliu36,247_A_2-4_WL_Bruise_OC_A244A_2026-02-27_DSC_6206,0.8751576292559899,0.7780269058295964,0.9888052106655811,0.7849410243981257,4913,6189,4858.0,55.0,1331.0,False,0.7938277589271288,247,4.200000000000001
nmousta5,3,test,hliu36,247_A_2-4_WL_Bruise_OC_A244A_2026-02-27_DSC_6207,0.8610459500482959,0.7559970923188757,0.8973252804141502,0.8275862068965517,3477,3770,3120.0,357.0,650.0,False,0.9222811671087533,247,4.200000000000001
nmousta5,3,test,hliu36,250_A_2-4_WL_Bruise_A244A_2026-02-27_DSC_6537,0.8906843267108168,0.8029133168829101,0.9973797399515499,0.8046105372312846,20227,25073,20174.0,53.0,4899.0,False,0.8067243648546245,250,4.200000000000001
nmousta5,3,test,hliu36,250_A_2-4_WL_Bruise_A244A_2026-02-27_DSC_6538,0.9318887794529889,0.8724641793162151,0.9486348912540491,0.9157236450268017,19449,20148,18450.0,999.0,1698.0,False,0.9653067301965456,250,4.200000000000001
nmousta5,3,test,hliu36,250_A_2-4_WL_Bruise_OC_A244A_2026-02-27_DSC_6541,0.870717428205217,0.7710359213472806,0.9986888111888111,0.7718172326966776,25168,32566,25135.0,33.0,7431.0,False,0.7728305594792114,250,4.200000000000001
nmousta5,3,test,hliu36,250_A_2-4_WL_Bruise_OC_A244A_2026-02-27_DSC_6542,0.886435331230284,0.7960339943342776,0.9931333939210341,0.8004394888906975,19806,24574,19670.0,136.0,4904.0,False,0.8059737934402214,250,4.200000000000001
nmousta5,3,test,hliu36,250_A_2-4_WL_Bruise_OC_A244A_2026-02-27_DSC_6543,0.9114620771805878,0.8373268933247802,0.9892118402282454,0.8450436040976427,22432,26259,22190.0,242.0,4069.0,False,0.8542594919837009,250,4.200000000000001
nmousta5,3,test,hliu36,254_A_2-5_WL_Bruise_A244A_2026-02-16_DSC_6925,0.8535564853556485,0.7445255474452555,0.8973607038123167,0.8138297872340425,1023,1128,918.0,105.0,210.0,False,0.9069148936170213,254,4.200000000000001
nmousta5,3,test,hliu36,254_A_2-5_WL_Bruise_A244A_2026-02-16_DSC_6926,0.9055555555555556,0.8274111675126904,0.8526591107236269,0.9654491609081934,1147,1013,978.0,169.0,35.0,False,1.1322803553800593,254,4.200000000000001
nmousta5,3,test,hliu36,254_A_2-5_WL_Bruise_A244A_2026-02-16_DSC_6927,0.5757281553398058,0.4042263122017723,0.42387419585418157,0.897125567322239,1399,661,593.0,806.0,68.0,False,2.1164901664145233,254,4.200000000000001
nmousta5,3,test,hliu36,254_A_2-5_WL_Bruise_OC_A244A_2026-02-16_DSC_6930,0.754394776494224,0.6056451612903225,0.8270925110132159,0.6934441366574331,908,1083,751.0,157.0,332.0,False,0.8384118190212373,254,4.200000000000001
nmousta5,3,test,hliu36,254_A_2-5_WL_Bruise_OC_A244A_2026-02-16_DSC_6931,0.22347206599175104,0.12579147319544112,0.19017230376515634,0.27090909090909093,1567,1100,298.0,1269.0,802.0,False,1.4245454545454546,254,4.200000000000001
nmousta5,3,test,hliu36,254_B_2-5_WL_Bruise_A244A_2026-02-16_DSC_6954,0.07531358608401108,0.03913031522406665,0.7261439020241538,0.03971643082419269,5879,107487,4269.0,1610.0,103218.0,False,0.0546949863704448,254,4.200000000000001
nmousta5,3,test,hliu36,254_B_2-5_WL_Bruise_A244A_2026-02-16_DSC_6955,0.06738357348294867,0.03486650147354222,0.9116350392946138,0.03498473647430946,5217,135945,4756.0,461.0,131189.0,False,0.038375813748207,254,4.200000000000001
nmousta5,3,test,hliu36,254_B_2-5_WL_Bruise_A244A_2026-02-16_DSC_6956,0.10766995861664856,0.05689808662443392,0.9715796430931923,0.05699294373077619,4539,77378,4410.0,129.0,72968.0,False,0.058660084261676446,254,4.200000000000001
nmousta5,3,test,hliu36,254_B_2-5_WL_Bruise_OC_A244A_2026-02-16_DSC_6960,0.07984044061069939,0.041580107351126765,1.0,0.041580107351126765,3943,94829,3943.0,0.0,90886.0,False,0.041580107351126765,254,4.200000000000001
nmousta5,3,test,hliu36,254_B_2-5_WL_Bruise_OC_A244A_2026-02-16_DSC_6961,0.06764348832613422,0.03500569792244981,0.9021084337349398,0.035139178130408004,2656,68186,2396.0,260.0,65790.0,False,0.03895227759364092,254,4.200000000000001
nmousta5,3,test,hliu36,260_A_2-5_WL_Bruise_A244A_2026-02-17_DSC_7634,0.6330515884581754,0.4631130063965885,0.8062360801781737,0.5211132437619962,1347,2084,1086.0,261.0,998.0,False,0.6463531669865643,260,4.200000000000001
nmousta5,3,test,hliu36,260_A_2-5_WL_Bruise_A244A_2026-02-17_DSC_7635,0.5218279295379117,0.3530224525043178,0.9845857418111753,0.3549843695727683,1038,2879,1022.0,16.0,1857.0,False,0.36054185481069817,260,4.200000000000001
nmousta5,3,test,hliu36,260_A_2-5_WL_Bruise_A244A_2026-02-17_DSC_7636,0.4809707666850524,0.3166303558460421,0.499141385231826,0.4640766365087813,1747,1879,872.0,875.0,1007.0,False,0.9297498669505055,260,4.200000000000001
nmousta5,3,test,hliu36,260_A_2-5_WL_Bruise_OC_A244A_2026-02-17_DSC_7638,0.181296340588376,0.09968437664387164,0.2255952380952381,0.15153938424630148,1680,2501,379.0,1301.0,2122.0,False,0.6717313074770092,260,4.200000000000001
nmousta5,3,test,hliu36,260_A_2-5_WL_Bruise_OC_A244A_2026-02-17_DSC_7639,0.6236345580933466,0.4531024531024531,0.7177142857142857,0.5513608428446005,1750,2278,1256.0,494.0,1022.0,False,0.7682177348551361,260,4.200000000000001
nmousta5,3,test,hliu36,285_F_2-6_WL_Bruise_A244A_2026-04-06_DSC_2339,0.2732128650983066,0.15822035013821245,0.7856209150326797,0.16535974687027102,1530,7269,1202.0,328.0,6067.0,False,0.21048287247214198,285,4.200000000000001
nmousta5,3,test,hliu36,285_F_2-6_WL_Bruise_A244A_2026-04-06_DSC_2340,0.34281179738129874,0.2068635275339186,0.5770258236865539,0.2438381937911571,2246,5315,1296.0,950.0,4019.0,False,0.42257761053621823,285,4.200000000000001
nmousta5,3,test,hliu36,285_F_2-6_WL_Bruise_OC_A244A_2026-04-06_DSC_2343,0.8093556928508385,0.6797627872498146,0.7559769167353668,0.8708452041785375,1213,1053,917.0,296.0,136.0,False,1.1519468186134854,285,4.200000000000001
nmousta5,3,test,hliu36,285_F_2-6_WL_Bruise_OC_A244A_2026-04-06_DSC_2344,0.5888365567692153,0.41727027410879136,0.8565597667638484,0.44861810963505877,3430,6549,2938.0,492.0,3611.0,False,0.523744083066117,285,4.200000000000001
nmousta5,3,test,hliu36,285_G_2-6_WL_Bruise_A244A_2026-05-29_DSC_3860,0.8732884155618343,0.7750771604938271,0.9575786463298379,0.8026368357970436,4196,5006,4018.0,178.0,988.0,False,0.8381941669996005,285,4.200000000000001
nmousta5,3,test,hliu36,285_G_2-6_WL_Bruise_A244A_2026-05-29_DSC_3861,0.799398774424789,0.6658320493066255,0.8923593185338152,0.7239790575916231,3874,4775,3457.0,417.0,1318.0,False,0.8113089005235602,285,4.200000000000001
nmousta5,3,test,hliu36,285_G_2-6_WL_Bruise_A244A_2026-05-29_DSC_3862,0.9016248897846076,0.8208715596330275,0.998047964305633,0.8221915920055134,3586,4353,3579.0,7.0,774.0,False,0.8237996783827246,285,4.200000000000001
nmousta5,3,test,hliu36,285_G_2-6_WL_Bruise_OC_A244A_2026-05-29_DSC_3864,0.7727986050566695,0.6297243535095197,0.9977487618190004,0.6306203756402959,4442,7028,4432.0,10.0,2596.0,False,0.6320432555492317,285,4.200000000000001
nmousta5,3,test,hliu36,285_G_2-6_WL_Bruise_OC_A244A_2026-05-29_DSC_3865,0.8102517162471395,0.681027850438529,0.9667977282656182,0.6973373247203403,4578,6347,4426.0,152.0,1921.0,False,0.7212856467622499,285,4.200000000000001
nmousta5,3,test,mzehra2,170_F_2-4_WL_Bruise_A244A_2026-03-05_DSC_1856,0.6650148662041625,0.4981440237564959,0.7648176291793313,0.5882524839275277,2632,3422,2013.0,619.0,1409.0,False,0.7691408533021625,170,4.200000000000001
nmousta5,3,test,mzehra2,170_F_2-4_WL_Bruise_OC_A244A_2026-03-05_DSC_1860,0.40827695980899326,0.2565,0.34669970714124804,0.4964516129032258,4439,3100,1539.0,2900.0,1561.0,False,1.4319354838709677,170,4.200000000000001
nmousta5,3,test,mzehra2,182_Q_2-6_WL_Bruise_A244A_2026-04-06_DSC_2484,0.2430046014177341,0.13830690826727066,0.8623124448367167,0.1414302258251303,2266,13816,1954.0,312.0,11862.0,False,0.16401273885350318,182,4.200000000000001
nmousta5,3,test,mzehra2,182_Q_2-6_WL_Bruise_A244A_2026-04-06_DSC_2485,0.35602094240837695,0.21656050955414013,0.40352220520673815,0.31852523420973106,2612,3309,1054.0,1558.0,2255.0,False,0.7893623451193714,182,4.200000000000001
nmousta5,3,test,mzehra2,182_Q_2-6_WL_Bruise_A244A_2026-04-06_DSC_2486,0.396429899590926,0.24721706864564008,0.5540540540540541,0.30862767805442964,1924,3454,1066.0,858.0,2388.0,False,0.5570353213665316,182,4.200000000000001
nmousta5,3,test,mzehra2,182_Q_2-6_WL_Bruise_OC_A244A_2026-04-06_DSC_2488,0.5471997881636436,0.376651781645858,0.8075420085971082,0.41379655586704045,5118,9988,4133.0,985.0,5855.0,False,0.512414897877453,182,4.200000000000001
nmousta5,3,test,mzehra2,20_D_2-6_WL_Bruise_A244A_2026-04-04_DSC_0400,0.8926446983287697,0.8061050477489768,0.9675570565960495,0.8284988169310314,9771,11411,9454.0,317.0,1957.0,False,0.8562790290070984,20,4.200000000000001
nmousta5,3,test,mzehra2,20_D_2-6_WL_Bruise_OC_A244A_2026-04-04_DSC_0403,0.8677502397657867,0.7663947215906558,0.9977365060940221,0.7677295462665238,17230,22392,17191.0,39.0,5201.0,False,0.7694712397284744,20,4.200000000000001
nmousta5,3,test,mzehra2,20_D_2-6_WL_Bruise_OC_A244A_2026-04-04_DSC_0404,0.8160589186276271,0.6892732514034289,0.993711379668617,0.692293039734847,18287,26249,18172.0,115.0,8077.0,False,0.6966741590155815,20,4.200000000000001
nmousta5,3,test,mzehra2,226_A_2-4_WL_Bruise_A244A_2026-03-06_DSC_3569,0.7403706017072663,0.5877685950413223,0.6964355660007834,0.7902222222222223,2553,2250,1778.0,775.0,472.0,False,1.1346666666666667,226,4.200000000000001
nmousta5,3,test,mzehra2,226_A_2-4_WL_Bruise_A244A_2026-03-06_DSC_3570,0.7832064817088141,0.6436642453591606,0.6971153846153846,0.8935574229691877,2288,1785,1595.0,693.0,190.0,False,1.2817927170868348,226,4.200000000000001
nmousta5,3,test,mzehra2,226_A_2-4_WL_Bruise_A244A_2026-03-06_DSC_3571,0.5671334960812027,0.39580344332855094,0.6627627627627628,0.49562092971030763,3330,4453,2207.0,1123.0,2246.0,False,0.7478104648551538,226,4.200000000000001
nmousta5,3,test,mzehra2,226_A_2-4_WL_Bruise_OC_A244A_2026-03-06_DSC_3573,0.797886393659181,0.6637362637362637,0.6974595842956121,0.9320987654320988,2598,1944,1812.0,786.0,132.0,False,1.3364197530864197,226,4.200000000000001
nmousta5,3,test,mzehra2,226_A_2-4_WL_Bruise_OC_A244A_2026-03-06_DSC_3574,0.7468733485996125,0.5960078718020804,0.9985869053226566,0.5965109735509285,2123,3554,2120.0,3.0,1434.0,False,0.5973550928531233,226,4.200000000000001
nmousta5,3,test,mzehra2,226_C_2-4_WL_Bruise_A244A_2026-03-06_DSC_3610,0.8624235686492496,0.7581236257024188,0.9825839138695377,0.7684497275879149,3158,4038,3103.0,55.0,935.0,False,0.7820703318474492,226,4.200000000000001
nmousta5,3,test,mzehra2,226_C_2-4_WL_Bruise_A244A_2026-03-06_DSC_3611,0.8505545826036194,0.7399695276790249,0.9566644780039396,0.765633210719916,3046,3806,2914.0,132.0,892.0,False,0.8003152916447714,226,4.200000000000001
nmousta5,3,test,mzehra2,226_C_2-4_WL_Bruise_A244A_2026-03-06_DSC_3612,0.8695652173913043,0.7692307692307693,0.8796123742079761,0.8597449908925319,2683,2745,2360.0,323.0,385.0,False,0.9774134790528233,226,4.200000000000001
nmousta5,3,test,mzehra2,226_C_2-4_WL_Bruise_OC_A244A_2026-03-06_DSC_3614,0.8752566735112937,0.778183477863989,0.9154362416107382,0.8384558642734202,3725,4067,3410.0,315.0,657.0,False,0.9159085320875338,226,4.200000000000001
nmousta5,3,test,mzehra2,226_C_2-4_WL_Bruise_OC_A244A_2026-03-06_DSC_3615,0.8677372262773723,0.7663744198040227,0.9757058437294813,0.7812828601472135,3046,3804,2972.0,74.0,832.0,False,0.8007360672975815,226,4.200000000000001
nmousta5,3,test,mzehra2,228_B_2-4_WL_Bruise_A244A_2026-03-06_DSC_3718,0.8655052264808363,0.7628992628992629,1.0,0.7628992628992629,2484,3256,2484.0,0.0,772.0,False,0.7628992628992629,228,4.200000000000001
nmousta5,3,test,mzehra2,228_B_2-4_WL_Bruise_A244A_2026-03-06_DSC_3719,0.8312869486130059,0.711284046692607,0.7430894308943089,0.9432404540763674,2460,1938,1828.0,632.0,110.0,False,1.2693498452012384,228,4.200000000000001
nmousta5,3,test,mzehra2,228_B_2-4_WL_Bruise_A244A_2026-03-06_DSC_3720,0.7535853976531942,0.604602510460251,0.9139784946236559,0.6410825199645075,1581,2254,1445.0,136.0,809.0,False,0.7014196983141082,228,4.200000000000001
nmousta5,3,test,mzehra2,228_B_2-4_WL_Bruise_A244A_2026-03-06_DSC_3721,0.7480801648248736,0.5975463794135248,0.6643379906852961,0.8559794256322332,3006,2333,1997.0,1009.0,336.0,False,1.2884697813973425,228,4.200000000000001
nmousta5,3,test,mzehra2,228_B_2-4_WL_Bruise_OC_A244A_2026-03-06_DSC_3723,0.8143295803480041,0.6868093922651933,0.7562737642585551,0.882039911308204,2630,2255,1989.0,641.0,266.0,False,1.1662971175166297,228,4.200000000000001
nmousta5,3,test,mzehra2,228_B_2-4_WL_Bruise_OC_A244A_2026-03-06_DSC_3724,0.7328219878555449,0.5783102143757881,0.9443986820428336,0.5986945169712794,2428,3830,2293.0,135.0,1537.0,False,0.6339425587467363,228,4.200000000000001
nmousta5,3,test,mzehra2,232_A_2-4_WL_Bruise_A244A_2026-03-06_DSC_3868,0.31601399198020647,0.18765832404498936,0.22052869730888305,0.5573277159193499,8398,3323,1852.0,6546.0,1471.0,False,2.5272344267228406,232,4.200000000000001
nmousta5,3,test,mzehra2,232_A_2-4_WL_Bruise_A244A_2026-03-06_DSC_3869,0.6264455596770674,0.4560762509928515,0.4654669260700389,0.957638425617078,6168,2998,2871.0,3297.0,127.0,False,2.057371581054036,232,4.200000000000001
nmousta5,3,test,mzehra2,232_A_2-4_WL_Bruise_A244A_2026-03-06_DSC_3870,0.0,0.0,0.0,0.0,4212,4524,0.0,4212.0,4524.0,True,0.9310344827586207,232,4.200000000000001
nmousta5,3,test,mzehra2,232_A_2-4_WL_Bruise_OC_A244A_2026-03-06_DSC_3876,0.7294949197467236,0.5741770978210478,0.6504726890756303,0.8303721086154877,7616,5966,4954.0,2662.0,1012.0,False,1.2765672142138786,232,4.200000000000001
nmousta5,3,test,mzehra2,232_A_2-4_WL_Bruise_OC_A244A_2026-03-06_DSC_3877,0.6724044456492274,0.506482899438489,0.5094475251591702,0.9886408927859706,9738,5018,4961.0,4777.0,57.0,False,1.940613790354723,232,4.200000000000001
nmousta5,3,test,mzehra2,233_B_2-4_WL_Bruise_A244A_2026-03-06_DSC_4197,0.5900736327356528,0.4185137936533248,0.9820392890551918,0.42174192511650327,5345,12446,5249.0,96.0,7197.0,False,0.42945524666559537,233,4.200000000000001
nmousta5,3,test,mzehra2,233_B_2-4_WL_Bruise_A244A_2026-03-06_DSC_4199,0.6988479382786843,0.537099358974359,0.8628990731204943,0.587209811651336,7768,11415,6703.000000000001,1064.999999999999,4711.999999999999,False,0.6805081033727551,233,4.200000000000001
nmousta5,3,test,mzehra2,233_B_2-4_WL_Bruise_OC_A244A_2026-03-06_DSC_4201,0.5226480836236934,0.35377358490566035,0.9905660377358491,0.35496957403651114,5300,14790,5250.0,50.0,9540.0,False,0.3583502366463827,233,4.200000000000001
nmousta5,3,test,mzehra2,235_A_2-4_WL_Bruise_A244A_2026-03-08_DSC_4349,0.7047560459840825,0.544110662550463,0.9992912827781715,0.5443207126948775,18343,33675,18330.0,13.0,15345.0,False,0.5447067557535263,235,4.200000000000001
nmousta5,3,test,mzehra2,235_A_2-4_WL_Bruise_A244A_2026-03-08_DSC_4350,0.7114636642784032,0.5521487012471205,0.9969402878041784,0.5530859613293372,20917,37703,20853.0,64.0,16850.0,False,0.5547834389836352,235,4.200000000000001
nmousta5,3,test,mzehra2,235_A_2-4_WL_Bruise_A244A_2026-03-08_DSC_4351,0.7615806805708013,0.6149618861903918,0.994980639609924,0.6168756112741175,13946,22494,13876.0,70.0,8618.0,False,0.6199875522361519,235,4.200000000000001
nmousta5,3,test,mzehra2,235_A_2-4_WL_Bruise_OC_A244A_2026-03-08_DSC_4353,0.7608853998057624,0.6140557133993011,1.0,0.6140557133993011,18803,30621,18803.0,0.0,11818.0,False,0.6140557133993011,235,4.200000000000001
nmousta5,3,test,mzehra2,235_A_2-4_WL_Bruise_OC_A244A_2026-03-08_DSC_4354,0.6776648376360529,0.5124758509972518,0.9820627802690582,0.5173180981679347,19178,36407,18834.0,344.0,17573.0,False,0.5267668305545636,235,4.200000000000001
nmousta5,3,test,mzehra2,236_C_2-4_WL_Bruise_A244A_2026-03-08_DSC_4462,0.1933997509339975,0.10705176811194596,0.6209516193522591,0.11453647024116823,2501,13559,1553.0,948.0,12006.0,False,0.1844531307618556,236,4.200000000000001
nmousta5,3,test,mzehra2,236_C_2-4_WL_Bruise_A244A_2026-03-08_DSC_4463,0.10604314177506999,0.055990262563032515,0.32823649337410804,0.06323644933228594,2943,15276,966.0,1977.0,14310.0,False,0.19265514532600156,236,4.200000000000001
nmousta5,3,test,mzehra2,236_C_2-4_WL_Bruise_A244A_2026-03-08_DSC_4464,0.0,0.0,0.0,0.0,2021,11326,0.0,2021.0,11326.0,True,0.17843898993466362,236,4.200000000000001
nmousta5,3,test,mzehra2,236_C_2-4_WL_Bruise_OC_A244A_2026-03-08_DSC_4467,0.0,0.0,0.0,0.0,1212,10556,0.0,1212.0,10556.0,True,0.11481621826449413,236,4.200000000000001
nmousta5,3,test,mzehra2,236_C_2-4_WL_Bruise_OC_A244A_2026-03-08_DSC_4468,0.0035276196584622787,0.0017669263512970846,0.01800327332242226,0.0019553817438449916,1222,11251,22.0,1200.0,11229.0,False,0.10861256777175363,236,4.200000000000001
nmousta5,3,test,mzehra2,236_E_2-4_WL_Bruise_OC_A244A_2026-02-26_DSC_5722,0.5113434163701067,0.3434932018526819,0.3746130030959752,0.8052539404553415,6137,2855,2299.0,3838.0,556.0,False,2.1495621716287214,236,4.200000000000001
nmousta5,3,test,mzehra2,237_AC_2-5_WL_Bruise_A244A_2026-02-16_DSC_7084,0.5209482549847967,0.3522177345995706,0.9661642878530792,0.3566165635131152,10019,27144,9680.0,339.0,17464.0,False,0.3691055113468907,237,4.200000000000001
nmousta5,3,test,mzehra2,237_AC_2-5_WL_Bruise_A244A_2026-02-16_DSC_7085,0.600906406646982,0.42949693251533744,0.9584884994523549,0.4376375275055011,9130,19996,8751.0,379.0,11245.0,False,0.45659131826365273,237,4.200000000000001
nmousta5,3,test,mzehra2,237_AC_2-5_WL_Bruise_A244A_2026-02-16_DSC_7086,0.6605474844487671,0.493147369376456,0.9908212266731505,0.49541061333657527,16451,32902,16300.000000000002,150.99999999999818,16602.0,False,0.5,237,4.200000000000001
nmousta5,3,test,mzehra2,237_AC_2-5_WL_Bruise_OC_A244A_2026-02-16_DSC_7088,0.7191571943443305,0.5614718614718615,1.0,0.5614718614718615,16861,30030,16861.0,0.0,13169.0,False,0.5614718614718615,237,4.200000000000001
nmousta5,3,test,mzehra2,237_AC_2-5_WL_Bruise_OC_A244A_2026-02-16_DSC_7089,0.617823081972277,0.4469927647568232,1.0,0.4469927647568232,16001,35797,16001.000000000002,-1.8189894035458565e-12,19796.0,False,0.4469927647568232,237,4.200000000000001
nmousta5,3,test,mzehra2,237_AD_2-5_WL_Bruise_A244A_2026-02-16_DSC_7116,0.486509001712408,0.3214482294660877,0.9907634307257305,0.32241442767758555,5305,16302,5256.0,49.0,11046.0,False,0.3254201938412465,237,4.200000000000001
nmousta5,3,test,mzehra2,237_AD_2-5_WL_Bruise_A244A_2026-02-16_DSC_7117,0.6007678207034898,0.4293553490211588,0.9964433226250574,0.43001435856810416,8716,20197,8685.0,31.0,11512.0,False,0.43154923998613653,237,4.200000000000001
nmousta5,3,test,mzehra2,237_AD_2-5_WL_Bruise_A244A_2026-02-16_DSC_7118,0.5892079589924489,0.4176433817784029,0.9074702886247877,0.43621970129764137,5890,12253,5345.000000000001,544.9999999999991,6907.999999999999,False,0.4806986044234065,237,4.200000000000001
nmousta5,3,test,mzehra2,237_AD_2-5_WL_Bruise_OC_A244A_2026-02-16_DSC_7120,0.5497129166838779,0.3790373113073199,1.0,0.3790373113073199,6654,17555,6654.0,0.0,10901.0,False,0.3790373113073199,237,4.200000000000001
nmousta5,3,test,mzehra2,237_AD_2-5_WL_Bruise_OC_A244A_2026-02-16_DSC_7121,0.40288587669435943,0.25225866506050487,1.0,0.25225866506050487,4607,18263,4607.0,0.0,13656.0,False,0.25225866506050487,237,4.200000000000001
nmousta5,3,test,mzehra2,237_AE_2-5_WL_Bruise_A244A_2026-02-16_DSC_7217,0.7306601097030452,0.5756221129488899,0.8318260120585702,0.651433389544688,4644,5930,3863.0,781.0,2067.0,False,0.7831365935919056,237,4.200000000000001
nmousta5,3,test,mzehra2,237_AE_2-5_WL_Bruise_A244A_2026-02-16_DSC_7218,0.8911772891733927,0.803714859437751,0.9456585942114589,0.8426315789473684,3386,3800,3202.0,184.0,598.0,False,0.8910526315789473,237,4.200000000000001
nmousta5,3,test,mzehra2,237_AE_2-5_WL_Bruise_A244A_2026-02-16_DSC_7219,0.8712630998345284,0.7718921032056294,0.9724205860625462,0.7891686650679457,4061,5004,3949.0,112.0,1055.0,False,0.811550759392486,237,4.200000000000001
nmousta5,3,test,mzehra2,237_AE_2-5_WL_Bruise_OC_A244A_2026-02-16_DSC_7221,0.6896386120782807,0.5262964999083746,0.9140674729471674,0.5536919221129748,3142,5187,2872.0,270.0,2315.0,False,0.6057451320609215,237,4.200000000000001
nmousta5,3,test,mzehra2,237_AE_2-5_WL_Bruise_OC_A244A_2026-02-16_DSC_7222,0.3203223369428356,0.1907046476761619,0.2321167883211679,0.5166531275385865,8220,3693,1908.0,6312.0,1785.0,False,2.2258326563769293,237,4.200000000000001
nmousta5,3,test,mzehra2,237_B_2-4_WL_Bruise_A244A_2026-03-08_DSC_4584,0.6778673347129942,0.5127075009268032,0.9740198763596526,0.519816245562748,12779,23945,12447.0,332.0,11498.0,False,0.5336813531008562,237,4.200000000000001
nmousta5,3,test,mzehra2,237_B_2-4_WL_Bruise_A244A_2026-03-08_DSC_4587,0.6814718855063077,0.5168428932347712,0.9706528424567261,0.5250475285171102,11381,21040,11047.0,334.0,9993.0,False,0.5409220532319392,237,4.200000000000001
nmousta5,3,test,mzehra2,237_B_2-4_WL_Bruise_A244A_2026-03-08_DSC_4588,0.7081308713961775,0.5481444332998997,0.9135740554998328,0.5781233470855813,11964,18906,10930.0,1034.0,7976.0,False,0.632814979371628,237,4.200000000000001
nmousta5,3,test,mzehra2,237_B_2-4_WL_Bruise_OC_A244A_2026-03-08_DSC_4591,0.584723357208095,0.4131512804836628,0.9971309123698664,0.41364301016764715,12199,29407,12164.0,35.0,17243.0,False,0.4148332029788826,237,4.200000000000001
nmousta5,3,test,mzehra2,237_B_2-4_WL_Bruise_OC_A244A_2026-03-08_DSC_4592,0.7382210727538513,0.5850637198110685,0.9946216195742746,0.586920566805239,13201,22371,13130.0,71.0,9241.0,False,0.5900943185373921,237,4.200000000000001
nmousta5,3,test,mzehra2,237_C_2-4_WL_Bruise_A244A_2026-03-08_DSC_4608,0.5764939485627837,0.40498173364330786,0.936127744510978,0.4164901974178564,6513,14639,6097.0,416.0,8542.0,False,0.44490743903272084,237,4.200000000000001
nmousta5,3,test,mzehra2,237_C_2-4_WL_Bruise_A244A_2026-03-08_DSC_4609,0.5878372362211736,0.4162673392181589,0.8753646247679661,0.44249329758713135,3771,7460,3301.0,470.0,4159.0,False,0.5054959785522788,237,4.200000000000001
nmousta5,3,test,mzehra2,237_C_2-4_WL_Bruise_A244A_2026-03-08_DSC_4610,0.5791334208665792,0.4075916974694342,0.9083324532685606,0.4250766037362855,9469,20234,8601.0,868.0,11633.0,False,0.4679746960561431,237,4.200000000000001
nmousta5,3,test,mzehra2,237_C_2-4_WL_Bruise_OC_A244A_2026-03-08_DSC_4613,0.37487942326242574,0.23067791315213995,0.8742600047359697,0.2385937701951661,4223,15474,3692.0,531.0,11782.0,False,0.27290939640687606,237,4.200000000000001
nmousta5,3,test,mzehra2,237_C_2-4_WL_Bruise_OC_A244A_2026-03-08_DSC_4615,0.45469470721601124,0.2942426388748356,0.7555209145232528,0.32520688883918586,3849,8942,2908.0,941.0,6034.0,False,0.4304406173115634,237,4.200000000000001
nmousta5,3,test,mzehra2,237_E_2-4_WL_Bruise_A244A_2026-03-08_DSC_4651,0.8157305765746563,0.6888048956083513,0.9490390576565406,0.7152602560508363,8065,10701,7654.0,411.0,3047.0,False,0.7536678815064013,237,4.200000000000001
nmousta5,3,test,mzehra2,237_E_2-4_WL_Bruise_A244A_2026-03-08_DSC_4652,0.7190137716570413,0.5612970348534767,0.943731778425656,0.5807319698600646,6860,11148,6474.0,386.0,4674.0,False,0.615357014711159,237,4.200000000000001
nmousta5,3,test,mzehra2,237_E_2-4_WL_Bruise_A244A_2026-03-08_DSC_4653,0.7121508379888268,0.5529769005530853,0.9468895078922934,0.5706771124790151,5385,8935,5099.0,286.0,3836.0,False,0.6026860660324567,237,4.200000000000001
nmousta5,3,test,mzehra2,237_E_2-4_WL_Bruise_OC_A244A_2026-03-08_DSC_4656,0.8616225546605294,0.7568865301996462,0.9628677061565665,0.7796433684758558,6221,7683,5990.0,231.0,1693.0,False,0.8097097487960432,237,4.200000000000001
nmousta5,3,test,mzehra2,237_E_2-4_WL_Bruise_OC_A244A_2026-03-08_DSC_4657,0.8183734283014754,0.692582113421085,0.9927702345265386,0.6960929772502473,5671,8088,5630.0,41.0,2458.0,False,0.701162215628091,237,4.200000000000001
nmousta5,3,test,mzehra2,237_J_2-4_WL_Bruise_A244A_2026-02-26_DSC_5578,0.7239338555265448,0.5673168735506752,0.9201327433628319,0.5967001434720229,9040,13940,8318.0,722.0,5622.0,False,0.648493543758967,237,4.200000000000001
nmousta5,3,test,mzehra2,237_J_2-4_WL_Bruise_A244A_2026-02-26_DSC_5579,0.5972582437939977,0.4257791864764923,0.6837130392632089,0.5302133258152429,8252,10641,5641.999999999999,2610.000000000001,4999.000000000001,False,0.775491025279579,237,4.200000000000001
nmousta5,3,test,mzehra2,237_J_2-4_WL_Bruise_A244A_2026-02-26_DSC_5580,0.8004491968165617,0.6672907847606643,0.8961408111949273,0.7232221634021528,9147,11334,8197.0,950.0,3137.0,False,0.8070407623080995,237,4.200000000000001
nmousta5,3,test,mzehra2,237_J_2-4_WL_Bruise_OC_A244A_2026-02-26_DSC_5582,0.6428057553956834,0.4736284124039226,0.994988864142539,0.47476089266737515,5388,11292,5361.0,27.0,5931.0,False,0.4771519659936238,237,4.200000000000001
nmousta5,3,test,mzehra2,237_J_2-4_WL_Bruise_OC_A244A_2026-02-26_DSC_5583,0.6237498239188618,0.4532241555783009,0.9802966570732787,0.4573907654167958,4517,9681,4428.0,89.0,5253.0,False,0.4665840305753538,237,4.200000000000001
nmousta5,3,test,mzehra2,237_N_2-4_WL_Bruise_A244A_2026-02-26_DSC_5858,0.36471062172686985,0.2230251272786993,0.9095780308104487,0.22808196170641584,2986,11908,2716.0,270.0,9192.0,False,0.2507557944239167,237,4.200000000000001
nmousta5,3,test,mzehra2,237_N_2-4_WL_Bruise_A244A_2026-02-26_DSC_5859,0.7519390035493624,0.6024857804929429,1.0,0.6024857804929429,2860,4747,2860.0,0.0,1887.0,False,0.6024857804929429,237,4.200000000000001
nmousta5,3,test,mzehra2,237_N_2-4_WL_Bruise_A244A_2026-02-26_DSC_5860,0.8260789035006483,0.7036920164089618,0.9533988884138521,0.7287581699346405,2339,3060,2230.0,109.0,830.0,False,0.7643790849673202,237,4.200000000000001
nmousta5,3,test,mzehra2,237_N_2-4_WL_Bruise_OC_A244A_2026-02-26_DSC_5862,0.7324753974261923,0.5778786430960344,0.7828478964401294,0.6881934566145093,6180,7030,4838.0,1342.0,2192.0,False,0.8790896159317212,237,4.200000000000001
nmousta5,3,test,mzehra2,237_N_2-4_WL_Bruise_OC_A244A_2026-02-26_DSC_5863,0.8290060319958038,0.7079507278835386,0.7490521327014218,0.9280681150910158,4220,3406,3161.0,1059.0,245.0,False,1.2389900176159718,237,4.200000000000001
nmousta5,3,test,mzehra2,237_S_2-4_WL_Bruise_A244A_2026-02-27_DSC_6307,0.6151546949028586,0.44420462894930196,0.9739226741844543,0.44955151740484267,9932,21517,9673.0,259.0,11844.0,False,0.4615885114095831,237,4.200000000000001
nmousta5,3,test,mzehra2,237_S_2-4_WL_Bruise_A244A_2026-02-27_DSC_6308,0.6845037531276064,0.5203388111178738,0.9958260531935547,0.5214761348040462,10302,19673,10259.0,43.0,9414.0,False,0.523661871600671,237,4.200000000000001
nmousta5,3,test,mzehra2,237_S_2-4_WL_Bruise_A244A_2026-02-27_DSC_6309,0.6489799276077657,0.48036290568105705,0.9937019775790402,0.48182984181274047,7939,16373,7889.0,50.0,8484.0,False,0.48488364991143956,237,4.200000000000001
nmousta5,3,test,mzehra2,237_S_2-4_WL_Bruise_OC_A244A_2026-02-27_DSC_6311,0.6482749035822244,0.4795907875796833,0.9772679656400587,0.4850012997140629,9546,19235,9329.0,217.0,9906.0,False,0.49628281778008837,237,4.200000000000001
nmousta5,3,test,mzehra2,237_S_2-4_WL_Bruise_OC_A244A_2026-02-27_DSC_6312,0.6825296869377474,0.5180607715944008,0.958923154701719,0.52981843575419,7912,14320,7587.0,325.0,6733.0,False,0.5525139664804469,237,4.200000000000001
nmousta5,3,test,mzehra2,237_Z_2-5_WL_Bruise_A244A_2026-02-16_DSC_7025,0.7551380274838867,0.6066038196649245,0.9801894238358326,0.6141331223420038,12670,20222,12419.0,251.0,7803.0,False,0.626545346652161,237,4.200000000000001
nmousta5,3,test,mzehra2,237_Z_2-5_WL_Bruise_A244A_2026-02-16_DSC_7026,0.7758770658161787,0.6338228327806726,0.9986006157290792,0.6343862976352753,10719,16873,10704.0,15.0,6169.0,False,0.6352752918864458,237,4.200000000000001
nmousta5,3,test,mzehra2,237_Z_2-5_WL_Bruise_A244A_2026-02-16_DSC_7027,0.7053220768778798,0.5447857449959395,0.9697278911564626,0.5542110122952811,11760,20577,11404.0,356.0,9173.0,False,0.5715118821985712,237,4.200000000000001
nmousta5,3,test,mzehra2,237_Z_2-5_WL_Bruise_OC_A244A_2026-02-16_DSC_7030,0.7735026041666667,0.6306598014756621,0.974171859626107,0.6413841502915137,12196,18524,11881.0,315.0,6643.0,False,0.6583891168214209,237,4.200000000000001
nmousta5,3,test,mzehra2,247_A_2-4_WL_Bruise_A244A_2026-02-27_DSC_6202,0.8461855670103092,0.7333809864188706,0.7758034026465028,0.9306122448979591,5290,4410,4104.0,1186.0,306.0,False,1.199546485260771,247,4.200000000000001
nmousta5,3,test,mzehra2,247_A_2-4_WL_Bruise_A244A_2026-02-27_DSC_6203,0.8629230014713095,0.7588958378261808,0.8319148936170213,0.8963321446765156,4230,3926,3519.0,711.0,407.0,False,1.0774325012735608,247,4.200000000000001
nmousta5,3,test,mzehra2,247_A_2-4_WL_Bruise_A244A_2026-02-27_DSC_6204,0.8549979432332373,0.7467217531884318,0.7833050687770868,0.9411365179986416,5307,4417,4157.0,1150.0,260.0,False,1.2014942268508038,247,4.200000000000001
nmousta5,3,test,mzehra2,247_A_2-4_WL_Bruise_OC_A244A_2026-02-27_DSC_6206,0.8971859073786838,0.8135422945549527,0.8241400366374924,0.9844395818137612,4913,4113,4049.0,864.0,64.0,False,1.1945052273279844,247,4.200000000000001
nmousta5,3,test,mzehra2,247_A_2-4_WL_Bruise_OC_A244A_2026-02-27_DSC_6207,0.8716469570233631,0.7724948875255624,0.8691400632729365,0.8741683540642176,3477,3457,3022.0,455.0,435.0,False,1.0057853630315303,247,4.200000000000001
nmousta5,3,test,mzehra2,250_A_2-4_WL_Bruise_A244A_2026-02-27_DSC_6537,0.9122312622153539,0.8386261073040281,0.9922380975923271,0.8441640378548896,20227,23775,20070.0,157.0,3705.0,False,0.8507676130389065,250,4.200000000000001
nmousta5,3,test,mzehra2,250_A_2-4_WL_Bruise_A244A_2026-02-27_DSC_6538,0.9066148770386316,0.8291816469782571,0.9960923440793871,0.831887667468224,19449,23288,19373.0,76.0,3915.0,False,0.8351511508072827,250,4.200000000000001
nmousta5,3,test,mzehra2,250_A_2-4_WL_Bruise_OC_A244A_2026-02-27_DSC_6541,0.8652832731482282,0.762554435545269,0.9949141767323586,0.7655385367941545,25168,32709,25040.0,128.0,7669.0,False,0.769451832828885,250,4.200000000000001
nmousta5,3,test,mzehra2,250_A_2-4_WL_Bruise_OC_A244A_2026-02-27_DSC_6542,0.8883042119229126,0.7990533214661381,0.9972230637180652,0.8008352592953006,19806,24663,19751.0,55.0,4912.0,False,0.803065320520618,250,4.200000000000001
nmousta5,3,test,mzehra2,250_A_2-4_WL_Bruise_OC_A244A_2026-02-27_DSC_6543,0.9062313685985074,0.8285402804405849,0.9825249643366619,0.8409325041016444,22432,26209,22040.0,392.0,4169.0,False,0.8558891983669732,250,4.200000000000001
nmousta5,3,test,mzehra2,254_A_2-5_WL_Bruise_A244A_2026-02-16_DSC_6925,0.8789101917255298,0.783978397839784,0.8514173998044966,0.908237747653806,1023,959,871.0,152.0,88.0,False,1.0667361835245046,254,4.200000000000001
nmousta5,3,test,mzehra2,254_A_2-5_WL_Bruise_A244A_2026-02-16_DSC_6926,0.8652892561983471,0.7625637290604516,0.9128160418482999,0.8224666142969363,1147,1273,1047.0,100.0,226.0,False,0.9010212097407698,254,4.200000000000001
nmousta5,3,test,mzehra2,254_A_2-5_WL_Bruise_A244A_2026-02-16_DSC_6927,0.6108156028368794,0.4396936821952776,0.49249463902787705,0.8039673278879813,1399,857,689.0,710.0,168.0,False,1.632438739789965,254,4.200000000000001
nmousta5,3,test,mzehra2,254_A_2-5_WL_Bruise_OC_A244A_2026-02-16_DSC_6930,0.7512805919180421,0.601640838650866,0.7268722466960352,0.7773851590106007,908,849,660.0,248.0,189.0,False,1.0694935217903416,254,4.200000000000001
nmousta5,3,test,mzehra2,254_A_2-5_WL_Bruise_OC_A244A_2026-02-16_DSC_6931,0.26846846846846845,0.1550468262226847,0.19017230376515634,0.4563552833078101,1567,653,298.0,1269.0,355.0,False,2.3996937212863707,254,4.200000000000001
nmousta5,3,test,mzehra2,254_B_2-5_WL_Bruise_A244A_2026-02-16_DSC_6954,0.07818290262337078,0.040681760366319,0.680047627147474,0.04147561051517729,5879,96394,3998.0,1881.0,92396.0,False,0.06098927319127746,254,4.200000000000001
nmousta5,3,test,mzehra2,254_B_2-5_WL_Bruise_A244A_2026-02-16_DSC_6955,0.07006066373260378,0.0363020030816641,0.9032010734138394,0.03644379132990448,5217,129295,4712.0,505.0,124583.0,False,0.04034958815112727,254,4.200000000000001
nmousta5,3,test,mzehra2,254_B_2-5_WL_Bruise_A244A_2026-02-16_DSC_6956,0.09763664365727455,0.05132386687944832,0.9706983917162371,0.05140350467834893,4539,85714,4406.0,133.0,81308.0,False,0.05295517651725506,254,4.200000000000001
nmousta5,3,test,mzehra2,254_B_2-5_WL_Bruise_OC_A244A_2026-02-16_DSC_6960,0.08725348290211687,0.045616856244235816,0.9784428100431144,0.04566274899691084,3943,84489,3857.9999999999995,85.00000000000045,80631.0,False,0.04666879712151878,254,4.200000000000001
nmousta5,3,test,mzehra2,254_B_2-5_WL_Bruise_OC_A244A_2026-02-16_DSC_6961,0.062011301885002645,0.03199776239423816,0.8614457831325302,0.0321632905520334,2656,71137,2288.0,368.0,68849.0,False,0.037336407214248565,254,4.200000000000001
nmousta5,3,test,mzehra2,260_A_2-5_WL_Bruise_A244A_2026-02-17_DSC_7634,0.44646464646464645,0.28738621586475943,0.9844097995545658,0.28870019595035923,1347,4593,1326.0,21.0,3267.0,False,0.29327237099934683,260,4.200000000000001
nmousta5,3,test,mzehra2,260_A_2-5_WL_Bruise_A244A_2026-02-17_DSC_7635,0.38059526599484417,0.2350217076700434,0.7822736030828517,0.2514710436667699,1038,3229,812.0,226.0,2417.0,False,0.321461752864664,260,4.200000000000001
nmousta5,3,test,mzehra2,260_A_2-5_WL_Bruise_A244A_2026-02-17_DSC_7636,0.617929973066564,0.4471046770601336,0.9192902117916428,0.46537235583888725,1747,3451,1606.0,141.0,1845.0,False,0.5062300782381919,260,4.200000000000001
nmousta5,3,test,mzehra2,260_A_2-5_WL_Bruise_OC_A244A_2026-02-17_DSC_7638,0.6247903075489283,0.4543236649498509,0.9976190476190476,0.45481682496607867,1680,3685,1676.0,4.0,2009.0,False,0.4559023066485753,260,4.200000000000001
nmousta5,3,test,mzehra2,260_A_2-5_WL_Bruise_OC_A244A_2026-02-17_DSC_7639,0.5024404249210451,0.33550613496932513,1.0,0.33550613496932513,1750,5216,1750.0000000000002,-2.2737367544323206e-13,3466.0,False,0.33550613496932513,260,4.200000000000001
nmousta5,3,test,mzehra2,285_F_2-6_WL_Bruise_A244A_2026-04-06_DSC_2339,0.42817570241392955,0.27240684793554887,0.7071895424836602,0.30703745743473326,1530,3524,1082.0,448.0,2442.0,False,0.43416572077185017,285,4.200000000000001
nmousta5,3,test,mzehra2,285_F_2-6_WL_Bruise_A244A_2026-04-06_DSC_2340,0.3238759317143544,0.19322909195237412,0.5997328584149599,0.22183794466403162,2246,6072,1347.0,899.0,4725.0,False,0.3698945981554677,285,4.200000000000001
nmousta5,3,test,mzehra2,285_F_2-6_WL_Bruise_OC_A244A_2026-04-06_DSC_2343,0.8366890380313199,0.7192307692307692,0.7708161582852432,0.9148727984344422,1213,1022,935.0,278.0,87.0,False,1.1868884540117417,285,4.200000000000001
nmousta5,3,test,mzehra2,285_F_2-6_WL_Bruise_OC_A244A_2026-04-06_DSC_2344,0.6330722959936443,0.46313517103952173,0.8131195335276968,0.5183051477420554,3430,5381,2789.0,641.0,2592.0,False,0.6374279873629437,285,4.200000000000001
nmousta5,3,test,mzehra2,285_G_2-6_WL_Bruise_A244A_2026-05-29_DSC_3860,0.8597672994488671,0.7540279269602578,0.836510962821735,0.8843537414965986,4196,3969,3510.0,686.0,459.0,False,1.0571932476694381,285,4.200000000000001
nmousta5,3,test,mzehra2,285_G_2-6_WL_Bruise_A244A_2026-05-29_DSC_3861,0.8262004175365344,0.7038683859493108,0.8172431595250387,0.8353562005277045,3874,3790,3166.0,708.0,624.0,False,1.0221635883905014,285,4.200000000000001
nmousta5,3,test,mzehra2,285_G_2-6_WL_Bruise_A244A_2026-05-29_DSC_3862,0.8362200713194091,0.7185379732983147,0.9155047406581149,0.7695733708391936,3586,4266,3283.0,303.0,983.0,False,0.8406000937646507,285,4.200000000000001
nmousta5,3,test,mzehra2,285_G_2-6_WL_Bruise_OC_A244A_2026-05-29_DSC_3864,0.8868243243243243,0.7966616084977238,0.9455200360198109,0.8349900596421471,4442,5030,4200.0,242.0,830.0,False,0.8831013916500994,285,4.200000000000001
nmousta5,3,test,mzehra2,285_G_2-6_WL_Bruise_OC_A244A_2026-05-29_DSC_3865,0.8939046995965544,0.8081624605678234,0.8953691568370468,0.8924450250381014,4578,4593,4099.0,479.0,494.0,False,0.9967341606792945,285,4.200000000000001
nmousta5,3,test,nmousta5,170_F_2-4_WL_Bruise_A244A_2026-03-05_DSC_1856,0.838163023216404,0.7214119019836639,0.9395896656534954,0.7565004588559192,2632,3269,2473.0,159.0,796.0,False,0.8051391862955032,170,4.200000000000001
nmousta5,3,test,nmousta5,170_F_2-4_WL_Bruise_OC_A244A_2026-03-05_DSC_1860,0.3138209798383169,0.18611367837338263,0.36291957648118944,0.2764241592312972,4439,5828,1611.0,2828.0,4217.0,False,0.7616678105696637,170,4.200000000000001
nmousta5,3,test,nmousta5,182_Q_2-6_WL_Bruise_A244A_2026-04-06_DSC_2484,0.2820045225764097,0.16414741847826086,0.853045013239188,0.168924233155641,2266,11443,1933.0000000000002,332.9999999999998,9510.0,False,0.1980249934457747,182,4.200000000000001
nmousta5,3,test,nmousta5,182_Q_2-6_WL_Bruise_A244A_2026-04-06_DSC_2485,0.4220321176647156,0.2674529199163021,0.5382848392036753,0.3470747963465811,2612,4051,1406.0,1206.0,2645.0,False,0.6447790668970624,182,4.200000000000001
nmousta5,3,test,nmousta5,182_Q_2-6_WL_Bruise_A244A_2026-04-06_DSC_2486,0.2742204237086408,0.15889655172413794,0.5987525987525988,0.1778326644025934,1924,6478,1152.0,772.0,5326.0,False,0.29700524853349797,182,4.200000000000001
nmousta5,3,test,nmousta5,182_Q_2-6_WL_Bruise_OC_A244A_2026-04-06_DSC_2488,0.528881239242685,0.3595095469861475,0.7504884720593982,0.4083129584352078,5118,9407,3841.0,1277.0,5566.0,False,0.5440629318592537,182,4.200000000000001
nmousta5,3,test,nmousta5,20_D_2-6_WL_Bruise_A244A_2026-04-04_DSC_0400,0.9350974790758282,0.8781061746987951,0.9547640978405486,0.9162247102730309,9771,10182,9329.0,442.0,853.0,False,0.9596346493812611,20,4.200000000000001
nmousta5,3,test,nmousta5,20_D_2-6_WL_Bruise_OC_A244A_2026-04-04_DSC_0403,0.8555080107473381,0.7475002173724024,0.9979106210098665,0.7486719498388923,17230,22966,17194.0,36.0,5772.0,False,0.7502394844552818,20,4.200000000000001
nmousta5,3,test,nmousta5,20_D_2-6_WL_Bruise_OC_A244A_2026-04-04_DSC_0404,0.8656389761157104,0.7631071218857478,0.9949144200798381,0.7660954145437703,18287,23749,18194.0,93.0,5555.0,False,0.7700113688997432,20,4.200000000000001
nmousta5,3,test,nmousta5,226_A_2-4_WL_Bruise_A244A_2026-03-06_DSC_3569,0.7801478352692713,0.6395429362880887,0.7234625930278105,0.8464711274060495,2553,2182,1847.0,706.0,335.0,False,1.1700274977085243,226,4.200000000000001
nmousta5,3,test,nmousta5,226_A_2-4_WL_Bruise_A244A_2026-03-06_DSC_3570,0.7747834456207893,0.6323644933228594,0.7036713286713286,0.8618843683083511,2288,1868,1610.0,678.0,258.0,False,1.2248394004282654,226,4.200000000000001
nmousta5,3,test,nmousta5,226_A_2-4_WL_Bruise_A244A_2026-03-06_DSC_3571,0.5873400207540643,0.41576885406464253,0.5099099099099099,0.6924959216965743,3330,2452,1698.0,1632.0,754.0,False,1.3580750407830342,226,4.200000000000001
nmousta5,3,test,nmousta5,226_A_2-4_WL_Bruise_OC_A244A_2026-03-06_DSC_3573,0.8087979094076655,0.6789762340036563,0.7147806004618937,0.9312938816449348,2598,1994,1857.0,741.0,137.0,False,1.3029087261785357,226,4.200000000000001
nmousta5,3,test,nmousta5,226_A_2-4_WL_Bruise_OC_A244A_2026-03-06_DSC_3574,0.7905061758294987,0.6535843011613937,0.7687235044747998,0.8135593220338984,2123,2006,1632.0,491.0,374.0,False,1.0583250249252243,226,4.200000000000001
nmousta5,3,test,nmousta5,226_C_2-4_WL_Bruise_A244A_2026-03-06_DSC_3610,0.7256601491634751,0.5694400506168934,0.5699810006333123,0.9983361064891847,3158,1803,1800.0,1358.0,3.0,False,1.7515252357182474,226,4.200000000000001
nmousta5,3,test,nmousta5,226_C_2-4_WL_Bruise_A244A_2026-03-06_DSC_3611,0.7975676735974893,0.6632952691680261,0.6674326986211425,0.9907407407407407,3046,2052,2033.0000000000002,1012.9999999999998,18.999999999999773,False,1.4844054580896686,226,4.200000000000001
nmousta5,3,test,nmousta5,226_C_2-4_WL_Bruise_A244A_2026-03-06_DSC_3612,0.7540386803185438,0.6051862673484295,0.6175922474841595,0.967873831775701,2683,1712,1657.0,1026.0,55.0,False,1.5671728971962617,226,4.200000000000001
nmousta5,3,test,nmousta5,226_C_2-4_WL_Bruise_OC_A244A_2026-03-06_DSC_3614,0.6865932529278098,0.5227575192973117,0.527248322147651,0.9839679358717435,3725,1996,1964.0,1761.0,32.0,False,1.8662324649298596,226,4.200000000000001
nmousta5,3,test,nmousta5,226_C_2-4_WL_Bruise_OC_A244A_2026-03-06_DSC_3615,0.736,0.5822784810126582,0.5889691398555482,0.9808638600328048,3046,1829,1794.0,1252.0,35.0,False,1.665390924002187,226,4.200000000000001
nmousta5,3,test,nmousta5,228_B_2-4_WL_Bruise_A244A_2026-03-06_DSC_3718,0.7998148576718352,0.6664095642113382,0.6956521739130435,0.9406641262928688,2484,1837,1728.0,756.0,109.0,False,1.352204681545999,228,4.200000000000001
nmousta5,3,test,nmousta5,228_B_2-4_WL_Bruise_A244A_2026-03-06_DSC_3719,0.8412914961346066,0.7260596546310832,0.7520325203252033,0.9545923632610939,2460,1938,1850.0,610.0,88.0,False,1.2693498452012384,228,4.200000000000001
nmousta5,3,test,nmousta5,228_B_2-4_WL_Bruise_A244A_2026-03-06_DSC_3720,0.7143193040206913,0.555596196049744,0.9607843137254902,0.5684880239520959,1581,2672,1519.0,62.0,1153.0,False,0.5916916167664671,228,4.200000000000001
nmousta5,3,test,nmousta5,228_B_2-4_WL_Bruise_A244A_2026-03-06_DSC_3721,0.7439763718327375,0.5923267326732673,0.7960745176314039,0.6982783775897287,3006,3427,2393.0,613.0,1034.0,False,0.8771520280128392,228,4.200000000000001
nmousta5,3,test,nmousta5,228_B_2-4_WL_Bruise_OC_A244A_2026-03-06_DSC_3723,0.7693027608797379,0.6250950570342205,0.6250950570342205,1.0,2630,1644,1644.0,986.0,0.0,False,1.599756690997567,228,4.200000000000001
nmousta5,3,test,nmousta5,228_B_2-4_WL_Bruise_OC_A244A_2026-03-06_DSC_3724,0.8956300381841323,0.8109873223203995,0.8694398682042833,0.9234470691163604,2428,2286,2111.0,317.0,175.0,False,1.062117235345582,228,4.200000000000001
nmousta5,3,test,nmousta5,232_A_2-4_WL_Bruise_A244A_2026-03-06_DSC_3868,0.272792124411471,0.1579382124566331,0.22767325553703263,0.3402135231316726,8398,5620,1912.0000000000002,6486.0,3708.0,False,1.4943060498220642,232,4.200000000000001
nmousta5,3,test,nmousta5,232_A_2-4_WL_Bruise_A244A_2026-03-06_DSC_3869,0.7993393889347646,0.6657496561210454,0.7846952010376135,0.8145405587344329,6168,5942,4840.0,1328.0,1102.0,False,1.0380343318747896,232,4.200000000000001
nmousta5,3,test,nmousta5,232_A_2-4_WL_Bruise_A244A_2026-03-06_DSC_3870,0.0,0.0,0.0,0.0,4212,5901,0.0,4212.0,5901.0,True,0.71377732587697,232,4.200000000000001
nmousta5,3,test,nmousta5,232_A_2-4_WL_Bruise_OC_A244A_2026-03-06_DSC_3876,0.7409103151090762,0.5884491978609626,0.7224264705882353,0.7603648424543947,7616,7236,5502.0,2114.0,1734.0,False,1.0525152017689332,232,4.200000000000001
nmousta5,3,test,nmousta5,232_A_2-4_WL_Bruise_OC_A244A_2026-03-06_DSC_3877,0.7328094302554028,0.5782945736434109,0.6128568494557404,0.9111450381679389,9738,6550,5968.0,3770.0,582.0,False,1.4867175572519085,232,4.200000000000001
nmousta5,3,test,nmousta5,233_B_2-4_WL_Bruise_A244A_2026-03-06_DSC_4197,0.619769778914672,0.44903362456976437,0.9519176800748363,0.4594545782914936,5345,11074,5088.0,257.0,5986.0,False,0.48266209138522664,233,4.200000000000001
nmousta5,3,test,nmousta5,233_B_2-4_WL_Bruise_A244A_2026-03-06_DSC_4199,0.6176785332096739,0.4468414533443435,0.5572863027806385,0.6927508401344215,7768,6249,4329.0,3439.0,1920.0,False,1.2430788926228196,233,4.200000000000001
nmousta5,3,test,nmousta5,233_B_2-4_WL_Bruise_OC_A244A_2026-03-06_DSC_4201,0.5733778487443751,0.4019129019129019,0.7452830188679245,0.46591177164425573,5300,8478,3950.0000000000005,1349.9999999999995,4528.0,False,0.6251474404340647,233,4.200000000000001
nmousta5,3,test,nmousta5,235_A_2-4_WL_Bruise_A244A_2026-03-08_DSC_4349,0.8364318075300734,0.7188506981740065,0.8756473859237857,0.8005781787369786,18343,20063,16062.0,2281.0,4001.0,False,0.9142700493445646,235,4.200000000000001
nmousta5,3,test,nmousta5,235_A_2-4_WL_Bruise_A244A_2026-03-08_DSC_4350,0.7756485254367209,0.6335178594965072,0.9191566668260267,0.6709006525456258,20917,28657,19226.0,1691.0,9431.0,False,0.729908922776285,235,4.200000000000001
nmousta5,3,test,nmousta5,235_A_2-4_WL_Bruise_A244A_2026-03-08_DSC_4351,0.902188854816538,0.821806973608168,0.9176824896027534,0.887209705372617,13946,14425,12798.0,1148.0,1627.0,False,0.9667937608318891,235,4.200000000000001
nmousta5,3,test,nmousta5,235_A_2-4_WL_Bruise_OC_A244A_2026-03-08_DSC_4353,0.8504922166723243,0.739875126560918,0.9327235015688986,0.7815856321582958,18803,22439,17538.0,1265.0,4901.0,False,0.8379606934355364,235,4.200000000000001
nmousta5,3,test,nmousta5,235_A_2-4_WL_Bruise_OC_A244A_2026-03-08_DSC_4354,0.8660900685952878,0.7638085218306154,0.8328292835540724,0.9021180457497882,19178,17705,15972.0,3206.0,1733.0,False,1.0831968370516802,235,4.200000000000001
nmousta5,3,test,nmousta5,236_C_2-4_WL_Bruise_A244A_2026-03-08_DSC_4462,0.6746228326953388,0.509004417261298,0.5989604158336665,0.7721649484536083,2501,1940,1498.0,1003.0,442.0,False,1.2891752577319588,236,4.200000000000001
nmousta5,3,test,nmousta5,236_C_2-4_WL_Bruise_A244A_2026-03-08_DSC_4463,0.5722919572291957,0.4008466297622924,0.418280665987088,0.905813097866078,2943,1359,1231.0,1712.0,128.0,False,2.165562913907285,236,4.200000000000001
nmousta5,3,test,nmousta5,236_C_2-4_WL_Bruise_A244A_2026-03-08_DSC_4464,0.0,0.0,0.0,0.0,2021,1900,0.0,2021.0,1900.0,True,1.0636842105263158,236,4.200000000000001
nmousta5,3,test,nmousta5,236_C_2-4_WL_Bruise_OC_A244A_2026-03-08_DSC_4467,0.0,0.0,0.0,0.0,1212,1718,0.0,1212.0,1718.0,True,0.7054714784633295,236,4.200000000000001
nmousta5,3,test,nmousta5,236_C_2-4_WL_Bruise_OC_A244A_2026-03-08_DSC_4468,0.0,0.0,0.0,0.0,1222,1729,0.0,1222.0,1729.0,True,0.706766917293233,236,4.200000000000001
nmousta5,3,test,nmousta5,236_E_2-4_WL_Bruise_OC_A244A_2026-02-26_DSC_5722,0.30117647058823527,0.1772853185595568,0.1772853185595568,1.0,6137,1088,1088.0,5049.0,0.0,False,5.640625,236,4.200000000000001
nmousta5,3,test,nmousta5,237_AC_2-5_WL_Bruise_A244A_2026-02-16_DSC_7084,0.5117114219863859,0.34382540425685165,0.9528895099311309,0.3497710203333944,10019,27295,9547.000000000002,471.9999999999982,17748.0,False,0.3670635647554497,237,4.200000000000001
nmousta5,3,test,nmousta5,237_AC_2-5_WL_Bruise_A244A_2026-02-16_DSC_7085,0.6017250484069706,0.43033385366836197,0.9360350492880614,0.4433722438391699,9130,19275,8546.0,584.0,10729.0,False,0.4736705577172503,237,4.200000000000001
nmousta5,3,test,nmousta5,237_AC_2-5_WL_Bruise_A244A_2026-02-16_DSC_7086,0.6887185011511734,0.5252255154639175,0.9910035864081211,0.5277418101773922,16451,30892,16303.0,148.0,14589.0,False,0.5325326945487505,237,4.200000000000001
nmousta5,3,test,nmousta5,237_AC_2-5_WL_Bruise_OC_A244A_2026-02-16_DSC_7088,0.7657591478811808,0.6204292675668638,0.9892058596761758,0.6246582524999064,16861,26701,16679.0,182.0,10022.0,False,0.6314744766113629,237,4.200000000000001
nmousta5,3,test,nmousta5,237_AC_2-5_WL_Bruise_OC_A244A_2026-02-16_DSC_7089,0.7140932968167737,0.5553227890087636,0.994000374976564,0.5571904011210369,16001,28545,15905.0,96.0,12640.0,False,0.5605535119985987,237,4.200000000000001
nmousta5,3,test,nmousta5,237_AD_2-5_WL_Bruise_A244A_2026-02-16_DSC_7116,0.5499152183128444,0.3792297010889425,0.97813383600377,0.38247217513083215,5305,13567,5189.0,116.0,8378.0,False,0.39102233360359695,237,4.200000000000001
nmousta5,3,test,nmousta5,237_AD_2-5_WL_Bruise_A244A_2026-02-16_DSC_7117,0.6693411510569357,0.5030148423005566,0.9954107388710418,0.50418410041841,8716,17208,8676.0,40.0,8532.0,False,0.5065086006508601,237,4.200000000000001
nmousta5,3,test,nmousta5,237_AD_2-5_WL_Bruise_A244A_2026-02-16_DSC_7118,0.5899157119063241,0.41835492877084973,0.9921901528013582,0.41973712561947857,5890,13923,5843.999999999999,46.00000000000091,8079.000000000001,False,0.4230410112763054,237,4.200000000000001
nmousta5,3,test,nmousta5,237_AD_2-5_WL_Bruise_OC_A244A_2026-02-16_DSC_7120,0.5607278882776132,0.3895912966774478,0.9956417192666066,0.3902568331762488,6654,16976,6625.0,29.0,10351.0,False,0.3919651272384543,237,4.200000000000001
nmousta5,3,test,nmousta5,237_AD_2-5_WL_Bruise_OC_A244A_2026-02-16_DSC_7121,0.48262691634396054,0.31806740316039717,0.9874104623399175,0.3193625386127492,4607,14244,4549.0,58.0,9695.0,False,0.32343442853131144,237,4.200000000000001
nmousta5,3,test,nmousta5,237_AE_2-5_WL_Bruise_A244A_2026-02-16_DSC_7217,0.8756114605171209,0.7787445618396519,0.8094315245478036,0.9535768645357686,4644,3942,3759.0,885.0,183.0,False,1.178082191780822,237,4.200000000000001
nmousta5,3,test,nmousta5,237_AE_2-5_WL_Bruise_A244A_2026-02-16_DSC_7218,0.8045058139534884,0.6729483282674772,0.9808033077377436,0.6819301848049282,3386,4870,3321.0,65.0,1549.0,False,0.6952772073921971,237,4.200000000000001
nmousta5,3,test,nmousta5,237_AE_2-5_WL_Bruise_A244A_2026-02-16_DSC_7219,0.8180150804972488,0.6920689655172414,0.9884264959369613,0.6977229271684339,4061,5753,4014.0,47.0,1739.0,False,0.7058925777855032,237,4.200000000000001
nmousta5,3,test,nmousta5,237_AE_2-5_WL_Bruise_OC_A244A_2026-02-16_DSC_7221,0.6406268003226178,0.4712663163248008,0.8847867600254615,0.5020769369694781,3142,5537,2780.0,362.0,2757.0,False,0.5674553007043526,237,4.200000000000001
nmousta5,3,test,nmousta5,237_AE_2-5_WL_Bruise_OC_A244A_2026-02-16_DSC_7222,0.3022164698268889,0.17800647989327234,0.2272506082725061,0.4509898599710285,8220,4142,1868.0000000000002,6352.0,2274.0,False,1.9845485272815064,237,4.200000000000001
nmousta5,3,test,nmousta5,237_B_2-4_WL_Bruise_A244A_2026-03-08_DSC_4584,0.8351934377095083,0.7170232936078007,0.8286250880350575,0.841866751470822,12779,12578,10589.0,2190.0,1989.0,False,1.0159802830338687,237,4.200000000000001
nmousta5,3,test,nmousta5,237_B_2-4_WL_Bruise_A244A_2026-03-08_DSC_4587,0.8358571614526836,0.7180022363026463,0.846322818732976,0.8256471798388479,11381,11666,9632.0,1749.0,2034.0,False,0.9755700325732899,237,4.200000000000001
nmousta5,3,test,nmousta5,237_B_2-4_WL_Bruise_A244A_2026-03-08_DSC_4588,0.7621354946700731,0.6156857163191232,0.7230859244399866,0.8056435090333396,11964,10738,8651.0,3313.0,2087.0,False,1.1141739616315887,237,4.200000000000001
nmousta5,3,test,nmousta5,237_B_2-4_WL_Bruise_OC_A244A_2026-03-08_DSC_4591,0.8457751521661296,0.7327646374563784,0.7745716862037872,0.9313947757516018,12199,10145,9449.0,2750.0,696.0,False,1.2024642681123707,237,4.200000000000001
nmousta5,3,test,nmousta5,237_B_2-4_WL_Bruise_OC_A244A_2026-03-08_DSC_4592,0.7787104678070693,0.6376133155000743,0.6500265131429437,0.9709210228558497,13201,8838,8581.0,4620.0,257.0,False,1.493663724824621,237,4.200000000000001
nmousta5,3,test,nmousta5,237_C_2-4_WL_Bruise_A244A_2026-03-08_DSC_4608,0.723524276408569,0.5668139730639731,0.8271150007676954,0.6429935545476247,6513,8378,5387.0,1126.0,2991.0,False,0.7773931725948914,237,4.200000000000001
nmousta5,3,test,nmousta5,237_C_2-4_WL_Bruise_A244A_2026-03-08_DSC_4609,0.6994623655913978,0.5378255477470029,0.6900026518164943,0.7091850640501499,3771,3669,2602.0,1169.0,1067.0,False,1.027800490596893,237,4.200000000000001
nmousta5,3,test,nmousta5,237_C_2-4_WL_Bruise_A244A_2026-03-08_DSC_4610,0.721014958638721,0.563739946380697,0.8882669764494667,0.6067667003318424,9469,13862,8411.0,1058.0,5451.0,False,0.6830904631366326,237,4.200000000000001
nmousta5,3,test,nmousta5,237_C_2-4_WL_Bruise_OC_A244A_2026-03-08_DSC_4613,0.5260495700556399,0.3568977350720659,0.7388112716078618,0.40843042283021336,4223,7639,3120.0000000000005,1102.9999999999995,4519.0,False,0.5528210498756382,237,4.200000000000001
nmousta5,3,test,nmousta5,237_C_2-4_WL_Bruise_OC_A244A_2026-03-08_DSC_4615,0.6679438058748404,0.50143815915628,0.679397246037932,0.6568701331323789,3849,3981,2615.0,1234.0,1366.0,False,0.9668425018839487,237,4.200000000000001
nmousta5,3,test,nmousta5,237_E_2-4_WL_Bruise_A244A_2026-03-08_DSC_4651,0.8389040711933291,0.7225105612552807,0.74221946683199,0.9645504350628424,8065,6206,5986.0,2079.0,220.0,False,1.2995488237189816,237,4.200000000000001
nmousta5,3,test,nmousta5,237_E_2-4_WL_Bruise_A244A_2026-03-08_DSC_4652,0.7672935133791732,0.6224462365591398,0.675072886297376,0.888696987142583,6860,5211,4631.0,2229.0,580.0,False,1.316445979658415,237,4.200000000000001
nmousta5,3,test,nmousta5,237_E_2-4_WL_Bruise_A244A_2026-03-08_DSC_4653,0.7446101040437627,0.5931305536568694,0.6445682451253482,0.8814118842051802,5385,3938,3471.0,1914.0,467.0,False,1.3674454037582529,237,4.200000000000001
nmousta5,3,test,nmousta5,237_E_2-4_WL_Bruise_OC_A244A_2026-03-08_DSC_4656,0.7143561914158856,0.555640828856485,0.5819000160745861,0.9248850281042412,6221,3914,3620.0,2601.0,294.0,False,1.5894225855901891,237,4.200000000000001
nmousta5,3,test,nmousta5,237_E_2-4_WL_Bruise_OC_A244A_2026-03-08_DSC_4657,0.8217481073640743,0.697429906542056,0.7369070710633046,0.9286666666666666,5671,4500,4179.0,1492.0,321.0,False,1.2602222222222221,237,4.200000000000001
nmousta5,3,test,nmousta5,237_J_2-4_WL_Bruise_A244A_2026-02-26_DSC_5578,0.8136889050696278,0.6858984195181832,0.9889380530973452,0.691201484459564,9040,12934,8940.0,100.0,3994.0,False,0.6989330446884181,237,4.200000000000001
nmousta5,3,test,nmousta5,237_J_2-4_WL_Bruise_A244A_2026-02-26_DSC_5579,0.6824335344968194,0.5179499876206982,0.7605428986912264,0.6188738783157479,8252,10141,6276.0,1976.0,3865.0,False,0.8137264569569076,237,4.200000000000001
nmousta5,3,test,nmousta5,237_J_2-4_WL_Bruise_A244A_2026-02-26_DSC_5580,0.8240524099204493,0.7007560684440908,0.9626106920301738,0.7203632496113883,9147,12223,8805.0,342.0,3418.0,False,0.7483432872453571,237,4.200000000000001
nmousta5,3,test,nmousta5,237_J_2-4_WL_Bruise_OC_A244A_2026-02-26_DSC_5582,0.6400239664469742,0.47061415102652215,0.9912769116555308,0.47257122633162274,5388,11302,5341.0,47.0,5961.0,False,0.47672978233940894,237,4.200000000000001
nmousta5,3,test,nmousta5,237_J_2-4_WL_Bruise_OC_A244A_2026-02-26_DSC_5583,0.5940700808625337,0.42254601226993865,0.975868939561656,0.4270076528141044,4517,10323,4408.0,109.0,5915.0,False,0.43756659885692145,237,4.200000000000001
nmousta5,3,test,nmousta5,237_N_2-4_WL_Bruise_A244A_2026-02-26_DSC_5858,0.7864554888039322,0.648064806480648,0.9645010046885466,0.6639004149377593,2986,4338,2880.0,106.0,1458.0,False,0.6883356385431074,237,4.200000000000001
nmousta5,3,test,nmousta5,237_N_2-4_WL_Bruise_A244A_2026-02-26_DSC_5859,0.7685433422698839,0.6240928882438317,0.9020979020979021,0.6694343539180073,2860,3854,2580.0,280.0,1274.0,False,0.742086144265698,237,4.200000000000001
nmousta5,3,test,nmousta5,237_N_2-4_WL_Bruise_A244A_2026-02-26_DSC_5860,0.731162196679438,0.5762455963764469,0.9790508764429243,0.5834394904458599,2339,3925,2290.0,49.0,1635.0,False,0.5959235668789808,237,4.200000000000001
nmousta5,3,test,nmousta5,237_N_2-4_WL_Bruise_OC_A244A_2026-02-26_DSC_5862,0.7461259956553222,0.595056595056595,0.8336569579288026,0.6752293577981652,6180,7630,5152.0,1028.0,2478.0,False,0.8099606815203145,237,4.200000000000001
nmousta5,3,test,nmousta5,237_N_2-4_WL_Bruise_OC_A244A_2026-02-26_DSC_5863,0.755613212254266,0.6072173215717722,0.8971563981042654,0.6526460955007757,4220,5801,3786.0,434.0,2015.0,False,0.7274607826236855,237,4.200000000000001
nmousta5,3,test,nmousta5,237_S_2-4_WL_Bruise_A244A_2026-02-27_DSC_6307,0.769707746318333,0.6256300029647198,0.8498791784132098,0.703358053495542,9932,12001,8441.0,1491.0,3560.0,False,0.8275977001916507,237,4.200000000000001
nmousta5,3,test,nmousta5,237_S_2-4_WL_Bruise_A244A_2026-02-27_DSC_6308,0.8172412274908643,0.6909618820726623,0.9008930304795185,0.7478043670937072,10302,12411,9281.0,1021.0,3130.0,False,0.8300700991056321,237,4.200000000000001
nmousta5,3,test,nmousta5,237_S_2-4_WL_Bruise_A244A_2026-02-27_DSC_6309,0.7333784365582139,0.579003593279596,0.7509761934752488,0.7165865384615384,7939,8320,5962.0,1977.0,2358.0,False,0.9542067307692308,237,4.200000000000001
nmousta5,3,test,nmousta5,237_S_2-4_WL_Bruise_OC_A244A_2026-02-27_DSC_6311,0.7799185391972907,0.6392348087021755,0.8926251833228578,0.6924827305973181,9546,12305,8521.0,1025.0,3784.0,False,0.7757822023567655,237,4.200000000000001
nmousta5,3,test,nmousta5,237_S_2-4_WL_Bruise_OC_A244A_2026-02-27_DSC_6312,0.7780197112078845,0.6366876113664072,0.8580637007077856,0.7116352201257862,7912,9540,6789.0,1123.0,2751.0,False,0.8293501048218029,237,4.200000000000001
nmousta5,3,test,nmousta5,237_Z_2-5_WL_Bruise_A244A_2026-02-16_DSC_7025,0.7711165589480722,0.627493652520856,0.9558011049723757,0.6462457975345536,12670,18739,12110.0,560.0,6629.0,False,0.6761299962644751,237,4.200000000000001
nmousta5,3,test,nmousta5,237_Z_2-5_WL_Bruise_A244A_2026-02-16_DSC_7026,0.881482785946993,0.7880815555380619,0.9339490624125385,0.8345977490621093,10719,11995,10011.0,708.0,1984.0,False,0.8936223426427679,237,4.200000000000001
nmousta5,3,test,nmousta5,237_Z_2-5_WL_Bruise_A244A_2026-02-16_DSC_7027,0.7658993237165607,0.6206133246949573,0.9774659863945578,0.6296215150353289,11760,18257,11495.0,265.0,6762.0,False,0.6441364955907323,237,4.200000000000001
nmousta5,3,test,nmousta5,237_Z_2-5_WL_Bruise_OC_A244A_2026-02-16_DSC_7030,0.840895384724538,0.7254697924955622,0.9717940308297802,0.7410742199712375,12196,15993,11852.0,344.0,4141.0,False,0.762583630338273,237,4.200000000000001
nmousta5,3,test,nmousta5,247_A_2-4_WL_Bruise_A244A_2026-02-27_DSC_6202,0.8851107676455435,0.7939001848428835,0.8119092627599244,0.9728199320498301,5290,4415,4295.0,995.0,120.0,False,1.1981879954699888,247,4.200000000000001
nmousta5,3,test,nmousta5,247_A_2-4_WL_Bruise_A244A_2026-02-27_DSC_6203,0.8262872628726288,0.7039944585546063,0.7208037825059102,0.967936507936508,4230,3150,3049.0,1181.0,101.0,False,1.3428571428571427,247,4.200000000000001
nmousta5,3,test,nmousta5,247_A_2-4_WL_Bruise_A244A_2026-02-27_DSC_6204,0.8817851582771147,0.7885650640430666,0.8004522328999435,0.9815157116451017,5307,4328,4248.0,1059.0,80.0,False,1.2262014787430684,247,4.200000000000001
nmousta5,3,test,nmousta5,247_A_2-4_WL_Bruise_OC_A244A_2026-02-27_DSC_6206,0.8986361156573922,0.8159302555973846,0.8381844087115815,0.9684854186265287,4913,4252,4118.0,795.0,134.0,False,1.155456255879586,247,4.200000000000001
nmousta5,3,test,nmousta5,247_A_2-4_WL_Bruise_OC_A244A_2026-02-27_DSC_6207,0.8867675135849611,0.7965699208443272,0.8682772505033074,0.906062424969988,3477,3332,3019.0,458.0,313.0,False,1.043517406962785,247,4.200000000000001
nmousta5,3,test,nmousta5,250_A_2-4_WL_Bruise_A244A_2026-02-27_DSC_6537,0.9430153536370501,0.8921750726294233,0.9261383299550107,0.9605188945290468,20227,19503,18733.0,1494.0,770.0,False,1.0371224939752859,250,4.200000000000001
nmousta5,3,test,nmousta5,250_A_2-4_WL_Bruise_A244A_2026-02-27_DSC_6538,0.9293869801555307,0.8680886211252551,0.9186590570209265,0.9403684210526316,19449,19000,17867.0,1582.0,1133.0,False,1.0236315789473684,250,4.200000000000001
nmousta5,3,test,nmousta5,250_A_2-4_WL_Bruise_OC_A244A_2026-02-27_DSC_6541,0.9248126232741617,0.8601408864103317,0.9315003178639543,0.9182202725990913,25168,25532,23444.0,1724.0,2088.0,False,0.9857433808553971,250,4.200000000000001
nmousta5,3,test,nmousta5,250_A_2-4_WL_Bruise_OC_A244A_2026-02-27_DSC_6542,0.9293965345548696,0.8681052925309274,0.9424416843380794,0.9167075925744033,19806,20362,18666.0,1140.0,1696.0,False,0.9726942343581181,250,4.200000000000001
nmousta5,3,test,nmousta5,250_A_2-4_WL_Bruise_OC_A244A_2026-02-27_DSC_6543,0.9330525767377241,0.8745066124109868,0.9580509985734664,0.9093255479394093,22432,23634,21491.0,941.0,2143.0,False,0.9491410679529492,250,4.200000000000001
nmousta5,3,test,nmousta5,254_A_2-5_WL_Bruise_A244A_2026-02-16_DSC_6925,0.7814175104228708,0.6412512218963832,0.6412512218963832,1.0,1023,656,656.0,367.0,0.0,False,1.5594512195121952,254,4.200000000000001
nmousta5,3,test,nmousta5,254_A_2-5_WL_Bruise_A244A_2026-02-16_DSC_6926,0.7913593256059009,0.6547515257192676,0.6547515257192676,1.0,1147,751,751.0,396.0,0.0,False,1.5272969374167775,254,4.200000000000001
nmousta5,3,test,nmousta5,254_A_2-5_WL_Bruise_A244A_2026-02-16_DSC_6927,0.3835932986712883,0.23731236597569694,0.23731236597569694,1.0,1399,332,332.0,1067.0,0.0,False,4.213855421686747,254,4.200000000000001
nmousta5,3,test,nmousta5,254_A_2-5_WL_Bruise_OC_A244A_2026-02-16_DSC_6930,0.5269943593875906,0.35776805251641136,0.3601321585903084,0.9819819819819819,908,333,327.0,581.0,6.0,False,2.7267267267267266,254,4.200000000000001
nmousta5,3,test,nmousta5,254_A_2-5_WL_Bruise_OC_A244A_2026-02-16_DSC_6931,0.2296890672016048,0.12974504249291785,0.14613911933631143,0.5362997658079626,1567,427,229.0,1338.0,198.0,False,3.669789227166276,254,4.200000000000001
nmousta5,3,test,nmousta5,254_B_2-5_WL_Bruise_A244A_2026-02-16_DSC_6954,0.07749797874228471,0.04031099987691298,0.668481034189488,0.04113331170258418,5879,95543,3930.0,1949.0,91613.0,False,0.061532503689438266,254,4.200000000000001
nmousta5,3,test,nmousta5,254_B_2-5_WL_Bruise_A244A_2026-02-16_DSC_6955,0.08046843194830618,0.04192086928269738,0.8903584435499329,0.04213839901299078,5217,110232,4645.0,572.0,105587.0,False,0.04732745482255606,254,4.200000000000001
nmousta5,3,test,nmousta5,254_B_2-5_WL_Bruise_A244A_2026-02-16_DSC_6956,0.11221702575581938,0.059443817052512705,0.9277373870896674,0.05972033129112775,4539,70512,4211.0,328.0,66301.0,False,0.0643720217835262,254,4.200000000000001
nmousta5,3,test,nmousta5,254_B_2-5_WL_Bruise_OC_A244A_2026-02-16_DSC_6960,0.08143449833829311,0.04244551372771016,0.9507988840984022,0.04253894770285144,3943,88131,3749.0,194.0,84382.0,False,0.04474021626896325,254,4.200000000000001
nmousta5,3,test,nmousta5,254_B_2-5_WL_Bruise_OC_A244A_2026-02-16_DSC_6961,0.07346991827649516,0.03813587909863716,0.8512801204819277,0.038391659450189325,2656,58893,2261.0,395.0,56632.0,False,0.04509873838996146,254,4.200000000000001
nmousta5,3,test,nmousta5,260_A_2-5_WL_Bruise_A244A_2026-02-17_DSC_7634,0.6769964243146603,0.5117117117117117,0.6325167037861915,0.7282051282051282,1347,1170,852.0,495.0,318.0,False,1.1512820512820512,260,4.200000000000001
nmousta5,3,test,nmousta5,260_A_2-5_WL_Bruise_A244A_2026-02-17_DSC_7635,0.6491458607095927,0.4805447470817121,0.7138728323699421,0.5951807228915663,1038,1245,741.0,297.0,504.0,False,0.8337349397590361,260,4.200000000000001
nmousta5,3,test,nmousta5,260_A_2-5_WL_Bruise_A244A_2026-02-17_DSC_7636,0.562406015037594,0.3912133891213389,0.4281625643961076,0.8192771084337349,1747,913,748.0,999.0,165.0,False,1.9134720700985761,260,4.200000000000001
nmousta5,3,test,nmousta5,260_A_2-5_WL_Bruise_OC_A244A_2026-02-17_DSC_7638,0.28438228438228436,0.16576086956521738,0.21785714285714286,0.40939597315436244,1680,894,365.99999999999994,1314.0,528.0,False,1.8791946308724832,260,4.200000000000001
nmousta5,3,test,nmousta5,260_A_2-5_WL_Bruise_OC_A244A_2026-02-17_DSC_7639,0.7452923686818632,0.593996840442338,0.6445714285714286,0.8833202819107283,1750,1277,1128.0,622.0,149.0,False,1.370399373531715,260,4.200000000000001
nmousta5,3,test,nmousta5,285_F_2-6_WL_Bruise_A244A_2026-04-06_DSC_2339,0.616822429906542,0.44594594594594594,0.7764705882352941,0.5116279069767442,1530,2322,1188.0,342.0,1134.0,False,0.6589147286821705,285,4.200000000000001
nmousta5,3,test,nmousta5,285_F_2-6_WL_Bruise_A244A_2026-04-06_DSC_2340,0.4220068771491091,0.26743264659271,0.6010685663401603,0.32514450867052025,2246,4152,1350.0,896.0,2802.0,False,0.5409441233140655,285,4.200000000000001
nmousta5,3,test,nmousta5,285_F_2-6_WL_Bruise_OC_A244A_2026-04-06_DSC_2343,0.8062907556578442,0.6754498714652957,0.8664468260511129,0.7539454806312769,1213,1394,1051.0,162.0,343.0,False,0.870157819225251,285,4.200000000000001
nmousta5,3,test,nmousta5,285_F_2-6_WL_Bruise_OC_A244A_2026-04-06_DSC_2344,0.6001752848378615,0.42875031304783373,0.49912536443148686,0.7525274725274725,3430,2275,1712.0,1718.0,563.0,False,1.5076923076923077,285,4.200000000000001
nmousta5,3,test,nmousta5,285_G_2-6_WL_Bruise_A244A_2026-05-29_DSC_3860,0.7613168724279835,0.6146179401993356,0.9699714013346044,0.6265394088669951,4196,6496,4070.0,126.0,2426.0,False,0.645935960591133,285,4.200000000000001
nmousta5,3,test,nmousta5,285_G_2-6_WL_Bruise_A244A_2026-05-29_DSC_3861,0.7797194757415498,0.6389674015451291,0.875322663913268,0.7029436152570481,3874,4824,3391.0,483.0,1433.0,False,0.8030679933665008,285,4.200000000000001
nmousta5,3,test,nmousta5,285_G_2-6_WL_Bruise_A244A_2026-05-29_DSC_3862,0.8324947846361517,0.7130544460794619,0.9459007250418293,0.7433705895244357,3586,4563,3392.0,194.0,1171.0,False,0.7858864781941705,285,4.200000000000001
nmousta5,3,test,nmousta5,285_G_2-6_WL_Bruise_OC_A244A_2026-05-29_DSC_3864,0.8662329741817443,0.7640308409539178,0.9592525889239082,0.7896590066716086,4442,5396,4261.0,181.0,1135.0,False,0.8232023721275018,285,4.200000000000001
nmousta5,3,test,nmousta5,285_G_2-6_WL_Bruise_OC_A244A_2026-05-29_DSC_3865,0.792832909245123,0.6567714737396803,0.8167321974661425,0.7702925422332098,4578,4854,3739.0,839.0,1115.0,False,0.9431396786155748,285,4.200000000000001
