train_masks,fold,split,eval_masks,stem,dice,iou,precision,recall,pred_positive_pixels,gt_positive_pixels,tp_pixels,fp_pixels,fn_pixels,complete_miss,pred_gt_ratio,subject,cut
nmousta5,4,cv_val,nmousta5,110_G_2-4_WL_Bruise_A244A_2026-03-06_DSC_3991,0.7086574654956085,0.548775748153906,0.8564496562879094,0.6043658153802254,4946,7009,4236.0,710.0,2773.0,False,0.7056641460978742,110,-3.3499999999999996
nmousta5,4,cv_val,nmousta5,110_G_2-4_WL_Bruise_A244A_2026-03-06_DSC_3992,0.7169035153328347,0.5587292334596328,0.6142262095482217,0.8607992815446789,3121,2227,1917.0,1204.0,310.0,False,1.4014369106421194,110,-3.3499999999999996
nmousta5,4,cv_val,nmousta5,110_G_2-4_WL_Bruise_A244A_2026-03-06_DSC_3993,0.7559437166424066,0.6076443057722309,0.930260329591593,0.6366459627329193,4187,6118,3895.0,292.0,2223.0,False,0.6843739784243217,110,-3.3499999999999996
nmousta5,4,cv_val,nmousta5,110_G_2-4_WL_Bruise_OC_A244A_2026-03-06_DSC_3995,0.7372013651877133,0.5837837837837838,0.8831072291395652,0.632672080947943,5381,7511,4752.0,629.0,2759.0,False,0.7164159233124751,110,-3.3499999999999996
nmousta5,4,cv_val,nmousta5,110_G_2-4_WL_Bruise_OC_A244A_2026-03-06_DSC_3996,0.8390791165127965,0.7227702838735656,0.8555767397521449,0.8232056867690897,4196,4361,3590.0,606.0,771.0,False,0.9621646411373538,110,-3.3499999999999996
nmousta5,4,cv_val,nmousta5,137_E_2-3_WL_Bruise_A244B_2026-02-17_DSC_0142,0.1448075056615982,0.07805524553571429,0.11992283785232022,0.18272370999346832,9331,6124,1119.0,8212.0,5005.0,False,1.5236773350751143,137,-3.3499999999999996
nmousta5,4,cv_val,nmousta5,137_E_2-3_WL_Bruise_A244B_2026-02-17_DSC_0144,0.028065421465208556,0.014232430310168825,0.03533138401559454,0.023278214801733827,4104,6229,145.0,3959.0,6084.0,False,0.6588537485952801,137,-3.3499999999999996
nmousta5,4,cv_val,nmousta5,137_E_2-3_WL_Bruise_OC_A244B_2026-02-17_DSC_0146,0.0,0.0,0.0,0.0,8,5054,0.0,8.0,5054.0,True,0.0015829046299960427,137,-3.3499999999999996
nmousta5,4,cv_val,nmousta5,137_F_2-3_WL_Bruise_A244B_2026-02-25_DSC_0461,0.853289831430125,0.7441198786039454,0.8276371308016878,0.8805836139169473,4740,4455,3923.0,817.0,532.0,False,1.063973063973064,137,-3.3499999999999996
nmousta5,4,cv_val,nmousta5,137_F_2-3_WL_Bruise_A244B_2026-02-25_DSC_0462,0.8808510638297873,0.7870722433460076,0.8828399397892625,0.8788711288711288,3986,4004,3519.0,467.0,485.0,False,0.9955044955044955,137,-3.3499999999999996
nmousta5,4,cv_val,nmousta5,137_F_2-3_WL_Bruise_A244B_2026-02-25_DSC_0463,0.8667238054424684,0.7647948572508981,0.9114465975664714,0.8261846405228758,4438,4896,4045.0,393.0,851.0,False,0.9064542483660131,137,-3.3499999999999996
nmousta5,4,cv_val,nmousta5,137_F_2-3_WL_Bruise_OC_A244B_2026-02-25_DSC_0465,0.8977065890061886,0.8143989431968296,0.9057296767874633,0.8898243925908107,4084,4157,3699.0,385.0,458.0,False,0.9824392590810681,137,-3.3499999999999996
nmousta5,4,cv_val,nmousta5,137_F_2-3_WL_Bruise_OC_A244B_2026-02-25_DSC_0466,0.8249879634087627,0.7021102233148945,0.78963133640553,0.8636592741935484,4340,3968,3427.0,913.0,541.0,False,1.09375,137,-3.3499999999999996
nmousta5,4,cv_val,nmousta5,137_I_2-4_WL_Bruise_A244A_2026-03-03_DSC_7390,0.471589407473968,0.3085489002628303,0.3478633811603244,0.7319114027891714,12824,6095,4461.0,8363.0,1634.0,False,2.104019688269073,137,-3.3499999999999996
nmousta5,4,cv_val,nmousta5,137_I_2-4_WL_Bruise_A244A_2026-03-03_DSC_7391,0.6552892905987988,0.4873087467940214,0.5500648896875312,0.8102941176470588,10017,6800,5510.0,4507.0,1290.0,False,1.4730882352941177,137,-3.3499999999999996
nmousta5,4,cv_val,nmousta5,137_I_2-4_WL_Bruise_A244A_2026-03-03_DSC_7392,0.587347330863181,0.41577618029920344,0.4197724597881522,0.977615349474646,10196,4378,4280.0,5916.0,98.0,False,2.328917313841937,137,-3.3499999999999996
nmousta5,4,cv_val,nmousta5,137_I_2-4_WL_Bruise_OC_A244A_2026-03-03_DSC_7394,0.5916621548456957,0.42011379363370754,0.424685216850614,0.9750178443968593,12866,5604,5464.0,7402.0,140.0,False,2.2958600999286225,137,-3.3499999999999996
nmousta5,4,cv_val,nmousta5,137_I_2-4_WL_Bruise_OC_A244A_2026-03-03_DSC_7395,0.3577269220879403,0.21782426254149181,0.21782426254149181,1.0,15967,3478,3478.0,12489.0,0.0,False,4.59085681426107,137,-3.3499999999999996
nmousta5,4,cv_val,nmousta5,137_Q_2-4_WL_Bruise_A244A_2026-03-05_DSC_1194,0.3932998519464685,0.24478733783832618,0.2561252268602541,0.8468558569821227,26448,7999,6774.0,19674.0,1225.0,False,3.3064133016627077,137,-3.3499999999999996
nmousta5,4,cv_val,nmousta5,137_Q_2-4_WL_Bruise_A244A_2026-03-05_DSC_1195,0.5730574778586539,0.4015981505678963,0.4040552156545482,0.9850838264299803,19777,8112,7990.999999999999,11786.0,121.00000000000091,False,2.437993096646943,137,-3.3499999999999996
nmousta5,4,cv_val,nmousta5,137_Q_2-4_WL_Bruise_A244A_2026-03-05_DSC_1196,0.29470094674025216,0.17281481871283483,0.18058839703051965,0.8005850804485617,36370,8204,6568.0,29802.0,1636.0,False,4.433203315455875,137,-3.3499999999999996
nmousta5,4,cv_val,nmousta5,137_Q_2-4_WL_Bruise_OC_A244A_2026-03-05_DSC_1198,0.4873193454632321,0.3221561299152498,0.35490605427974947,0.7773402768957195,17244,7873,6120.0,11124.0,1753.0,False,2.190270544900292,137,-3.3499999999999996
nmousta5,4,cv_val,nmousta5,137_Q_2-4_WL_Bruise_OC_A244A_2026-03-05_DSC_1199,0.3303809193006831,0.19787802087306267,0.20326969653796836,0.8817985166872683,28076,6472,5707.0,22369.0,765.0,False,4.338071693448702,137,-3.3499999999999996
nmousta5,4,cv_val,nmousta5,189_A_2-4_WL_Bruise_A244A_2026-03-05_DSC_9791,0.512885868026055,0.3448866882498572,0.9837045084193373,0.3468684160122582,1841,5221,1811.0,30.0,3410.0,False,0.3526144416778395,189,-3.3499999999999996
nmousta5,4,cv_val,nmousta5,189_A_2-4_WL_Bruise_A244A_2026-03-05_DSC_9792,0.6807986196697067,0.5160687593423019,0.9215882549215882,0.5397693961305452,2997,5117,2762.0,235.0,2355.0,False,0.5856947430134845,189,-3.3499999999999996
nmousta5,4,cv_val,nmousta5,189_A_2-4_WL_Bruise_A244A_2026-03-05_DSC_9793,0.43579172392731713,0.27860210855134715,0.9861782999308915,0.27969423755390044,1447,5102,1427.0,20.0,3675.0,False,0.2836142689141513,189,-3.3499999999999996
nmousta5,4,cv_val,nmousta5,189_A_2-4_WL_Bruise_OC_A244A_2026-03-05_DSC_9795,0.635867948845048,0.46613372093023253,0.987072945521699,0.4689967826849956,3249,6838,3207.0,42.0,3631.0,False,0.47513892951155307,189,-3.3499999999999996
nmousta5,4,cv_val,nmousta5,189_A_2-4_WL_Bruise_OC_A244A_2026-03-05_DSC_9796,0.5222500272005223,0.3534089235753203,1.0,0.3534089235753203,2400,6791,2400.0,0.0,4391.0,False,0.3534089235753203,189,-3.3499999999999996
nmousta5,4,cv_val,nmousta5,224_F_2-6_WL_Bruise_A244A_2026-04-03_DSC_8751,0.8113284767127773,0.6825506128632419,0.9356239380781575,0.7161849710982658,5297,6920,4956.0,341.0,1964.0,False,0.7654624277456648,224,-3.3499999999999996
nmousta5,4,cv_val,nmousta5,224_F_2-6_WL_Bruise_A244A_2026-04-03_DSC_8752,0.7829510778619942,0.6433193141378195,0.8915041470522305,0.697964197964198,4461,5698,3977.0,484.0,1721.0,False,0.782906282906283,224,-3.3499999999999996
nmousta5,4,cv_val,nmousta5,224_F_2-6_WL_Bruise_A244A_2026-04-03_DSC_8753,0.881556966254594,0.7882001493651979,0.9101414280786478,0.8547133138969873,5798,6174,5277.0,521.0,897.0,False,0.939099449303531,224,-3.3499999999999996
nmousta5,4,cv_val,nmousta5,224_F_2-6_WL_Bruise_OC_A244A_2026-04-03_DSC_8755,0.779064039408867,0.6380875529554166,0.9297472075249853,0.6704111911827045,6804,9436,6326.0,478.0,3110.0,False,0.7210682492581603,224,-3.3499999999999996
nmousta5,4,cv_val,nmousta5,224_F_2-6_WL_Bruise_OC_A244A_2026-04-03_DSC_8756,0.7373572593800979,0.5839793281653747,0.9096954847742387,0.6199165175909362,5714,8385,5198.0,516.0,3187.0,False,0.6814549791293978,224,-3.3499999999999996
nmousta5,4,cv_val,nmousta5,266_A_2-5_WL_Bruise_A244A_2026-04-02_DSC_8376,0.759578349888506,0.6123549599607779,0.6192364898363907,0.982175622542595,6051,3815,3747.0000000000005,2303.9999999999995,67.99999999999955,False,1.5861074705111402,266,-3.3499999999999996
nmousta5,4,cv_val,nmousta5,266_A_2-5_WL_Bruise_A244A_2026-04-02_DSC_8377,0.7659615200536039,0.620695004654049,0.6250585845961568,0.9888779041028176,6401,4046,4000.9999999999995,2400.0000000000005,45.000000000000455,False,1.5820563519525457,266,-3.3499999999999996
nmousta5,4,cv_val,nmousta5,266_A_2-5_WL_Bruise_A244A_2026-04-02_DSC_8378,0.8903936646390451,0.8024410426148118,0.8734519252420626,0.9080056179775281,4441,4272,3879.0,562.0,393.0,False,1.039559925093633,266,-3.3499999999999996
nmousta5,4,cv_val,nmousta5,266_A_2-5_WL_Bruise_OC_A244A_2026-04-02_DSC_8380,0.8871973587674248,0.7972638865996374,0.8712175792507204,0.9037742899850523,5552,5352,4837.0,715.0,515.0,False,1.0373692077727952,266,-3.3499999999999996
nmousta5,4,cv_val,nmousta5,266_A_2-5_WL_Bruise_OC_A244A_2026-04-02_DSC_8381,0.8690089746037808,0.7683606280601046,0.7984210526315789,0.953288646837034,5700,4774,4551.0,1149.0,223.0,False,1.193967322999581,266,-3.3499999999999996
nmousta5,4,cv_val,nmousta5,266_C_2-6_WL_Bruise_A244A_2026-05-29_DSC_4298,0.6779633533322523,0.5128173678400588,0.5155999506720927,0.989585798816568,24327,12675,12543.0,11784.0,132.0,False,1.9192899408284023,266,-3.3499999999999996
nmousta5,4,cv_val,nmousta5,266_C_2-6_WL_Bruise_A244A_2026-05-29_DSC_4299,0.8207299731395166,0.6959644139557318,0.7051476976542137,0.9816312646458538,18416,13229,12986.0,5430.0,243.0,False,1.3920931287323304,266,-3.3499999999999996
nmousta5,4,cv_val,nmousta5,266_C_2-6_WL_Bruise_OC_A244A_2026-05-29_DSC_4303,0.8076835701845168,0.6774070624100262,0.6798249341378432,0.9947770938257787,23534,16083,15999.0,7535.0,84.0,False,1.4632842131443138,266,-3.3499999999999996
nmousta5,4,cv_val,nmousta5,269_F_2-6_WL_Bruise_A244A_2026-04-04_DSC_1034,0.7631537367672618,0.6170158405723045,0.7535101404056163,0.7730473751600512,3205,3124,2415.0,790.0,709.0,False,1.0259282970550576,269,-3.3499999999999996
nmousta5,4,cv_val,nmousta5,269_F_2-6_WL_Bruise_A244A_2026-04-04_DSC_1035,0.7211860353897657,0.5639491398653702,0.7263969171483622,0.7160493827160493,2076,2106,1508.0,568.0,598.0,False,0.9857549857549858,269,-3.3499999999999996
nmousta5,4,cv_val,nmousta5,269_F_2-6_WL_Bruise_A244A_2026-04-04_DSC_1036,0.8627951499680919,0.7586980920314254,0.9328426862925483,0.8025326474079937,2174,2527,2028.0,146.0,499.0,False,0.8603086664028492,269,-3.3499999999999996
nmousta5,4,cv_val,nmousta5,269_F_2-6_WL_Bruise_OC_A244A_2026-04-04_DSC_1038,0.756232159847764,0.6080171358629131,0.7520817562452687,0.7604286261002678,2642,2613,1987.0,655.0,626.0,False,1.0110983543819365,269,-3.3499999999999996
nmousta5,4,cv_val,nmousta5,269_F_2-6_WL_Bruise_OC_A244A_2026-04-04_DSC_1039,0.7859795039358384,0.6474186444825055,0.8432122370936902,0.7360222531293463,3138,3595,2646.0,492.0,949.0,False,0.8728789986091794,269,-3.3499999999999996
nmousta5,4,cv_val,nmousta5,269_G_2-6_WL_Bruise_A244A_2026-04-06_DSC_1631,0.9051965657478536,0.8268119531121016,0.8712595685455811,0.941884521346624,11496,10634,10016.0,1480.0,618.0,False,1.081060748542411,269,-3.3499999999999996
nmousta5,4,cv_val,nmousta5,269_G_2-6_WL_Bruise_A244A_2026-04-06_DSC_1632,0.9036972407023667,0.8243135694389176,0.8777542372881356,0.9312204989885368,9440,8898,8286.0,1154.0,612.0,False,1.0609125646212632,269,-3.3499999999999996
nmousta5,4,cv_val,nmousta5,269_G_2-6_WL_Bruise_A244A_2026-04-06_DSC_1633,0.8507617539452847,0.7402831892045995,0.7479596735477676,0.9863256520638136,10415,7898,7790.0,2625.0,108.0,False,1.318688275512788,269,-3.3499999999999996
nmousta5,4,cv_val,nmousta5,269_G_2-6_WL_Bruise_OC_A244A_2026-04-06_DSC_1635,0.8806322334169819,0.7867228802783912,0.9288140949672118,0.837202677681242,12657,14042,11756.0,901.0,2286.0,False,0.9013673265916536,269,-3.3499999999999996
nmousta5,4,cv_val,nmousta5,269_G_2-6_WL_Bruise_OC_A244A_2026-04-06_DSC_1636,0.84575455974094,0.7327337239046126,0.8560686397377808,0.8356860530773574,10373,10626,8880.0,1493.0,1746.0,False,0.9761904761904762,269,-3.3499999999999996
nmousta5,4,cv_val,nmousta5,269_H_2-6_WL_Bruise_A244A_2026-04-06_DSC_1650,0.7019960079840319,0.5408273104720898,0.5443429809626993,0.9881989322843495,6461,3559,3517.0,2944.0,42.0,False,1.8153975835908964,269,-3.3499999999999996
nmousta5,4,cv_val,nmousta5,269_H_2-6_WL_Bruise_A244A_2026-04-06_DSC_1651,0.585742045178528,0.4141691713181623,0.6587897828165551,0.5272767027440691,7321,9147,4823.0,2498.0,4324.0,False,0.8003717065704603,269,-3.3499999999999996
nmousta5,4,cv_val,nmousta5,269_H_2-6_WL_Bruise_A244A_2026-04-06_DSC_1652,0.6903102126176368,0.5270791749833666,0.5270791749833666,1.0,7515,3961,3961.0,3554.0,0.0,False,1.8972481696541277,269,-3.3499999999999996
nmousta5,4,cv_val,nmousta5,269_H_2-6_WL_Bruise_OC_A244A_2026-04-06_DSC_1654,0.6666666666666666,0.5,0.8259376287951642,0.5588918843543739,7279,10757,6012.0,1267.0,4745.0,False,0.6766756530631217,269,-3.3499999999999996
nmousta5,4,cv_val,nmousta5,269_H_2-6_WL_Bruise_OC_A244A_2026-04-06_DSC_1655,0.8691216323927945,0.7685367916549196,0.7827709978463747,0.9768858627486113,6965,5581,5452.0,1513.0,129.0,False,1.2479842322164487,269,-3.3499999999999996
nmousta5,4,cv_val,nmousta5,276_B_2-6_WL_Bruise_A244A_2026-04-04_DSC_0358,0.8912310286677909,0.8038022813688213,0.8580416032470827,0.9270913277052955,9855,9121,8456.0,1399.0,665.0,False,1.0804736322771626,276,-3.3499999999999996
nmousta5,4,cv_val,nmousta5,276_B_2-6_WL_Bruise_A244A_2026-04-04_DSC_0359,0.8941115968115196,0.8085007440476191,0.8562001378902787,0.9355359448988377,10153,9292,8693.0,1460.0,599.0,False,1.0926603529918208,276,-3.3499999999999996
nmousta5,4,cv_val,nmousta5,276_B_2-6_WL_Bruise_A244A_2026-04-04_DSC_0360,0.8174531260890778,0.6912648827065897,0.8237111953926113,0.811289429994466,7119,7228,5864.0,1255.0,1364.0,False,0.9849197565024903,276,-3.3499999999999996
nmousta5,4,cv_val,nmousta5,276_B_2-6_WL_Bruise_OC_A244A_2026-04-04_DSC_0362,0.9547098425415902,0.9133443338478735,0.9482730035921525,0.9612346647246652,18095,17851,17159.0,936.0,692.0,False,1.0136687020334996,276,-3.3499999999999996
nmousta5,4,cv_val,nmousta5,276_B_2-6_WL_Bruise_OC_A244A_2026-04-04_DSC_0363,0.918490199994294,0.8492666455629418,0.9018432405176761,0.9357632833391466,17849,17202,16097.0,1752.0,1105.0,False,1.037611905592373,276,-3.3499999999999996
nmousta5,4,cv_val,nmousta5,283_A_2-6_WL_Bruise_A244A_2026-04-06_DSC_1464,0.3590941768511862,0.21883899233296825,0.22150776053215077,0.9478178368121443,4510,1054,999.0000000000001,3511.0,54.999999999999886,False,4.278937381404175,283,-3.3499999999999996
nmousta5,4,cv_val,nmousta5,283_A_2-6_WL_Bruise_A244A_2026-04-06_DSC_1465,0.0,0.0,0.0,0.0,5034,277,0.0,5034.0,277.0,True,18.173285198555956,283,-3.3499999999999996
nmousta5,4,cv_val,nmousta5,283_A_2-6_WL_Bruise_OC_A244A_2026-04-06_DSC_1467,0.24733637747336376,0.1411202778983934,0.15186915887850466,0.6659836065573771,4280,976,650.0,3630.0,326.0,False,4.385245901639344,283,-3.3499999999999996
nmousta5,4,cv_val,nmousta5,283_A_2-6_WL_Bruise_OC_A244A_2026-04-06_DSC_1468,0.36689990873136596,0.22466467958271236,0.22923398593423303,0.9185072353389185,5261,1313,1206.0,4055.0,107.0,False,4.006854531607007,283,-3.3499999999999996
nmousta5,4,cv_val,nmousta5,284_J_2-6_WL_Bruise_A244A_2026-04-06_DSC_1996,0.6591713881019831,0.4916149478410141,0.8123499890901157,0.5545955608520781,4583,6713,3723.0000000000005,859.9999999999995,2989.9999999999995,False,0.6827051988678683,284,-3.3499999999999996
nmousta5,4,cv_val,nmousta5,52_J_2-4_WL_Bruise_OC_A244A_2026-03-08_DSC_4696,0.5399178603626165,0.3697859495060373,0.4269645120405577,0.7341323889948242,6312,3671,2695.0,3617.0,976.0,False,1.7194225006810133,52,-3.3499999999999996
nmousta5,4,cv_val,nmousta5,52_L_2-4_WL_Bruise_A244A_2026-03-08_DSC_4729,0.9092270322430372,0.83356212440133,0.8860533739745128,0.9336454026719514,30839,29267,27325.0,3514.0,1942.0,False,1.053712372296443,52,-3.3499999999999996
nmousta5,4,cv_val,nmousta5,52_L_2-4_WL_Bruise_A244A_2026-03-08_DSC_4730,0.8991394148020654,0.8167604752970606,0.8349790438303616,0.9739807756049055,28154,24136,23508.0,4646.0,628.0,False,1.1664733178654292,52,-3.3499999999999996
nmousta5,4,cv_val,nmousta5,52_L_2-4_WL_Bruise_A244A_2026-03-08_DSC_4731,0.8873124244363844,0.7974497459333355,0.9093327502642032,0.8663333680519391,27441,28803,24953.0,2488.0,3850.0,False,0.9527132590355172,52,-3.3499999999999996
nmousta5,4,cv_val,nmousta5,52_L_2-4_WL_Bruise_OC_A244A_2026-03-08_DSC_4733,0.8490499838065422,0.7376949232031891,0.9670468168823584,0.7567171000408919,32531,41573,31459.0,1072.0,10114.0,False,0.7825030668943785,52,-3.3499999999999996
nmousta5,4,cv_val,nmousta5,52_L_2-4_WL_Bruise_OC_A244A_2026-03-08_DSC_4734,0.9439844332201706,0.8939114752812953,0.964386922133401,0.9244273261706872,23643,24665,22801.0,842.0,1864.0,False,0.9585647678897222,52,-3.3499999999999996
nmousta5,4,test,hliu36,170_F_2-4_WL_Bruise_A244A_2026-03-05_DSC_1856,0.8300011830119485,0.7094034378159757,0.9154488517745303,0.759143042631465,3832,4621,3508.0,324.0,1113.0,False,0.8292577364206881,170,-3.3499999999999996
nmousta5,4,test,hliu36,170_F_2-4_WL_Bruise_OC_A244A_2026-03-05_DSC_1860,0.3510127490479607,0.21286565365821006,0.24351022283482657,0.6284584980237155,13059,5060,3180.0,9879.0,1880.0,False,2.580830039525692,170,-3.3499999999999996
nmousta5,4,test,hliu36,182_Q_2-6_WL_Bruise_A244A_2026-04-06_DSC_2484,0.7268355242064765,0.5708889448501637,0.6250344637441412,0.8682497127537342,3627,2611,2267.0,1360.0,344.0,False,1.3891229414017618,182,-3.3499999999999996
nmousta5,4,test,hliu36,182_Q_2-6_WL_Bruise_A244A_2026-04-06_DSC_2485,0.3706772334293948,0.2275038691134203,0.26699532952776334,0.6060070671378092,3854,1698,1029.0,2825.0,669.0,False,2.269729093050648,182,-3.3499999999999996
nmousta5,4,test,hliu36,182_Q_2-6_WL_Bruise_A244A_2026-04-06_DSC_2486,0.4566440349175558,0.29587732528909,1.0,0.29587732528909,1177,3978,1177.0,0.0,2801.0,False,0.29587732528909,182,-3.3499999999999996
nmousta5,4,test,hliu36,182_Q_2-6_WL_Bruise_OC_A244A_2026-04-06_DSC_2488,0.7694023608142021,0.6252265861027191,0.7049906319196049,0.8467675941080196,5871,4888,4139.0,1732.0,749.0,False,1.2011047463175122,182,-3.3499999999999996
nmousta5,4,test,hliu36,20_D_2-6_WL_Bruise_A244A_2026-04-04_DSC_0400,0.9400080167460918,0.8868067226890757,0.9766774641369736,0.905992445054945,10805,11648,10553.0,252.0,1095.0,False,0.9276270604395604,20,-3.3499999999999996
nmousta5,4,test,hliu36,20_D_2-6_WL_Bruise_OC_A244A_2026-04-04_DSC_0403,0.9413097574298489,0.8891266959678961,0.9472312703583062,0.935461819936467,24560,24869,23264.0,1296.0,1605.0,False,0.9875748924363665,20,-3.3499999999999996
nmousta5,4,test,hliu36,20_D_2-6_WL_Bruise_OC_A244A_2026-04-04_DSC_0404,0.9250433358096654,0.8605401190813723,0.9476621653266724,0.9034790697674419,25622,26875,24281.0,1341.0,2594.0,False,0.9533767441860466,20,-3.3499999999999996
nmousta5,4,test,hliu36,226_A_2-4_WL_Bruise_A244A_2026-03-06_DSC_3569,0.7091820745847697,0.5494051954357854,0.5613991565368395,0.962569119523607,4031,2351,2263.0,1768.0,88.0,False,1.7145895363675032,226,-3.3499999999999996
nmousta5,4,test,hliu36,226_A_2-4_WL_Bruise_A244A_2026-03-06_DSC_3570,0.7921218139688845,0.655796108522883,0.7367610837438424,0.8564781675017895,3248,2794,2393.0,855.0,401.0,False,1.1624910522548317,226,-3.3499999999999996
nmousta5,4,test,hliu36,226_A_2-4_WL_Bruise_A244A_2026-03-06_DSC_3571,0.7397959183673469,0.5870445344129555,0.5969125214408233,0.9726103968697597,2915,1789,1740.0,1175.0,49.0,False,1.6294019005030744,226,-3.3499999999999996
nmousta5,4,test,hliu36,226_A_2-4_WL_Bruise_OC_A244A_2026-03-06_DSC_3573,0.8786853552440793,0.7836206896551724,0.8268647665251667,0.9374355448607768,3298,2909,2727.0,571.0,182.0,False,1.1337229288415263,226,-3.3499999999999996
nmousta5,4,test,hliu36,226_A_2-4_WL_Bruise_OC_A244A_2026-03-06_DSC_3574,0.6656643488066153,0.4988732394366197,0.9709429824561403,0.506434086359737,1824,3497,1771.0,53.0,1726.0,False,0.5215899342293394,226,-3.3499999999999996
nmousta5,4,test,hliu36,226_C_2-4_WL_Bruise_A244A_2026-03-06_DSC_3610,0.9005134788189987,0.8190309398715704,0.8636503539550631,0.9406637613141133,3249,2983,2806.0,443.0,177.0,False,1.089171974522293,226,-3.3499999999999996
nmousta5,4,test,hliu36,226_C_2-4_WL_Bruise_A244A_2026-03-06_DSC_3611,0.8690372940156115,0.7684049079754601,0.7934748178650618,0.9605061349693251,3157,2608,2505.0,652.0,103.0,False,1.2105061349693251,226,-3.3499999999999996
nmousta5,4,test,hliu36,226_C_2-4_WL_Bruise_A244A_2026-03-06_DSC_3612,0.8227339953517854,0.698851399856425,0.8177236455270894,0.8278061224489796,2381,2352,1947.0,434.0,405.0,False,1.0123299319727892,226,-3.3499999999999996
nmousta5,4,test,hliu36,226_C_2-4_WL_Bruise_OC_A244A_2026-03-06_DSC_3614,0.9391409558378705,0.8852645985401459,0.9707353676838419,0.9095383173189595,3998,4267,3881.0,117.0,386.0,False,0.9369580501523318,226,-3.3499999999999996
nmousta5,4,test,hliu36,226_C_2-4_WL_Bruise_OC_A244A_2026-03-06_DSC_3615,0.882395123700251,0.7895412255373757,0.8512625389138706,0.915891328619278,2891,2687,2461.0,430.0,226.0,False,1.0759211016002976,226,-3.3499999999999996
nmousta5,4,test,hliu36,228_B_2-4_WL_Bruise_A244A_2026-03-06_DSC_3718,0.7948077883175237,0.6594863297431649,0.8337988826815642,0.7593004769475358,2864,3145,2388.0,476.0,757.0,False,0.9106518282988871,228,-3.3499999999999996
nmousta5,4,test,hliu36,228_B_2-4_WL_Bruise_A244A_2026-03-06_DSC_3719,0.8271581719014481,0.7052597819114818,0.9990913221263062,0.7057124518613607,2201,3116,2199.0,2.0,917.0,False,0.7063543003851092,228,-3.3499999999999996
nmousta5,4,test,hliu36,228_B_2-4_WL_Bruise_A244A_2026-03-06_DSC_3720,0.7450263905805927,0.5936590100291168,1.0,0.5936590100291168,1835,3091,1834.9999999999998,2.2737367544323206e-13,1256.0000000000002,False,0.5936590100291168,228,-3.3499999999999996
nmousta5,4,test,hliu36,228_B_2-4_WL_Bruise_A244A_2026-03-06_DSC_3721,0.7426937738246506,0.5907023749368367,0.8937308868501529,0.6353260869565217,2616,3680,2338.0,278.0,1342.0,False,0.7108695652173913,228,-3.3499999999999996
nmousta5,4,test,hliu36,228_B_2-4_WL_Bruise_OC_A244A_2026-03-06_DSC_3723,0.7559406590521203,0.6076403545799915,0.9839371155160629,0.6137284161159667,2926,4691,2879.0,47.0,1812.0,False,0.623747601790663,228,-3.3499999999999996
nmousta5,4,test,hliu36,228_B_2-4_WL_Bruise_OC_A244A_2026-03-06_DSC_3724,0.8631722260040844,0.7592814371257485,0.9840900271633682,0.7687177932706881,2577,3299,2536.0,41.0,763.0,False,0.7811458017581085,228,-3.3499999999999996
nmousta5,4,test,hliu36,232_A_2-4_WL_Bruise_A244A_2026-03-06_DSC_3868,0.31243815342253584,0.1851417499490108,0.27257713384881016,0.36595444466841365,13321,9922,3631.0,9690.0,6291.0,False,1.3425720620842572,232,-3.3499999999999996
nmousta5,4,test,hliu36,232_A_2-4_WL_Bruise_A244A_2026-03-06_DSC_3869,0.6889698575687314,0.5255179383527034,1.0,0.5255179383527034,6240,11874,6240.0,0.0,5634.0,False,0.5255179383527034,232,-3.3499999999999996
nmousta5,4,test,hliu36,232_A_2-4_WL_Bruise_A244A_2026-03-06_DSC_3870,0.0,0.0,0.0,0.0,955,7123,0.0,955.0,7123.0,True,0.134072722167626,232,-3.3499999999999996
nmousta5,4,test,hliu36,232_A_2-4_WL_Bruise_OC_A244A_2026-03-06_DSC_3876,0.7035142932074482,0.5426317386467078,0.86504353434376,0.592817679558011,6202,9050,5365.0,837.0,3685.0,False,0.685303867403315,232,-3.3499999999999996
nmousta5,4,test,hliu36,232_A_2-4_WL_Bruise_OC_A244A_2026-03-06_DSC_3877,0.7156939293382784,0.5572611900600349,0.6523440975002224,0.7926710625878284,11241,9251,7333.0,3908.0,1918.0,False,1.2151118797967788,232,-3.3499999999999996
nmousta5,4,test,hliu36,233_B_2-4_WL_Bruise_A244A_2026-03-06_DSC_4197,0.5069484993577017,0.33953852170512316,0.9540659340659341,0.3451812977099237,4550,12576,4341.0,209.0,8235.0,False,0.3618002544529262,233,-3.3499999999999996
nmousta5,4,test,hliu36,233_B_2-4_WL_Bruise_A244A_2026-03-06_DSC_4199,0.6925958396429426,0.5297488417459156,1.0,0.5297488417459156,8690,16404,8690.0,0.0,7714.0,False,0.5297488417459156,233,-3.3499999999999996
nmousta5,4,test,hliu36,233_B_2-4_WL_Bruise_OC_A244A_2026-03-06_DSC_4201,0.4005463414634146,0.2504269750646562,1.0,0.2504269750646562,5132,20493,5132.0,0.0,15361.0,False,0.2504269750646562,233,-3.3499999999999996
nmousta5,4,test,hliu36,235_A_2-4_WL_Bruise_A244A_2026-03-08_DSC_4349,0.8177757773007409,0.691726460682384,0.9759514069666543,0.703721359830766,24201,33563,23619.0,582.0,9944.0,False,0.7210618836218455,235,-3.3499999999999996
nmousta5,4,test,hliu36,235_A_2-4_WL_Bruise_A244A_2026-03-08_DSC_4350,0.7827277064865272,0.6430177624657025,0.9998716838289545,0.6430708287771565,31173,48469,31169.0,4.0,17300.0,False,0.6431533557531618,235,-3.3499999999999996
nmousta5,4,test,hliu36,235_A_2-4_WL_Bruise_A244A_2026-03-08_DSC_4351,0.7385940253887513,0.5855323664662186,0.9520878868054756,0.6033093997157124,17386,27437,16553.0,833.0,10884.0,False,0.6336698618653643,235,-3.3499999999999996
nmousta5,4,test,hliu36,235_A_2-4_WL_Bruise_OC_A244A_2026-03-08_DSC_4353,0.8378992342525312,0.7210211531988712,0.9773285603986804,0.733285936224557,28494,37977,27848.0,646.0,10129.0,False,0.7502962319298523,235,-3.3499999999999996
nmousta5,4,test,hliu36,235_A_2-4_WL_Bruise_OC_A244A_2026-03-08_DSC_4354,0.8518225381704105,0.741891011179626,0.8789012620638456,0.8263625195443377,33675,35816,29597.0,4078.0,6219.0,False,0.9402222470404289,235,-3.3499999999999996
nmousta5,4,test,hliu36,236_C_2-4_WL_Bruise_A244A_2026-03-08_DSC_4462,0.15110386206093085,0.08172652804032766,0.4801925212884117,0.08965850960873772,5402,28932,2594.0,2808.0,26338.0,False,0.1867136734411724,236,-3.3499999999999996
nmousta5,4,test,hliu36,236_C_2-4_WL_Bruise_A244A_2026-03-08_DSC_4463,0.14089358038077623,0.0757856456703719,0.7611991729841489,0.07763134774204884,2902,28455,2209.0,693.0,26246.0,False,0.10198559128448427,236,-3.3499999999999996
nmousta5,4,test,hliu36,236_C_2-4_WL_Bruise_A244A_2026-03-08_DSC_4464,0.07572033676724363,0.039349964671993046,0.49896623018607855,0.0409687641466727,2902,35344,1448.0,1454.0,33896.0,False,0.08210728836577637,236,-3.3499999999999996
nmousta5,4,test,hliu36,236_C_2-4_WL_Bruise_OC_A244A_2026-03-08_DSC_4467,0.0,0.0,0.0,0.0,1600,43609,0.0,1600.0,43609.0,True,0.03668967414983146,236,-3.3499999999999996
nmousta5,4,test,hliu36,236_C_2-4_WL_Bruise_OC_A244A_2026-03-08_DSC_4468,0.0,0.0,0.0,0.0,3513,30065,0.0,3513.0,30065.0,True,0.11684683186429402,236,-3.3499999999999996
nmousta5,4,test,hliu36,236_E_2-4_WL_Bruise_OC_A244A_2026-02-26_DSC_5722,0.6279231764354662,0.45764432840150854,0.9976284584980237,0.45814274304799246,6325,13773,6310.0,15.0,7463.0,False,0.4592318303927975,236,-3.3499999999999996
nmousta5,4,test,hliu36,237_AC_2-5_WL_Bruise_A244A_2026-02-16_DSC_7084,0.25872140004155797,0.14858127817555025,1.0,0.14858127817555025,5603,37710,5603.0,0.0,32107.0,False,0.14858127817555025,237,-3.3499999999999996
nmousta5,4,test,hliu36,237_AC_2-5_WL_Bruise_A244A_2026-02-16_DSC_7085,0.49382782891174876,0.3278694417484453,0.9765524625267666,0.3304710144927536,9340,27600,9121.0,219.0,18479.0,False,0.3384057971014493,237,-3.3499999999999996
nmousta5,4,test,hliu36,237_AC_2-5_WL_Bruise_A244A_2026-02-16_DSC_7086,0.3918950248064172,0.24369990196643793,1.0,0.24369990196643793,12678,52023,12678.0,0.0,39345.0,False,0.24369990196643793,237,-3.3499999999999996
nmousta5,4,test,hliu36,237_AC_2-5_WL_Bruise_OC_A244A_2026-02-16_DSC_7088,0.757014276350498,0.6090289389067524,0.9968842105263158,0.6101904590087884,23750,38801,23676.0,74.0,15125.0,False,0.6120976263498363,237,-3.3499999999999996
nmousta5,4,test,hliu36,237_AC_2-5_WL_Bruise_OC_A244A_2026-02-16_DSC_7089,0.7941021253458285,0.6585152375142561,0.9927229108356658,0.6617094427120812,25010,37521,24828.0,182.0,12693.0,False,0.6665600596999014,237,-3.3499999999999996
nmousta5,4,test,hliu36,237_AD_2-5_WL_Bruise_A244A_2026-02-16_DSC_7116,0.8567114410645191,0.74933964340744,0.9104707140946777,0.8089467118160756,14956,16833,13617.0,1339.0,3216.0,False,0.8884928414424048,237,-3.3499999999999996
nmousta5,4,test,hliu36,237_AD_2-5_WL_Bruise_A244A_2026-02-16_DSC_7117,0.8692164831911285,0.7686851375797391,0.8618168232280102,0.876744312320139,18736,18417,16147.0,2589.0,2270.0,False,1.0173209534669057,237,-3.3499999999999996
nmousta5,4,test,hliu36,237_AD_2-5_WL_Bruise_A244A_2026-02-16_DSC_7118,0.8526327093102337,0.7431209833406127,0.988217723199469,0.7497639282341831,12052,15885,11910.0,142.0,3975.0,False,0.7587031790997797,237,-3.3499999999999996
nmousta5,4,test,hliu36,237_AD_2-5_WL_Bruise_OC_A244A_2026-02-16_DSC_7120,0.8369390530349858,0.7196003401360545,0.9803779595974224,0.7301159342140738,13811,18545,13540.0,271.0,5005.0,False,0.7447290374764087,237,-3.3499999999999996
nmousta5,4,test,hliu36,237_AD_2-5_WL_Bruise_OC_A244A_2026-02-16_DSC_7121,0.7658264016762969,0.6205175695837835,0.9779453498743209,0.6293242890686147,12333,19165,12061.0,272.0,7104.0,False,0.6435168275502218,237,-3.3499999999999996
nmousta5,4,test,hliu36,237_AE_2-5_WL_Bruise_A244A_2026-02-16_DSC_7217,0.8238863164617596,0.7005158837903883,0.8409387222946545,0.8075117370892019,6136,6390,5160.0,976.0,1230.0,False,0.9602503912363067,237,-3.3499999999999996
nmousta5,4,test,hliu36,237_AE_2-5_WL_Bruise_A244A_2026-02-16_DSC_7218,0.7991218441273326,0.6654478976234004,0.917069074112954,0.7080564110876966,4763,6169,4368.0,395.0,1801.0,False,0.772086237639812,237,-3.3499999999999996
nmousta5,4,test,hliu36,237_AE_2-5_WL_Bruise_A244A_2026-02-16_DSC_7219,0.7564705882352941,0.6083254493850521,0.997982306379016,0.6090745476934736,6443,10557,6430.0,13.0,4127.0,False,0.6103059581320451,237,-3.3499999999999996
nmousta5,4,test,hliu36,237_AE_2-5_WL_Bruise_OC_A244A_2026-02-16_DSC_7221,0.6312958106381548,0.4612361206642429,0.8008872206108173,0.520976692563818,5861,9010,4694.0,1167.0,4316.0,False,0.6504994450610433,237,-3.3499999999999996
nmousta5,4,test,hliu36,237_AE_2-5_WL_Bruise_OC_A244A_2026-02-16_DSC_7222,0.5007216395650919,0.33397509947375176,0.40207061732210464,0.6635216116282034,12943,7843,5204.0,7739.0,2639.0,False,1.6502613795741425,237,-3.3499999999999996
nmousta5,4,test,hliu36,237_B_2-4_WL_Bruise_A244A_2026-03-08_DSC_4584,0.8252581582239562,0.70250171473954,0.9460379192999514,0.7318265578579218,20570,26591,19460.0,1110.0,7131.0,False,0.7735700048888722,237,-3.3499999999999996
nmousta5,4,test,hliu36,237_B_2-4_WL_Bruise_A244A_2026-03-08_DSC_4587,0.850238707308116,0.7394915037690047,0.9327460249247959,0.7811417517657114,18616,22229,17364.0,1252.0,4865.0,False,0.8374645733051419,237,-3.3499999999999996
nmousta5,4,test,hliu36,237_B_2-4_WL_Bruise_A244A_2026-03-08_DSC_4588,0.775192348167723,0.6329094588918166,0.9320661342931054,0.6635173545778454,17782,24979,16574.0,1208.0,8405.0,False,0.7118779775011009,237,-3.3499999999999996
nmousta5,4,test,hliu36,237_B_2-4_WL_Bruise_OC_A244A_2026-03-08_DSC_4591,0.7180484442693974,0.5601213564268981,0.9671750663129973,0.5709755715627937,15080,25544,14585.0,495.0,10959.0,False,0.5903538991544003,237,-3.3499999999999996
nmousta5,4,test,hliu36,237_B_2-4_WL_Bruise_OC_A244A_2026-03-08_DSC_4592,0.689247402652251,0.5258409588864544,0.8929255348251901,0.5612297534303106,18277,29079,16320.0,1957.0,12759.0,False,0.6285291791327074,237,-3.3499999999999996
nmousta5,4,test,hliu36,237_C_2-4_WL_Bruise_A244A_2026-03-08_DSC_4608,0.8355369983762468,0.7175298804780876,0.8873013917970194,0.7894794520547945,8119,9125,7204.0,915.0,1921.0,False,0.8897534246575343,237,-3.3499999999999996
nmousta5,4,test,hliu36,237_C_2-4_WL_Bruise_A244A_2026-03-08_DSC_4609,0.6476200743895207,0.47887436224489793,0.9818568159529258,0.4831496822971125,6118,12433,6007.0,111.0,6426.0,False,0.4920775355907665,237,-3.3499999999999996
nmousta5,4,test,hliu36,237_C_2-4_WL_Bruise_A244A_2026-03-08_DSC_4610,0.8182775780029785,0.6924448269502674,0.8209912536443149,0.8155817826370284,13720,13811,11264.0,2456.0,2547.0,False,0.99341104916371,237,-3.3499999999999996
nmousta5,4,test,hliu36,237_C_2-4_WL_Bruise_OC_A244A_2026-03-08_DSC_4613,0.5762750804104764,0.4047657468667635,0.8948745391842075,0.4249731744507822,8409,17707,7525.0,884.0,10182.0,False,0.4748969334161631,237,-3.3499999999999996
nmousta5,4,test,hliu36,237_C_2-4_WL_Bruise_OC_A244A_2026-03-08_DSC_4615,0.6313922892117607,0.4613391289810248,0.8655897114178168,0.496938591752206,6376,11106,5519.0,857.0,5587.0,False,0.574104087880425,237,-3.3499999999999996
nmousta5,4,test,hliu36,237_E_2-4_WL_Bruise_A244A_2026-03-08_DSC_4651,0.811186927635123,0.6823502756589381,0.9542670046472328,0.7054184884447221,9468,12808,9035.0,433.0,3773.0,False,0.7392254840724547,237,-3.3499999999999996
nmousta5,4,test,hliu36,237_E_2-4_WL_Bruise_A244A_2026-03-08_DSC_4652,0.8304451240231057,0.7100522951772226,0.9575551782682513,0.7331266873312668,7657,10001,7332.0,325.0,2669.0,False,0.7656234376562344,237,-3.3499999999999996
nmousta5,4,test,hliu36,237_E_2-4_WL_Bruise_A244A_2026-03-08_DSC_4653,0.8581485392467441,0.7515413070283601,0.9753560569691151,0.766088486676722,6249,7956,6095.0,154.0,1861.0,False,0.7854449472096531,237,-3.3499999999999996
nmousta5,4,test,hliu36,237_E_2-4_WL_Bruise_OC_A244A_2026-03-08_DSC_4656,0.7648653533345382,0.6192566578870354,0.7441969519343493,0.7867145866898004,8530,8069,6348.0,2182.0,1721.0,False,1.0571322344776304,237,-3.3499999999999996
nmousta5,4,test,hliu36,237_E_2-4_WL_Bruise_OC_A244A_2026-03-08_DSC_4657,0.8710736721873216,0.7715947894270899,0.9547730829420971,0.8008663691257548,6390,7618,6101.0,289.0,1517.0,False,0.8388028353898661,237,-3.3499999999999996
nmousta5,4,test,hliu36,237_J_2-4_WL_Bruise_A244A_2026-02-26_DSC_5578,0.7673732977677945,0.6225512528473804,0.6385016743244296,0.961421200750469,25682,17056,16398.0,9284.0,658.0,False,1.5057457786116322,237,-3.3499999999999996
nmousta5,4,test,hliu36,237_J_2-4_WL_Bruise_A244A_2026-02-26_DSC_5579,0.6742466055856055,0.5085761865112406,0.5406984464214579,0.8954042366048524,22593,13643,12216.0,10377.0,1427.0,False,1.6560140731510664,237,-3.3499999999999996
nmousta5,4,test,hliu36,237_J_2-4_WL_Bruise_A244A_2026-02-26_DSC_5580,0.7959170694479776,0.6610151587175831,0.676596204789966,0.9663346459732839,18497,12951,12515.0,5982.0,436.0,False,1.4282294803490079,237,-3.3499999999999996
nmousta5,4,test,hliu36,237_J_2-4_WL_Bruise_OC_A244A_2026-02-26_DSC_5582,0.8901045168388241,0.8019714742001212,0.8308894847948879,0.958407370845673,17527,15195,14563.0,2964.0,632.0,False,1.1534715366897006,237,-3.3499999999999996
nmousta5,4,test,hliu36,237_J_2-4_WL_Bruise_OC_A244A_2026-02-26_DSC_5583,0.835022083658093,0.7167707404103479,0.7819951338199513,0.8957636566332219,12330,10764,9642.0,2688.0,1122.0,False,1.145484949832776,237,-3.3499999999999996
nmousta5,4,test,hliu36,237_N_2-4_WL_Bruise_A244A_2026-02-26_DSC_5858,0.8069086945585646,0.676317638791286,0.8279421885753613,0.7869174161896975,5812,6115,4812.0,1000.0,1303.0,False,0.9504497138184792,237,-3.3499999999999996
nmousta5,4,test,hliu36,237_N_2-4_WL_Bruise_A244A_2026-02-26_DSC_5859,0.79559277214632,0.6605679156908665,0.9969074442235476,0.6619243179818128,4527,6818,4513.0,14.0,2305.0,False,0.6639777060721619,237,-3.3499999999999996
nmousta5,4,test,hliu36,237_N_2-4_WL_Bruise_A244A_2026-02-26_DSC_5860,0.7754710188407536,0.63328106624853,0.7654584221748401,0.7857490272373541,4221,4112,3231.0,990.0,881.0,False,1.0265077821011672,237,-3.3499999999999996
nmousta5,4,test,hliu36,237_N_2-4_WL_Bruise_OC_A244A_2026-02-26_DSC_5862,0.7364975450081833,0.582901554404145,0.6764280146976951,0.8082756785524216,8981,7516,6075.0,2906.0,1441.0,False,1.1949175093134645,237,-3.3499999999999996
nmousta5,4,test,hliu36,237_N_2-4_WL_Bruise_OC_A244A_2026-02-26_DSC_5863,0.863492591976028,0.7597773546213564,0.9039735099337748,0.8264818355640535,5738,6276,5187.0,551.0,1089.0,False,0.91427660930529,237,-3.3499999999999996
nmousta5,4,test,hliu36,237_S_2-4_WL_Bruise_A244A_2026-02-27_DSC_6307,0.686654529532413,0.5228285664151605,0.9774307833617636,0.5292174345493943,15242,28151,14897.999999999998,344.0000000000018,13253.000000000002,False,0.5414372491208128,237,-3.3499999999999996
nmousta5,4,test,hliu36,237_S_2-4_WL_Bruise_A244A_2026-02-27_DSC_6308,0.7645520994504615,0.6188460874071515,0.9805665799917886,0.6265302553340328,14614,22872,14330.0,284.0,8542.0,False,0.6389471843301854,237,-3.3499999999999996
nmousta5,4,test,hliu36,237_S_2-4_WL_Bruise_A244A_2026-02-27_DSC_6309,0.7994724943481537,0.6659343418492247,0.9698327086570985,0.6800205115056727,10939,15601,10609.0,330.0,4992.0,False,0.7011730017306583,237,-3.3499999999999996
nmousta5,4,test,hliu36,237_S_2-4_WL_Bruise_OC_A244A_2026-02-27_DSC_6311,0.7860897695107157,0.6475682878081279,0.9533006412674463,0.6687837408701175,13255,18894,12636.0,619.0,6258.0,False,0.7015454641685192,237,-3.3499999999999996
nmousta5,4,test,hliu36,237_S_2-4_WL_Bruise_OC_A244A_2026-02-27_DSC_6312,0.7510320092034919,0.6013220632856524,0.9366981769074949,0.6267931774539705,11848,17706,11098.0,750.0,6608.0,False,0.6691516999887044,237,-3.3499999999999996
nmousta5,4,test,hliu36,237_Z_2-5_WL_Bruise_A244A_2026-02-16_DSC_7025,0.685390024260866,0.5213637785423835,1.0,0.5213637785423835,16668,31970,16668.0,0.0,15302.0,False,0.5213637785423835,237,-3.3499999999999996
nmousta5,4,test,hliu36,237_Z_2-5_WL_Bruise_A244A_2026-02-16_DSC_7026,0.7690846491748783,0.6248070987654321,1.0,0.6248070987654321,12956,20736,12956.0,0.0,7780.0,False,0.6248070987654321,237,-3.3499999999999996
nmousta5,4,test,hliu36,237_Z_2-5_WL_Bruise_A244A_2026-02-16_DSC_7027,0.7887201168086821,0.6511460544780684,0.9997237721672836,0.6512632260850788,18101,27786,18096.0,5.0,9690.0,False,0.6514431728208451,237,-3.3499999999999996
nmousta5,4,test,hliu36,237_Z_2-5_WL_Bruise_OC_A244A_2026-02-16_DSC_7030,0.7447397320448056,0.5932950727883539,1.0,0.5932950727883539,16954,28576,16954.0,0.0,11622.0,False,0.5932950727883539,237,-3.3499999999999996
nmousta5,4,test,hliu36,247_A_2-4_WL_Bruise_A244A_2026-02-27_DSC_6202,0.8663800823929787,0.7642597566756202,0.9131583915423824,0.8241608451184188,5297,5869,4837.0,460.0,1032.0,False,0.9025387629919919,247,-3.3499999999999996
nmousta5,4,test,hliu36,247_A_2-4_WL_Bruise_A244A_2026-02-27_DSC_6203,0.8332738307747233,0.7141982864137086,0.8935681470137825,0.7806020066889632,3918,4485,3501.0,417.0,984.0,False,0.8735785953177257,247,-3.3499999999999996
nmousta5,4,test,hliu36,247_A_2-4_WL_Bruise_A244A_2026-02-27_DSC_6204,0.8612742090964859,0.7563490841927043,0.997563946406821,0.7577486507324596,4926,6485,4914.0,12.0,1571.0,False,0.7595990747879723,247,-3.3499999999999996
nmousta5,4,test,hliu36,247_A_2-4_WL_Bruise_OC_A244A_2026-02-27_DSC_6206,0.8794059760243335,0.7847676832189047,0.9851673682100621,0.7941509129100016,4989,6189,4915.0,74.0,1274.0,False,0.8061076102762966,247,-3.3499999999999996
nmousta5,4,test,hliu36,247_A_2-4_WL_Bruise_OC_A244A_2026-02-27_DSC_6207,0.8603846686038467,0.7549781447304517,0.899334683251374,0.8246684350132626,3457,3770,3109.0,348.0,661.0,False,0.9169761273209549,247,-3.3499999999999996
nmousta5,4,test,hliu36,250_A_2-4_WL_Bruise_A244A_2026-02-27_DSC_6537,0.9414745482337668,0.8894207944294983,0.9910509610298007,0.8966218641566626,22684,25073,22481.0,203.0,2592.0,False,0.9047182227894548,250,-3.3499999999999996
nmousta5,4,test,hliu36,250_A_2-4_WL_Bruise_A244A_2026-02-27_DSC_6538,0.9463799283154122,0.898217444550279,0.9124965440973182,0.9828767123287672,21702,20148,19803.0,1899.0,345.0,False,1.0771292435973794,250,-3.3499999999999996
nmousta5,4,test,hliu36,250_A_2-4_WL_Bruise_OC_A244A_2026-02-27_DSC_6541,0.9512543911462057,0.9070401659997036,0.9632019642407454,0.9395995823865381,31768,32566,30599.0,1169.0,1967.0,False,0.9754959159859977,250,-3.3499999999999996
nmousta5,4,test,hliu36,250_A_2-4_WL_Bruise_OC_A244A_2026-02-27_DSC_6542,0.9447867984614748,0.8953515716861331,0.960477632021527,0.9296003906567918,23784,24574,22844.0,940.0,1730.0,False,0.967852201513795,250,-3.3499999999999996
nmousta5,4,test,hliu36,250_A_2-4_WL_Bruise_OC_A244A_2026-02-27_DSC_6543,0.9535499857047556,0.9112236348402608,0.9545142333816683,0.9525876842225522,26206,26259,25014.0,1192.0,1245.0,False,0.9979816443885906,250,-3.3499999999999996
nmousta5,4,test,hliu36,254_A_2-5_WL_Bruise_A244A_2026-02-16_DSC_6925,0.8671769473210266,0.7655007949125596,0.8810612991765783,0.8537234042553191,1093,1128,963.0,130.0,165.0,False,0.9689716312056738,254,-3.3499999999999996
nmousta5,4,test,hliu36,254_A_2-5_WL_Bruise_A244A_2026-02-16_DSC_6926,0.894387980556783,0.8089528377298162,0.8096,0.9990128331688055,1250,1013,1012.0,238.0,1.0,False,1.2339585389930898,254,-3.3499999999999996
nmousta5,4,test,hliu36,254_A_2-5_WL_Bruise_A244A_2026-02-16_DSC_6927,0.575318401405358,0.4038224414303329,0.40532178217821785,0.9909228441754917,1616,661,655.0,961.0,6.0,False,2.4447806354009076,254,-3.3499999999999996
nmousta5,4,test,hliu36,254_A_2-5_WL_Bruise_OC_A244A_2026-02-16_DSC_6930,0.8454027664768105,0.7322057787174067,0.7556363636363637,0.9593721144967683,1375,1083,1039.0,336.0,44.0,False,1.2696214219759927,254,-3.3499999999999996
nmousta5,4,test,hliu36,254_A_2-5_WL_Bruise_OC_A244A_2026-02-16_DSC_6931,0.8336807002917882,0.7147962830593281,0.7698229407236336,0.9090909090909091,1299,1100,1000.0,299.0,100.0,False,1.180909090909091,254,-3.3499999999999996
nmousta5,4,test,hliu36,254_B_2-5_WL_Bruise_A244A_2026-02-16_DSC_6954,0.28675925704587285,0.1673782614762104,0.9990006662225184,0.16740629099332943,18012,107487,17994.0,18.0,89493.0,False,0.16757375310502665,254,-3.3499999999999996
nmousta5,4,test,hliu36,254_B_2-5_WL_Bruise_A244A_2026-02-16_DSC_6955,0.19125864821713678,0.1057412924344404,1.0,0.1057412924344404,14375,135945,14375.0,0.0,121570.0,False,0.1057412924344404,254,-3.3499999999999996
nmousta5,4,test,hliu36,254_B_2-5_WL_Bruise_A244A_2026-02-16_DSC_6956,0.37756363255472924,0.23271398504783916,0.9961861596285652,0.23292150223577762,18092,77378,18023.0,69.0,59355.0,False,0.23381322856625913,254,-3.3499999999999996
nmousta5,4,test,hliu36,254_B_2-5_WL_Bruise_OC_A244A_2026-02-16_DSC_6960,0.2843056548130592,0.1657088021596769,1.0,0.1657088021596769,15714,94829,15714.000000000002,-1.8189894035458565e-12,79115.0,False,0.1657088021596769,254,-3.3499999999999996
nmousta5,4,test,hliu36,254_B_2-5_WL_Bruise_OC_A244A_2026-02-16_DSC_6961,0.30702385977108526,0.1813515574587904,0.9998382923673997,0.18135687677822426,12368,68186,12366.000000000002,1.999999999998181,55820.0,False,0.18138620831255683,254,-3.3499999999999996
nmousta5,4,test,hliu36,260_A_2-5_WL_Bruise_A244A_2026-02-17_DSC_7634,0.5371014054707571,0.3671487603305785,0.3920141186851974,0.8526871401151631,4533,2084,1777.0,2756.0,307.0,False,2.175143953934741,260,-3.3499999999999996
nmousta5,4,test,hliu36,260_A_2-5_WL_Bruise_A244A_2026-02-17_DSC_7635,0.6849676653028903,0.520875150541951,0.5523627075351213,0.9013546370267453,4698,2879,2595.0,2103.0,284.0,False,1.6318166029871484,260,-3.3499999999999996
nmousta5,4,test,hliu36,260_A_2-5_WL_Bruise_A244A_2026-02-17_DSC_7636,0.5810836322446667,0.40952634379989356,0.4502633118782914,0.8190526875997871,3418,1879,1538.9999999999998,1879.0000000000002,340.0000000000002,False,1.8190526875997872,260,-3.3499999999999996
nmousta5,4,test,hliu36,260_A_2-5_WL_Bruise_OC_A244A_2026-02-17_DSC_7638,0.5223958333333333,0.3535424744448361,0.3873334620583124,0.8020791683326669,5179,2501,2005.9999999999998,3173.0,495.0000000000002,False,2.0707716913234706,260,-3.3499999999999996
nmousta5,4,test,hliu36,260_A_2-5_WL_Bruise_OC_A244A_2026-02-17_DSC_7639,0.501698326833564,0.3348446683459278,0.3516134720507847,0.8753292361720808,5671,2278,1994.0,3677.0,284.0,False,2.489464442493415,260,-3.3499999999999996
nmousta5,4,test,hliu36,285_F_2-6_WL_Bruise_A244A_2026-04-06_DSC_2339,0.41103959856005234,0.2586846079912124,0.9926238145416227,0.2591828312009905,1898,7269,1884.0,14.0,5385.0,False,0.26110881826936305,285,-3.3499999999999996
nmousta5,4,test,hliu36,285_F_2-6_WL_Bruise_A244A_2026-04-06_DSC_2340,0.6040173851756138,0.43268259845169976,0.8039399624765479,0.483725305738476,3198,5315,2571.0,627.0,2744.0,False,0.6016933207902164,285,-3.3499999999999996
nmousta5,4,test,hliu36,285_F_2-6_WL_Bruise_OC_A244A_2026-04-06_DSC_2343,0.8358686949559647,0.7180192572214581,0.7224913494809688,0.9914529914529915,1445,1053,1044.0,401.0,9.0,False,1.3722697056030388,285,-3.3499999999999996
nmousta5,4,test,hliu36,285_F_2-6_WL_Bruise_OC_A244A_2026-04-06_DSC_2344,0.6054778054434619,0.43418298239133113,0.6916437818752452,0.5384028095892502,5098,6549,3526.0,1572.0,3023.0,False,0.7784394564055581,285,-3.3499999999999996
nmousta5,4,test,hliu36,285_G_2-6_WL_Bruise_A244A_2026-05-29_DSC_3860,0.8643765335712692,0.7611471223728148,0.9785353535353535,0.7740711146624051,3960,5006,3875.0,85.0,1131.0,False,0.7910507391130643,285,-3.3499999999999996
nmousta5,4,test,hliu36,285_G_2-6_WL_Bruise_A244A_2026-05-29_DSC_3861,0.8207967264412084,0.6960604204939783,0.9649122807017544,0.7141361256544503,3534,4775,3410.0,124.0,1365.0,False,0.7401047120418848,285,-3.3499999999999996
nmousta5,4,test,hliu36,285_G_2-6_WL_Bruise_A244A_2026-05-29_DSC_3862,0.9116198916789758,0.8375933046821986,0.9819676478387696,0.8506776935446818,3771,4353,3703.0,68.0,650.0,False,0.8662991040661613,285,-3.3499999999999996
nmousta5,4,test,hliu36,285_G_2-6_WL_Bruise_OC_A244A_2026-05-29_DSC_3864,0.7533880017263703,0.6043484281955408,0.9576475751590959,0.6209447922595333,4557,7028,4364.0,193.0,2664.0,False,0.648406374501992,285,-3.3499999999999996
nmousta5,4,test,hliu36,285_G_2-6_WL_Bruise_OC_A244A_2026-05-29_DSC_3865,0.7725778379423709,0.6294312273515047,1.0,0.6294312273515047,3995,6347,3995.0,0.0,2352.0,False,0.6294312273515047,285,-3.3499999999999996
nmousta5,4,test,mzehra2,170_F_2-4_WL_Bruise_A244A_2026-03-05_DSC_1856,0.746622553074166,0.5956885173779146,0.7066805845511482,0.7913500876680304,3832,3422,2708.0,1124.0,714.0,False,1.119812974868498,170,-3.3499999999999996
nmousta5,4,test,mzehra2,170_F_2-4_WL_Bruise_OC_A244A_2026-03-05_DSC_1860,0.2995234853641933,0.17614091273018415,0.18531281108813843,0.7806451612903226,13059,3100,2420.0,10639.0,680.0,False,4.212580645161291,170,-3.3499999999999996
nmousta5,4,test,mzehra2,182_Q_2-6_WL_Bruise_A244A_2026-04-06_DSC_2484,0.39901393108983546,0.2492301081429492,0.9594706368899917,0.25188187608569773,3627,13816,3480.0,147.0,10336.0,False,0.262521713954835,182,-3.3499999999999996
nmousta5,4,test,mzehra2,182_Q_2-6_WL_Bruise_A244A_2026-04-06_DSC_2485,0.2828423844757783,0.16471544715447153,0.26284379865075247,0.3061347839226352,3854,3309,1013.0,2841.0,2296.0,False,1.1647023269870052,182,-3.3499999999999996
nmousta5,4,test,mzehra2,182_Q_2-6_WL_Bruise_A244A_2026-04-06_DSC_2486,0.4819693370762254,0.3174964438122333,0.9481733220050977,0.32310364794441226,1177,3454,1116.0,61.0,2338.0,False,0.34076433121019106,182,-3.3499999999999996
nmousta5,4,test,mzehra2,182_Q_2-6_WL_Bruise_OC_A244A_2026-04-06_DSC_2488,0.58553502742922,0.4139621968616263,0.7908363140861864,0.4648578293952743,5871,9988,4643.0,1228.0,5345.0,False,0.5878053664397277,182,-3.3499999999999996
nmousta5,4,test,mzehra2,20_D_2-6_WL_Bruise_A244A_2026-04-04_DSC_0400,0.9297803384947786,0.8687752355316285,0.9558537714021287,0.9050915783016388,10805,11411,10328.0,477.0,1083.0,False,0.9468933485233546,20,-3.3499999999999996
nmousta5,4,test,mzehra2,20_D_2-6_WL_Bruise_OC_A244A_2026-04-04_DSC_0403,0.9248594309081615,0.8602218700475436,0.8840390879478828,0.9696320114326545,24560,22392,21712.0,2848.0,680.0,False,1.096820292961772,20,-3.3499999999999996
nmousta5,4,test,mzehra2,20_D_2-6_WL_Bruise_OC_A244A_2026-04-04_DSC_0404,0.9352046422856702,0.878295191193511,0.946647412379986,0.9240352013410035,25622,26249,24255.0,1367.0,1994.0,False,0.9761133757476476,20,-3.3499999999999996
nmousta5,4,test,mzehra2,226_A_2-4_WL_Bruise_A244A_2026-03-06_DSC_3569,0.6024518388791593,0.43107769423558895,0.46936244108161745,0.8408888888888889,4031,2250,1891.9999999999998,2139.0,358.0000000000002,False,1.7915555555555556,226,-3.3499999999999996
nmousta5,4,test,mzehra2,226_A_2-4_WL_Bruise_A244A_2026-03-06_DSC_3570,0.705344724816213,0.5448127685696746,0.5464901477832512,0.9943977591036415,3248,1785,1775.0,1473.0,10.0,False,1.8196078431372549,226,-3.3499999999999996
nmousta5,4,test,mzehra2,226_A_2-4_WL_Bruise_A244A_2026-03-06_DSC_3571,0.5168295331161781,0.3484626647144949,0.6531732418524872,0.4275769144397036,2915,4453,1904.0,1011.0,2549.0,False,0.6546148663822142,226,-3.3499999999999996
nmousta5,4,test,mzehra2,226_A_2-4_WL_Bruise_OC_A244A_2026-03-06_DSC_3573,0.7417016405951927,0.5894481503941783,0.5894481503941783,1.0,3298,1944,1944.0000000000002,1353.9999999999998,-2.2737367544323206e-13,False,1.6965020576131686,226,-3.3499999999999996
nmousta5,4,test,mzehra2,226_A_2-4_WL_Bruise_OC_A244A_2026-03-06_DSC_3574,0.678319077724061,0.5132245357343838,1.0,0.5132245357343838,1824,3554,1824.0,0.0,1730.0,False,0.5132245357343838,226,-3.3499999999999996
nmousta5,4,test,mzehra2,226_C_2-4_WL_Bruise_A244A_2026-03-06_DSC_3610,0.8747083847948401,0.7773170731707317,0.9809172052939366,0.7892521050024764,3249,4038,3187.0,62.0,851.0,False,0.8046062407132244,226,-3.3499999999999996
nmousta5,4,test,mzehra2,226_C_2-4_WL_Bruise_A244A_2026-03-06_DSC_3611,0.8961654459284791,0.8118657298985168,0.9882800126702566,0.8197582764056752,3157,3806,3120.0,37.0,686.0,False,0.8294797687861272,226,-3.3499999999999996
nmousta5,4,test,mzehra2,226_C_2-4_WL_Bruise_A244A_2026-03-06_DSC_3612,0.8837300039016778,0.7916812303390423,0.9512809743805124,0.825136612021858,2381,2745,2265.0,116.0,480.0,False,0.8673952641165756,226,-3.3499999999999996
nmousta5,4,test,mzehra2,226_C_2-4_WL_Bruise_OC_A244A_2026-03-06_DSC_3614,0.9309361438313701,0.8707956390628624,0.9389694847423712,0.9230390951561347,3998,4067,3754.0,244.0,313.0,False,0.9830341775264323,226,-3.3499999999999996
nmousta5,4,test,mzehra2,226_C_2-4_WL_Bruise_OC_A244A_2026-03-06_DSC_3615,0.8495892457057506,0.7385094780576473,0.9837426496022138,0.7476340694006309,2891,3804,2844.0,47.0,960.0,False,0.7599894847528917,226,-3.3499999999999996
nmousta5,4,test,mzehra2,228_B_2-4_WL_Bruise_A244A_2026-03-06_DSC_3718,0.8944444444444445,0.8090452261306532,0.9556564245810056,0.8406019656019657,2864,3256,2737.0,127.0,519.0,False,0.8796068796068796,228,-3.3499999999999996
nmousta5,4,test,mzehra2,228_B_2-4_WL_Bruise_A244A_2026-03-06_DSC_3719,0.8591447209470887,0.7530707327403643,0.8078146297137665,0.9174406604747162,2201,1938,1778.0,423.0,160.0,False,1.1357069143446852,228,-3.3499999999999996
nmousta5,4,test,mzehra2,228_B_2-4_WL_Bruise_A244A_2026-03-06_DSC_3720,0.8354120811934458,0.7173456530869382,0.9307901907356948,0.7577639751552795,1835,2254,1708.0,127.0,546.0,False,0.8141082519964508,228,-3.3499999999999996
nmousta5,4,test,mzehra2,228_B_2-4_WL_Bruise_A244A_2026-03-06_DSC_3721,0.8442109517074157,0.7304195804195804,0.7985474006116208,0.8954136305186455,2616,2333,2089.0,527.0,244.0,False,1.121303043291899,228,-3.3499999999999996
nmousta5,4,test,mzehra2,228_B_2-4_WL_Bruise_OC_A244A_2026-03-06_DSC_3723,0.7886508396062536,0.6510516252390057,0.6982228298017772,0.9059866962305987,2926,2255,2043.0,883.0,212.0,False,1.2975609756097561,228,-3.3499999999999996
nmousta5,4,test,mzehra2,228_B_2-4_WL_Bruise_OC_A244A_2026-03-06_DSC_3724,0.7557359138442329,0.6073758153537381,0.9394644935972061,0.6321148825065274,2577,3830,2421.0,156.0,1409.0,False,0.672845953002611,228,-3.3499999999999996
nmousta5,4,test,mzehra2,232_A_2-4_WL_Bruise_A244A_2026-03-06_DSC_3868,0.3221581350636866,0.1920074482561054,0.20126116657908566,0.806801083358411,13321,3323,2681.0,10640.0,642.0,False,4.008727053866988,232,-3.3499999999999996
nmousta5,4,test,mzehra2,232_A_2-4_WL_Bruise_A244A_2026-03-06_DSC_3869,0.6170166702749513,0.4461490294301816,0.4567307692307692,0.9506337558372249,6240,2998,2850.0,3390.0,148.0,False,2.0813875917278186,232,-3.3499999999999996
nmousta5,4,test,mzehra2,232_A_2-4_WL_Bruise_A244A_2026-03-06_DSC_3870,0.0,0.0,0.0,0.0,955,4524,0.0,955.0,4524.0,True,0.21109637488947833,232,-3.3499999999999996
nmousta5,4,test,mzehra2,232_A_2-4_WL_Bruise_OC_A244A_2026-03-06_DSC_3876,0.8407297830374754,0.7252233092301148,0.8247339567881329,0.8573583640630238,6202,5966,5115.0,1087.0,851.0,False,1.0395574924572577,232,-3.3499999999999996
nmousta5,4,test,mzehra2,232_A_2-4_WL_Bruise_OC_A244A_2026-03-06_DSC_3877,0.589827172642844,0.4182658757850663,0.4265634730006227,0.9555599840573934,11241,5018,4795.0,6446.0,223.0,False,2.2401355121562374,232,-3.3499999999999996
nmousta5,4,test,mzehra2,233_B_2-4_WL_Bruise_A244A_2026-03-06_DSC_4197,0.5276535655448341,0.3583759590792839,0.9854945054945055,0.3602763940221758,4550,12446,4484.0,66.0,7962.0,False,0.3655793025871766,233,-3.3499999999999996
nmousta5,4,test,mzehra2,233_B_2-4_WL_Bruise_A244A_2026-03-06_DSC_4199,0.737627455856752,0.5843183609141056,0.8532796317606444,0.6495838808585195,8690,11415,7415.0,1275.0,4000.0,False,0.7612790188348664,233,-3.3499999999999996
nmousta5,4,test,mzehra2,233_B_2-4_WL_Bruise_OC_A244A_2026-03-06_DSC_4201,0.4790683666298564,0.31498349834983497,0.9298519095869057,0.3226504394861393,5132,14790,4772.0,360.0,10018.0,False,0.34699121027721436,233,-3.3499999999999996
nmousta5,4,test,mzehra2,235_A_2-4_WL_Bruise_A244A_2026-03-08_DSC_4349,0.8012647729628861,0.6684251491827381,0.9581009049212842,0.6885523385300668,24201,33675,23187.0,1014.0,10488.0,False,0.718663697104677,235,-3.3499999999999996
nmousta5,4,test,mzehra2,235_A_2-4_WL_Bruise_A244A_2026-03-08_DSC_4350,0.8709855392299204,0.7714564954605077,0.9622108876271132,0.7955600350104767,31173,37703,29995.0,1178.0,7708.0,False,0.8268042330849004,235,-3.3499999999999996
nmousta5,4,test,mzehra2,235_A_2-4_WL_Bruise_A244A_2026-03-08_DSC_4351,0.8490471414242728,0.7376906318082789,0.9737720004601403,0.7526451498177291,17386,22494,16930.0,456.0,5564.0,False,0.7729172223704099,235,-3.3499999999999996
nmousta5,4,test,mzehra2,235_A_2-4_WL_Bruise_OC_A244A_2026-03-08_DSC_4353,0.9314725534974203,0.8717347940347655,0.9662385063522145,0.8991215179125437,28494,30621,27532.0,962.0,3089.0,False,0.9305378661702753,235,-3.3499999999999996
nmousta5,4,test,mzehra2,235_A_2-4_WL_Bruise_OC_A244A_2026-03-08_DSC_4354,0.8385890813618333,0.7220433938619554,0.8726057906458797,0.8071250034334057,33675,36407,29385.0,4290.0,7022.0,False,0.9249594858131678,235,-3.3499999999999996
nmousta5,4,test,mzehra2,236_C_2-4_WL_Bruise_A244A_2026-03-08_DSC_4462,0.21169769526923685,0.11837914356494043,0.3715290633098852,0.1480197654694299,5402,13559,2007.0,3395.0,11552.0,False,0.39840696216535143,236,-3.3499999999999996
nmousta5,4,test,mzehra2,236_C_2-4_WL_Bruise_A244A_2026-03-08_DSC_4463,0.11299372868302343,0.059879890385400265,0.3538938662991041,0.06722964126734747,2902,15276,1027.0,1875.0,14249.0,False,0.18997119664833725,236,-3.3499999999999996
nmousta5,4,test,mzehra2,236_C_2-4_WL_Bruise_A244A_2026-03-08_DSC_4464,0.12693280854652797,0.06776735459662289,0.3111647139903515,0.07972805933250927,2902,11326,903.0,1999.0,10423.0,False,0.25622461592795337,236,-3.3499999999999996
nmousta5,4,test,mzehra2,236_C_2-4_WL_Bruise_OC_A244A_2026-03-08_DSC_4467,0.0,0.0,0.0,0.0,1600,10556,0.0,1600.0,10556.0,True,0.15157256536566882,236,-3.3499999999999996
nmousta5,4,test,mzehra2,236_C_2-4_WL_Bruise_OC_A244A_2026-03-08_DSC_4468,0.0,0.0,0.0,0.0,3513,11251,0.0,3513.0,11251.0,True,0.3122389120967025,236,-3.3499999999999996
nmousta5,4,test,mzehra2,236_E_2-4_WL_Bruise_OC_A244A_2026-02-26_DSC_5722,0.5113289760348584,0.34348016976437873,0.3710671936758893,0.8220665499124343,6325,2855,2347.0,3978.0,508.0,False,2.2154115586690017,236,-3.3499999999999996
nmousta5,4,test,mzehra2,237_AC_2-5_WL_Bruise_A244A_2026-02-16_DSC_7084,0.33071731761688095,0.19811942045953462,0.9664465464929503,0.1994916003536693,5603,27144,5415.0,188.0,21729.0,False,0.2064176245210728,237,-3.3499999999999996
nmousta5,4,test,mzehra2,237_AC_2-5_WL_Bruise_A244A_2026-02-16_DSC_7085,0.5464957731115353,0.375984990619137,0.8582441113490364,0.40088017603520704,9340,19996,8016.0,1324.0,11980.0,False,0.46709341868373677,237,-3.3499999999999996
nmousta5,4,test,mzehra2,237_AC_2-5_WL_Bruise_A244A_2026-02-16_DSC_7086,0.5494515138218516,0.3787887954504205,0.9876952200662565,0.38058476688347215,12678,32902,12521.999999999998,156.00000000000182,20380.0,False,0.3853261199927056,237,-3.3499999999999996
nmousta5,4,test,mzehra2,237_AC_2-5_WL_Bruise_OC_A244A_2026-02-16_DSC_7088,0.8696913350687988,0.7694281766138054,0.9846736842105264,0.7787545787545788,23750,30030,23386.0,364.0,6644.0,False,0.7908757908757909,237,-3.3499999999999996
nmousta5,4,test,mzehra2,237_AC_2-5_WL_Bruise_OC_A244A_2026-02-16_DSC_7089,0.8039863831466771,0.672221763880868,0.9773690523790484,0.6828505181998491,25010,35797,24444.0,566.0,11353.0,False,0.6986618990418192,237,-3.3499999999999996
nmousta5,4,test,mzehra2,237_AD_2-5_WL_Bruise_A244A_2026-02-16_DSC_7116,0.8724166613346983,0.773704817567951,0.9116742444503878,0.8364004416635995,14956,16302,13635.0,1321.0,2667.0,False,0.9174334437492332,237,-3.3499999999999996
nmousta5,4,test,mzehra2,237_AD_2-5_WL_Bruise_A244A_2026-02-16_DSC_7117,0.89538437829091,0.8105845695949403,0.9302946199829206,0.8629994553646582,18736,20197,17430.0,1306.0,2767.0,False,0.9276625241372481,237,-3.3499999999999996
nmousta5,4,test,mzehra2,237_AD_2-5_WL_Bruise_A244A_2026-02-16_DSC_7118,0.8887060275663444,0.7997038134024436,0.8961168270826418,0.8814167958867216,12052,12253,10800.0,1252.0,1453.0,False,0.9835958540765527,237,-3.3499999999999996
nmousta5,4,test,mzehra2,237_AD_2-5_WL_Bruise_OC_A244A_2026-02-16_DSC_7120,0.8539820187464133,0.7451733155288488,0.969734269784954,0.762916547992025,13811,17555,13393.0,418.0,4162.0,False,0.7867274280831672,237,-3.3499999999999996
nmousta5,4,test,mzehra2,237_AD_2-5_WL_Bruise_OC_A244A_2026-02-16_DSC_7121,0.7929794744411034,0.6569726509612781,0.9836211789507825,0.6642391720965888,12333,18263,12131.0,202.0,6132.0,False,0.6752997864534852,237,-3.3499999999999996
nmousta5,4,test,mzehra2,237_AE_2-5_WL_Bruise_A244A_2026-02-16_DSC_7217,0.8007624730648102,0.6677263303386316,0.7873207301173403,0.8146711635750422,6136,5930,4831.0,1305.0,1099.0,False,1.0347386172006745,237,-3.3499999999999996
nmousta5,4,test,mzehra2,237_AE_2-5_WL_Bruise_A244A_2026-02-16_DSC_7218,0.861847483358636,0.7572337369177098,0.774721813982784,0.9710526315789474,4763,3800,3690.0,1073.0,110.0,False,1.253421052631579,237,-3.3499999999999996
nmousta5,4,test,mzehra2,237_AE_2-5_WL_Bruise_A244A_2026-02-16_DSC_7219,0.8671267581025596,0.7654225786551512,0.7702933416110508,0.9918065547561951,6443,5004,4963.0,1480.0,41.0,False,1.287569944044764,237,-3.3499999999999996
nmousta5,4,test,mzehra2,237_AE_2-5_WL_Bruise_OC_A244A_2026-02-16_DSC_7221,0.7985155684286749,0.6646075033900859,0.7526019450605699,0.8503952188162714,5861,5187,4411.0,1450.0,776.0,False,1.1299402352033932,237,-3.3499999999999996
nmousta5,4,test,mzehra2,237_AE_2-5_WL_Bruise_OC_A244A_2026-02-16_DSC_7222,0.4434960327001683,0.2849308720166834,0.2850189291508924,0.9989168697535878,12943,3693,3689.0,9254.0,4.0,False,3.504738694828053,237,-3.3499999999999996
nmousta5,4,test,mzehra2,237_B_2-4_WL_Bruise_A244A_2026-03-08_DSC_4584,0.8422778838593733,0.7275302701024526,0.9113757899854157,0.7829191898099812,20570,23945,18747.0,1823.0,5198.0,False,0.8590519941532679,237,-3.3499999999999996
nmousta5,4,test,mzehra2,237_B_2-4_WL_Bruise_A244A_2026-03-08_DSC_4587,0.8417389550131128,0.7267264652094401,0.8965406102277611,0.7932509505703422,18616,21040,16690.0,1926.0,4350.0,False,0.8847908745247148,237,-3.3499999999999996
nmousta5,4,test,mzehra2,237_B_2-4_WL_Bruise_A244A_2026-03-08_DSC_4588,0.8527038813781073,0.7432291171719092,0.8796535822742099,0.8273563947953031,17782,18906,15642.0,2140.0,3264.0,False,0.9405479741880884,237,-3.3499999999999996
nmousta5,4,test,mzehra2,237_B_2-4_WL_Bruise_OC_A244A_2026-03-08_DSC_4591,0.6422100838447187,0.47298192172703796,0.9472811671087533,0.4857686945285136,15080,29407,14285.0,795.0,15122.0,False,0.5128030740980039,237,-3.3499999999999996
nmousta5,4,test,mzehra2,237_B_2-4_WL_Bruise_OC_A244A_2026-03-08_DSC_4592,0.7904447943318245,0.6535003864459179,0.8789735733435465,0.7181172053104465,18277,22371,16065.0,2212.0,6306.0,False,0.8169952170220375,237,-3.3499999999999996
nmousta5,4,test,mzehra2,237_C_2-4_WL_Bruise_A244A_2026-03-08_DSC_4608,0.6316899551805958,0.4616570327552986,0.8853307057519398,0.49101714597991664,8119,14639,7187.999999999999,931.0000000000009,7451.000000000001,False,0.5546143862285675,237,-3.3499999999999996
nmousta5,4,test,mzehra2,237_C_2-4_WL_Bruise_A244A_2026-03-08_DSC_4609,0.7858300191486228,0.6472158194831978,0.8720169990192873,0.7151474530831099,6118,7460,5335.0,783.0,2125.0,False,0.8201072386058981,237,-3.3499999999999996
nmousta5,4,test,mzehra2,237_C_2-4_WL_Bruise_A244A_2026-03-08_DSC_4610,0.6674913117747541,0.5009282998850676,0.8259475218658893,0.5600474448947317,13720,20234,11332.0,2388.0,8902.0,False,0.6780666205396857,237,-3.3499999999999996
nmousta5,4,test,mzehra2,237_C_2-4_WL_Bruise_OC_A244A_2026-03-08_DSC_4613,0.5753883515471255,0.4038913707970844,0.8171007254132477,0.44403515574512087,8409,15474,6870.999999999999,1538.000000000001,8603.0,False,0.5434276851492826,237,-3.3499999999999996
nmousta5,4,test,mzehra2,237_C_2-4_WL_Bruise_OC_A244A_2026-03-08_DSC_4615,0.6862514688601645,0.5223613595706619,0.8243412797992472,0.5877879668977858,6376,8942,5256.0,1120.0,3686.0,False,0.7130395884589578,237,-3.3499999999999996
nmousta5,4,test,mzehra2,237_E_2-4_WL_Bruise_A244A_2026-03-08_DSC_4651,0.8903763200951956,0.8024128686327078,0.9483523447401775,0.8390804597701149,9468,10701,8979.0,489.0,1722.0,False,0.8847771236333053,237,-3.3499999999999996
nmousta5,4,test,mzehra2,237_E_2-4_WL_Bruise_A244A_2026-03-08_DSC_4652,0.7958521669768679,0.6609256315138669,0.9772756954420792,0.6712414782920704,7657,11148,7483.0,174.0,3665.0,False,0.6868496591316828,237,-3.3499999999999996
nmousta5,4,test,mzehra2,237_E_2-4_WL_Bruise_A244A_2026-03-08_DSC_4653,0.7962328767123288,0.6614509246088194,0.9673547767642823,0.676552881925014,6249,8935,6045.0,204.0,2890.0,False,0.6993844432008953,237,-3.3499999999999996
nmousta5,4,test,mzehra2,237_E_2-4_WL_Bruise_OC_A244A_2026-03-08_DSC_4656,0.7910935668907667,0.6543877551020408,0.7518171160609614,0.834699986984251,8530,7683,6413.0,2117.0,1270.0,False,1.110243394507354,237,-3.3499999999999996
nmousta5,4,test,mzehra2,237_E_2-4_WL_Bruise_OC_A244A_2026-03-08_DSC_4657,0.8621356540958696,0.7576787665412165,0.9766823161189359,0.7716369930761622,6390,8088,6241.0,149.0,1847.0,False,0.7900593471810089,237,-3.3499999999999996
nmousta5,4,test,mzehra2,237_J_2-4_WL_Bruise_A244A_2026-02-26_DSC_5578,0.651456261672808,0.48308129959574786,0.5025309555330582,0.9258249641319942,25682,13940,12906.0,12776.0,1034.0,False,1.8423242467718794,237,-3.3499999999999996
nmousta5,4,test,mzehra2,237_J_2-4_WL_Bruise_A244A_2026-02-26_DSC_5579,0.5450442318107962,0.3746122347685817,0.40087637763909173,0.851141809980265,22593,10641,9057.0,13536.0,1584.0,False,2.123202706512546,237,-3.3499999999999996
nmousta5,4,test,mzehra2,237_J_2-4_WL_Bruise_A244A_2026-02-26_DSC_5580,0.664409506888807,0.4974649866974549,0.5357625560901768,0.8743603317451915,18497,11334,9910.0,8587.0,1424.0,False,1.6319922357508383,237,-3.3499999999999996
nmousta5,4,test,mzehra2,237_J_2-4_WL_Bruise_OC_A244A_2026-02-26_DSC_5582,0.7701169367431209,0.6261708610766279,0.6331374450847265,0.982731137088204,17527,11292,11097.0,6430.0,195.0,False,1.552160821820758,237,-3.3499999999999996
nmousta5,4,test,mzehra2,237_J_2-4_WL_Bruise_OC_A244A_2026-02-26_DSC_5583,0.8108672936259144,0.6818980667838312,0.7237631792376318,0.9218055985951864,12330,9681,8924.0,3406.0,757.0,False,1.2736287573597769,237,-3.3499999999999996
nmousta5,4,test,mzehra2,237_N_2-4_WL_Bruise_A244A_2026-02-26_DSC_5858,0.4598194130925508,0.2985490253554155,0.700963523743978,0.3421229425596238,5812,11908,4074.0,1738.0,7834.0,False,0.4880752435337588,237,-3.3499999999999996
nmousta5,4,test,mzehra2,237_N_2-4_WL_Bruise_A244A_2026-02-26_DSC_5859,0.8928186327366832,0.806388780677834,0.9145129224652088,0.8721297661681062,4527,4747,4140.0,387.0,607.0,False,0.9536549399620813,237,-3.3499999999999996
nmousta5,4,test,mzehra2,237_N_2-4_WL_Bruise_A244A_2026-02-26_DSC_5860,0.7867051229226755,0.6484038940457324,0.6785122009002607,0.9359477124183007,4221,3060,2864.0,1357.0,196.0,False,1.3794117647058823,237,-3.3499999999999996
nmousta5,4,test,mzehra2,237_N_2-4_WL_Bruise_OC_A244A_2026-02-26_DSC_5862,0.7125101492723752,0.5534103036771126,0.6351185836766507,0.811379800853485,8981,7030,5704.0,3277.0,1326.0,False,1.277524893314367,237,-3.3499999999999996
nmousta5,4,test,mzehra2,237_N_2-4_WL_Bruise_OC_A244A_2026-02-26_DSC_5863,0.7331583552055994,0.5787292817679558,0.5841756709654932,0.9841456253669995,5738,3406,3352.0000000000005,2385.9999999999995,53.999999999999545,False,1.6846741045214328,237,-3.3499999999999996
nmousta5,4,test,mzehra2,237_S_2-4_WL_Bruise_A244A_2026-02-27_DSC_6307,0.7952882287330993,0.6601481347665071,0.9589948825613437,0.6793233257424363,15242,21517,14617.0,625.0,6900.0,False,0.7083701259469257,237,-3.3499999999999996
nmousta5,4,test,mzehra2,237_S_2-4_WL_Bruise_A244A_2026-02-27_DSC_6308,0.8038615218595969,0.6720472056958939,0.9429998631449296,0.7005032277741067,14614,19673,13781.0,833.0,5892.0,False,0.7428455243226757,237,-3.3499999999999996
nmousta5,4,test,mzehra2,237_S_2-4_WL_Bruise_A244A_2026-02-27_DSC_6309,0.7743848857644992,0.6318336619465854,0.9667245634884358,0.645880412874855,10939,16373,10575.0,364.0,5798.0,False,0.6681121358333842,237,-3.3499999999999996
nmousta5,4,test,mzehra2,237_S_2-4_WL_Bruise_OC_A244A_2026-02-27_DSC_6311,0.7781471221914436,0.6368582800141065,0.9536778574122973,0.6571874187678711,13255,19235,12641.0,614.0,6594.0,False,0.6891083961528464,237,-3.3499999999999996
nmousta5,4,test,mzehra2,237_S_2-4_WL_Bruise_OC_A244A_2026-02-27_DSC_6312,0.822913482115561,0.6991104473735472,0.9087609723160027,0.7518854748603352,11848,14320,10767.0,1081.0,3553.0,False,0.8273743016759777,237,-3.3499999999999996
nmousta5,4,test,mzehra2,237_Z_2-5_WL_Bruise_A244A_2026-02-16_DSC_7025,0.8492816481431282,0.7380447585394582,0.9398248140148788,0.7746513697952725,16668,20222,15665.0,1003.0,4557.0,False,0.8242508159430323,237,-3.3499999999999996
nmousta5,4,test,mzehra2,237_Z_2-5_WL_Bruise_A244A_2026-02-16_DSC_7026,0.8562137517181266,0.7485784629814174,0.9856437171966657,0.7568304391631601,12956,16873,12770.0,186.0,4103.0,False,0.7678539678776743,237,-3.3499999999999996
nmousta5,4,test,mzehra2,237_Z_2-5_WL_Bruise_A244A_2026-02-16_DSC_7027,0.8832928279642174,0.7909798110761252,0.9437047676923926,0.8301501676629246,18101,20577,17082.0,1019.0,3495.0,False,0.8796714778636342,237,-3.3499999999999996
nmousta5,4,test,mzehra2,237_Z_2-5_WL_Bruise_OC_A244A_2026-02-16_DSC_7030,0.9009527030836011,0.8197578990562167,0.9426683968385042,0.8627726193046859,16954,18524,15982.0,972.0,2542.0,False,0.9152450874541136,237,-3.3499999999999996
nmousta5,4,test,mzehra2,247_A_2-4_WL_Bruise_A244A_2026-02-27_DSC_6202,0.8645307510044298,0.7613863182725458,0.792146498017746,0.9514739229024943,5297,4410,4196.0,1101.0,214.0,False,1.2011337868480725,247,-3.3499999999999996
nmousta5,4,test,mzehra2,247_A_2-4_WL_Bruise_A244A_2026-02-27_DSC_6203,0.8816930137684854,0.7884176926584587,0.8825931597753957,0.8807947019867549,3918,3926,3458.0,460.0,468.0,False,0.9979623025980642,247,-3.3499999999999996
nmousta5,4,test,mzehra2,247_A_2-4_WL_Bruise_A244A_2026-02-27_DSC_6204,0.8682436048378465,0.7671647437109892,0.8233861144945189,0.9182703192211908,4926,4417,4055.9999999999995,870.0000000000005,361.00000000000045,False,1.115236585918044,247,-3.3499999999999996
nmousta5,4,test,mzehra2,247_A_2-4_WL_Bruise_OC_A244A_2026-02-27_DSC_6206,0.8929905515271369,0.8066693132195316,0.8145921026257767,0.9880865548261609,4989,4113,4064.0,925.0,49.0,False,1.212983223924143,247,-3.3499999999999996
nmousta5,4,test,mzehra2,247_A_2-4_WL_Bruise_OC_A244A_2026-02-27_DSC_6207,0.8802429852473242,0.786101782485146,0.8802429852473242,0.8802429852473242,3457,3457,3043.0,414.0,414.0,False,1.0,247,-3.3499999999999996
nmousta5,4,test,mzehra2,250_A_2-4_WL_Bruise_A244A_2026-02-27_DSC_6537,0.9611915882821412,0.9252828312129626,0.984306118850291,0.9391377497371188,22684,23775,22328.0,356.0,1447.0,False,0.954111461619348,250,-3.3499999999999996
nmousta5,4,test,mzehra2,250_A_2-4_WL_Bruise_A244A_2026-02-27_DSC_6538,0.947010446765948,0.8993540760754845,0.9816145977329278,0.9147629680522157,21702,23288,21303.0,399.0,1985.0,False,0.9318962555822742,250,-3.3499999999999996
nmousta5,4,test,mzehra2,250_A_2-4_WL_Bruise_OC_A244A_2026-02-27_DSC_6541,0.9526808009057494,0.9096374837104608,0.9667904809871569,0.9389770399584212,31768,32709,30713.0,1055.0,1996.0,False,0.9712311596196765,250,-3.3499999999999996
nmousta5,4,test,mzehra2,250_A_2-4_WL_Bruise_OC_A244A_2026-02-27_DSC_6542,0.9524635168328276,0.9092413793103449,0.9700639085099226,0.9354904107367311,23784,24663,23072.0,712.0,1591.0,False,0.9643595669626566,250,-3.3499999999999996
nmousta5,4,test,mzehra2,250_A_2-4_WL_Bruise_OC_A244A_2026-02-27_DSC_6543,0.9493084040828007,0.9035081348053458,0.9493627413569412,0.9492540730283491,26206,26209,24879.0,1327.0,1330.0,False,0.9998855355030715,250,-3.3499999999999996
nmousta5,4,test,mzehra2,254_A_2-5_WL_Bruise_A244A_2026-02-16_DSC_6925,0.8703703703703703,0.7704918032786885,0.8170173833485819,0.9311783107403545,1093,959,893.0,200.0,66.0,False,1.1397288842544318,254,-3.3499999999999996
nmousta5,4,test,mzehra2,254_A_2-5_WL_Bruise_A244A_2026-02-16_DSC_6926,0.90764962346413,0.8309143686502177,0.916,0.8994501178318932,1250,1273,1145.0,105.0,128.0,False,0.9819324430479183,254,-3.3499999999999996
nmousta5,4,test,mzehra2,254_A_2-5_WL_Bruise_A244A_2026-02-16_DSC_6927,0.644561261625556,0.4755369928400955,0.4931930693069307,0.9299883313885647,1616,857,797.0,819.0,60.0,False,1.8856476079346558,254,-3.3499999999999996
nmousta5,4,test,mzehra2,254_A_2-5_WL_Bruise_OC_A244A_2026-02-16_DSC_6930,0.7580935251798561,0.6104272266473569,0.6130909090909091,0.9929328621908127,1375,849,843.0,532.0,6.0,False,1.619552414605418,254,-3.3499999999999996
nmousta5,4,test,mzehra2,254_A_2-5_WL_Bruise_OC_A244A_2026-02-16_DSC_6931,0.6690573770491803,0.5026943802925328,0.5026943802925328,1.0,1299,653,653.0,646.0,0.0,False,1.989280245022971,254,-3.3499999999999996
nmousta5,4,test,mzehra2,254_B_2-5_WL_Bruise_A244A_2026-02-16_DSC_6954,0.30601541877174276,0.1806482905233176,0.9718520986009327,0.1815984397369131,18012,96394,17505.0,507.0,78889.0,False,0.18685810320144408,254,-3.3499999999999996
nmousta5,4,test,mzehra2,254_B_2-5_WL_Bruise_A244A_2026-02-16_DSC_6955,0.1983434259065915,0.11008947474154317,0.9911652173913044,0.11019761011640047,14375,129295,14248.0,127.0,115047.0,False,0.11117986001005453,254,-3.3499999999999996
nmousta5,4,test,mzehra2,254_B_2-5_WL_Bruise_A244A_2026-02-16_DSC_6956,0.3404620156831012,0.20515469901898184,0.976730046429361,0.20616235387451293,18092,85714,17671.0,421.0,68043.0,False,0.2110740369134564,254,-3.3499999999999996
nmousta5,4,test,mzehra2,254_B_2-5_WL_Bruise_OC_A244A_2026-02-16_DSC_6960,0.29873357085117214,0.17559481909052513,0.9524627720504009,0.17714732095302346,15714,84489,14967.0,747.0,69522.0,False,0.18598870858928382,254,-3.3499999999999996
nmousta5,4,test,mzehra2,254_B_2-5_WL_Bruise_OC_A244A_2026-02-16_DSC_6961,0.285108676127178,0.16625466124774793,0.96248382923674,0.16733907811687307,12368,71137,11904.0,464.0,59233.0,False,0.17386170347357915,254,-3.3499999999999996
nmousta5,4,test,mzehra2,260_A_2-5_WL_Bruise_A244A_2026-02-17_DSC_7634,0.816787201402586,0.6903130209298018,0.8221928082947275,0.811452209884607,4533,4593,3727.0,806.0,866.0,False,0.9869366427171783,260,-3.3499999999999996
nmousta5,4,test,mzehra2,260_A_2-5_WL_Bruise_A244A_2026-02-17_DSC_7635,0.7654850510912072,0.6200694870222767,0.6458067262664964,0.9396097863115516,4698,3229,3034.0,1664.0,195.0,False,1.4549396097863116,260,-3.3499999999999996
nmousta5,4,test,mzehra2,260_A_2-5_WL_Bruise_A244A_2026-02-17_DSC_7636,0.8408793128548552,0.7254458678723938,0.844938560561732,0.836858881483628,3418,3451,2888.0,530.0,563.0,False,0.9904375543320777,260,-3.3499999999999996
nmousta5,4,test,mzehra2,260_A_2-5_WL_Bruise_OC_A244A_2026-02-17_DSC_7638,0.8102436823104693,0.6810164991465959,0.6933770998262213,0.9744911804613298,5179,3685,3591.0,1588.0,94.0,False,1.4054274084124831,260,-3.3499999999999996
nmousta5,4,test,mzehra2,260_A_2-5_WL_Bruise_OC_A244A_2026-02-17_DSC_7639,0.8529438780196564,0.7435938500960922,0.8187268559336978,0.8901457055214724,5671,5216,4643.0,1028.0,573.0,False,1.0872315950920246,260,-3.3499999999999996
nmousta5,4,test,mzehra2,285_F_2-6_WL_Bruise_A244A_2026-04-06_DSC_2339,0.6514201401696791,0.48304157549234134,0.9304531085353003,0.5011350737797957,1898,3524,1766.0,132.0,1758.0,False,0.5385925085130534,285,-3.3499999999999996
nmousta5,4,test,mzehra2,285_F_2-6_WL_Bruise_A244A_2026-04-06_DSC_2340,0.6563106796116505,0.4884393063583815,0.9512195121951219,0.5009881422924901,3198,6072,3042.0,156.0,3030.0,False,0.5266798418972332,285,-3.3499999999999996
nmousta5,4,test,mzehra2,285_F_2-6_WL_Bruise_OC_A244A_2026-04-06_DSC_2343,0.7661126874746655,0.6208935611038108,0.6539792387543253,0.9246575342465754,1445,1022,945.0,500.0,77.0,False,1.413894324853229,285,-3.3499999999999996
nmousta5,4,test,mzehra2,285_F_2-6_WL_Bruise_OC_A244A_2026-04-06_DSC_2344,0.6521614657887203,0.483857264231096,0.6702628481757552,0.6350120795391191,5098,5381,3416.9999999999995,1681.0000000000005,1964.0000000000005,False,0.9474075450659729,285,-3.3499999999999996
nmousta5,4,test,mzehra2,285_G_2-6_WL_Bruise_A244A_2026-05-29_DSC_3860,0.8732500945894817,0.7750167897918065,0.8742424242424243,0.872260015117158,3960,3969,3462.0,498.0,507.0,False,0.9977324263038548,285,-3.3499999999999996
nmousta5,4,test,mzehra2,285_G_2-6_WL_Bruise_A244A_2026-05-29_DSC_3861,0.8397050791916986,0.7236996940456578,0.870118845500849,0.8113456464379947,3534,3790,3075.0,459.0,715.0,False,0.9324538258575198,285,-3.3499999999999996
nmousta5,4,test,mzehra2,285_G_2-6_WL_Bruise_A244A_2026-05-29_DSC_3862,0.8637551325121314,0.7601839684625493,0.9204455051710422,0.8136427566807314,3771,4266,3471.0,300.0,795.0,False,0.8839662447257384,285,-3.3499999999999996
nmousta5,4,test,mzehra2,285_G_2-6_WL_Bruise_OC_A244A_2026-05-29_DSC_3864,0.8718055700427663,0.7727440828402367,0.9170506912442397,0.8308151093439364,4557,5030,4179.0,378.0,851.0,False,0.9059642147117296,285,-3.3499999999999996
nmousta5,4,test,mzehra2,285_G_2-6_WL_Bruise_OC_A244A_2026-05-29_DSC_3865,0.8754075454122031,0.7784220335473183,0.9409261576971214,0.8184193337687786,3995,4593,3759.0,236.0,834.0,False,0.8698018724145439,285,-3.3499999999999996
nmousta5,4,test,nmousta5,170_F_2-4_WL_Bruise_A244A_2026-03-05_DSC_1856,0.77791860301366,0.6365522009679649,0.7207724425887265,0.8449066992964209,3832,3269,2762.0,1070.0,507.0,False,1.1722239216885897,170,-3.3499999999999996
nmousta5,4,test,nmousta5,170_F_2-4_WL_Bruise_OC_A244A_2026-03-05_DSC_1860,0.34266956107375446,0.2067599514408025,0.24779845317405622,0.5552505147563487,13059,5828,3236.0000000000005,9823.0,2591.9999999999995,False,2.2407343857240907,170,-3.3499999999999996
nmousta5,4,test,nmousta5,182_Q_2-6_WL_Bruise_A244A_2026-04-06_DSC_2484,0.45255474452554745,0.29245283018867924,0.9401709401709402,0.29799877654461243,3627,11443,3410.0,217.0,8033.0,False,0.31696233505199684,182,-3.3499999999999996
nmousta5,4,test,nmousta5,182_Q_2-6_WL_Bruise_A244A_2026-04-06_DSC_2485,0.25098039215686274,0.14349775784753363,0.25739491437467565,0.24487780794865466,3854,4051,992.0,2862.0,3059.0,False,0.9513700320908418,182,-3.3499999999999996
nmousta5,4,test,nmousta5,182_Q_2-6_WL_Bruise_A244A_2026-04-06_DSC_2486,0.30751143043762247,0.18169188020994134,1.0,0.18169188020994134,1177,6478,1177.0,0.0,5301.0,False,0.18169188020994134,182,-3.3499999999999996
nmousta5,4,test,nmousta5,182_Q_2-6_WL_Bruise_OC_A244A_2026-04-06_DSC_2488,0.5575337086006021,0.38651420274072057,0.7254300800545052,0.4527479536515361,5871,9407,4259.0,1612.0,5148.0,False,0.6241097055384288,182,-3.3499999999999996
nmousta5,4,test,nmousta5,20_D_2-6_WL_Bruise_A244A_2026-04-04_DSC_0400,0.9480154381283652,0.9011685841108796,0.9206848681166127,0.9770182675309369,10805,10182,9948.0,857.0,234.0,False,1.0611864073855823,20,-3.3499999999999996
nmousta5,4,test,nmousta5,20_D_2-6_WL_Bruise_OC_A244A_2026-04-04_DSC_0403,0.9283760467954383,0.8663263302572158,0.8982491856677525,0.9605939214490987,24560,22966,22061.0,2499.0,905.0,False,1.069406949403466,20,-3.3499999999999996
nmousta5,4,test,nmousta5,20_D_2-6_WL_Bruise_OC_A244A_2026-04-04_DSC_0404,0.951854327439185,0.9081317152353714,0.9170634610881274,0.9893890269063961,25622,23749,23497.0,2125.0,252.0,False,1.0788664785885722,20,-3.3499999999999996
nmousta5,4,test,nmousta5,226_A_2-4_WL_Bruise_A244A_2026-03-06_DSC_3569,0.6067922098825044,0.43553604436229204,0.4676258992805755,0.8638863428047663,4031,2182,1884.9999999999998,2146.0,297.0000000000002,False,1.8473877176901925,226,-3.3499999999999996
nmousta5,4,test,nmousta5,226_A_2-4_WL_Bruise_A244A_2026-03-06_DSC_3570,0.7279124315871774,0.5722188076213891,0.5732758620689655,0.9967880085653105,3248,1868,1862.0,1386.0,6.0,False,1.7387580299785867,226,-3.3499999999999996
nmousta5,4,test,nmousta5,226_A_2-4_WL_Bruise_A244A_2026-03-06_DSC_3571,0.5608347307620645,0.38969445882962195,0.516295025728988,0.613784665579119,2915,2452,1505.0,1410.0,947.0,False,1.188825448613377,226,-3.3499999999999996
nmousta5,4,test,nmousta5,226_A_2-4_WL_Bruise_OC_A244A_2026-03-06_DSC_3573,0.7535903250188964,0.6046088538508186,0.6046088538508186,1.0,3298,1994,1994.0,1304.0,0.0,False,1.6539618856569709,226,-3.3499999999999996
nmousta5,4,test,nmousta5,226_A_2-4_WL_Bruise_OC_A244A_2026-03-06_DSC_3574,0.77911227154047,0.6381522668947819,0.8179824561403509,0.7437686939182453,1824,2006,1492.0,332.0,514.0,False,0.909272183449651,226,-3.3499999999999996
nmousta5,4,test,nmousta5,226_C_2-4_WL_Bruise_A244A_2026-03-06_DSC_3610,0.7114014251781473,0.552073732718894,0.5530932594644506,0.9966722129783694,3249,1803,1797.0,1452.0,6.0,False,1.8019966722129783,226,-3.3499999999999996
nmousta5,4,test,nmousta5,226_C_2-4_WL_Bruise_A244A_2026-03-06_DSC_3611,0.7855634478786715,0.6468542522921277,0.6480836236933798,0.9970760233918129,3157,2052,2046.0,1111.0,6.0,False,1.5384990253411306,226,-3.3499999999999996
nmousta5,4,test,nmousta5,226_C_2-4_WL_Bruise_A244A_2026-03-06_DSC_3612,0.8126068898118739,0.6843621399176955,0.6984460310793784,0.9713785046728972,2381,1712,1663.0,718.0,49.0,False,1.3907710280373833,226,-3.3499999999999996
nmousta5,4,test,nmousta5,226_C_2-4_WL_Bruise_OC_A244A_2026-03-06_DSC_3614,0.6636636636636637,0.4966292134831461,0.49749874937468735,0.9964929859719439,3998,1996,1989.0,2009.0,7.0,False,2.003006012024048,226,-3.3499999999999996
nmousta5,4,test,nmousta5,226_C_2-4_WL_Bruise_OC_A244A_2026-03-06_DSC_3615,0.7694915254237288,0.6253443526170799,0.6281563472846766,0.9928922908693275,2891,1829,1816.0,1075.0,13.0,False,1.5806451612903225,226,-3.3499999999999996
nmousta5,4,test,nmousta5,228_B_2-4_WL_Bruise_A244A_2026-03-06_DSC_3718,0.7470750904062965,0.5962648556876061,0.6131284916201117,0.9559063690800218,2864,1837,1756.0,1108.0,81.0,False,1.5590636908002178,228,-3.3499999999999996
nmousta5,4,test,nmousta5,228_B_2-4_WL_Bruise_A244A_2026-03-06_DSC_3719,0.8673592655230732,0.7657849829351536,0.8155383916401635,0.9262125902992776,2201,1938,1795.0,406.0,143.0,False,1.1357069143446852,228,-3.3499999999999996
nmousta5,4,test,nmousta5,228_B_2-4_WL_Bruise_A244A_2026-03-06_DSC_3720,0.7987574883514533,0.6649427410417437,0.9809264305177112,0.6736526946107785,1835,2672,1800.0,35.0,872.0,False,0.686751497005988,228,-3.3499999999999996
nmousta5,4,test,nmousta5,228_B_2-4_WL_Bruise_A244A_2026-03-06_DSC_3721,0.7853715042197584,0.6465940054495913,0.9071100917431193,0.6924423694193171,2616,3427,2373.0,243.0,1054.0,False,0.7633498686898161,228,-3.3499999999999996
nmousta5,4,test,nmousta5,228_B_2-4_WL_Bruise_OC_A244A_2026-03-06_DSC_3723,0.7194748358862144,0.5618591934381408,0.5618591934381408,1.0,2926,1644,1644.0,1282.0,0.0,False,1.7798053527980535,228,-3.3499999999999996
nmousta5,4,test,nmousta5,228_B_2-4_WL_Bruise_OC_A244A_2026-03-06_DSC_3724,0.8924532181780793,0.8057927961381359,0.8420644159875824,0.9492563429571304,2577,2286,2170.0,407.0,116.0,False,1.127296587926509,228,-3.3499999999999996
nmousta5,4,test,nmousta5,232_A_2-4_WL_Bruise_A244A_2026-03-06_DSC_3868,0.3678792038435141,0.2253994953742641,0.26154192628181067,0.6199288256227758,13321,5620,3484.0,9837.0,2136.0,False,2.3702846975088967,232,-3.3499999999999996
nmousta5,4,test,nmousta5,232_A_2-4_WL_Bruise_A244A_2026-03-06_DSC_3869,0.8189131505499918,0.6933555740895191,0.7993589743589744,0.8394479973073039,6240,5942,4988.0,1252.0,954.0,False,1.0501514641534837,232,-3.3499999999999996
nmousta5,4,test,nmousta5,232_A_2-4_WL_Bruise_A244A_2026-03-06_DSC_3870,0.0,0.0,0.0,0.0,955,5901,0.0,955.0,5901.0,True,0.161836976783596,232,-3.3499999999999996
nmousta5,4,test,nmousta5,232_A_2-4_WL_Bruise_OC_A244A_2026-03-06_DSC_3876,0.7840452448280995,0.6447980416156671,0.8494034182521767,0.7280265339966833,6202,7236,5268.0,934.0,1968.0,False,0.8571033720287452,232,-3.3499999999999996
nmousta5,4,test,nmousta5,232_A_2-4_WL_Bruise_OC_A244A_2026-03-06_DSC_3877,0.6915856331853184,0.5285677463699631,0.547282270260653,0.9392366412213741,11241,6550,6152.0,5089.0,398.0,False,1.7161832061068703,232,-3.3499999999999996
nmousta5,4,test,nmousta5,233_B_2-4_WL_Bruise_A244A_2026-03-06_DSC_4197,0.5451868919610855,0.37474703035635726,0.9360439560439561,0.3845945457829149,4550,11074,4259.0,291.0,6815.0,False,0.4108723135271808,233,-3.3499999999999996
nmousta5,4,test,nmousta5,233_B_2-4_WL_Bruise_A244A_2026-03-06_DSC_4199,0.6886672468036682,0.5251659009698826,0.5919447640966629,0.8231717074731957,8690,6249,5144.0,3546.0,1105.0,False,1.390622499599936,233,-3.3499999999999996
nmousta5,4,test,nmousta5,233_B_2-4_WL_Bruise_OC_A244A_2026-03-06_DSC_4201,0.4928728875826598,0.32702808112324494,0.6535463756819954,0.39561217268223636,5132,8478,3354.0,1778.0,5124.0,False,0.6053314460957773,233,-3.3499999999999996
nmousta5,4,test,nmousta5,235_A_2-4_WL_Bruise_A244A_2026-03-08_DSC_4349,0.8248237845653352,0.7018724287746549,0.7543076732366432,0.9098838658226587,24201,20063,18255.0,5946.0,1808.0,False,1.206250311518716,235,-3.3499999999999996
nmousta5,4,test,nmousta5,235_A_2-4_WL_Bruise_A244A_2026-03-08_DSC_4350,0.8509777703493231,0.7406103627847438,0.8166361915760434,0.8883344383571204,31173,28657,25457.0,5716.0,3200.0,False,1.087797047841714,235,-3.3499999999999996
nmousta5,4,test,nmousta5,235_A_2-4_WL_Bruise_A244A_2026-03-08_DSC_4351,0.885731350790607,0.7948992834170288,0.8103071436788221,0.9766377816291161,17386,14425,14088.0,3298.0,337.0,False,1.2052686308492202,235,-3.3499999999999996
nmousta5,4,test,nmousta5,235_A_2-4_WL_Bruise_OC_A244A_2026-03-08_DSC_4353,0.8608956864900948,0.755765452101072,0.7694251421351863,0.9770488880966175,28494,22439,21924.0,6570.0,515.0,False,1.2698426846116138,235,-3.3499999999999996
nmousta5,4,test,nmousta5,235_A_2-4_WL_Bruise_OC_A244A_2026-03-08_DSC_4354,0.6819774231218373,0.5174246898995866,0.5202672605790646,0.9895509743010449,33675,17705,17520.0,16155.0,185.0,False,1.9020050833097994,235,-3.3499999999999996
nmousta5,4,test,nmousta5,236_C_2-4_WL_Bruise_A244A_2026-03-08_DSC_4462,0.48460909833832744,0.31979147941758046,0.3293224731580896,0.9170103092783505,5402,1940,1779.0,3623.0,161.0,False,2.7845360824742267,236,-3.3499999999999996
nmousta5,4,test,nmousta5,236_C_2-4_WL_Bruise_A244A_2026-03-08_DSC_4463,0.6040835484628022,0.4327505043712172,0.44348725017229496,0.9470198675496688,2902,1359,1287.0,1615.0,72.0,False,2.135393671817513,236,-3.3499999999999996
nmousta5,4,test,nmousta5,236_C_2-4_WL_Bruise_A244A_2026-03-08_DSC_4464,0.4314868804664723,0.275092936802974,0.35699517574086836,0.5452631578947369,2902,1900,1036.0,1866.0,864.0,False,1.5273684210526315,236,-3.3499999999999996
nmousta5,4,test,nmousta5,236_C_2-4_WL_Bruise_OC_A244A_2026-03-08_DSC_4467,0.0,0.0,0.0,0.0,1600,1718,0.0,1600.0,1718.0,True,0.9313154831199069,236,-3.3499999999999996
nmousta5,4,test,nmousta5,236_C_2-4_WL_Bruise_OC_A244A_2026-03-08_DSC_4468,0.0,0.0,0.0,0.0,3513,1729,0.0,3513.0,1729.0,True,2.0318102949681895,236,-3.3499999999999996
nmousta5,4,test,nmousta5,236_E_2-4_WL_Bruise_OC_A244A_2026-02-26_DSC_5722,0.2935383785242142,0.17201581027667984,0.17201581027667984,1.0,6325,1088,1088.0,5237.0,0.0,False,5.813419117647059,236,-3.3499999999999996
nmousta5,4,test,nmousta5,237_AC_2-5_WL_Bruise_A244A_2026-02-16_DSC_7084,0.3211137455164448,0.191265932792584,0.9427092628948778,0.19351529584172925,5603,27295,5282.0,321.0,22013.0,False,0.20527569151859315,237,-3.3499999999999996
nmousta5,4,test,nmousta5,237_AC_2-5_WL_Bruise_A244A_2026-02-16_DSC_7085,0.5890616809365717,0.41749640857977904,0.902355460385439,0.4372503242542153,9340,19275,8428.0,912.0,10847.0,False,0.48456549935149157,237,-3.3499999999999996
nmousta5,4,test,nmousta5,237_AC_2-5_WL_Bruise_A244A_2026-02-16_DSC_7086,0.5787927473031903,0.4072542876522076,0.9945575011831519,0.4081639259355173,12678,30892,12609.0,69.0,18283.0,False,0.41039751391946133,237,-3.3499999999999996
nmousta5,4,test,nmousta5,237_AC_2-5_WL_Bruise_OC_A244A_2026-02-16_DSC_7088,0.898693782085588,0.816025341060437,0.9545263157894737,0.8490318714654882,23750,26701,22670.0,1080.0,4031.0,False,0.889479794764241,237,-3.3499999999999996
nmousta5,4,test,nmousta5,237_AC_2-5_WL_Bruise_OC_A244A_2026-02-16_DSC_7089,0.866921856035851,0.765103325533107,0.928188724510196,0.8132422490803993,25010,28545,23214.0,1796.0,5331.0,False,0.8761604484147837,237,-3.3499999999999996
nmousta5,4,test,nmousta5,237_AD_2-5_WL_Bruise_A244A_2026-02-16_DSC_7116,0.8875644216947727,0.7978569177434605,0.8463492912543461,0.9329991892091103,14956,13567,12658.0,2298.0,909.0,False,1.1023807768850888,237,-3.3499999999999996
nmousta5,4,test,nmousta5,237_AD_2-5_WL_Bruise_A244A_2026-02-16_DSC_7117,0.9194302247941242,0.8508753861997941,0.8819385140905209,0.9602510460251046,18736,17208,16524.0,2212.0,684.0,False,1.0887959088795909,237,-3.3499999999999996
nmousta5,4,test,nmousta5,237_AD_2-5_WL_Bruise_A244A_2026-02-16_DSC_7118,0.8803079884504331,0.7862054738000275,0.948639230003319,0.8211592329239388,12052,13923,11433.0,619.0,2490.0,False,0.8656180420886304,237,-3.3499999999999996
nmousta5,4,test,nmousta5,237_AD_2-5_WL_Bruise_OC_A244A_2026-02-16_DSC_7120,0.8618572774222887,0.7572488584474886,0.9606111070885526,0.7815150801131009,13811,16976,13267.0,544.0,3709.0,False,0.8135603204524033,237,-3.3499999999999996
nmousta5,4,test,nmousta5,237_AD_2-5_WL_Bruise_OC_A244A_2026-02-16_DSC_7121,0.8712796779169959,0.7719181278751917,0.9387821292467364,0.8128334737433305,12333,14244,11578.0,755.0,2666.0,False,0.865838247683235,237,-3.3499999999999996
nmousta5,4,test,nmousta5,237_AE_2-5_WL_Bruise_A244A_2026-02-16_DSC_7217,0.7807104584242905,0.6402994791666666,0.6411342894393742,0.9979705733130391,6136,3942,3934.0,2202.0,8.0,False,1.556570268899036,237,-3.3499999999999996
nmousta5,4,test,nmousta5,237_AE_2-5_WL_Bruise_A244A_2026-02-16_DSC_7218,0.9274369355341016,0.8646922183507549,0.9378542935124922,0.9172484599589322,4763,4870,4467.0,296.0,403.0,False,0.9780287474332648,237,-3.3499999999999996
nmousta5,4,test,nmousta5,237_AE_2-5_WL_Bruise_A244A_2026-02-16_DSC_7219,0.8696293866841588,0.769331205570869,0.8230637901598634,0.9217799409003998,6443,5753,5303.0,1140.0,450.0,False,1.1199374239527202,237,-3.3499999999999996
nmousta5,4,test,nmousta5,237_AE_2-5_WL_Bruise_OC_A244A_2026-02-16_DSC_7221,0.7390770310580803,0.5861397161146674,0.718648694761986,0.7607007404731804,5861,5537,4212.0,1649.0,1325.0,False,1.05851544157486,237,-3.3499999999999996
nmousta5,4,test,nmousta5,237_AE_2-5_WL_Bruise_OC_A244A_2026-02-16_DSC_7222,0.44799531752999705,0.2886559058681551,0.2956810631229236,0.9239497827136649,12943,4142,3827.0,9116.0,315.0,False,3.12481892805408,237,-3.3499999999999996
nmousta5,4,test,nmousta5,237_B_2-4_WL_Bruise_A244A_2026-03-08_DSC_4584,0.7487027874984916,0.598341289358214,0.6032571706368498,0.9865638416282397,20570,12578,12409.0,8161.0,169.0,False,1.6353951343615838,237,-3.3499999999999996
nmousta5,4,test,nmousta5,237_B_2-4_WL_Bruise_A244A_2026-03-08_DSC_4587,0.7691037580080576,0.6248323227987337,0.6255371723248818,0.9981998971369792,18616,11666,11645.0,6971.0,21.0,False,1.5957483284759129,237,-3.3499999999999996
nmousta5,4,test,nmousta5,237_B_2-4_WL_Bruise_A244A_2026-03-08_DSC_4588,0.7179523141654979,0.5600043758888524,0.5757507591946912,0.9534363941143602,17782,10738,10238.0,7544.0,500.0,False,1.6559880797168933,237,-3.3499999999999996
nmousta5,4,test,nmousta5,237_B_2-4_WL_Bruise_OC_A244A_2026-03-08_DSC_4591,0.7593260654112983,0.6120270961145194,0.6350795755968169,0.9440118284869394,15080,10145,9577.0,5503.0,568.0,False,1.4864465253819616,237,-3.3499999999999996
nmousta5,4,test,nmousta5,237_B_2-4_WL_Bruise_OC_A244A_2026-03-08_DSC_4592,0.6512262585284898,0.4828283933063546,0.48306614871149534,0.9989816700610998,18277,8838,8829.0,9448.0,9.0,False,2.068001810364336,237,-3.3499999999999996
nmousta5,4,test,nmousta5,237_C_2-4_WL_Bruise_A244A_2026-03-08_DSC_4608,0.7495908346972177,0.599476439790576,0.7615469885453874,0.7380042969682502,8119,8378,6183.0,1936.0,2195.0,False,0.9690857006445452,237,-3.3499999999999996
nmousta5,4,test,nmousta5,237_C_2-4_WL_Bruise_A244A_2026-03-08_DSC_4609,0.6884642893634413,0.5249298846992833,0.5506701536449821,0.9182338511856092,6118,3669,3369.0,2749.0,300.0,False,1.6674843281548106,237,-3.3499999999999996
nmousta5,4,test,nmousta5,237_C_2-4_WL_Bruise_A244A_2026-03-08_DSC_4610,0.8091508955115655,0.6794739085428971,0.8133381924198251,0.8050064925696148,13720,13862,11159.0,2561.0,2703.0,False,0.9897561679411341,237,-3.3499999999999996
nmousta5,4,test,nmousta5,237_C_2-4_WL_Bruise_OC_A244A_2026-03-08_DSC_4613,0.6701146560319042,0.5038890450754381,0.6394339398263765,0.7038879434480954,8409,7639,5377.0,3032.0,2262.0,False,1.1007985338395079,237,-3.3499999999999996
nmousta5,4,test,nmousta5,237_C_2-4_WL_Bruise_OC_A244A_2026-03-08_DSC_4615,0.7168098870329246,0.5586155003762228,0.5821831869510665,0.9324290379301683,6376,3981,3712.0,2664.0,269.0,False,1.6016076362722933,237,-3.3499999999999996
nmousta5,4,test,nmousta5,237_E_2-4_WL_Bruise_A244A_2026-03-08_DSC_4651,0.7765726681127982,0.6347517730496454,0.6427967891846219,0.9806638736706413,9468,6206,6086.0,3382.0,120.0,False,1.5256203673864002,237,-3.3499999999999996
nmousta5,4,test,nmousta5,237_E_2-4_WL_Bruise_A244A_2026-03-08_DSC_4652,0.7903326080198944,0.6533470384170629,0.6640982107875147,0.9758203799654577,7657,5211,5085.0,2572.0,126.0,False,1.4693916714642103,237,-3.3499999999999996
nmousta5,4,test,nmousta5,237_E_2-4_WL_Bruise_A244A_2026-03-08_DSC_4653,0.760184548934917,0.6131433095803642,0.61961913906225,0.9832402234636871,6249,3938,3872.0,2377.0,66.0,False,1.5868461147790758,237,-3.3499999999999996
nmousta5,4,test,nmousta5,237_E_2-4_WL_Bruise_OC_A244A_2026-03-08_DSC_4656,0.6216650594664095,0.4510261194029851,0.4534583821805393,0.9882473173224323,8530,3914,3868.0,4662.0,46.0,False,2.1793561573837508,237,-3.3499999999999996
nmousta5,4,test,nmousta5,237_E_2-4_WL_Bruise_OC_A244A_2026-03-08_DSC_4657,0.7910009182736455,0.6542609752392526,0.6740219092331768,0.9571111111111111,6390,4500,4307.0,2083.0,193.0,False,1.42,237,-3.3499999999999996
nmousta5,4,test,nmousta5,237_J_2-4_WL_Bruise_A244A_2026-02-26_DSC_5578,0.6695152268489745,0.5032114912997782,0.5033486488591231,0.9994587907839803,25682,12934,12926.999999999998,12755.000000000002,7.000000000001819,False,1.9856192979743312,237,-3.3499999999999996
nmousta5,4,test,nmousta5,237_J_2-4_WL_Bruise_A244A_2026-02-26_DSC_5579,0.5901509134233519,0.41859154929577463,0.427521798787235,0.9524701705946159,22593,10141,9659.0,12934.0,482.0,False,2.2278867961739475,237,-3.3499999999999996
nmousta5,4,test,nmousta5,237_J_2-4_WL_Bruise_A244A_2026-02-26_DSC_5580,0.7830078125,0.6433959236077677,0.6502135481429421,0.9839646567945676,18497,12223,12027.0,6470.0,196.0,False,1.5132946085249122,237,-3.3499999999999996
nmousta5,4,test,nmousta5,237_J_2-4_WL_Bruise_OC_A244A_2026-02-26_DSC_5582,0.7770647611779805,0.6354095756750624,0.639071147372625,0.9910635285790126,17527,11302,11201.0,6326.0,101.0,False,1.5507874712440277,237,-3.3499999999999996
nmousta5,4,test,nmousta5,237_J_2-4_WL_Bruise_OC_A244A_2026-02-26_DSC_5583,0.865315852205006,0.7626050420168067,0.7948905109489051,0.949433304272014,12330,10323,9801.0,2529.0,522.0,False,1.1944202266782913,237,-3.3499999999999996
nmousta5,4,test,nmousta5,237_N_2-4_WL_Bruise_A244A_2026-02-26_DSC_5858,0.8289655172413793,0.7078916372202592,0.723847212663455,0.9698017519594283,5812,4338,4207.0,1605.0,131.0,False,1.3397879207007837,237,-3.3499999999999996
nmousta5,4,test,nmousta5,237_N_2-4_WL_Bruise_A244A_2026-02-26_DSC_5859,0.8624269180288748,0.7581288021816657,0.7983211840070688,0.9377270368448365,4527,3854,3614.0,913.0,240.0,False,1.1746237675142708,237,-3.3499999999999996
nmousta5,4,test,nmousta5,237_N_2-4_WL_Bruise_A244A_2026-02-26_DSC_5860,0.8757672477289468,0.7789910460799301,0.8450604122245914,0.9087898089171974,4221,3925,3567.0,654.0,358.0,False,1.0754140127388534,237,-3.3499999999999996
nmousta5,4,test,nmousta5,237_N_2-4_WL_Bruise_OC_A244A_2026-02-26_DSC_5862,0.7433628318584071,0.5915492957746479,0.6874512860483243,0.8091743119266055,8981,7630,6174.0,2807.0,1456.0,False,1.1770642201834862,237,-3.3499999999999996
nmousta5,4,test,nmousta5,237_N_2-4_WL_Bruise_OC_A244A_2026-02-26_DSC_5863,0.8557067336857613,0.7478036958497425,0.8604043220634368,0.8510601620410274,5738,5801,4937.0,801.0,864.0,False,0.9891398034821582,237,-3.3499999999999996
nmousta5,4,test,nmousta5,237_S_2-4_WL_Bruise_A244A_2026-02-27_DSC_6307,0.7883125940608596,0.6505907300817934,0.7045007216900669,0.8947587701024915,15242,12001,10738.0,4504.0,1263.0,False,1.2700608282643113,237,-3.3499999999999996
nmousta5,4,test,nmousta5,237_S_2-4_WL_Bruise_A244A_2026-02-27_DSC_6308,0.7896392229417206,0.6523998777132376,0.7301218010127275,0.8597212150511643,14614,12411,10670.0,3944.0,1741.0,False,1.1775038272500202,237,-3.3499999999999996
nmousta5,4,test,nmousta5,237_S_2-4_WL_Bruise_A244A_2026-02-27_DSC_6309,0.7721065475881406,0.6288058186738836,0.6796782155590091,0.8936298076923077,10939,8320,7435.0,3504.0,885.0,False,1.314783653846154,237,-3.3499999999999996
nmousta5,4,test,nmousta5,237_S_2-4_WL_Bruise_OC_A244A_2026-02-27_DSC_6311,0.8039123630672926,0.6721182781630249,0.775103734439834,0.8349451442503047,13255,12305,10274.0,2981.0,2031.0,False,1.0772043884599756,237,-3.3499999999999996
nmousta5,4,test,nmousta5,237_S_2-4_WL_Bruise_OC_A244A_2026-02-27_DSC_6312,0.8111090331026743,0.6822400503382099,0.7321066846725186,0.9092243186582809,11848,9540,8674.0,3174.0,866.0,False,1.2419287211740042,237,-3.3499999999999996
nmousta5,4,test,nmousta5,237_Z_2-5_WL_Bruise_A244A_2026-02-16_DSC_7025,0.8532776004744824,0.7441012757992217,0.90628749700024,0.8061262607396339,16668,18739,15106.0,1562.0,3633.0,False,0.8894818293398794,237,-3.3499999999999996
nmousta5,4,test,nmousta5,237_Z_2-5_WL_Bruise_A244A_2026-02-16_DSC_7026,0.8846940002404713,0.7932298404484691,0.8518832973139858,0.9201333889120467,12956,11995,11037.0,1919.0,958.0,False,1.0801167152980409,237,-3.3499999999999996
nmousta5,4,test,nmousta5,237_Z_2-5_WL_Bruise_A244A_2026-02-16_DSC_7027,0.9281588646240168,0.8659481652553246,0.9321584442848462,0.9241934600427233,18101,18257,16873.0,1228.0,1384.0,False,0.9914553322013474,237,-3.3499999999999996
nmousta5,4,test,nmousta5,237_Z_2-5_WL_Bruise_OC_A244A_2026-02-16_DSC_7030,0.9137098977145112,0.8411288069293099,0.887814085171641,0.9411617582692428,16954,15993,15052.0,1902.0,941.0,False,1.0600887888451198,237,-3.3499999999999996
nmousta5,4,test,nmousta5,247_A_2-4_WL_Bruise_A244A_2026-02-27_DSC_6202,0.9028006589785832,0.8228228228228228,0.8276382858221635,0.9929784824462061,5297,4415,4384.0,913.0,31.0,False,1.1997734994337486,247,-3.3499999999999996
nmousta5,4,test,nmousta5,247_A_2-4_WL_Bruise_A244A_2026-02-27_DSC_6203,0.8822863610639502,0.789367088607595,0.7958141909137315,0.9898412698412699,3918,3150,3118.0,800.0,32.0,False,1.243809523809524,247,-3.3499999999999996
nmousta5,4,test,nmousta5,247_A_2-4_WL_Bruise_A244A_2026-02-27_DSC_6204,0.9200345796412362,0.8519111466880128,0.8641900121802679,0.9835951940850277,4926,4328,4257.0,669.0,71.0,False,1.138170055452865,247,-3.3499999999999996
nmousta5,4,test,nmousta5,247_A_2-4_WL_Bruise_OC_A244A_2026-02-27_DSC_6206,0.9005518883237745,0.8190944881889763,0.8340348767288034,0.9785983066792098,4989,4252,4161.0,828.0,91.0,False,1.1733301975540922,247,-3.3499999999999996
nmousta5,4,test,nmousta5,247_A_2-4_WL_Bruise_OC_A244A_2026-02-27_DSC_6207,0.8999852702901753,0.8181574718800214,0.8837142030662424,0.9168667466986795,3457,3332,3055.0,402.0,277.0,False,1.037515006002401,247,-3.3499999999999996
nmousta5,4,test,nmousta5,250_A_2-4_WL_Bruise_A244A_2026-02-27_DSC_6537,0.9171071657145566,0.8469048244461956,0.852803738317757,0.9918986822540122,22684,19503,19345.0,3339.0,158.0,False,1.163103112341691,250,-3.3499999999999996
nmousta5,4,test,nmousta5,250_A_2-4_WL_Bruise_A244A_2026-02-27_DSC_6538,0.9244754557515601,0.8595577485380117,0.8669247074002396,0.9902105263157894,21702,19000,18814.0,2888.0,186.0,False,1.1422105263157896,250,-3.3499999999999996
nmousta5,4,test,nmousta5,250_A_2-4_WL_Bruise_OC_A244A_2026-02-27_DSC_6541,0.8898429319371728,0.8015468779475571,0.8025056660790733,0.9985116716277612,31768,25532,25494.0,6274.0,38.0,False,1.2442425191916027,250,-3.3499999999999996
nmousta5,4,test,nmousta5,250_A_2-4_WL_Bruise_OC_A244A_2026-02-27_DSC_6542,0.9155529379785258,0.8442578435058695,0.8496888664648503,0.9924860033395541,23784,20362,20209.0,3575.0,153.0,False,1.1680581475297123,250,-3.3499999999999996
nmousta5,4,test,nmousta5,250_A_2-4_WL_Bruise_OC_A244A_2026-02-27_DSC_6543,0.9387640449438203,0.8845950238221281,0.8926963290849423,0.9898451383599899,26206,23634,23394.0,2812.0,240.0,False,1.1088262672421088,250,-3.3499999999999996
nmousta5,4,test,nmousta5,254_A_2-5_WL_Bruise_A244A_2026-02-16_DSC_6925,0.7501429388221841,0.6001829826166514,0.6001829826166514,1.0,1093,656,656.0,437.0,0.0,False,1.666158536585366,254,-3.3499999999999996
nmousta5,4,test,nmousta5,254_A_2-5_WL_Bruise_A244A_2026-02-16_DSC_6926,0.750624687656172,0.6008,0.6008,1.0,1250,751,751.0,499.0,0.0,False,1.6644474034620507,254,-3.3499999999999996
nmousta5,4,test,nmousta5,254_A_2-5_WL_Bruise_A244A_2026-02-16_DSC_6927,0.3408624229979466,0.20544554455445543,0.20544554455445543,1.0,1616,332,332.0,1284.0,0.0,False,4.867469879518072,254,-3.3499999999999996
nmousta5,4,test,nmousta5,254_A_2-5_WL_Bruise_OC_A244A_2026-02-16_DSC_6930,0.38992974238875877,0.2421818181818182,0.2421818181818182,1.0,1375,333,333.0,1042.0,0.0,False,4.129129129129129,254,-3.3499999999999996
nmousta5,4,test,nmousta5,254_A_2-5_WL_Bruise_OC_A244A_2026-02-16_DSC_6931,0.4947856315179606,0.3287143956889915,0.3287143956889915,1.0,1299,427,427.0,872.0,0.0,False,3.0421545667447307,254,-3.3499999999999996
nmousta5,4,test,nmousta5,254_B_2-5_WL_Bruise_A244A_2026-02-16_DSC_6954,0.29289771476377086,0.1715759607944287,0.9232733733066845,0.17405775410024807,18012,95543,16630.0,1382.0,78913.0,False,0.18852244539108046,254,-3.3499999999999996
nmousta5,4,test,nmousta5,254_B_2-5_WL_Bruise_A244A_2026-02-16_DSC_6955,0.22241126100459846,0.1251196388261851,0.9639652173913044,0.12570759851948618,14375,110232,13857.0,518.0,96375.0,False,0.13040677843094564,254,-3.3499999999999996
nmousta5,4,test,nmousta5,254_B_2-5_WL_Bruise_A244A_2026-02-16_DSC_6956,0.38637081847320665,0.23944213633248004,0.9461087773601592,0.24275300658044022,18092,70512,17117.0,975.0,53395.0,False,0.2565804402087588,254,-3.3499999999999996
nmousta5,4,test,nmousta5,254_B_2-5_WL_Bruise_OC_A244A_2026-02-16_DSC_6960,0.29389956184698346,0.17226392730146187,0.9711085656102838,0.1731513315405476,15714,88131,15259.999999999998,454.0000000000018,72871.0,False,0.17830275385505667,254,-3.3499999999999996
nmousta5,4,test,nmousta5,254_B_2-5_WL_Bruise_OC_A244A_2026-02-16_DSC_6961,0.33544294915872636,0.2015208484378425,0.9663648124191462,0.20294432275482654,12368,58893,11952.0,416.0,46941.0,False,0.210007980574941,254,-3.3499999999999996
nmousta5,4,test,nmousta5,260_A_2-5_WL_Bruise_A244A_2026-02-17_DSC_7634,0.40084166228300894,0.2506578947368421,0.25215089344804764,0.9769230769230769,4533,1170,1143.0,3390.0,27.0,False,3.8743589743589744,260,-3.3499999999999996
nmousta5,4,test,nmousta5,260_A_2-5_WL_Bruise_A244A_2026-02-17_DSC_7635,0.4122497055359246,0.2596439169139466,0.2607492550021286,0.9839357429718876,4698,1245,1225.0,3473.0,20.0,False,3.7734939759036146,260,-3.3499999999999996
nmousta5,4,test,nmousta5,260_A_2-5_WL_Bruise_A244A_2026-02-17_DSC_7636,0.4216116370353267,0.2671152720889409,0.2671152720889409,1.0,3418,913,913.0,2505.0,0.0,False,3.7437020810514787,260,-3.3499999999999996
nmousta5,4,test,nmousta5,260_A_2-5_WL_Bruise_OC_A244A_2026-02-17_DSC_7638,0.2944179153630825,0.17262019694921799,0.17262019694921799,1.0,5179,894,894.0,4285.0,0.0,False,5.793064876957494,260,-3.3499999999999996
nmousta5,4,test,nmousta5,260_A_2-5_WL_Bruise_OC_A244A_2026-02-17_DSC_7639,0.36758779504893496,0.22518074413683653,0.22518074413683653,1.0,5671,1277,1277.0,4394.0,0.0,False,4.44087705559906,260,-3.3499999999999996
nmousta5,4,test,nmousta5,285_F_2-6_WL_Bruise_A244A_2026-04-06_DSC_2339,0.6507109004739337,0.4822620302072357,0.7233930453108536,0.5913006029285099,1898,2322,1373.0,525.0,949.0,False,0.8173987941429802,285,-3.3499999999999996
nmousta5,4,test,nmousta5,285_F_2-6_WL_Bruise_A244A_2026-04-06_DSC_2340,0.7839455782312925,0.644663235623182,0.9008755472170107,0.6938824662813102,3198,4152,2881.0,317.0,1271.0,False,0.7702312138728323,285,-3.3499999999999996
nmousta5,4,test,nmousta5,285_F_2-6_WL_Bruise_OC_A244A_2026-04-06_DSC_2343,0.7861923212398731,0.6477074869413814,0.772318339100346,0.8005738880918221,1445,1394,1116.0,329.0,278.0,False,1.0365853658536586,285,-3.3499999999999996
nmousta5,4,test,nmousta5,285_F_2-6_WL_Bruise_OC_A244A_2026-04-06_DSC_2344,0.6087074460870745,0.4375121856112303,0.44017261671243624,0.9863736263736264,5098,2275,2244.0,2854.0,31.0,False,2.240879120879121,285,-3.3499999999999996
nmousta5,4,test,nmousta5,285_G_2-6_WL_Bruise_A244A_2026-05-29_DSC_3860,0.7557383320581484,0.6073789392774789,0.9977272727272727,0.6082204433497537,3960,6496,3951.0,9.0,2545.0,False,0.6096059113300493,285,-3.3499999999999996
nmousta5,4,test,nmousta5,285_G_2-6_WL_Bruise_A244A_2026-05-29_DSC_3861,0.7942091409428093,0.6586624330224251,0.9391624221844935,0.6880182421227198,3534,4824,3319.0,215.0,1505.0,False,0.7325870646766169,285,-3.3499999999999996
nmousta5,4,test,nmousta5,285_G_2-6_WL_Bruise_A244A_2026-05-29_DSC_3862,0.8584113270938325,0.751944502837923,0.9485547600106072,0.7839140916063992,3771,4563,3577.0,194.0,986.0,False,0.8264299802761341,285,-3.3499999999999996
nmousta5,4,test,nmousta5,285_G_2-6_WL_Bruise_OC_A244A_2026-05-29_DSC_3864,0.8463779764895006,0.7336700923184114,0.924292297564187,0.7805782060785768,4557,5396,4212.0,345.0,1184.0,False,0.8445144551519644,285,-3.3499999999999996
nmousta5,4,test,nmousta5,285_G_2-6_WL_Bruise_OC_A244A_2026-05-29_DSC_3865,0.805514747429088,0.6743614001892148,0.8921151439299124,0.7342398022249691,3995,4854,3564.0,431.0,1290.0,False,0.823032550473836,285,-3.3499999999999996
